control_event_id,date,record_status,depot,product,stock_status,event_label,opening_stock_m3,customer_orders_m3,closing_stock_m3,days_of_cover,batch_triggered,batch_volume_m3,emergency_replenishment,autonomous_action
CP-0000001,2021-01-05,SIMULATED_HISTORY,Eldoret,AGO,WATCH,NORMAL,10152.18,1304.84,8847.33,6.78,1,8160.0,0,CREATE_PIPELINE_BATCH
CP-0000002,2021-01-12,SIMULATED_HISTORY,Eldoret,AGO,WATCH,NORMAL,10271.05,1118.56,9152.49,8.18,1,8160.0,0,CREATE_PIPELINE_BATCH
CP-0000003,2021-01-17,SIMULATED_HISTORY,Eldoret,AGO,HEALTHY,LOADING_BAY_OUTAGE,12782.33,1031.11,11751.21,11.4,0,0.0,0,NONE
CP-0000004,2021-01-18,SIMULATED_HISTORY,Eldoret,AGO,HEALTHY,UNPLANNED_PUMP_FAILURE,11751.21,1030.44,10720.77,10.4,0,0.0,0,HOLD/RESCHEDULE_DUE_TO_OUTAGE
CP-0000005,2021-01-19,SIMULATED_HISTORY,Eldoret,AGO,HEALTHY,DATA_LATENCY_INCIDENT,10720.77,1216.0,9504.77,7.82,0,0.0,0,NONE
CP-0000006,2021-01-20,SIMULATED_HISTORY,Eldoret,AGO,WATCH,NORMAL,9504.77,1231.15,8273.62,6.72,1,8160.0,0,CREATE_PIPELINE_BATCH
CP-0000007,2021-01-27,SIMULATED_HISTORY,Eldoret,AGO,WATCH,NORMAL,9900.02,1246.48,8653.53,6.94,1,8160.0,0,CREATE_PIPELINE_BATCH
CP-0000008,2021-01-29,SIMULATED_HISTORY,Eldoret,AGO,WATCH,PLANNED_PIPELINE_MAINTENANCE,7447.08,1096.22,6350.85,5.79,0,0.0,0,HOLD/RESCHEDULE_DUE_TO_OUTAGE
CP-0000009,2021-02-03,SIMULATED_HISTORY,Eldoret,AGO,WATCH,NORMAL,10450.65,1064.03,9386.62,8.82,1,8160.0,0,CREATE_PIPELINE_BATCH
CP-0000010,2021-02-04,SIMULATED_HISTORY,Eldoret,AGO,WATCH,DATA_LATENCY_INCIDENT,9386.62,1050.21,8336.4,7.94,0,0.0,0,NONE
CP-0000011,2021-02-06,SIMULATED_HISTORY,Eldoret,AGO,HEALTHY,LOADING_BAY_OUTAGE,15513.43,1012.29,14501.14,14.33,0,0.0,0,NONE
CP-0000012,2021-02-12,SIMULATED_HISTORY,Eldoret,AGO,WATCH,NORMAL,9457.72,1189.17,8268.55,6.95,1,8160.0,0,CREATE_PIPELINE_BATCH
CP-0000013,2021-02-19,SIMULATED_HISTORY,Eldoret,AGO,WATCH,NORMAL,10419.92,1244.68,9175.24,7.37,1,8160.0,0,CREATE_PIPELINE_BATCH
CP-0000014,2021-02-27,SIMULATED_HISTORY,Eldoret,AGO,WATCH,NORMAL,10220.38,972.09,9248.3,9.51,1,8160.0,0,CREATE_PIPELINE_BATCH
CP-0000015,2021-03-07,SIMULATED_HISTORY,Eldoret,AGO,WATCH,NORMAL,9983.4,899.88,9083.52,10.09,1,8160.0,0,CREATE_PIPELINE_BATCH
CP-0000016,2021-03-15,SIMULATED_HISTORY,Eldoret,AGO,WATCH,NORMAL,9607.81,1045.86,8561.95,8.19,1,8160.0,0,CREATE_PIPELINE_BATCH
CP-0000017,2021-03-22,SIMULATED_HISTORY,Eldoret,AGO,WATCH,NORMAL,10226.47,1071.3,9155.17,8.55,1,8160.0,0,CREATE_PIPELINE_BATCH
CP-0000018,2021-03-24,SIMULATED_HISTORY,Eldoret,AGO,HEALTHY,LOADING_BAY_OUTAGE,7917.25,1096.14,14981.11,13.67,0,0.0,0,NONE
CP-0000019,2021-03-27,SIMULATED_HISTORY,Eldoret,AGO,HEALTHY,UNPLANNED_PUMP_FAILURE,12558.22,1130.56,11427.66,10.11,0,0.0,0,HOLD/RESCHEDULE_DUE_TO_OUTAGE
CP-0000020,2021-03-30,SIMULATED_HISTORY,Eldoret,AGO,WATCH,NORMAL,9447.43,1141.27,8306.16,7.28,1,8160.0,0,CREATE_PIPELINE_BATCH
CP-0000021,2021-04-06,SIMULATED_HISTORY,Eldoret,AGO,WATCH,NORMAL,9895.71,1118.56,8777.15,7.85,1,8160.0,0,CREATE_PIPELINE_BATCH
CP-0000022,2021-04-13,SIMULATED_HISTORY,Eldoret,AGO,WATCH,NORMAL,10277.12,1237.92,9039.2,7.3,1,8160.0,0,CREATE_PIPELINE_BATCH
CP-0000023,2021-04-21,SIMULATED_HISTORY,Eldoret,AGO,WATCH,NORMAL,9688.56,1141.07,8547.49,7.49,1,8160.0,0,CREATE_PIPELINE_BATCH
CP-0000024,2021-04-28,SIMULATED_HISTORY,Eldoret,AGO,WATCH,NORMAL,9932.2,1096.92,8835.27,8.05,1,8160.0,0,CREATE_PIPELINE_BATCH
CP-0000025,2021-05-05,SIMULATED_HISTORY,Eldoret,AGO,WATCH,NORMAL,10423.25,1156.04,9267.21,8.02,1,8160.0,0,CREATE_PIPELINE_BATCH
CP-0000026,2021-05-13,SIMULATED_HISTORY,Eldoret,AGO,WATCH,NORMAL,9714.54,1031.94,8682.6,8.41,1,8160.0,0,CREATE_PIPELINE_BATCH
CP-0000027,2021-05-20,SIMULATED_HISTORY,Eldoret,AGO,WATCH,NORMAL,10517.31,1148.67,9368.64,8.16,1,8160.0,0,CREATE_PIPELINE_BATCH
CP-0000028,2021-05-28,SIMULATED_HISTORY,Eldoret,AGO,WATCH,NORMAL,10006.66,1268.23,8738.44,6.89,1,8160.0,0,CREATE_PIPELINE_BATCH
CP-0000029,2021-06-05,SIMULATED_HISTORY,Eldoret,AGO,WATCH,NORMAL,9455.45,954.05,8501.4,8.91,1,8160.0,0,CREATE_PIPELINE_BATCH
CP-0000030,2021-06-13,SIMULATED_HISTORY,Eldoret,AGO,WATCH,NORMAL,9685.72,929.65,8756.07,9.42,1,8160.0,0,CREATE_PIPELINE_BATCH
CP-0000031,2021-06-21,SIMULATED_HISTORY,Eldoret,AGO,WATCH,NORMAL,9483.21,1059.19,8424.02,7.95,1,8160.0,0,CREATE_PIPELINE_BATCH
CP-0000032,2021-06-29,SIMULATED_HISTORY,Eldoret,AGO,WATCH,NORMAL,9458.31,1049.36,8408.95,8.01,1,8160.0,0,CREATE_PIPELINE_BATCH
CP-0000033,2021-07-06,SIMULATED_HISTORY,Eldoret,AGO,WATCH,NORMAL,10220.11,1103.53,9116.58,8.26,1,8160.0,0,CREATE_PIPELINE_BATCH
CP-0000034,2021-07-14,SIMULATED_HISTORY,Eldoret,AGO,WATCH,NORMAL,9701.59,1030.12,8671.46,8.42,1,8160.0,0,CREATE_PIPELINE_BATCH
CP-0000035,2021-07-21,SIMULATED_HISTORY,Eldoret,AGO,WATCH,NORMAL,10091.26,1170.12,8921.14,7.62,1,8160.0,0,CREATE_PIPELINE_BATCH
CP-0000036,2021-07-28,SIMULATED_HISTORY,Eldoret,AGO,WATCH,NORMAL,10523.48,1115.11,9408.37,8.44,1,8160.0,0,CREATE_PIPELINE_BATCH
CP-0000037,2021-08-05,SIMULATED_HISTORY,Eldoret,AGO,WATCH,NORMAL,9941.73,1183.47,8758.26,7.4,1,8160.0,0,CREATE_PIPELINE_BATCH
CP-0000038,2021-08-12,SIMULATED_HISTORY,Eldoret,AGO,WATCH,NORMAL,10304.1,1152.97,9151.13,7.94,1,8160.0,0,CREATE_PIPELINE_BATCH
CP-0000039,2021-08-20,SIMULATED_HISTORY,Eldoret,AGO,WATCH,NORMAL,9862.21,1018.13,8844.08,8.69,1,8160.0,0,CREATE_PIPELINE_BATCH
CP-0000040,2021-08-27,SIMULATED_HISTORY,Eldoret,AGO,WATCH,NORMAL,10629.61,1210.05,9419.56,7.78,1,8160.0,0,CREATE_PIPELINE_BATCH
CP-0000041,2021-09-04,SIMULATED_HISTORY,Eldoret,AGO,WATCH,NORMAL,9802.1,1016.3,8785.8,8.64,1,8160.0,0,CREATE_PIPELINE_BATCH
CP-0000042,2021-09-11,SIMULATED_HISTORY,Eldoret,AGO,WATCH,NORMAL,10211.31,1048.47,9162.84,8.74,1,8160.0,0,CREATE_PIPELINE_BATCH
CP-0000043,2021-09-19,SIMULATED_HISTORY,Eldoret,AGO,WATCH,NORMAL,9724.71,995.97,8728.74,8.76,1,8160.0,0,CREATE_PIPELINE_BATCH
CP-0000044,2021-09-26,SIMULATED_HISTORY,Eldoret,AGO,WATCH,NORMAL,9824.25,999.59,8824.66,8.83,1,8160.0,0,CREATE_PIPELINE_BATCH
CP-0000045,2021-10-03,SIMULATED_HISTORY,Eldoret,AGO,WATCH,NORMAL,9783.24,1054.66,8728.58,8.28,1,8160.0,0,CREATE_PIPELINE_BATCH
CP-0000046,2021-10-09,SIMULATED_HISTORY,Eldoret,AGO,WATCH,NORMAL,10145.75,1307.69,8838.06,6.76,1,8160.0,0,CREATE_PIPELINE_BATCH
CP-0000047,2021-10-14,SIMULATED_HISTORY,Eldoret,AGO,HEALTHY,UNPLANNED_PUMP_FAILURE,12133.32,1340.44,10792.88,8.05,0,0.0,0,HOLD/RESCHEDULE_DUE_TO_OUTAGE
CP-0000048,2021-10-16,SIMULATED_HISTORY,Eldoret,AGO,WATCH,NORMAL,9574.63,1224.23,8350.4,6.82,1,8160.0,0,CREATE_PIPELINE_BATCH
CP-0000049,2021-10-20,SIMULATED_HISTORY,Eldoret,AGO,HEALTHY,LOADING_BAY_OUTAGE,12706.64,1338.5,11368.14,8.49,0,0.0,0,NONE
CP-0000050,2021-10-22,SIMULATED_HISTORY,Eldoret,AGO,WATCH,NORMAL,10027.79,1348.02,8679.77,6.44,1,8160.0,0,CREATE_PIPELINE_BATCH
CP-0000051,2021-10-28,SIMULATED_HISTORY,Eldoret,AGO,WATCH,NORMAL,10564.28,1394.2,9170.08,6.58,1,8160.0,0,CREATE_PIPELINE_BATCH
CP-0000052,2021-11-04,SIMULATED_HISTORY,Eldoret,AGO,WATCH,NORMAL,10465.58,1055.72,9409.86,8.91,1,8160.0,0,CREATE_PIPELINE_BATCH
CP-0000053,2021-11-11,SIMULATED_HISTORY,Eldoret,AGO,HEALTHY,PLANNED_PIPELINE_MAINTENANCE,11088.54,1347.99,9740.55,7.23,0,0.0,0,HOLD/RESCHEDULE_DUE_TO_OUTAGE
CP-0000054,2021-11-12,SIMULATED_HISTORY,Eldoret,AGO,WATCH,PLANNED_PIPELINE_MAINTENANCE,9740.55,1188.95,8551.6,7.19,1,8160.0,0,CREATE_PIPELINE_BATCH+OUTAGE
CP-0000055,2021-11-19,SIMULATED_HISTORY,Eldoret,AGO,WATCH,NORMAL,10250.98,1190.95,9060.02,7.61,1,8160.0,0,CREATE_PIPELINE_BATCH
CP-0000056,2021-11-27,SIMULATED_HISTORY,Eldoret,AGO,WATCH,NORMAL,9691.95,1101.3,8590.65,7.8,1,8160.0,0,CREATE_PIPELINE_BATCH
CP-0000057,2021-12-04,SIMULATED_HISTORY,Eldoret,AGO,WATCH,NORMAL,9972.22,1145.52,8826.7,7.71,1,8160.0,0,CREATE_PIPELINE_BATCH
CP-0000058,2021-12-06,SIMULATED_HISTORY,Eldoret,AGO,HEALTHY,LOADING_BAY_OUTAGE,7835.24,1043.27,14951.98,14.33,0,0.0,0,NONE
CP-0000059,2021-12-11,SIMULATED_HISTORY,Eldoret,AGO,WATCH,NORMAL,10363.59,1021.04,9342.55,9.15,1,8160.0,0,CREATE_PIPELINE_BATCH
CP-0000060,2021-12-19,SIMULATED_HISTORY,Eldoret,AGO,WATCH,NORMAL,9704.31,985.73,8718.58,8.84,1,8160.0,0,CREATE_PIPELINE_BATCH
CP-0000061,2021-12-26,SIMULATED_HISTORY,Eldoret,AGO,WATCH,NORMAL,10184.35,912.9,9271.44,10.16,1,8160.0,0,CREATE_PIPELINE_BATCH
CP-0000062,2022-01-03,SIMULATED_HISTORY,Eldoret,AGO,WATCH,NORMAL,9835.92,1241.65,8594.28,6.92,1,8160.0,0,CREATE_PIPELINE_BATCH
CP-0000063,2022-01-10,SIMULATED_HISTORY,Eldoret,AGO,WATCH,NORMAL,9572.36,1176.43,8395.93,7.14,1,8160.0,0,CREATE_PIPELINE_BATCH
CP-0000064,2022-01-17,SIMULATED_HISTORY,Eldoret,AGO,WATCH,NORMAL,9613.7,1222.43,8391.27,6.86,1,8160.0,0,CREATE_PIPELINE_BATCH
CP-0000065,2022-01-24,SIMULATED_HISTORY,Eldoret,AGO,WATCH,NORMAL,9684.86,1178.85,8506.0,7.22,1,8160.0,0,CREATE_PIPELINE_BATCH
CP-0000066,2022-01-31,SIMULATED_HISTORY,Eldoret,AGO,WATCH,NORMAL,9946.55,1218.77,8727.78,7.16,1,8160.0,0,CREATE_PIPELINE_BATCH
CP-0000067,2022-02-07,SIMULATED_HISTORY,Eldoret,AGO,WATCH,NORMAL,10368.47,1008.54,9359.92,9.28,1,8160.0,0,CREATE_PIPELINE_BATCH
CP-0000068,2022-02-08,SIMULATED_HISTORY,Eldoret,AGO,WATCH,LOADING_BAY_OUTAGE,9359.92,1118.1,8241.83,7.37,0,0.0,0,NONE
CP-0000069,2022-02-10,SIMULATED_HISTORY,Eldoret,AGO,HEALTHY,LOADING_BAY_OUTAGE,15293.39,1112.22,14181.17,12.75,0,0.0,0,NONE
CP-0000070,2022-02-15,SIMULATED_HISTORY,Eldoret,AGO,WATCH,NORMAL,9917.25,1133.7,8783.55,7.75,1,8160.0,0,CREATE_PIPELINE_BATCH
CP-0000071,2022-02-23,SIMULATED_HISTORY,Eldoret,AGO,WATCH,NORMAL,9713.63,1137.2,8576.43,7.54,1,8160.0,0,CREATE_PIPELINE_BATCH
CP-0000072,2022-02-25,SIMULATED_HISTORY,Eldoret,AGO,HEALTHY,LOADING_BAY_OUTAGE,7446.16,1076.12,14530.04,13.5,0,0.0,0,NONE
CP-0000073,2022-02-28,SIMULATED_HISTORY,Eldoret,AGO,HEALTHY,UNPLANNED_PUMP_FAILURE,12487.09,1053.87,11433.22,10.85,0,0.0,0,HOLD/RESCHEDULE_DUE_TO_OUTAGE
CP-0000074,2022-03-02,SIMULATED_HISTORY,Eldoret,AGO,WATCH,NORMAL,10310.72,1224.63,9086.09,7.42,1,8160.0,0,CREATE_PIPELINE_BATCH
CP-0000075,2022-03-10,SIMULATED_HISTORY,Eldoret,AGO,WATCH,NORMAL,9470.58,1109.68,8360.9,7.53,1,8160.0,0,CREATE_PIPELINE_BATCH
CP-0000076,2022-03-17,SIMULATED_HISTORY,Eldoret,AGO,WATCH,NORMAL,9802.65,1267.22,8535.44,6.74,1,8160.0,0,CREATE_PIPELINE_BATCH
CP-0000077,2022-03-24,SIMULATED_HISTORY,Eldoret,AGO,WATCH,NORMAL,9738.4,1127.81,8610.59,7.63,1,8160.0,0,CREATE_PIPELINE_BATCH
CP-0000078,2022-03-25,SIMULATED_HISTORY,Eldoret,AGO,WATCH,UNPLANNED_PUMP_FAILURE,8610.59,1225.78,7384.81,6.02,0,0.0,0,HOLD/RESCHEDULE_DUE_TO_OUTAGE
CP-0000079,2022-03-31,SIMULATED_HISTORY,Eldoret,AGO,WATCH,NORMAL,9868.42,1225.53,8642.89,7.05,1,8160.0,0,CREATE_PIPELINE_BATCH
CP-0000080,2022-04-07,SIMULATED_HISTORY,Eldoret,AGO,WATCH,NORMAL,10080.4,1234.11,8846.29,7.17,1,8160.0,0,CREATE_PIPELINE_BATCH
CP-0000081,2022-04-14,SIMULATED_HISTORY,Eldoret,AGO,WATCH,NORMAL,10274.13,1146.42,9127.71,7.96,1,8160.0,0,CREATE_PIPELINE_BATCH
CP-0000082,2022-04-21,SIMULATED_HISTORY,Eldoret,AGO,WATCH,NORMAL,10480.39,1208.36,9272.03,7.67,1,8160.0,0,CREATE_PIPELINE_BATCH
CP-0000083,2022-04-28,SIMULATED_HISTORY,Eldoret,AGO,HEALTHY,PLANNED_PIPELINE_MAINTENANCE,10766.31,1246.46,9519.86,7.64,0,0.0,0,HOLD/RESCHEDULE_DUE_TO_OUTAGE
CP-0000084,2022-04-29,SIMULATED_HISTORY,Eldoret,AGO,WATCH,NORMAL,9519.86,1185.07,8334.79,7.03,1,8160.0,0,CREATE_PIPELINE_BATCH
CP-0000085,2022-05-06,SIMULATED_HISTORY,Eldoret,AGO,WATCH,NORMAL,9448.52,1308.11,8140.41,6.22,1,8160.0,0,CREATE_PIPELINE_BATCH
CP-0000086,2022-05-13,SIMULATED_HISTORY,Eldoret,AGO,WATCH,LOADING_BAY_OUTAGE,9688.36,1285.87,8402.48,6.53,1,8160.0,0,CREATE_PIPELINE_BATCH
CP-0000087,2022-05-17,SIMULATED_HISTORY,Eldoret,AGO,HEALTHY,UNPLANNED_PUMP_FAILURE,13315.51,1275.28,12040.22,9.44,0,0.0,0,HOLD/RESCHEDULE_DUE_TO_OUTAGE
CP-0000088,2022-05-20,SIMULATED_HISTORY,Eldoret,AGO,WATCH,NORMAL,9594.07,1166.58,8427.49,7.22,1,8160.0,0,CREATE_PIPELINE_BATCH
CP-0000089,2022-05-27,SIMULATED_HISTORY,Eldoret,AGO,WATCH,NORMAL,10016.14,1262.83,8753.3,6.93,1,8160.0,0,CREATE_PIPELINE_BATCH
CP-0000090,2022-06-03,SIMULATED_HISTORY,Eldoret,AGO,WATCH,NORMAL,10342.62,1136.85,9205.77,8.1,1,8160.0,0,CREATE_PIPELINE_BATCH
CP-0000091,2022-06-11,SIMULATED_HISTORY,Eldoret,AGO,WATCH,NORMAL,9628.82,1039.09,8589.73,8.27,1,8160.0,0,CREATE_PIPELINE_BATCH
CP-0000092,2022-06-17,SIMULATED_HISTORY,Eldoret,AGO,HEALTHY,PLANNED_PIPELINE_MAINTENANCE,11236.98,1143.56,10093.41,8.83,0,0.0,0,HOLD/RESCHEDULE_DUE_TO_OUTAGE
CP-0000093,2022-06-18,SIMULATED_HISTORY,Eldoret,AGO,WATCH,NORMAL,10093.41,1048.64,9044.77,8.63,1,8160.0,0,CREATE_PIPELINE_BATCH
CP-0000094,2022-06-26,SIMULATED_HISTORY,Eldoret,AGO,WATCH,NORMAL,9656.15,982.23,8673.92,8.83,1,8160.0,0,CREATE_PIPELINE_BATCH
CP-0000095,2022-07-03,SIMULATED_HISTORY,Eldoret,AGO,WATCH,NORMAL,10013.03,916.9,9096.13,9.92,1,8160.0,0,CREATE_PIPELINE_BATCH
CP-0000096,2022-07-10,SIMULATED_HISTORY,Eldoret,AGO,WATCH,NORMAL,10056.25,1082.52,8973.73,8.29,1,8160.0,0,CREATE_PIPELINE_BATCH
CP-0000097,2022-07-17,SIMULATED_HISTORY,Eldoret,AGO,WATCH,NORMAL,10346.81,997.28,9349.53,9.38,1,8160.0,0,CREATE_PIPELINE_BATCH
CP-0000098,2022-07-22,SIMULATED_HISTORY,Eldoret,AGO,HEALTHY,DATA_LATENCY_INCIDENT,12670.06,1149.61,11520.45,10.02,0,0.0,0,NONE
CP-0000099,2022-07-25,SIMULATED_HISTORY,Eldoret,AGO,WATCH,NORMAL,9622.42,1103.24,8519.18,7.72,1,8160.0,0,CREATE_PIPELINE_BATCH
CP-0000100,2022-08-01,SIMULATED_HISTORY,Eldoret,AGO,WATCH,NORMAL,10085.22,1218.54,8866.68,7.28,1,8160.0,0,CREATE_PIPELINE_BATCH
CP-0000101,2022-08-08,SIMULATED_HISTORY,Eldoret,AGO,WATCH,NORMAL,10219.92,1214.29,9005.62,7.42,1,8160.0,0,CREATE_PIPELINE_BATCH
CP-0000102,2022-08-15,SIMULATED_HISTORY,Eldoret,AGO,WATCH,NORMAL,10578.1,1241.78,9336.32,7.52,1,8160.0,0,CREATE_PIPELINE_BATCH
CP-0000103,2022-08-23,SIMULATED_HISTORY,Eldoret,AGO,WATCH,NORMAL,9606.57,1097.74,8508.83,7.75,1,8160.0,0,CREATE_PIPELINE_BATCH
CP-0000104,2022-08-30,SIMULATED_HISTORY,Eldoret,AGO,WATCH,NORMAL,9960.38,1162.34,8798.04,7.57,1,8160.0,0,CREATE_PIPELINE_BATCH
CP-0000105,2022-09-06,SIMULATED_HISTORY,Eldoret,AGO,WATCH,NORMAL,9946.85,1208.87,8737.97,7.23,1,8160.0,0,CREATE_PIPELINE_BATCH
CP-0000106,2022-09-13,SIMULATED_HISTORY,Eldoret,AGO,WATCH,NORMAL,9674.13,1218.21,8455.93,6.94,1,8160.0,0,CREATE_PIPELINE_BATCH
CP-0000107,2022-09-18,SIMULATED_HISTORY,Eldoret,AGO,HEALTHY,DATA_LATENCY_INCIDENT,11895.81,1005.32,10890.49,10.83,0,0.0,0,NONE
CP-0000108,2022-09-20,SIMULATED_HISTORY,Eldoret,AGO,WATCH,NORMAL,9652.43,1193.67,8458.76,7.09,1,8160.0,0,CREATE_PIPELINE_BATCH
CP-0000109,2022-09-27,SIMULATED_HISTORY,Eldoret,AGO,WATCH,NORMAL,9674.21,1279.25,8394.96,6.56,1,8160.0,0,CREATE_PIPELINE_BATCH
CP-0000110,2022-10-03,SIMULATED_HISTORY,Eldoret,AGO,WATCH,NORMAL,10163.53,1323.76,8839.77,6.68,1,8160.0,0,CREATE_PIPELINE_BATCH
CP-0000111,2022-10-09,SIMULATED_HISTORY,Eldoret,AGO,WATCH,NORMAL,9955.88,1161.17,8794.71,7.57,1,8160.0,0,CREATE_PIPELINE_BATCH
CP-0000112,2022-10-15,SIMULATED_HISTORY,Eldoret,AGO,WATCH,NORMAL,10182.63,1312.39,8870.24,6.76,1,8160.0,0,CREATE_PIPELINE_BATCH
CP-0000113,2022-10-21,SIMULATED_HISTORY,Eldoret,AGO,WATCH,NORMAL,10368.79,1279.47,9089.32,7.1,1,8160.0,0,CREATE_PIPELINE_BATCH
CP-0000114,2022-10-25,SIMULATED_HISTORY,Eldoret,AGO,HEALTHY,LOADING_BAY_OUTAGE,13549.78,1464.73,12085.05,8.25,0,0.0,0,NONE
CP-0000115,2022-10-27,SIMULATED_HISTORY,Eldoret,AGO,WATCH,NORMAL,10667.62,1443.44,9224.18,6.39,1,8160.0,0,CREATE_PIPELINE_BATCH
CP-0000116,2022-11-03,SIMULATED_HISTORY,Eldoret,AGO,WATCH,NORMAL,9530.96,1166.98,8363.99,7.17,1,8160.0,0,CREATE_PIPELINE_BATCH
CP-0000117,2022-11-10,SIMULATED_HISTORY,Eldoret,AGO,WATCH,NORMAL,9759.1,1188.64,8570.46,7.21,1,8160.0,0,CREATE_PIPELINE_BATCH
CP-0000118,2022-11-17,SIMULATED_HISTORY,Eldoret,AGO,WATCH,NORMAL,9860.42,1250.18,8610.24,6.89,1,8160.0,0,CREATE_PIPELINE_BATCH
CP-0000119,2022-11-24,SIMULATED_HISTORY,Eldoret,AGO,WATCH,NORMAL,10028.69,1216.76,8811.92,7.24,1,8160.0,0,CREATE_PIPELINE_BATCH
CP-0000120,2022-12-01,SIMULATED_HISTORY,Eldoret,AGO,WATCH,NORMAL,10114.72,1185.19,8929.53,7.53,1,8160.0,0,CREATE_PIPELINE_BATCH
CP-0000121,2022-12-08,SIMULATED_HISTORY,Eldoret,AGO,WATCH,NORMAL,10569.54,1237.62,9331.93,7.54,1,8160.0,0,CREATE_PIPELINE_BATCH
CP-0000122,2022-12-15,SIMULATED_HISTORY,Eldoret,AGO,WATCH,NORMAL,10393.46,1134.87,9258.59,8.16,1,8160.0,0,CREATE_PIPELINE_BATCH
CP-0000123,2022-12-23,SIMULATED_HISTORY,Eldoret,AGO,WATCH,NORMAL,9505.38,1359.57,8145.81,5.99,1,8160.0,0,CREATE_PIPELINE_BATCH
CP-0000124,2022-12-30,SIMULATED_HISTORY,Eldoret,AGO,WATCH,NORMAL,9551.46,1145.5,8405.96,7.34,1,8160.0,0,CREATE_PIPELINE_BATCH
CP-0000125,2023-01-06,SIMULATED_HISTORY,Eldoret,AGO,WATCH,NORMAL,9834.57,1219.68,8614.89,7.06,1,8160.0,0,CREATE_PIPELINE_BATCH
CP-0000126,2023-01-13,SIMULATED_HISTORY,Eldoret,AGO,WATCH,NORMAL,9792.31,1233.81,8558.5,6.94,1,8160.0,0,CREATE_PIPELINE_BATCH
CP-0000127,2023-01-20,SIMULATED_HISTORY,Eldoret,AGO,WATCH,NORMAL,10010.43,1393.56,8616.88,6.18,1,8160.0,0,CREATE_PIPELINE_BATCH
CP-0000128,2023-01-25,SIMULATED_HISTORY,Eldoret,AGO,HEALTHY,UNPLANNED_PUMP_FAILURE,12302.76,1135.95,11166.81,9.83,0,0.0,0,HOLD/RESCHEDULE_DUE_TO_OUTAGE
CP-0000129,2023-01-27,SIMULATED_HISTORY,Eldoret,AGO,WATCH,NORMAL,9990.74,1391.84,8598.89,6.18,1,8160.0,0,CREATE_PIPELINE_BATCH
CP-0000130,2023-02-03,SIMULATED_HISTORY,Eldoret,AGO,WATCH,NORMAL,10259.61,1090.58,9169.03,8.41,1,8160.0,0,CREATE_PIPELINE_BATCH
CP-0000131,2023-02-11,SIMULATED_HISTORY,Eldoret,AGO,WATCH,NORMAL,10212.27,1028.18,9184.09,8.93,1,8160.0,0,CREATE_PIPELINE_BATCH
CP-0000132,2023-02-19,SIMULATED_HISTORY,Eldoret,AGO,WATCH,NORMAL,10015.83,938.31,9077.52,9.67,1,8160.0,0,CREATE_PIPELINE_BATCH
CP-0000133,2023-02-27,SIMULATED_HISTORY,Eldoret,AGO,WATCH,NORMAL,10018.84,1002.24,9016.6,9.0,1,8160.0,0,CREATE_PIPELINE_BATCH
CP-0000134,2023-03-07,SIMULATED_HISTORY,Eldoret,AGO,WATCH,NORMAL,9471.57,1046.29,8425.27,8.05,1,8160.0,0,CREATE_PIPELINE_BATCH
CP-0000135,2023-03-14,SIMULATED_HISTORY,Eldoret,AGO,WATCH,NORMAL,10176.46,1078.93,9097.53,8.43,1,8160.0,0,CREATE_PIPELINE_BATCH
CP-0000136,2023-03-18,SIMULATED_HISTORY,Eldoret,AGO,HEALTHY,LOADING_BAY_OUTAGE,13627.08,1023.6,12603.49,12.31,0,0.0,0,NONE
CP-0000137,2023-03-21,SIMULATED_HISTORY,Eldoret,AGO,WATCH,NORMAL,10410.33,1034.75,9375.58,9.06,1,8160.0,0,CREATE_PIPELINE_BATCH
CP-0000138,2023-03-29,SIMULATED_HISTORY,Eldoret,AGO,WATCH,NORMAL,9748.91,1187.71,8561.2,7.21,1,8160.0,0,CREATE_PIPELINE_BATCH
CP-0000139,2023-04-05,SIMULATED_HISTORY,Eldoret,AGO,WATCH,NORMAL,10200.42,1250.22,8950.2,7.16,1,8160.0,0,CREATE_PIPELINE_BATCH
CP-0000140,2023-04-12,SIMULATED_HISTORY,Eldoret,AGO,WATCH,UNPLANNED_PUMP_FAILURE,10345.03,979.16,9365.87,9.57,1,8160.0,0,CREATE_PIPELINE_BATCH+OUTAGE
CP-0000141,2023-04-20,SIMULATED_HISTORY,Eldoret,AGO,WATCH,NORMAL,9743.03,1312.19,8430.84,6.43,1,8160.0,0,CREATE_PIPELINE_BATCH
CP-0000142,2023-04-23,SIMULATED_HISTORY,Eldoret,AGO,HEALTHY,DATA_LATENCY_INCIDENT,14394.64,854.73,13539.91,15.84,0,0.0,0,NONE
CP-0000143,2023-04-27,SIMULATED_HISTORY,Eldoret,AGO,WATCH,NORMAL,10416.94,1139.28,9277.66,8.14,1,8160.0,0,CREATE_PIPELINE_BATCH
CP-0000144,2023-05-04,SIMULATED_HISTORY,Eldoret,AGO,WATCH,NORMAL,10530.93,1226.38,9304.54,7.59,1,8160.0,0,CREATE_PIPELINE_BATCH
CP-0000145,2023-05-12,SIMULATED_HISTORY,Eldoret,AGO,WATCH,NORMAL,9705.2,1130.5,8574.7,7.58,1,8160.0,0,CREATE_PIPELINE_BATCH
CP-0000146,2023-05-19,SIMULATED_HISTORY,Eldoret,AGO,WATCH,NORMAL,10017.19,1181.49,8835.7,7.48,1,8160.0,0,CREATE_PIPELINE_BATCH
CP-0000147,2023-05-26,SIMULATED_HISTORY,Eldoret,AGO,WATCH,NORMAL,10397.45,1254.18,9143.27,7.29,1,8160.0,0,CREATE_PIPELINE_BATCH
CP-0000148,2023-06-02,SIMULATED_HISTORY,Eldoret,AGO,HEALTHY,PLANNED_PIPELINE_MAINTENANCE,10887.61,1008.7,9878.91,9.79,0,0.0,0,HOLD/RESCHEDULE_DUE_TO_OUTAGE
CP-0000149,2023-06-03,SIMULATED_HISTORY,Eldoret,AGO,WATCH,PLANNED_PIPELINE_MAINTENANCE,9878.91,1049.83,8829.08,8.41,1,8160.0,0,CREATE_PIPELINE_BATCH+OUTAGE
CP-0000150,2023-06-11,SIMULATED_HISTORY,Eldoret,AGO,WATCH,NORMAL,9807.49,852.41,8955.08,10.51,1,8160.0,0,CREATE_PIPELINE_BATCH
CP-0000151,2023-06-19,SIMULATED_HISTORY,Eldoret,AGO,WATCH,NORMAL,9861.84,1086.2,8775.64,8.08,1,8160.0,0,CREATE_PIPELINE_BATCH
CP-0000152,2023-06-26,SIMULATED_HISTORY,Eldoret,AGO,WATCH,NORMAL,10321.66,1081.25,9240.41,8.55,1,8160.0,0,CREATE_PIPELINE_BATCH
CP-0000153,2023-07-01,SIMULATED_HISTORY,Eldoret,AGO,HEALTHY,UNPLANNED_PUMP_FAILURE,12998.26,1110.73,11887.53,10.7,0,0.0,0,HOLD/RESCHEDULE_DUE_TO_OUTAGE
CP-0000154,2023-07-04,SIMULATED_HISTORY,Eldoret,AGO,WATCH,NORMAL,9759.75,1154.36,8605.39,7.45,1,8160.0,0,CREATE_PIPELINE_BATCH
CP-0000155,2023-07-11,SIMULATED_HISTORY,Eldoret,AGO,WATCH,NORMAL,10116.68,1152.25,8964.42,7.78,1,8160.0,0,CREATE_PIPELINE_BATCH
CP-0000156,2023-07-19,SIMULATED_HISTORY,Eldoret,AGO,WATCH,NORMAL,9699.89,1033.5,8666.39,8.39,1,8160.0,0,CREATE_PIPELINE_BATCH
CP-0000157,2023-07-27,SIMULATED_HISTORY,Eldoret,AGO,WATCH,NORMAL,9458.11,1122.94,8335.17,7.42,1,8160.0,0,CREATE_PIPELINE_BATCH
CP-0000158,2023-08-03,SIMULATED_HISTORY,Eldoret,AGO,WATCH,NORMAL,9794.78,1122.79,8671.98,7.72,1,8160.0,0,CREATE_PIPELINE_BATCH
CP-0000159,2023-08-10,SIMULATED_HISTORY,Eldoret,AGO,WATCH,NORMAL,10124.09,1242.61,8881.47,7.15,1,8160.0,0,CREATE_PIPELINE_BATCH
CP-0000160,2023-08-18,SIMULATED_HISTORY,Eldoret,AGO,WATCH,NORMAL,9466.56,1226.85,8239.71,6.72,1,8160.0,0,CREATE_PIPELINE_BATCH
CP-0000161,2023-08-25,SIMULATED_HISTORY,Eldoret,AGO,WATCH,NORMAL,10261.88,1108.21,9153.67,8.26,1,8160.0,0,CREATE_PIPELINE_BATCH
CP-0000162,2023-09-01,SIMULATED_HISTORY,Eldoret,AGO,WATCH,NORMAL,10497.87,1212.17,9285.7,7.66,1,8160.0,0,CREATE_PIPELINE_BATCH
CP-0000163,2023-09-09,SIMULATED_HISTORY,Eldoret,AGO,WATCH,NORMAL,9464.97,1036.11,8428.86,8.14,1,8160.0,0,CREATE_PIPELINE_BATCH
CP-0000164,2023-09-16,SIMULATED_HISTORY,Eldoret,AGO,WATCH,NORMAL,9528.52,1067.82,8460.7,7.92,1,8160.0,0,CREATE_PIPELINE_BATCH
CP-0000165,2023-09-23,SIMULATED_HISTORY,Eldoret,AGO,WATCH,NORMAL,9833.4,1074.39,8759.01,8.15,1,8160.0,0,CREATE_PIPELINE_BATCH
CP-0000166,2023-09-30,SIMULATED_HISTORY,Eldoret,AGO,WATCH,NORMAL,10288.97,1007.38,9281.59,9.21,1,8160.0,0,CREATE_PIPELINE_BATCH
CP-0000167,2023-10-01,SIMULATED_HISTORY,Eldoret,AGO,WATCH,LOADING_BAY_OUTAGE,9281.59,1128.21,8153.38,7.23,0,0.0,0,NONE
CP-0000168,2023-10-06,SIMULATED_HISTORY,Eldoret,AGO,WATCH,NORMAL,10813.8,1542.19,9271.62,6.01,1,8160.0,0,CREATE_PIPELINE_BATCH
CP-0000169,2023-10-13,SIMULATED_HISTORY,Eldoret,AGO,WATCH,NORMAL,9658.98,1330.95,8328.03,6.26,1,8160.0,0,CREATE_PIPELINE_BATCH
CP-0000170,2023-10-16,SIMULATED_HISTORY,Eldoret,AGO,HEALTHY,DATA_LATENCY_INCIDENT,14107.61,1380.21,12727.4,9.22,0,0.0,0,NONE
CP-0000171,2023-10-19,SIMULATED_HISTORY,Eldoret,AGO,WATCH,NORMAL,9840.76,1462.02,8378.74,5.73,1,8160.0,0,CREATE_PIPELINE_BATCH
CP-0000172,2023-10-25,SIMULATED_HISTORY,Eldoret,AGO,WATCH,NORMAL,10164.49,1330.08,8834.41,6.64,1,8160.0,0,CREATE_PIPELINE_BATCH
CP-0000173,2023-10-31,SIMULATED_HISTORY,Eldoret,AGO,WATCH,NORMAL,10489.86,1494.99,8994.86,6.02,1,8160.0,0,CREATE_PIPELINE_BATCH
CP-0000174,2023-11-03,SIMULATED_HISTORY,Eldoret,AGO,HEALTHY,PLANNED_PIPELINE_MAINTENANCE,14825.84,1241.76,13584.08,10.94,0,0.0,0,HOLD/RESCHEDULE_DUE_TO_OUTAGE
CP-0000175,2023-11-04,SIMULATED_HISTORY,Eldoret,AGO,HEALTHY,PLANNED_PIPELINE_MAINTENANCE,13584.08,1046.05,12538.02,11.99,0,0.0,0,HOLD/RESCHEDULE_DUE_TO_OUTAGE
CP-0000176,2023-11-06,SIMULATED_HISTORY,Eldoret,AGO,HEALTHY,LOADING_BAY_OUTAGE,11643.88,1217.38,10426.5,8.56,0,0.0,0,NONE
CP-0000177,2023-11-07,SIMULATED_HISTORY,Eldoret,AGO,WATCH,NORMAL,10426.5,1168.71,9257.79,7.92,1,8160.0,0,CREATE_PIPELINE_BATCH
CP-0000178,2023-11-15,SIMULATED_HISTORY,Eldoret,AGO,WATCH,NORMAL,9697.98,1102.31,8595.67,7.8,1,8160.0,0,CREATE_PIPELINE_BATCH
CP-0000179,2023-11-22,SIMULATED_HISTORY,Eldoret,AGO,WATCH,NORMAL,9889.04,1217.97,8671.07,7.12,1,8160.0,0,CREATE_PIPELINE_BATCH
CP-0000180,2023-11-29,SIMULATED_HISTORY,Eldoret,AGO,WATCH,NORMAL,10076.24,1089.67,8986.56,8.25,1,8160.0,0,CREATE_PIPELINE_BATCH
CP-0000181,2023-12-06,SIMULATED_HISTORY,Eldoret,AGO,WATCH,NORMAL,10386.49,1206.25,9180.24,7.61,1,8160.0,0,CREATE_PIPELINE_BATCH
CP-0000182,2023-12-10,SIMULATED_HISTORY,Eldoret,AGO,HEALTHY,LOADING_BAY_OUTAGE,14012.76,893.29,13119.47,14.69,0,0.0,0,NONE
CP-0000183,2023-12-14,SIMULATED_HISTORY,Eldoret,AGO,WATCH,NORMAL,9675.55,1142.24,8533.31,7.47,1,8160.0,0,CREATE_PIPELINE_BATCH
CP-0000184,2023-12-15,SIMULATED_HISTORY,Eldoret,AGO,WATCH,LOADING_BAY_OUTAGE,8533.31,1218.57,7314.74,6.0,0,0.0,0,NONE
CP-0000185,2023-12-21,SIMULATED_HISTORY,Eldoret,AGO,WATCH,NORMAL,10133.84,1228.83,8905.02,7.25,1,8160.0,0,CREATE_PIPELINE_BATCH
CP-0000186,2023-12-29,SIMULATED_HISTORY,Eldoret,AGO,WATCH,NORMAL,9516.37,1181.87,8334.5,7.05,1,8160.0,0,CREATE_PIPELINE_BATCH
CP-0000187,2024-01-05,SIMULATED_HISTORY,Eldoret,AGO,WATCH,NORMAL,9716.42,1291.96,8424.47,6.52,1,8160.0,0,CREATE_PIPELINE_BATCH
CP-0000188,2024-01-12,SIMULATED_HISTORY,Eldoret,AGO,WATCH,NORMAL,9592.74,1161.4,8431.34,7.26,1,8160.0,0,CREATE_PIPELINE_BATCH
CP-0000189,2024-01-19,SIMULATED_HISTORY,Eldoret,AGO,WATCH,LOADING_BAY_OUTAGE,10197.83,1227.72,8970.1,7.31,1,8160.0,0,CREATE_PIPELINE_BATCH
CP-0000190,2024-01-26,SIMULATED_HISTORY,Eldoret,AGO,WATCH,NORMAL,10454.75,1113.36,9341.39,8.39,1,8160.0,0,CREATE_PIPELINE_BATCH
CP-0000191,2024-02-03,SIMULATED_HISTORY,Eldoret,AGO,WATCH,NORMAL,9796.3,895.03,8901.27,9.95,1,8160.0,0,CREATE_PIPELINE_BATCH
CP-0000192,2024-02-07,SIMULATED_HISTORY,Eldoret,AGO,HEALTHY,LOADING_BAY_OUTAGE,14169.37,1059.72,13109.64,12.37,0,0.0,0,NONE
CP-0000193,2024-02-11,SIMULATED_HISTORY,Eldoret,AGO,WATCH,NORMAL,10056.25,973.94,9082.31,9.33,1,8160.0,0,CREATE_PIPELINE_BATCH
CP-0000194,2024-02-15,SIMULATED_HISTORY,Eldoret,AGO,HEALTHY,UNPLANNED_PUMP_FAILURE,14166.15,1032.45,13133.7,12.72,0,0.0,0,HOLD/RESCHEDULE_DUE_TO_OUTAGE
CP-0000195,2024-02-19,SIMULATED_HISTORY,Eldoret,AGO,WATCH,NORMAL,10374.4,983.81,9390.59,9.55,1,8160.0,0,CREATE_PIPELINE_BATCH
CP-0000196,2024-02-25,SIMULATED_HISTORY,Eldoret,AGO,HEALTHY,DATA_LATENCY_INCIDENT,12469.74,928.8,11540.94,12.43,0,0.0,0,NONE
CP-0000197,2024-02-28,SIMULATED_HISTORY,Eldoret,AGO,WATCH,NORMAL,9537.65,1064.09,8473.56,7.96,1,8160.0,0,CREATE_PIPELINE_BATCH
CP-0000198,2024-03-01,SIMULATED_HISTORY,Eldoret,AGO,WATCH,UNPLANNED_PUMP_FAILURE,7411.57,1148.51,6263.05,5.45,0,0.0,0,HOLD/RESCHEDULE_DUE_TO_OUTAGE
CP-0000199,2024-03-06,SIMULATED_HISTORY,Eldoret,AGO,WATCH,NORMAL,10146.16,1137.0,9009.17,7.92,1,8160.0,0,CREATE_PIPELINE_BATCH
CP-0000200,2024-03-13,SIMULATED_HISTORY,Eldoret,AGO,HEALTHY,PLANNED_PIPELINE_MAINTENANCE,11036.78,1010.19,10026.59,9.93,0,0.0,0,HOLD/RESCHEDULE_DUE_TO_OUTAGE
CP-0000201,2024-03-14,SIMULATED_HISTORY,Eldoret,AGO,WATCH,NORMAL,10026.59,1069.58,8957.01,8.37,1,8160.0,0,CREATE_PIPELINE_BATCH
CP-0000202,2024-03-22,SIMULATED_HISTORY,Eldoret,AGO,WATCH,UNPLANNED_PUMP_FAILURE,9853.67,1121.41,8732.26,7.79,1,8160.0,0,CREATE_PIPELINE_BATCH+OUTAGE
CP-0000203,2024-03-30,SIMULATED_HISTORY,Eldoret,AGO,WATCH,NORMAL,9443.54,960.2,8483.33,8.83,1,8160.0,0,CREATE_PIPELINE_BATCH
CP-0000204,2024-04-06,SIMULATED_HISTORY,Eldoret,AGO,WATCH,NORMAL,9740.0,916.65,8823.35,9.63,1,8160.0,0,CREATE_PIPELINE_BATCH
CP-0000205,2024-04-13,SIMULATED_HISTORY,Eldoret,AGO,WATCH,NORMAL,10340.51,1052.6,9287.91,8.82,1,8160.0,0,CREATE_PIPELINE_BATCH
CP-0000206,2024-04-21,SIMULATED_HISTORY,Eldoret,AGO,WATCH,NORMAL,9897.08,994.82,8902.26,8.95,1,8160.0,0,CREATE_PIPELINE_BATCH
CP-0000207,2024-04-29,SIMULATED_HISTORY,Eldoret,AGO,WATCH,NORMAL,9576.61,990.08,8586.53,8.67,1,8160.0,0,CREATE_PIPELINE_BATCH
CP-0000208,2024-05-06,SIMULATED_HISTORY,Eldoret,AGO,WATCH,NORMAL,10051.73,1118.15,8933.58,7.99,1,8160.0,0,CREATE_PIPELINE_BATCH
CP-0000209,2024-05-13,SIMULATED_HISTORY,Eldoret,AGO,WATCH,NORMAL,10511.88,1131.14,9380.74,8.29,1,8160.0,0,CREATE_PIPELINE_BATCH
CP-0000210,2024-05-21,SIMULATED_HISTORY,Eldoret,AGO,WATCH,NORMAL,9936.03,1221.13,8714.89,7.14,1,8160.0,0,CREATE_PIPELINE_BATCH
CP-0000211,2024-05-28,SIMULATED_HISTORY,Eldoret,AGO,WATCH,NORMAL,10364.57,1168.85,9195.72,7.87,1,8160.0,0,CREATE_PIPELINE_BATCH
CP-0000212,2024-06-05,SIMULATED_HISTORY,Eldoret,AGO,WATCH,NORMAL,9894.04,1065.08,8828.96,8.29,1,8160.0,0,CREATE_PIPELINE_BATCH
CP-0000213,2024-06-13,SIMULATED_HISTORY,Eldoret,AGO,WATCH,NORMAL,9871.44,1129.92,8741.52,7.74,1,8160.0,0,CREATE_PIPELINE_BATCH
CP-0000214,2024-06-21,SIMULATED_HISTORY,Eldoret,AGO,WATCH,NORMAL,9900.95,1062.8,8838.15,8.32,1,8160.0,0,CREATE_PIPELINE_BATCH
CP-0000215,2024-06-29,SIMULATED_HISTORY,Eldoret,AGO,WATCH,NORMAL,9750.05,961.98,8788.07,9.14,1,8160.0,0,CREATE_PIPELINE_BATCH
CP-0000216,2024-07-06,SIMULATED_HISTORY,Eldoret,AGO,WATCH,NORMAL,10185.14,1034.66,9150.48,8.84,1,8160.0,0,CREATE_PIPELINE_BATCH
CP-0000217,2024-07-14,SIMULATED_HISTORY,Eldoret,AGO,WATCH,NORMAL,9871.71,901.2,8970.51,9.95,1,8160.0,0,CREATE_PIPELINE_BATCH
CP-0000218,2024-07-20,SIMULATED_HISTORY,Eldoret,AGO,HEALTHY,PLANNED_PIPELINE_MAINTENANCE,11656.7,920.46,10736.24,11.66,0,0.0,0,HOLD/RESCHEDULE_DUE_TO_OUTAGE
CP-0000219,2024-07-21,SIMULATED_HISTORY,Eldoret,AGO,HEALTHY,PLANNED_PIPELINE_MAINTENANCE,10736.24,853.59,9882.66,11.58,0,0.0,0,HOLD/RESCHEDULE_DUE_TO_OUTAGE
CP-0000220,2024-07-22,SIMULATED_HISTORY,Eldoret,AGO,WATCH,NORMAL,9882.66,1064.83,8817.83,8.28,1,8160.0,0,CREATE_PIPELINE_BATCH
CP-0000221,2024-07-29,SIMULATED_HISTORY,Eldoret,AGO,WATCH,NORMAL,10256.43,1083.64,9172.79,8.46,1,8160.0,0,CREATE_PIPELINE_BATCH
CP-0000222,2024-08-06,SIMULATED_HISTORY,Eldoret,AGO,WATCH,LOADING_BAY_OUTAGE,9991.34,1227.23,8764.11,7.14,1,8160.0,0,CREATE_PIPELINE_BATCH
CP-0000223,2024-08-14,SIMULATED_HISTORY,Eldoret,AGO,WATCH,NORMAL,9520.29,1049.32,8470.97,8.07,1,8160.0,0,CREATE_PIPELINE_BATCH
CP-0000224,2024-08-21,SIMULATED_HISTORY,Eldoret,AGO,WATCH,NORMAL,10211.51,1156.66,9054.86,7.83,1,8160.0,0,CREATE_PIPELINE_BATCH
CP-0000225,2024-08-29,SIMULATED_HISTORY,Eldoret,AGO,WATCH,NORMAL,9510.12,1172.48,8337.64,7.11,1,8160.0,0,CREATE_PIPELINE_BATCH
CP-0000226,2024-09-02,SIMULATED_HISTORY,Eldoret,AGO,HEALTHY,LOADING_BAY_OUTAGE,13358.35,1078.49,12279.87,11.39,0,0.0,0,NONE
CP-0000227,2024-09-05,SIMULATED_HISTORY,Eldoret,AGO,WATCH,NORMAL,10034.74,1138.06,8896.68,7.82,1,8160.0,0,CREATE_PIPELINE_BATCH
CP-0000228,2024-09-12,SIMULATED_HISTORY,Eldoret,AGO,WATCH,NORMAL,10397.74,1108.8,9288.94,8.38,1,8160.0,0,CREATE_PIPELINE_BATCH
CP-0000229,2024-09-20,SIMULATED_HISTORY,Eldoret,AGO,WATCH,NORMAL,9916.25,1284.98,8631.27,6.72,1,8160.0,0,CREATE_PIPELINE_BATCH
CP-0000230,2024-09-27,SIMULATED_HISTORY,Eldoret,AGO,WATCH,NORMAL,9986.79,1178.8,8807.99,7.47,1,8160.0,0,CREATE_PIPELINE_BATCH
CP-0000231,2024-10-04,SIMULATED_HISTORY,Eldoret,AGO,WATCH,NORMAL;DEMAND_SPIKE,9919.86,1928.89,7990.97,4.14,1,8160.0,0,CREATE_PIPELINE_BATCH
CP-0000232,2024-10-10,SIMULATED_HISTORY,Eldoret,AGO,WATCH,NORMAL,9973.66,1392.66,8581.0,6.16,1,8160.0,0,CREATE_PIPELINE_BATCH
CP-0000233,2024-10-16,SIMULATED_HISTORY,Eldoret,AGO,WATCH,NORMAL,10251.04,1310.8,8940.24,6.82,1,8160.0,0,CREATE_PIPELINE_BATCH
CP-0000234,2024-10-22,SIMULATED_HISTORY,Eldoret,AGO,WATCH,NORMAL,10642.7,1290.15,9352.55,7.25,1,8160.0,0,CREATE_PIPELINE_BATCH
CP-0000235,2024-10-29,SIMULATED_HISTORY,Eldoret,AGO,WATCH,NORMAL,10064.52,1358.52,8706.0,6.41,1,8160.0,0,CREATE_PIPELINE_BATCH
CP-0000236,2024-11-05,SIMULATED_HISTORY,Eldoret,AGO,WATCH,NORMAL,9942.75,1131.28,8811.47,7.79,1,8160.0,0,CREATE_PIPELINE_BATCH
CP-0000237,2024-11-12,SIMULATED_HISTORY,Eldoret,AGO,WATCH,NORMAL,10336.1,1096.66,9239.44,8.43,1,8160.0,0,CREATE_PIPELINE_BATCH
CP-0000238,2024-11-20,SIMULATED_HISTORY,Eldoret,AGO,WATCH,NORMAL,9591.04,1026.3,8564.74,8.35,1,8160.0,0,CREATE_PIPELINE_BATCH
CP-0000239,2024-11-22,SIMULATED_HISTORY,Eldoret,AGO,HEALTHY,LOADING_BAY_OUTAGE,7350.11,1085.65,14424.46,13.29,0,0.0,0,NONE
CP-0000240,2024-11-27,SIMULATED_HISTORY,Eldoret,AGO,WATCH,DATA_LATENCY_INCIDENT,10037.9,1096.92,8940.97,8.15,1,8160.0,0,CREATE_PIPELINE_BATCH
CP-0000241,2024-12-05,SIMULATED_HISTORY,Eldoret,AGO,WATCH,NORMAL,9771.35,1174.81,8596.54,7.32,1,8160.0,0,CREATE_PIPELINE_BATCH
CP-0000242,2024-12-13,SIMULATED_HISTORY,Eldoret,AGO,WATCH,NORMAL,9544.74,1221.65,8323.09,6.81,1,8160.0,0,CREATE_PIPELINE_BATCH
CP-0000243,2024-12-20,SIMULATED_HISTORY,Eldoret,AGO,WATCH,NORMAL,10244.89,1105.07,9139.82,8.27,1,8160.0,0,CREATE_PIPELINE_BATCH
CP-0000244,2024-12-28,SIMULATED_HISTORY,Eldoret,AGO,WATCH,NORMAL,9573.61,1072.0,8501.61,7.93,1,8160.0,0,CREATE_PIPELINE_BATCH
CP-0000245,2025-01-04,SIMULATED_HISTORY,Eldoret,AGO,WATCH,NORMAL,9685.77,1153.51,8532.26,7.4,1,8160.0,0,CREATE_PIPELINE_BATCH
CP-0000246,2025-01-10,SIMULATED_HISTORY,Eldoret,AGO,WATCH,NORMAL,10644.49,1321.55,9322.94,7.05,1,8160.0,0,CREATE_PIPELINE_BATCH
CP-0000247,2025-01-12,SIMULATED_HISTORY,Eldoret,AGO,WATCH,UNPLANNED_PUMP_FAILURE,8250.21,1000.39,7249.82,7.25,0,0.0,0,HOLD/RESCHEDULE_DUE_TO_OUTAGE
CP-0000248,2025-01-17,SIMULATED_HISTORY,Eldoret,AGO,WATCH,NORMAL,10613.73,1260.85,9352.87,7.42,1,8160.0,0,CREATE_PIPELINE_BATCH
CP-0000249,2025-01-24,SIMULATED_HISTORY,Eldoret,AGO,WATCH,NORMAL,10695.12,1387.71,9307.4,6.71,1,8160.0,0,CREATE_PIPELINE_BATCH
CP-0000250,2025-01-26,SIMULATED_HISTORY,Eldoret,AGO,HEALTHY,DATA_LATENCY_INCIDENT,8099.01,1147.79,15111.22,13.17,0,0.0,0,NONE
CP-0000251,2025-01-31,SIMULATED_HISTORY,Eldoret,AGO,WATCH,NORMAL,10158.29,1261.79,8896.49,7.05,1,8160.0,0,CREATE_PIPELINE_BATCH
CP-0000252,2025-02-07,SIMULATED_HISTORY,Eldoret,AGO,WATCH,NORMAL,10455.4,1208.94,9246.45,7.65,1,8160.0,0,CREATE_PIPELINE_BATCH
CP-0000253,2025-02-15,SIMULATED_HISTORY,Eldoret,AGO,WATCH,NORMAL,9727.16,1030.1,8697.07,8.44,1,8160.0,0,CREATE_PIPELINE_BATCH
CP-0000254,2025-02-23,SIMULATED_HISTORY,Eldoret,AGO,WATCH,NORMAL,9463.28,882.69,8580.6,9.72,1,8160.0,0,CREATE_PIPELINE_BATCH
CP-0000255,2025-03-02,SIMULATED_HISTORY,Eldoret,AGO,WATCH,NORMAL,9943.21,961.53,8981.68,9.34,1,8160.0,0,CREATE_PIPELINE_BATCH
CP-0000256,2025-03-09,SIMULATED_HISTORY,Eldoret,AGO,WATCH,NORMAL,10096.3,1020.46,9075.84,8.89,1,8160.0,0,CREATE_PIPELINE_BATCH
CP-0000257,2025-03-16,SIMULATED_HISTORY,Eldoret,AGO,WATCH,NORMAL,10126.6,1010.17,9116.42,9.02,1,8160.0,0,CREATE_PIPELINE_BATCH
CP-0000258,2025-03-24,SIMULATED_HISTORY,Eldoret,AGO,WATCH,NORMAL,9427.28,1222.57,8204.71,6.71,1,8160.0,0,CREATE_PIPELINE_BATCH
CP-0000259,2025-03-30,SIMULATED_HISTORY,Eldoret,AGO,WATCH,NORMAL,10440.75,1032.09,9408.66,9.12,1,8160.0,0,CREATE_PIPELINE_BATCH
CP-0000260,2025-04-06,SIMULATED_HISTORY,Eldoret,AGO,WATCH,NORMAL,10389.5,1039.42,9350.08,9.0,1,8160.0,0,CREATE_PIPELINE_BATCH
CP-0000261,2025-04-13,SIMULATED_HISTORY,Eldoret,AGO,WATCH,NORMAL,10398.97,1023.41,9375.56,9.16,1,8160.0,0,CREATE_PIPELINE_BATCH
CP-0000262,2025-04-17,SIMULATED_HISTORY,Eldoret,AGO,HEALTHY,PLANNED_PIPELINE_MAINTENANCE,13980.85,1138.44,12842.41,11.28,0,0.0,0,HOLD/RESCHEDULE_DUE_TO_OUTAGE
CP-0000263,2025-04-18,SIMULATED_HISTORY,Eldoret,AGO,HEALTHY,PLANNED_PIPELINE_MAINTENANCE,12842.41,1226.77,11615.65,9.47,0,0.0,0,HOLD/RESCHEDULE_DUE_TO_OUTAGE
CP-0000264,2025-04-21,SIMULATED_HISTORY,Eldoret,AGO,WATCH,NORMAL,9452.99,1126.44,8326.55,7.39,1,8160.0,0,CREATE_PIPELINE_BATCH
CP-0000265,2025-04-28,SIMULATED_HISTORY,Eldoret,AGO,WATCH,NORMAL,9564.06,1256.02,8308.04,6.61,1,8160.0,0,CREATE_PIPELINE_BATCH
CP-0000266,2025-05-04,SIMULATED_HISTORY,Eldoret,AGO,WATCH,NORMAL,10279.15,1063.3,9215.85,8.67,1,8160.0,0,CREATE_PIPELINE_BATCH
CP-0000267,2025-05-11,SIMULATED_HISTORY,Eldoret,AGO,WATCH,NORMAL,10072.17,1028.68,9043.5,8.79,1,8160.0,0,CREATE_PIPELINE_BATCH
CP-0000268,2025-05-18,SIMULATED_HISTORY,Eldoret,AGO,WATCH,NORMAL,10026.02,1006.82,9019.2,8.96,1,8160.0,0,CREATE_PIPELINE_BATCH
CP-0000269,2025-05-20,SIMULATED_HISTORY,Eldoret,AGO,WATCH,UNPLANNED_PUMP_FAILURE,7906.82,1252.02,6654.8,5.32,0,0.0,0,HOLD/RESCHEDULE_DUE_TO_OUTAGE
CP-0000270,2025-05-25,SIMULATED_HISTORY,Eldoret,AGO,WATCH,NORMAL,9921.9,1016.48,8905.42,8.76,1,8160.0,0,CREATE_PIPELINE_BATCH
CP-0000271,2025-06-01,SIMULATED_HISTORY,Eldoret,AGO,WATCH,NORMAL,10151.74,885.29,9266.45,10.47,1,8160.0,0,CREATE_PIPELINE_BATCH
CP-0000272,2025-06-08,SIMULATED_HISTORY,Eldoret,AGO,WATCH,NORMAL,10478.38,1060.69,9417.68,8.88,1,8160.0,0,CREATE_PIPELINE_BATCH
CP-0000273,2025-06-16,SIMULATED_HISTORY,Eldoret,AGO,WATCH,NORMAL,10115.91,1061.55,9054.36,8.53,1,8160.0,0,CREATE_PIPELINE_BATCH
CP-0000274,2025-06-23,SIMULATED_HISTORY,Eldoret,AGO,WATCH,NORMAL,10515.33,1093.56,9421.77,8.62,1,8160.0,0,CREATE_PIPELINE_BATCH
CP-0000275,2025-07-01,SIMULATED_HISTORY,Eldoret,AGO,WATCH,NORMAL,9861.11,1117.45,8743.66,7.82,1,8160.0,0,CREATE_PIPELINE_BATCH
CP-0000276,2025-07-08,SIMULATED_HISTORY,Eldoret,AGO,WATCH,NORMAL,10213.58,1173.38,9040.19,7.7,1,8160.0,0,CREATE_PIPELINE_BATCH
CP-0000277,2025-07-09,SIMULATED_HISTORY,Eldoret,AGO,WATCH,PLANNED_PIPELINE_MAINTENANCE,9040.19,1069.58,7970.61,7.45,0,0.0,0,HOLD/RESCHEDULE_DUE_TO_OUTAGE
CP-0000278,2025-07-15,SIMULATED_HISTORY,Eldoret,AGO,WATCH,NORMAL,10428.53,1200.21,9228.32,7.69,1,8160.0,0,CREATE_PIPELINE_BATCH
CP-0000279,2025-07-21,SIMULATED_HISTORY,Eldoret,AGO,HEALTHY,LOADING_BAY_OUTAGE,11851.71,1185.25,10666.46,9.0,0,0.0,0,NONE
CP-0000280,2025-07-23,SIMULATED_HISTORY,Eldoret,AGO,WATCH,NORMAL,9445.28,1201.89,8243.38,6.86,1,8160.0,0,CREATE_PIPELINE_BATCH
CP-0000281,2025-07-30,SIMULATED_HISTORY,Eldoret,AGO,WATCH,NORMAL,9478.75,1196.04,8282.71,6.93,1,8160.0,0,CREATE_PIPELINE_BATCH
CP-0000282,2025-08-06,SIMULATED_HISTORY,Eldoret,AGO,WATCH,NORMAL,9969.02,1136.95,8832.07,7.77,1,8160.0,0,CREATE_PIPELINE_BATCH
CP-0000283,2025-08-12,SIMULATED_HISTORY,Eldoret,AGO,HEALTHY,UNPLANNED_PUMP_FAILURE,11391.91,1216.09,10175.82,8.37,0,0.0,0,HOLD/RESCHEDULE_DUE_TO_OUTAGE
CP-0000284,2025-08-13,SIMULATED_HISTORY,Eldoret,AGO,WATCH,NORMAL,10175.82,1194.34,8981.49,7.52,1,8160.0,0,CREATE_PIPELINE_BATCH
CP-0000285,2025-08-21,SIMULATED_HISTORY,Eldoret,AGO,WATCH,NORMAL,9518.59,1213.57,8305.03,6.84,1,8160.0,0,CREATE_PIPELINE_BATCH
CP-0000286,2025-08-28,SIMULATED_HISTORY,Eldoret,AGO,WATCH,NORMAL,9430.45,1228.59,8201.86,6.68,1,8160.0,0,CREATE_PIPELINE_BATCH
CP-0000287,2025-08-31,SIMULATED_HISTORY,Eldoret,AGO,HEALTHY,LOADING_BAY_OUTAGE,13997.88,1087.29,12910.59,11.87,0,0.0,0,NONE
CP-0000288,2025-09-03,SIMULATED_HISTORY,Eldoret,AGO,WATCH,NORMAL,10542.34,1269.68,9272.65,7.3,1,8160.0,0,CREATE_PIPELINE_BATCH
CP-0000289,2025-09-10,SIMULATED_HISTORY,Eldoret,AGO,WATCH,NORMAL,10228.93,1178.07,9050.86,7.68,1,8160.0,0,CREATE_PIPELINE_BATCH
CP-0000290,2025-09-17,SIMULATED_HISTORY,Eldoret,AGO,WATCH,NORMAL,9755.5,1124.92,8630.58,7.67,1,8160.0,0,CREATE_PIPELINE_BATCH
CP-0000291,2025-09-24,SIMULATED_HISTORY,Eldoret,AGO,WATCH,NORMAL,9578.0,1159.6,8418.41,7.26,1,8160.0,0,CREATE_PIPELINE_BATCH
CP-0000292,2025-10-01,SIMULATED_HISTORY,Eldoret,AGO,WATCH,NORMAL,9459.87,1378.69,8081.17,5.86,1,8160.0,0,CREATE_PIPELINE_BATCH
CP-0000293,2025-10-07,SIMULATED_HISTORY,Eldoret,AGO,WATCH,LOADING_BAY_OUTAGE,9498.27,1356.66,8141.61,6.0,1,8160.0,0,CREATE_PIPELINE_BATCH
CP-0000294,2025-10-12,SIMULATED_HISTORY,Eldoret,AGO,WATCH,NORMAL,10564.61,1271.24,9293.37,7.31,1,8160.0,0,CREATE_PIPELINE_BATCH
CP-0000295,2025-10-18,SIMULATED_HISTORY,Eldoret,AGO,WATCH,NORMAL,9975.53,1243.8,8731.73,7.02,1,8160.0,0,CREATE_PIPELINE_BATCH
CP-0000296,2025-10-23,SIMULATED_HISTORY,Eldoret,AGO,HEALTHY,LOADING_BAY_OUTAGE,11816.73,1374.7,10442.03,7.6,0,0.0,0,NONE
CP-0000297,2025-10-24,SIMULATED_HISTORY,Eldoret,AGO,WATCH,NORMAL,10442.03,1482.43,8959.6,6.04,1,8160.0,0,CREATE_PIPELINE_BATCH
CP-0000298,2025-10-30,SIMULATED_HISTORY,Eldoret,AGO,WATCH,NORMAL,10469.07,1354.78,9114.29,6.73,1,8160.0,0,CREATE_PIPELINE_BATCH
CP-0000299,2025-11-06,SIMULATED_HISTORY,Eldoret,AGO,WATCH,NORMAL,10024.31,1175.91,8848.4,7.52,1,8160.0,0,CREATE_PIPELINE_BATCH
CP-0000300,2025-11-13,SIMULATED_HISTORY,Eldoret,AGO,WATCH,NORMAL,9887.89,1234.9,8652.99,7.01,1,8160.0,0,CREATE_PIPELINE_BATCH
CP-0000301,2025-11-20,SIMULATED_HISTORY,Eldoret,AGO,WATCH,NORMAL,9824.11,1234.38,8589.73,6.96,1,8160.0,0,CREATE_PIPELINE_BATCH
CP-0000302,2025-11-27,SIMULATED_HISTORY,Eldoret,AGO,WATCH,NORMAL,9879.67,1189.8,8689.87,7.3,1,8160.0,0,CREATE_PIPELINE_BATCH
CP-0000303,2025-12-04,SIMULATED_HISTORY,Eldoret,AGO,WATCH,NORMAL,9763.42,1181.22,8582.2,7.27,1,8160.0,0,CREATE_PIPELINE_BATCH
CP-0000304,2025-12-08,SIMULATED_HISTORY,Eldoret,AGO,HEALTHY,LOADING_BAY_OUTAGE,13469.25,1175.74,12293.5,10.46,0,0.0,0,NONE
CP-0000305,2025-12-09,SIMULATED_HISTORY,Eldoret,AGO,HEALTHY,DATA_LATENCY_INCIDENT,12293.5,1237.73,11055.77,8.93,0,0.0,0,NONE
CP-0000306,2025-12-11,SIMULATED_HISTORY,Eldoret,AGO,WATCH,NORMAL,9827.71,1271.5,8556.21,6.73,1,8160.0,0,CREATE_PIPELINE_BATCH
CP-0000307,2025-12-18,SIMULATED_HISTORY,Eldoret,AGO,WATCH,NORMAL,9657.64,1231.19,8426.45,6.84,1,8160.0,0,CREATE_PIPELINE_BATCH
CP-0000308,2025-12-25,SIMULATED_HISTORY,Eldoret,AGO,WATCH,NORMAL,9546.96,1117.15,8429.81,7.55,1,8160.0,0,CREATE_PIPELINE_BATCH
CP-0000309,2026-01-01,SIMULATED_HISTORY,Eldoret,AGO,WATCH,NORMAL,9692.08,1348.24,8343.83,6.19,1,8160.0,0,CREATE_PIPELINE_BATCH
CP-0000310,2026-01-07,SIMULATED_HISTORY,Eldoret,AGO,WATCH,NORMAL,10077.99,1431.44,8646.55,6.04,1,8160.0,0,CREATE_PIPELINE_BATCH
CP-0000311,2026-01-13,SIMULATED_HISTORY,Eldoret,AGO,WATCH,NORMAL,10614.55,1411.99,9202.57,6.52,1,8160.0,0,CREATE_PIPELINE_BATCH
CP-0000312,2026-01-20,SIMULATED_HISTORY,Eldoret,AGO,WATCH,NORMAL,9846.42,1339.74,8506.68,6.35,1,8160.0,0,CREATE_PIPELINE_BATCH
CP-0000313,2026-01-26,SIMULATED_HISTORY,Eldoret,AGO,WATCH,NORMAL,10451.67,1306.53,9145.14,7.0,1,8160.0,0,CREATE_PIPELINE_BATCH
CP-0000314,2026-02-02,SIMULATED_HISTORY,Eldoret,AGO,WATCH,NORMAL,9754.45,1244.81,8509.64,6.84,1,8160.0,0,CREATE_PIPELINE_BATCH
CP-0000315,2026-02-09,SIMULATED_HISTORY,Eldoret,AGO,WATCH,NORMAL,9769.19,1117.65,8651.54,7.74,1,8160.0,0,CREATE_PIPELINE_BATCH
CP-0000316,2026-02-14,SIMULATED_HISTORY,Eldoret,AGO,HEALTHY,LOADING_BAY_OUTAGE,11778.71,1122.75,10655.96,9.49,0,0.0,0,NONE
CP-0000317,2026-02-15,SIMULATED_HISTORY,Eldoret,AGO,HEALTHY,LOADING_BAY_OUTAGE,10655.96,930.82,9725.14,10.45,0,0.0,0,NONE
CP-0000318,2026-02-16,SIMULATED_HISTORY,Eldoret,AGO,WATCH,NORMAL,9725.14,1134.45,8590.69,7.57,1,8160.0,0,CREATE_PIPELINE_BATCH
CP-0000319,2026-02-23,SIMULATED_HISTORY,Eldoret,AGO,WATCH,NORMAL,9842.26,1205.7,8636.56,7.16,1,8160.0,0,CREATE_PIPELINE_BATCH
CP-0000320,2026-03-02,SIMULATED_HISTORY,Eldoret,AGO,WATCH,NORMAL,9557.47,1330.34,8227.13,6.18,1,8160.0,0,CREATE_PIPELINE_BATCH
CP-0000321,2026-03-08,SIMULATED_HISTORY,Eldoret,AGO,WATCH,NORMAL,10036.91,1106.81,8930.11,8.07,1,8160.0,0,CREATE_PIPELINE_BATCH
CP-0000322,2026-03-15,SIMULATED_HISTORY,Eldoret,AGO,WATCH,NORMAL,9647.53,1157.36,8490.17,7.34,1,8160.0,0,CREATE_PIPELINE_BATCH
CP-0000323,2026-03-21,SIMULATED_HISTORY,Eldoret,AGO,WATCH,NORMAL,10372.48,1123.01,9249.47,8.24,1,8160.0,0,CREATE_PIPELINE_BATCH
CP-0000324,2026-03-27,SIMULATED_HISTORY,Eldoret,AGO,HEALTHY,UNPLANNED_PUMP_FAILURE,11132.34,1275.33,9857.01,7.73,0,0.0,0,HOLD/RESCHEDULE_DUE_TO_OUTAGE
CP-0000325,2026-03-28,SIMULATED_HISTORY,Eldoret,AGO,WATCH,NORMAL,9857.01,1338.06,8518.94,6.37,1,8160.0,0,CREATE_PIPELINE_BATCH
CP-0000326,2026-04-03,SIMULATED_HISTORY,Eldoret,AGO,WATCH,NORMAL,10534.48,1316.89,9217.59,7.0,1,8160.0,0,CREATE_PIPELINE_BATCH
CP-0000327,2026-04-10,SIMULATED_HISTORY,Eldoret,AGO,WATCH,NORMAL,9858.94,1345.18,8513.76,6.33,1,8160.0,0,CREATE_PIPELINE_BATCH
CP-0000328,2026-04-16,SIMULATED_HISTORY,Eldoret,AGO,WATCH,NORMAL,10737.1,1356.35,9380.74,6.92,1,8160.0,0,CREATE_PIPELINE_BATCH
CP-0000329,2026-04-20,SIMULATED_HISTORY,Eldoret,AGO,HEALTHY,LOADING_BAY_OUTAGE,13985.52,1238.86,12746.66,10.29,0,0.0,0,NONE
CP-0000330,2026-04-23,SIMULATED_HISTORY,Eldoret,AGO,WATCH,NORMAL,10150.71,1343.25,8807.46,6.56,1,8160.0,0,CREATE_PIPELINE_BATCH
CP-0000331,2026-04-30,SIMULATED_HISTORY,Eldoret,AGO,WATCH,NORMAL,9610.95,1337.71,8273.24,6.18,1,8160.0,0,CREATE_PIPELINE_BATCH
CP-0000332,2026-05-06,SIMULATED_HISTORY,Eldoret,AGO,WATCH,NORMAL,9865.6,1277.97,8587.63,6.72,1,8160.0,0,CREATE_PIPELINE_BATCH
CP-0000333,2026-05-11,SIMULATED_HISTORY,Eldoret,AGO,HEALTHY,UNPLANNED_PUMP_FAILURE,12036.47,1087.47,10949.01,10.07,0,0.0,0,HOLD/RESCHEDULE_DUE_TO_OUTAGE
CP-0000334,2026-05-13,SIMULATED_HISTORY,Eldoret,AGO,WATCH,NORMAL,9729.07,1287.14,8441.93,6.56,1,8160.0,0,CREATE_PIPELINE_BATCH
CP-0000335,2026-05-19,SIMULATED_HISTORY,Eldoret,AGO,WATCH,NORMAL,10562.9,1223.86,9339.04,7.63,1,8160.0,0,CREATE_PIPELINE_BATCH
CP-0000336,2026-05-26,SIMULATED_HISTORY,Eldoret,AGO,WATCH,PLANNED_PIPELINE_MAINTENANCE,9829.69,1296.45,8533.24,6.58,1,8160.0,0,CREATE_PIPELINE_BATCH+OUTAGE
CP-0000337,2026-05-31,SIMULATED_HISTORY,Eldoret,AGO,HEALTHY,DATA_LATENCY_INCIDENT,11549.23,1116.12,10433.1,9.35,0,0.0,0,NONE
CP-0000338,2026-06-01,SIMULATED_HISTORY,Eldoret,AGO,WATCH,NORMAL,10433.1,1184.61,9248.49,7.81,1,8160.0,0,CREATE_PIPELINE_BATCH
CP-0000339,2026-06-09,SIMULATED_HISTORY,Eldoret,AGO,WATCH,NORMAL,9539.35,1153.84,8385.51,7.27,1,8160.0,0,CREATE_PIPELINE_BATCH
CP-0000340,2026-06-16,SIMULATED_HISTORY,Eldoret,AGO,WATCH,NORMAL,9429.83,1293.06,8136.77,6.29,1,8160.0,0,CREATE_PIPELINE_BATCH
CP-0000341,2026-06-22,SIMULATED_HISTORY,Eldoret,AGO,WATCH,NORMAL,10561.73,1270.42,9291.32,7.31,1,8160.0,0,CREATE_PIPELINE_BATCH
CP-0000342,2026-06-29,SIMULATED_HISTORY,Eldoret,AGO,WATCH,NORMAL,10356.85,1207.58,9149.27,7.58,1,8160.0,0,CREATE_PIPELINE_BATCH
CP-0000343,2026-07-06,SIMULATED_HISTORY,Eldoret,AGO,WATCH,NORMAL,10227.4,1301.06,8926.33,6.86,1,8160.0,0,CREATE_PIPELINE_BATCH
CP-0000344,2026-07-13,SIMULATED_HISTORY,Eldoret,AGO,WATCH,NORMAL,9704.85,1176.59,8528.26,7.25,1,8160.0,0,CREATE_PIPELINE_BATCH
CP-0000345,2026-07-20,SIMULATED_HISTORY,Eldoret,AGO,WATCH,NORMAL,9474.44,1290.33,8184.1,6.34,1,8160.0,0,CREATE_PIPELINE_BATCH
CP-0000346,2026-07-26,SIMULATED_HISTORY,Eldoret,AGO,WATCH,NORMAL,9872.39,1083.86,8788.53,8.11,1,8160.0,0,CREATE_PIPELINE_BATCH
CP-0000347,2026-08-01,SIMULATED_HISTORY,Eldoret,AGO,WATCH,UNPLANNED_PUMP_FAILURE,10492.52,1118.2,9374.32,8.38,1,8160.0,0,CREATE_PIPELINE_BATCH+OUTAGE
CP-0000348,2026-08-08,SIMULATED_HISTORY,Eldoret,AGO,WATCH,DATA_LATENCY_INCIDENT;PLANNED_PIPELINE_MAINTENANCE,10250.42,1163.64,9086.78,7.81,1,8160.0,0,CREATE_PIPELINE_BATCH+OUTAGE
CP-0000349,2026-08-09,SIMULATED_HISTORY,Eldoret,AGO,WATCH,PLANNED_PIPELINE_MAINTENANCE,9086.78,1019.54,8067.24,7.91,0,0.0,0,HOLD/RESCHEDULE_DUE_TO_OUTAGE
CP-0000350,2026-08-15,SIMULATED_HISTORY,Eldoret,AGO,WATCH,NORMAL,10004.41,1181.2,8823.21,7.47,1,8160.0,0,CREATE_PIPELINE_BATCH
CP-0000351,2026-08-22,SIMULATED_HISTORY,Eldoret,AGO,WATCH,NORMAL,9886.79,1112.13,8774.67,7.89,1,8160.0,0,CREATE_PIPELINE_BATCH
CP-0000352,2026-08-28,SIMULATED_HISTORY,Eldoret,AGO,WATCH,NORMAL;DEMAND_SPIKE,10557.59,1883.87,8673.73,4.6,1,8160.0,0,CREATE_PIPELINE_BATCH
CP-0000353,2026-09-03,SIMULATED_HISTORY,Eldoret,AGO,WATCH,NORMAL,10644.18,1360.31,9283.87,6.82,1,8160.0,0,CREATE_PIPELINE_BATCH
CP-0000354,2026-09-10,SIMULATED_HISTORY,Eldoret,AGO,WATCH,NORMAL,9972.13,1263.93,8708.2,6.89,1,8160.0,0,CREATE_PIPELINE_BATCH
CP-0000355,2026-09-17,SCENARIO_FUTURE,Eldoret,AGO,WATCH,NORMAL,9636.88,1340.2,8296.68,6.19,1,8160.0,0,CREATE_PIPELINE_BATCH
CP-0000356,2026-09-23,SCENARIO_FUTURE,Eldoret,AGO,WATCH,NORMAL,10217.04,1263.2,8953.84,7.09,1,8160.0,0,CREATE_PIPELINE_BATCH
CP-0000357,2026-09-29,SCENARIO_FUTURE,Eldoret,AGO,WATCH,NORMAL,10715.56,1433.75,9281.81,6.47,1,8160.0,0,CREATE_PIPELINE_BATCH
CP-0000358,2026-10-05,SCENARIO_FUTURE,Eldoret,AGO,WATCH,NORMAL,10249.24,1502.84,8746.4,5.82,1,8160.0,0,CREATE_PIPELINE_BATCH
CP-0000359,2026-10-07,SCENARIO_FUTURE,Eldoret,AGO,CRITICAL,NORMAL,7339.01,1481.0,5858.02,3.96,0,0.0,0,NONE
CP-0000360,2026-10-11,SCENARIO_FUTURE,Eldoret,AGO,WATCH,NORMAL,9677.47,1335.24,8342.23,6.25,1,8160.0,0,CREATE_PIPELINE_BATCH
CP-0000361,2026-10-16,SCENARIO_FUTURE,Eldoret,AGO,WATCH,NORMAL,10294.3,1489.69,8804.61,5.91,1,8160.0,0,CREATE_PIPELINE_BATCH
CP-0000362,2026-10-22,SCENARIO_FUTURE,Eldoret,AGO,WATCH,NORMAL,9911.82,1497.58,8414.23,5.62,1,8160.0,0,CREATE_PIPELINE_BATCH
CP-0000363,2026-10-23,SCENARIO_FUTURE,Eldoret,AGO,WATCH,LOADING_BAY_OUTAGE,8414.23,1618.03,6796.21,4.2,0,0.0,0,NONE
CP-0000364,2026-10-28,SCENARIO_FUTURE,Eldoret,AGO,WATCH,NORMAL,9751.38,1479.15,8272.23,5.59,1,8160.0,0,CREATE_PIPELINE_BATCH
CP-0000365,2026-10-30,SCENARIO_FUTURE,Eldoret,AGO,HEALTHY,LOADING_BAY_OUTAGE,6611.09,1696.81,13074.28,7.71,0,0.0,0,NONE
CP-0000366,2026-11-02,SCENARIO_FUTURE,Eldoret,AGO,WATCH,NORMAL,10573.49,1305.44,9268.05,7.1,1,8160.0,0,CREATE_PIPELINE_BATCH
CP-0000367,2026-11-09,SCENARIO_FUTURE,Eldoret,AGO,WATCH,NORMAL,10080.0,1302.9,8777.1,6.74,1,8160.0,0,CREATE_PIPELINE_BATCH
CP-0000368,2026-11-16,SCENARIO_FUTURE,Eldoret,AGO,WATCH,NORMAL,9595.37,1273.86,8321.51,6.53,1,8160.0,0,CREATE_PIPELINE_BATCH
CP-0000369,2026-11-22,SCENARIO_FUTURE,Eldoret,AGO,WATCH,NORMAL,10209.91,1097.46,9112.45,8.3,1,8160.0,0,CREATE_PIPELINE_BATCH
CP-0000370,2026-11-28,SCENARIO_FUTURE,Eldoret,AGO,WATCH,NORMAL,10723.11,1302.55,9420.56,7.23,1,8160.0,0,CREATE_PIPELINE_BATCH
CP-0000371,2026-12-05,SCENARIO_FUTURE,Eldoret,AGO,WATCH,NORMAL,10262.89,1232.14,9030.76,7.33,1,8160.0,0,CREATE_PIPELINE_BATCH
CP-0000372,2026-12-12,SCENARIO_FUTURE,Eldoret,AGO,WATCH,NORMAL,9898.14,1186.01,8712.13,7.35,1,8160.0,0,CREATE_PIPELINE_BATCH
CP-0000373,2026-12-18,SCENARIO_FUTURE,Eldoret,AGO,WATCH,NORMAL,10699.73,1289.88,9409.85,7.3,1,8160.0,0,CREATE_PIPELINE_BATCH
CP-0000374,2026-12-25,SCENARIO_FUTURE,Eldoret,AGO,WATCH,NORMAL,10474.65,1304.09,9170.57,7.03,1,8160.0,0,CREATE_PIPELINE_BATCH
CP-0000375,2021-01-17,SIMULATED_HISTORY,Eldoret,DPK,HEALTHY,LOADING_BAY_OUTAGE,2532.84,12.83,2520.02,196.46,0,0.0,0,NONE
CP-0000376,2021-01-18,SIMULATED_HISTORY,Eldoret,DPK,HEALTHY,UNPLANNED_PUMP_FAILURE,2520.02,15.62,2504.4,160.34,0,0.0,0,HOLD/RESCHEDULE_DUE_TO_OUTAGE
CP-0000377,2021-01-19,SIMULATED_HISTORY,Eldoret,DPK,HEALTHY,DATA_LATENCY_INCIDENT,2504.4,16.09,2488.31,154.68,0,0.0,0,NONE
CP-0000378,2021-01-29,SIMULATED_HISTORY,Eldoret,DPK,HEALTHY,PLANNED_PIPELINE_MAINTENANCE,2356.45,16.0,2340.46,146.32,0,0.0,0,HOLD/RESCHEDULE_DUE_TO_OUTAGE
CP-0000379,2021-02-04,SIMULATED_HISTORY,Eldoret,DPK,HEALTHY,DATA_LATENCY_INCIDENT,2268.33,14.76,2253.57,152.7,0,0.0,0,NONE
CP-0000380,2021-02-06,SIMULATED_HISTORY,Eldoret,DPK,HEALTHY,LOADING_BAY_OUTAGE,2238.8,12.89,2225.91,172.7,0,0.0,0,NONE
CP-0000381,2021-03-02,SIMULATED_HISTORY,Eldoret,DPK,WATCH,NORMAL,1904.2,15.7,1888.5,120.28,1,1504.63,0,CREATE_PIPELINE_BATCH
CP-0000382,2021-03-24,SIMULATED_HISTORY,Eldoret,DPK,HEALTHY,LOADING_BAY_OUTAGE,3087.2,14.7,3072.5,209.05,0,0.0,0,NONE
CP-0000383,2021-03-27,SIMULATED_HISTORY,Eldoret,DPK,HEALTHY,UNPLANNED_PUMP_FAILURE,3041.14,14.81,3026.33,204.4,0,0.0,0,HOLD/RESCHEDULE_DUE_TO_OUTAGE
CP-0000384,2021-06-11,SIMULATED_HISTORY,Eldoret,DPK,WATCH,NORMAL,1905.1,17.93,1887.16,105.23,1,1511.55,0,CREATE_PIPELINE_BATCH
CP-0000385,2021-09-19,SIMULATED_HISTORY,Eldoret,DPK,WATCH,NORMAL,1898.75,12.49,1886.26,151.0,1,1498.85,0,CREATE_PIPELINE_BATCH
CP-0000386,2021-10-14,SIMULATED_HISTORY,Eldoret,DPK,HEALTHY,UNPLANNED_PUMP_FAILURE,3037.76,15.78,3021.98,191.45,0,0.0,0,HOLD/RESCHEDULE_DUE_TO_OUTAGE
CP-0000387,2021-10-20,SIMULATED_HISTORY,Eldoret,DPK,HEALTHY,LOADING_BAY_OUTAGE,2949.42,14.59,2934.83,201.2,0,0.0,0,NONE
CP-0000388,2021-11-11,SIMULATED_HISTORY,Eldoret,DPK,HEALTHY,PLANNED_PIPELINE_MAINTENANCE,2636.8,14.27,2622.54,183.83,0,0.0,0,HOLD/RESCHEDULE_DUE_TO_OUTAGE
CP-0000389,2021-11-12,SIMULATED_HISTORY,Eldoret,DPK,HEALTHY,PLANNED_PIPELINE_MAINTENANCE,2622.54,13.42,2609.11,194.37,0,0.0,0,HOLD/RESCHEDULE_DUE_TO_OUTAGE
CP-0000390,2021-12-06,SIMULATED_HISTORY,Eldoret,DPK,HEALTHY,LOADING_BAY_OUTAGE,2288.38,14.58,2273.81,155.99,0,0.0,0,NONE
CP-0000391,2022-01-01,SIMULATED_HISTORY,Eldoret,DPK,WATCH,NORMAL,1904.84,14.79,1890.05,127.78,1,1500.81,0,CREATE_PIPELINE_BATCH
CP-0000392,2022-02-08,SIMULATED_HISTORY,Eldoret,DPK,HEALTHY,LOADING_BAY_OUTAGE,2819.19,13.55,2805.64,207.06,0,0.0,0,NONE
CP-0000393,2022-02-10,SIMULATED_HISTORY,Eldoret,DPK,HEALTHY,LOADING_BAY_OUTAGE,2790.7,13.91,2776.79,199.67,0,0.0,0,NONE
CP-0000394,2022-02-25,SIMULATED_HISTORY,Eldoret,DPK,HEALTHY,LOADING_BAY_OUTAGE,2573.21,17.69,2555.51,144.44,0,0.0,0,NONE
CP-0000395,2022-02-28,SIMULATED_HISTORY,Eldoret,DPK,HEALTHY,UNPLANNED_PUMP_FAILURE,2528.33,12.98,2515.36,193.85,0,0.0,0,HOLD/RESCHEDULE_DUE_TO_OUTAGE
CP-0000396,2022-03-25,SIMULATED_HISTORY,Eldoret,DPK,HEALTHY,UNPLANNED_PUMP_FAILURE,2146.18,17.06,2129.12,124.81,0,0.0,0,HOLD/RESCHEDULE_DUE_TO_OUTAGE
CP-0000397,2022-04-10,SIMULATED_HISTORY,Eldoret,DPK,WATCH,NORMAL,1907.04,13.59,1893.45,139.36,1,1494.4,0,CREATE_PIPELINE_BATCH
CP-0000398,2022-04-28,SIMULATED_HISTORY,Eldoret,DPK,HEALTHY,PLANNED_PIPELINE_MAINTENANCE,3126.01,16.89,3109.12,184.07,0,0.0,0,HOLD/RESCHEDULE_DUE_TO_OUTAGE
CP-0000399,2022-05-13,SIMULATED_HISTORY,Eldoret,DPK,HEALTHY,LOADING_BAY_OUTAGE,2899.21,16.12,2883.09,178.85,0,0.0,0,NONE
CP-0000400,2022-05-17,SIMULATED_HISTORY,Eldoret,DPK,HEALTHY,UNPLANNED_PUMP_FAILURE,2839.72,16.54,2823.19,170.72,0,0.0,0,HOLD/RESCHEDULE_DUE_TO_OUTAGE
CP-0000401,2022-06-17,SIMULATED_HISTORY,Eldoret,DPK,HEALTHY,PLANNED_PIPELINE_MAINTENANCE,2340.12,16.51,2323.6,140.72,0,0.0,0,HOLD/RESCHEDULE_DUE_TO_OUTAGE
CP-0000402,2022-07-13,SIMULATED_HISTORY,Eldoret,DPK,WATCH,NORMAL,1912.62,16.39,1896.23,115.68,1,1498.63,0,CREATE_PIPELINE_BATCH
CP-0000403,2022-07-22,SIMULATED_HISTORY,Eldoret,DPK,HEALTHY,DATA_LATENCY_INCIDENT,3254.15,16.58,3237.57,195.26,0,0.0,0,NONE
CP-0000404,2022-09-18,SIMULATED_HISTORY,Eldoret,DPK,HEALTHY,DATA_LATENCY_INCIDENT,2377.38,12.64,2364.73,187.01,0,0.0,0,NONE
CP-0000405,2022-10-19,SIMULATED_HISTORY,Eldoret,DPK,WATCH,NORMAL,1906.22,14.62,1891.6,129.37,1,1498.83,0,CREATE_PIPELINE_BATCH
CP-0000406,2022-10-25,SIMULATED_HISTORY,Eldoret,DPK,HEALTHY,LOADING_BAY_OUTAGE,3313.6,15.89,3297.71,207.58,0,0.0,0,NONE
CP-0000407,2023-01-25,SIMULATED_HISTORY,Eldoret,DPK,WATCH,UNPLANNED_PUMP_FAILURE,1910.05,16.47,1893.59,115.0,1,1501.46,0,CREATE_PIPELINE_BATCH+OUTAGE
CP-0000408,2023-03-18,SIMULATED_HISTORY,Eldoret,DPK,HEALTHY,LOADING_BAY_OUTAGE,2655.05,15.13,2639.92,174.49,0,0.0,0,NONE
CP-0000409,2023-04-12,SIMULATED_HISTORY,Eldoret,DPK,HEALTHY,UNPLANNED_PUMP_FAILURE,2281.3,15.8,2265.5,143.36,0,0.0,0,HOLD/RESCHEDULE_DUE_TO_OUTAGE
CP-0000410,2023-04-23,SIMULATED_HISTORY,Eldoret,DPK,HEALTHY,DATA_LATENCY_INCIDENT,2115.94,14.62,2101.32,143.71,0,0.0,0,NONE
CP-0000411,2023-05-07,SIMULATED_HISTORY,Eldoret,DPK,WATCH,NORMAL,1908.02,12.77,1895.26,148.46,1,1490.54,0,CREATE_PIPELINE_BATCH
CP-0000412,2023-06-02,SIMULATED_HISTORY,Eldoret,DPK,HEALTHY,PLANNED_PIPELINE_MAINTENANCE,3013.74,16.53,2997.21,181.32,0,0.0,0,HOLD/RESCHEDULE_DUE_TO_OUTAGE
CP-0000413,2023-06-03,SIMULATED_HISTORY,Eldoret,DPK,HEALTHY,PLANNED_PIPELINE_MAINTENANCE,2997.21,16.38,2980.82,181.94,0,0.0,0,HOLD/RESCHEDULE_DUE_TO_OUTAGE
CP-0000414,2023-07-01,SIMULATED_HISTORY,Eldoret,DPK,HEALTHY,UNPLANNED_PUMP_FAILURE,2547.44,15.16,2532.28,167.04,0,0.0,0,HOLD/RESCHEDULE_DUE_TO_OUTAGE
CP-0000415,2023-08-10,SIMULATED_HISTORY,Eldoret,DPK,WATCH,NORMAL,1900.76,14.85,1885.91,127.01,1,1505.09,0,CREATE_PIPELINE_BATCH
CP-0000416,2023-10-01,SIMULATED_HISTORY,Eldoret,DPK,HEALTHY,LOADING_BAY_OUTAGE,2660.33,12.91,2647.41,205.02,0,0.0,0,NONE
CP-0000417,2023-10-16,SIMULATED_HISTORY,Eldoret,DPK,HEALTHY,DATA_LATENCY_INCIDENT,2437.96,15.6,2422.36,155.28,0,0.0,0,NONE
CP-0000418,2023-11-03,SIMULATED_HISTORY,Eldoret,DPK,HEALTHY,PLANNED_PIPELINE_MAINTENANCE,2166.05,16.43,2149.63,130.85,0,0.0,0,HOLD/RESCHEDULE_DUE_TO_OUTAGE
CP-0000419,2023-11-04,SIMULATED_HISTORY,Eldoret,DPK,HEALTHY,PLANNED_PIPELINE_MAINTENANCE,2149.63,13.14,2136.49,162.62,0,0.0,0,HOLD/RESCHEDULE_DUE_TO_OUTAGE
CP-0000420,2023-11-06,SIMULATED_HISTORY,Eldoret,DPK,HEALTHY,LOADING_BAY_OUTAGE,2125.02,15.39,2109.62,137.04,0,0.0,0,NONE
CP-0000421,2023-11-22,SIMULATED_HISTORY,Eldoret,DPK,WATCH,NORMAL,1899.05,14.24,1884.81,132.35,1,1504.68,0,CREATE_PIPELINE_BATCH
CP-0000422,2023-12-10,SIMULATED_HISTORY,Eldoret,DPK,HEALTHY,LOADING_BAY_OUTAGE,3140.34,13.31,3127.03,234.94,0,0.0,0,NONE
CP-0000423,2023-12-15,SIMULATED_HISTORY,Eldoret,DPK,HEALTHY,LOADING_BAY_OUTAGE,3064.21,16.9,3047.31,180.28,0,0.0,0,NONE
CP-0000424,2024-01-19,SIMULATED_HISTORY,Eldoret,DPK,HEALTHY,LOADING_BAY_OUTAGE,2538.12,17.33,2520.79,145.43,0,0.0,0,NONE
CP-0000425,2024-02-07,SIMULATED_HISTORY,Eldoret,DPK,HEALTHY,LOADING_BAY_OUTAGE,2266.35,14.73,2251.62,152.83,0,0.0,0,NONE
CP-0000426,2024-02-15,SIMULATED_HISTORY,Eldoret,DPK,HEALTHY,UNPLANNED_PUMP_FAILURE,2157.76,14.81,2142.95,144.66,0,0.0,0,HOLD/RESCHEDULE_DUE_TO_OUTAGE
CP-0000427,2024-02-25,SIMULATED_HISTORY,Eldoret,DPK,HEALTHY,DATA_LATENCY_INCIDENT,2019.76,12.16,2007.61,165.15,0,0.0,0,NONE
CP-0000428,2024-03-01,SIMULATED_HISTORY,Eldoret,DPK,HEALTHY,UNPLANNED_PUMP_FAILURE,1952.0,15.66,1936.34,123.67,0,0.0,0,HOLD/RESCHEDULE_DUE_TO_OUTAGE
CP-0000429,2024-03-04,SIMULATED_HISTORY,Eldoret,DPK,WATCH,NORMAL,1909.38,16.33,1893.05,115.89,1,1501.67,0,CREATE_PIPELINE_BATCH
CP-0000430,2024-03-13,SIMULATED_HISTORY,Eldoret,DPK,HEALTHY,PLANNED_PIPELINE_MAINTENANCE,3280.53,15.86,3264.68,205.88,0,0.0,0,HOLD/RESCHEDULE_DUE_TO_OUTAGE
CP-0000431,2024-03-22,SIMULATED_HISTORY,Eldoret,DPK,HEALTHY,UNPLANNED_PUMP_FAILURE,3148.62,14.36,3134.25,218.24,0,0.0,0,HOLD/RESCHEDULE_DUE_TO_OUTAGE
CP-0000432,2024-06-14,SIMULATED_HISTORY,Eldoret,DPK,WATCH,NORMAL,1904.41,15.57,1888.83,121.29,1,1503.98,0,CREATE_PIPELINE_BATCH
CP-0000433,2024-07-20,SIMULATED_HISTORY,Eldoret,DPK,HEALTHY,PLANNED_PIPELINE_MAINTENANCE,2832.19,14.2,2817.99,198.47,0,0.0,0,HOLD/RESCHEDULE_DUE_TO_OUTAGE
CP-0000434,2024-07-21,SIMULATED_HISTORY,Eldoret,DPK,HEALTHY,PLANNED_PIPELINE_MAINTENANCE,2817.99,14.36,2803.63,195.2,0,0.0,0,HOLD/RESCHEDULE_DUE_TO_OUTAGE
CP-0000435,2024-08-06,SIMULATED_HISTORY,Eldoret,DPK,HEALTHY,LOADING_BAY_OUTAGE,2572.58,15.03,2557.55,170.13,0,0.0,0,NONE
CP-0000436,2024-09-02,SIMULATED_HISTORY,Eldoret,DPK,HEALTHY,LOADING_BAY_OUTAGE,2187.29,14.37,2172.91,151.17,0,0.0,0,NONE
CP-0000437,2024-09-22,SIMULATED_HISTORY,Eldoret,DPK,WATCH,NORMAL,1902.84,11.83,1891.01,159.82,1,1492.45,0,CREATE_PIPELINE_BATCH
CP-0000438,2024-11-22,SIMULATED_HISTORY,Eldoret,DPK,HEALTHY,LOADING_BAY_OUTAGE,2530.67,14.67,2516.0,171.52,0,0.0,0,NONE
CP-0000439,2024-11-27,SIMULATED_HISTORY,Eldoret,DPK,HEALTHY,DATA_LATENCY_INCIDENT,2463.98,14.17,2449.81,172.89,0,0.0,0,NONE
CP-0000440,2025-01-04,SIMULATED_HISTORY,Eldoret,DPK,WATCH,NORMAL,1907.83,15.0,1892.83,126.16,1,1498.56,0,CREATE_PIPELINE_BATCH
CP-0000441,2025-01-12,SIMULATED_HISTORY,Eldoret,DPK,HEALTHY,UNPLANNED_PUMP_FAILURE,3280.43,12.78,3267.65,255.74,0,0.0,0,HOLD/RESCHEDULE_DUE_TO_OUTAGE
CP-0000442,2025-01-26,SIMULATED_HISTORY,Eldoret,DPK,HEALTHY,DATA_LATENCY_INCIDENT,3061.14,14.18,3046.96,214.83,0,0.0,0,NONE
CP-0000443,2025-04-12,SIMULATED_HISTORY,Eldoret,DPK,WATCH,NORMAL,1903.49,14.58,1888.92,129.58,1,1501.4,0,CREATE_PIPELINE_BATCH
CP-0000444,2025-04-17,SIMULATED_HISTORY,Eldoret,DPK,HEALTHY,PLANNED_PIPELINE_MAINTENANCE,3327.87,15.1,3312.78,219.41,0,0.0,0,HOLD/RESCHEDULE_DUE_TO_OUTAGE
CP-0000445,2025-04-18,SIMULATED_HISTORY,Eldoret,DPK,HEALTHY,PLANNED_PIPELINE_MAINTENANCE,3312.78,16.83,3295.94,195.8,0,0.0,0,HOLD/RESCHEDULE_DUE_TO_OUTAGE
CP-0000446,2025-05-20,SIMULATED_HISTORY,Eldoret,DPK,HEALTHY,UNPLANNED_PUMP_FAILURE,2809.36,16.11,2793.25,173.39,0,0.0,0,HOLD/RESCHEDULE_DUE_TO_OUTAGE
CP-0000447,2025-07-09,SIMULATED_HISTORY,Eldoret,DPK,HEALTHY,PLANNED_PIPELINE_MAINTENANCE,1983.64,16.82,1966.82,116.96,0,0.0,0,HOLD/RESCHEDULE_DUE_TO_OUTAGE
CP-0000448,2025-07-14,SIMULATED_HISTORY,Eldoret,DPK,WATCH,NORMAL,1898.63,17.91,1880.72,105.01,1,1517.94,0,CREATE_PIPELINE_BATCH
CP-0000449,2025-07-21,SIMULATED_HISTORY,Eldoret,DPK,HEALTHY,LOADING_BAY_OUTAGE,3294.83,15.87,3278.95,206.59,0,0.0,0,NONE
CP-0000450,2025-08-12,SIMULATED_HISTORY,Eldoret,DPK,HEALTHY,UNPLANNED_PUMP_FAILURE,2930.25,16.66,2913.59,174.86,0,0.0,0,HOLD/RESCHEDULE_DUE_TO_OUTAGE
CP-0000451,2025-08-31,SIMULATED_HISTORY,Eldoret,DPK,HEALTHY,LOADING_BAY_OUTAGE,2643.65,13.01,2630.64,202.16,0,0.0,0,NONE
CP-0000452,2025-10-07,SIMULATED_HISTORY,Eldoret,DPK,HEALTHY,LOADING_BAY_OUTAGE,2094.87,16.38,2078.5,126.93,0,0.0,0,NONE
CP-0000453,2025-10-19,SIMULATED_HISTORY,Eldoret,DPK,WATCH,NORMAL,1902.16,12.72,1889.44,148.54,1,1496.24,0,CREATE_PIPELINE_BATCH
CP-0000454,2025-10-23,SIMULATED_HISTORY,Eldoret,DPK,HEALTHY,LOADING_BAY_OUTAGE,3338.4,15.26,3323.13,217.73,0,0.0,0,NONE
CP-0000455,2025-12-08,SIMULATED_HISTORY,Eldoret,DPK,HEALTHY,LOADING_BAY_OUTAGE,2635.81,15.8,2620.01,165.79,0,0.0,0,NONE
CP-0000456,2025-12-09,SIMULATED_HISTORY,Eldoret,DPK,HEALTHY,DATA_LATENCY_INCIDENT,2620.01,16.9,2603.11,154.07,0,0.0,0,NONE
CP-0000457,2026-01-21,SIMULATED_HISTORY,Eldoret,DPK,WATCH,NORMAL,1909.35,16.59,1892.77,114.12,1,1502.57,0,CREATE_PIPELINE_BATCH
CP-0000458,2026-02-14,SIMULATED_HISTORY,Eldoret,DPK,HEALTHY,LOADING_BAY_OUTAGE,3021.15,14.75,3006.39,203.76,0,0.0,0,NONE
CP-0000459,2026-02-15,SIMULATED_HISTORY,Eldoret,DPK,HEALTHY,LOADING_BAY_OUTAGE,3006.39,14.85,2991.54,201.41,0,0.0,0,NONE
CP-0000460,2026-03-27,SIMULATED_HISTORY,Eldoret,DPK,HEALTHY,UNPLANNED_PUMP_FAILURE,2346.86,18.38,2328.48,126.66,0,0.0,0,HOLD/RESCHEDULE_DUE_TO_OUTAGE
CP-0000461,2026-04-20,SIMULATED_HISTORY,Eldoret,DPK,HEALTHY,LOADING_BAY_OUTAGE,1953.0,17.66,1935.33,109.56,0,0.0,0,NONE
CP-0000462,2026-04-23,SIMULATED_HISTORY,Eldoret,DPK,WATCH,NORMAL,1900.51,16.59,1883.92,113.57,1,1511.43,0,CREATE_PIPELINE_BATCH
CP-0000463,2026-05-11,SIMULATED_HISTORY,Eldoret,DPK,HEALTHY,UNPLANNED_PUMP_FAILURE,3111.77,16.59,3095.18,186.55,0,0.0,0,HOLD/RESCHEDULE_DUE_TO_OUTAGE
CP-0000464,2026-05-26,SIMULATED_HISTORY,Eldoret,DPK,HEALTHY,PLANNED_PIPELINE_MAINTENANCE,2859.83,17.93,2841.91,158.52,0,0.0,0,HOLD/RESCHEDULE_DUE_TO_OUTAGE
CP-0000465,2026-05-31,SIMULATED_HISTORY,Eldoret,DPK,HEALTHY,DATA_LATENCY_INCIDENT,2772.17,15.69,2756.48,175.67,0,0.0,0,NONE
CP-0000466,2026-07-18,SIMULATED_HISTORY,Eldoret,DPK,WATCH,NORMAL,1910.79,18.5,1892.29,102.31,1,1507.83,0,CREATE_PIPELINE_BATCH
CP-0000467,2026-08-01,SIMULATED_HISTORY,Eldoret,DPK,HEALTHY,UNPLANNED_PUMP_FAILURE,3165.79,16.19,3149.6,194.5,0,0.0,0,HOLD/RESCHEDULE_DUE_TO_OUTAGE
CP-0000468,2026-08-08,SIMULATED_HISTORY,Eldoret,DPK,HEALTHY,DATA_LATENCY_INCIDENT;PLANNED_PIPELINE_MAINTENANCE,3050.12,14.54,3035.58,208.71,0,0.0,0,HOLD/RESCHEDULE_DUE_TO_OUTAGE
CP-0000469,2026-08-09,SIMULATED_HISTORY,Eldoret,DPK,HEALTHY,PLANNED_PIPELINE_MAINTENANCE,3035.58,13.67,3021.91,221.12,0,0.0,0,HOLD/RESCHEDULE_DUE_TO_OUTAGE
CP-0000470,2026-10-18,SCENARIO_FUTURE,Eldoret,DPK,WATCH,NORMAL,1906.22,12.81,1893.41,147.75,1,1492.51,0,CREATE_PIPELINE_BATCH
CP-0000471,2026-10-23,SCENARIO_FUTURE,Eldoret,DPK,HEALTHY,LOADING_BAY_OUTAGE,3315.58,18.05,3297.54,182.71,0,0.0,0,NONE
CP-0000472,2026-10-30,SCENARIO_FUTURE,Eldoret,DPK,HEALTHY,LOADING_BAY_OUTAGE,3200.98,18.09,3182.89,175.92,0,0.0,0,NONE
CP-0000473,2021-01-17,SIMULATED_HISTORY,Eldoret,JET_A1,WATCH,LOADING_BAY_OUTAGE,2754.25,71.63,2682.63,37.45,1,2271.52,0,CREATE_PIPELINE_BATCH
CP-0000474,2021-01-18,SIMULATED_HISTORY,Eldoret,JET_A1,WATCH,UNPLANNED_PUMP_FAILURE,2682.63,93.25,2589.38,27.77,0,0.0,0,HOLD/RESCHEDULE_DUE_TO_OUTAGE
CP-0000475,2021-01-19,SIMULATED_HISTORY,Eldoret,JET_A1,HEALTHY,DATA_LATENCY_INCIDENT,2589.38,83.63,4777.26,57.12,0,0.0,0,NONE
CP-0000476,2021-01-29,SIMULATED_HISTORY,Eldoret,JET_A1,HEALTHY,PLANNED_PIPELINE_MAINTENANCE,4003.81,83.49,3920.32,46.96,0,0.0,0,HOLD/RESCHEDULE_DUE_TO_OUTAGE
CP-0000477,2021-02-04,SIMULATED_HISTORY,Eldoret,JET_A1,HEALTHY,DATA_LATENCY_INCIDENT,3531.58,80.59,3450.99,42.82,0,0.0,0,NONE
CP-0000478,2021-02-06,SIMULATED_HISTORY,Eldoret,JET_A1,HEALTHY,LOADING_BAY_OUTAGE,3367.12,72.28,3294.84,45.58,0,0.0,0,NONE
CP-0000479,2021-02-14,SIMULATED_HISTORY,Eldoret,JET_A1,WATCH,NORMAL,2731.84,58.08,2673.77,46.04,1,2246.51,0,CREATE_PIPELINE_BATCH
CP-0000480,2021-03-14,SIMULATED_HISTORY,Eldoret,JET_A1,WATCH,NORMAL,2771.45,74.62,2696.83,36.14,1,2264.79,0,CREATE_PIPELINE_BATCH
CP-0000481,2021-03-24,SIMULATED_HISTORY,Eldoret,JET_A1,HEALTHY,LOADING_BAY_OUTAGE,4224.7,93.28,4131.42,44.29,0,0.0,0,NONE
CP-0000482,2021-03-27,SIMULATED_HISTORY,Eldoret,JET_A1,HEALTHY,UNPLANNED_PUMP_FAILURE,3954.05,74.58,3879.47,52.02,0,0.0,0,HOLD/RESCHEDULE_DUE_TO_OUTAGE
CP-0000483,2021-04-11,SIMULATED_HISTORY,Eldoret,JET_A1,WATCH,NORMAL,2712.96,74.41,2638.55,35.46,1,2322.57,0,CREATE_PIPELINE_BATCH
CP-0000484,2021-05-08,SIMULATED_HISTORY,Eldoret,JET_A1,WATCH,NORMAL,2751.01,75.14,2675.87,35.61,1,2287.06,0,CREATE_PIPELINE_BATCH
CP-0000485,2021-06-05,SIMULATED_HISTORY,Eldoret,JET_A1,WATCH,NORMAL,2757.24,75.38,2681.86,35.58,1,2281.66,0,CREATE_PIPELINE_BATCH
CP-0000486,2021-07-04,SIMULATED_HISTORY,Eldoret,JET_A1,WATCH,NORMAL,2744.88,69.75,2675.13,38.35,1,2274.34,0,CREATE_PIPELINE_BATCH
CP-0000487,2021-08-01,SIMULATED_HISTORY,Eldoret,JET_A1,WATCH,NORMAL,2767.6,73.5,2694.1,36.66,1,2264.72,0,CREATE_PIPELINE_BATCH
CP-0000488,2021-08-29,SIMULATED_HISTORY,Eldoret,JET_A1,WATCH,NORMAL,2758.84,64.87,2693.97,41.53,1,2243.3,0,CREATE_PIPELINE_BATCH
CP-0000489,2021-09-27,SIMULATED_HISTORY,Eldoret,JET_A1,WATCH,NORMAL,2715.21,75.2,2640.0,35.1,1,2323.09,0,CREATE_PIPELINE_BATCH
CP-0000490,2021-10-14,SIMULATED_HISTORY,Eldoret,JET_A1,HEALTHY,UNPLANNED_PUMP_FAILURE,3623.51,82.55,3540.96,42.89,0,0.0,0,HOLD/RESCHEDULE_DUE_TO_OUTAGE
CP-0000491,2021-10-20,SIMULATED_HISTORY,Eldoret,JET_A1,HEALTHY,LOADING_BAY_OUTAGE,3147.31,94.11,3053.2,32.44,0,0.0,0,NONE
CP-0000492,2021-10-25,SIMULATED_HISTORY,Eldoret,JET_A1,WATCH,NORMAL,2733.49,81.03,2652.46,32.73,1,2325.19,0,CREATE_PIPELINE_BATCH
CP-0000493,2021-11-11,SIMULATED_HISTORY,Eldoret,JET_A1,HEALTHY,PLANNED_PIPELINE_MAINTENANCE,3650.51,75.79,3574.71,47.16,0,0.0,0,HOLD/RESCHEDULE_DUE_TO_OUTAGE
CP-0000494,2021-11-12,SIMULATED_HISTORY,Eldoret,JET_A1,HEALTHY,PLANNED_PIPELINE_MAINTENANCE,3574.71,85.4,3489.32,40.86,0,0.0,0,HOLD/RESCHEDULE_DUE_TO_OUTAGE
CP-0000495,2021-11-23,SIMULATED_HISTORY,Eldoret,JET_A1,WATCH,NORMAL,2719.89,79.07,2640.81,33.4,1,2331.95,0,CREATE_PIPELINE_BATCH
CP-0000496,2021-12-06,SIMULATED_HISTORY,Eldoret,JET_A1,HEALTHY,LOADING_BAY_OUTAGE,3954.31,99.37,3854.94,38.79,0,0.0,0,NONE
CP-0000497,2021-12-19,SIMULATED_HISTORY,Eldoret,JET_A1,WATCH,NORMAL,2731.33,81.86,2649.47,32.37,1,2330.25,0,CREATE_PIPELINE_BATCH
CP-0000498,2022-01-13,SIMULATED_HISTORY,Eldoret,JET_A1,WATCH,NORMAL,2788.84,94.97,2693.87,28.36,1,2318.65,0,CREATE_PIPELINE_BATCH
CP-0000499,2022-02-08,SIMULATED_HISTORY,Eldoret,JET_A1,HEALTHY,LOADING_BAY_OUTAGE,2824.98,79.78,2745.2,34.41,0,0.0,0,NONE
CP-0000500,2022-02-09,SIMULATED_HISTORY,Eldoret,JET_A1,WATCH,NORMAL,2745.2,94.6,2650.59,28.02,1,2360.99,0,CREATE_PIPELINE_BATCH
CP-0000501,2022-02-10,SIMULATED_HISTORY,Eldoret,JET_A1,WATCH,LOADING_BAY_OUTAGE,2650.59,83.54,2567.06,30.73,0,0.0,0,NONE
CP-0000502,2022-02-25,SIMULATED_HISTORY,Eldoret,JET_A1,HEALTHY,LOADING_BAY_OUTAGE,3790.6,88.46,3702.14,41.85,0,0.0,0,NONE
CP-0000503,2022-02-28,SIMULATED_HISTORY,Eldoret,JET_A1,HEALTHY,UNPLANNED_PUMP_FAILURE,3558.83,80.01,3478.82,43.48,0,0.0,0,HOLD/RESCHEDULE_DUE_TO_OUTAGE
CP-0000504,2022-03-10,SIMULATED_HISTORY,Eldoret,JET_A1,WATCH,NORMAL,2712.3,91.84,2620.46,28.53,1,2384.22,0,CREATE_PIPELINE_BATCH
CP-0000505,2022-03-25,SIMULATED_HISTORY,Eldoret,JET_A1,HEALTHY,UNPLANNED_PUMP_FAILURE,3809.05,85.54,3723.52,43.53,0,0.0,0,HOLD/RESCHEDULE_DUE_TO_OUTAGE
CP-0000506,2022-04-06,SIMULATED_HISTORY,Eldoret,JET_A1,WATCH,NORMAL,2788.74,95.95,2692.79,28.06,1,2322.17,0,CREATE_PIPELINE_BATCH
CP-0000507,2022-04-28,SIMULATED_HISTORY,Eldoret,JET_A1,HEALTHY,PLANNED_PIPELINE_MAINTENANCE,3172.2,88.16,3084.04,34.98,0,0.0,0,HOLD/RESCHEDULE_DUE_TO_OUTAGE
CP-0000508,2022-05-03,SIMULATED_HISTORY,Eldoret,JET_A1,WATCH,NORMAL,2724.6,83.95,2640.65,31.45,1,2344.32,0,CREATE_PIPELINE_BATCH
CP-0000509,2022-05-13,SIMULATED_HISTORY,Eldoret,JET_A1,HEALTHY,LOADING_BAY_OUTAGE,4171.5,99.2,4072.29,41.05,0,0.0,0,NONE
CP-0000510,2022-05-17,SIMULATED_HISTORY,Eldoret,JET_A1,HEALTHY,UNPLANNED_PUMP_FAILURE,3842.73,84.78,3757.95,44.33,0,0.0,0,HOLD/RESCHEDULE_DUE_TO_OUTAGE
CP-0000511,2022-05-30,SIMULATED_HISTORY,Eldoret,JET_A1,WATCH,NORMAL,2704.2,88.31,2615.89,29.62,1,2379.98,0,CREATE_PIPELINE_BATCH
CP-0000512,2022-06-17,SIMULATED_HISTORY,Eldoret,JET_A1,HEALTHY,PLANNED_PIPELINE_MAINTENANCE,3566.54,91.35,3475.19,38.04,0,0.0,0,HOLD/RESCHEDULE_DUE_TO_OUTAGE
CP-0000513,2022-06-27,SIMULATED_HISTORY,Eldoret,JET_A1,WATCH,NORMAL,2762.52,77.92,2684.61,34.45,1,2285.27,0,CREATE_PIPELINE_BATCH
CP-0000514,2022-07-22,SIMULATED_HISTORY,Eldoret,JET_A1,HEALTHY,DATA_LATENCY_INCIDENT,2916.43,98.21,2818.23,28.7,0,0.0,0,NONE
CP-0000515,2022-07-24,SIMULATED_HISTORY,Eldoret,JET_A1,WATCH,NORMAL,2733.03,66.3,2666.73,40.22,1,2274.1,0,CREATE_PIPELINE_BATCH
CP-0000516,2022-08-19,SIMULATED_HISTORY,Eldoret,JET_A1,WATCH,NORMAL,2780.12,94.59,2685.52,28.39,1,2326.04,0,CREATE_PIPELINE_BATCH
CP-0000517,2022-09-16,SIMULATED_HISTORY,Eldoret,JET_A1,WATCH,NORMAL,2778.98,88.6,2690.38,30.37,1,2306.2,0,CREATE_PIPELINE_BATCH
CP-0000518,2022-09-18,SIMULATED_HISTORY,Eldoret,JET_A1,HEALTHY,DATA_LATENCY_INCIDENT,2616.35,73.62,4848.93,65.86,0,0.0,0,NONE
CP-0000519,2022-10-13,SIMULATED_HISTORY,Eldoret,JET_A1,WATCH,NORMAL,2781.35,86.93,2694.42,31.0,1,2297.98,0,CREATE_PIPELINE_BATCH
CP-0000520,2022-10-25,SIMULATED_HISTORY,Eldoret,JET_A1,HEALTHY,LOADING_BAY_OUTAGE,4028.67,100.1,3928.57,39.25,0,0.0,0,NONE
CP-0000521,2022-11-09,SIMULATED_HISTORY,Eldoret,JET_A1,WATCH,NORMAL,2773.62,78.24,2695.39,34.45,1,2275.29,0,CREATE_PIPELINE_BATCH
CP-0000522,2022-12-07,SIMULATED_HISTORY,Eldoret,JET_A1,WATCH,NORMAL,2719.75,92.6,2627.16,28.37,1,2379.41,0,CREATE_PIPELINE_BATCH
CP-0000523,2023-01-01,SIMULATED_HISTORY,Eldoret,JET_A1,WATCH,NORMAL,2702.69,76.57,2626.12,34.3,1,2340.39,0,CREATE_PIPELINE_BATCH
CP-0000524,2023-01-25,SIMULATED_HISTORY,Eldoret,JET_A1,HEALTHY,UNPLANNED_PUMP_FAILURE,3009.11,94.65,2914.46,30.79,0,0.0,0,HOLD/RESCHEDULE_DUE_TO_OUTAGE
CP-0000525,2023-01-28,SIMULATED_HISTORY,Eldoret,JET_A1,WATCH,NORMAL,2724.78,84.53,2640.25,31.23,1,2346.15,0,CREATE_PIPELINE_BATCH
CP-0000526,2023-02-27,SIMULATED_HISTORY,Eldoret,JET_A1,WATCH,NORMAL,2703.09,74.24,2628.85,35.41,1,2331.82,0,CREATE_PIPELINE_BATCH
CP-0000527,2023-03-18,SIMULATED_HISTORY,Eldoret,JET_A1,HEALTHY,LOADING_BAY_OUTAGE,3420.4,75.37,3345.03,44.38,0,0.0,0,NONE
CP-0000528,2023-03-26,SIMULATED_HISTORY,Eldoret,JET_A1,WATCH,NORMAL,2756.65,70.2,2686.44,38.27,1,2264.14,0,CREATE_PIPELINE_BATCH
CP-0000529,2023-04-12,SIMULATED_HISTORY,Eldoret,JET_A1,HEALTHY,UNPLANNED_PUMP_FAILURE,3623.9,86.38,3537.51,40.95,0,0.0,0,HOLD/RESCHEDULE_DUE_TO_OUTAGE
CP-0000530,2023-04-22,SIMULATED_HISTORY,Eldoret,JET_A1,WATCH,NORMAL,2758.4,82.48,2675.92,32.44,1,2305.36,0,CREATE_PIPELINE_BATCH
CP-0000531,2023-04-23,SIMULATED_HISTORY,Eldoret,JET_A1,WATCH,DATA_LATENCY_INCIDENT,2675.92,74.55,2601.37,34.89,0,0.0,0,NONE
CP-0000532,2023-05-19,SIMULATED_HISTORY,Eldoret,JET_A1,WATCH,NORMAL,2731.01,85.41,2645.6,30.98,1,2343.0,0,CREATE_PIPELINE_BATCH
CP-0000533,2023-06-02,SIMULATED_HISTORY,Eldoret,JET_A1,HEALTHY,PLANNED_PIPELINE_MAINTENANCE,3895.31,78.39,3816.92,48.69,0,0.0,0,HOLD/RESCHEDULE_DUE_TO_OUTAGE
CP-0000534,2023-06-03,SIMULATED_HISTORY,Eldoret,JET_A1,HEALTHY,PLANNED_PIPELINE_MAINTENANCE,3816.92,73.47,3743.45,50.95,0,0.0,0,HOLD/RESCHEDULE_DUE_TO_OUTAGE
CP-0000535,2023-06-17,SIMULATED_HISTORY,Eldoret,JET_A1,WATCH,NORMAL,2702.29,75.65,2626.64,34.72,1,2337.57,0,CREATE_PIPELINE_BATCH
CP-0000536,2023-07-01,SIMULATED_HISTORY,Eldoret,JET_A1,HEALTHY,UNPLANNED_PUMP_FAILURE,3939.34,78.7,3860.63,49.05,0,0.0,0,HOLD/RESCHEDULE_DUE_TO_OUTAGE
CP-0000537,2023-07-16,SIMULATED_HISTORY,Eldoret,JET_A1,WATCH,NORMAL,2712.71,68.54,2644.17,38.58,1,2302.25,0,CREATE_PIPELINE_BATCH
CP-0000538,2023-08-12,SIMULATED_HISTORY,Eldoret,JET_A1,WATCH,NORMAL,2755.87,78.55,2677.32,34.08,1,2294.14,0,CREATE_PIPELINE_BATCH
CP-0000539,2023-09-09,SIMULATED_HISTORY,Eldoret,JET_A1,WATCH,NORMAL,2736.85,82.9,2653.95,32.01,1,2328.39,0,CREATE_PIPELINE_BATCH
CP-0000540,2023-10-01,SIMULATED_HISTORY,Eldoret,JET_A1,HEALTHY,LOADING_BAY_OUTAGE,3282.78,76.67,3206.1,41.82,0,0.0,0,NONE
CP-0000541,2023-10-07,SIMULATED_HISTORY,Eldoret,JET_A1,WATCH,NORMAL,2751.66,82.78,2668.89,32.24,1,2313.14,0,CREATE_PIPELINE_BATCH
CP-0000542,2023-10-16,SIMULATED_HISTORY,Eldoret,JET_A1,HEALTHY,DATA_LATENCY_INCIDENT,4305.32,97.39,4207.92,43.2,0,0.0,0,NONE
CP-0000543,2023-11-03,SIMULATED_HISTORY,Eldoret,JET_A1,WATCH,PLANNED_PIPELINE_MAINTENANCE,2771.47,79.18,2692.28,34.0,1,2280.76,0,CREATE_PIPELINE_BATCH+OUTAGE
CP-0000544,2023-11-04,SIMULATED_HISTORY,Eldoret,JET_A1,WATCH,PLANNED_PIPELINE_MAINTENANCE,2692.28,74.67,2617.62,35.06,0,0.0,0,HOLD/RESCHEDULE_DUE_TO_OUTAGE
CP-0000545,2023-11-06,SIMULATED_HISTORY,Eldoret,JET_A1,HEALTHY,LOADING_BAY_OUTAGE,4829.4,77.74,4751.67,61.13,0,0.0,0,NONE
CP-0000546,2023-12-02,SIMULATED_HISTORY,Eldoret,JET_A1,WATCH,NORMAL,2734.05,94.84,2639.21,27.83,1,2372.96,0,CREATE_PIPELINE_BATCH
CP-0000547,2023-12-10,SIMULATED_HISTORY,Eldoret,JET_A1,HEALTHY,LOADING_BAY_OUTAGE,4356.84,73.69,4283.15,58.12,0,0.0,0,NONE
CP-0000548,2023-12-15,SIMULATED_HISTORY,Eldoret,JET_A1,HEALTHY,LOADING_BAY_OUTAGE,3899.49,98.29,3801.19,38.67,0,0.0,0,NONE
CP-0000549,2023-12-27,SIMULATED_HISTORY,Eldoret,JET_A1,WATCH,NORMAL,2781.87,99.5,2682.38,26.96,1,2341.44,0,CREATE_PIPELINE_BATCH
CP-0000550,2024-01-19,SIMULATED_HISTORY,Eldoret,JET_A1,HEALTHY,LOADING_BAY_OUTAGE,3135.21,86.17,3049.04,35.38,0,0.0,0,NONE
CP-0000551,2024-01-24,SIMULATED_HISTORY,Eldoret,JET_A1,WATCH,NORMAL,2726.22,85.28,2640.94,30.97,1,2347.33,0,CREATE_PIPELINE_BATCH
CP-0000552,2024-02-07,SIMULATED_HISTORY,Eldoret,JET_A1,HEALTHY,LOADING_BAY_OUTAGE,3940.15,84.27,3855.88,45.76,0,0.0,0,NONE
CP-0000553,2024-02-15,SIMULATED_HISTORY,Eldoret,JET_A1,HEALTHY,UNPLANNED_PUMP_FAILURE,3309.23,84.39,3224.84,38.21,0,0.0,0,HOLD/RESCHEDULE_DUE_TO_OUTAGE
CP-0000554,2024-02-22,SIMULATED_HISTORY,Eldoret,JET_A1,WATCH,NORMAL,2778.53,83.33,2695.2,32.34,1,2288.2,0,CREATE_PIPELINE_BATCH
CP-0000555,2024-02-25,SIMULATED_HISTORY,Eldoret,JET_A1,HEALTHY,DATA_LATENCY_INCIDENT,4826.22,75.31,4750.91,63.08,0,0.0,0,NONE
CP-0000556,2024-03-01,SIMULATED_HISTORY,Eldoret,JET_A1,HEALTHY,UNPLANNED_PUMP_FAILURE,4436.39,83.71,4352.69,52.0,0,0.0,0,HOLD/RESCHEDULE_DUE_TO_OUTAGE
CP-0000557,2024-03-13,SIMULATED_HISTORY,Eldoret,JET_A1,HEALTHY,PLANNED_PIPELINE_MAINTENANCE,3463.08,89.95,3373.13,37.5,0,0.0,0,HOLD/RESCHEDULE_DUE_TO_OUTAGE
CP-0000558,2024-03-22,SIMULATED_HISTORY,Eldoret,JET_A1,WATCH,UNPLANNED_PUMP_FAILURE,2717.22,86.5,2630.73,30.41,1,2360.59,0,CREATE_PIPELINE_BATCH+OUTAGE
CP-0000559,2024-04-19,SIMULATED_HISTORY,Eldoret,JET_A1,WATCH,NORMAL,2740.48,89.77,2650.7,29.53,1,2348.81,0,CREATE_PIPELINE_BATCH
CP-0000560,2024-05-17,SIMULATED_HISTORY,Eldoret,JET_A1,WATCH,NORMAL,2765.08,84.7,2680.38,31.65,1,2306.45,0,CREATE_PIPELINE_BATCH
CP-0000561,2024-06-15,SIMULATED_HISTORY,Eldoret,JET_A1,WATCH,NORMAL,2766.53,73.43,2693.1,36.67,1,2265.56,0,CREATE_PIPELINE_BATCH
CP-0000562,2024-07-14,SIMULATED_HISTORY,Eldoret,JET_A1,WATCH,NORMAL,2707.9,67.44,2640.46,39.16,1,2303.21,0,CREATE_PIPELINE_BATCH
CP-0000563,2024-07-20,SIMULATED_HISTORY,Eldoret,JET_A1,HEALTHY,PLANNED_PIPELINE_MAINTENANCE,4527.87,75.93,4451.94,58.63,0,0.0,0,HOLD/RESCHEDULE_DUE_TO_OUTAGE
CP-0000564,2024-07-21,SIMULATED_HISTORY,Eldoret,JET_A1,HEALTHY,PLANNED_PIPELINE_MAINTENANCE,4451.94,69.01,4382.92,63.51,0,0.0,0,HOLD/RESCHEDULE_DUE_TO_OUTAGE
CP-0000565,2024-08-06,SIMULATED_HISTORY,Eldoret,JET_A1,HEALTHY,LOADING_BAY_OUTAGE,3180.28,85.68,3094.6,36.12,0,0.0,0,NONE
CP-0000566,2024-08-11,SIMULATED_HISTORY,Eldoret,JET_A1,WATCH,NORMAL,2760.09,65.99,2694.09,40.82,1,2245.97,0,CREATE_PIPELINE_BATCH
CP-0000567,2024-09-02,SIMULATED_HISTORY,Eldoret,JET_A1,HEALTHY,LOADING_BAY_OUTAGE,3201.63,74.34,3127.29,42.07,0,0.0,0,NONE
CP-0000568,2024-09-08,SIMULATED_HISTORY,Eldoret,JET_A1,WATCH,NORMAL,2741.07,71.78,2669.28,37.18,1,2285.26,0,CREATE_PIPELINE_BATCH
CP-0000569,2024-10-07,SIMULATED_HISTORY,Eldoret,JET_A1,WATCH,NORMAL,2740.48,83.48,2657.0,31.83,1,2326.77,0,CREATE_PIPELINE_BATCH
CP-0000570,2024-11-05,SIMULATED_HISTORY,Eldoret,JET_A1,WATCH,NORMAL,2716.4,81.56,2634.84,32.31,1,2344.13,0,CREATE_PIPELINE_BATCH
CP-0000571,2024-11-22,SIMULATED_HISTORY,Eldoret,JET_A1,HEALTHY,LOADING_BAY_OUTAGE,3724.71,91.22,3633.49,39.83,0,0.0,0,NONE
CP-0000572,2024-11-27,SIMULATED_HISTORY,Eldoret,JET_A1,HEALTHY,DATA_LATENCY_INCIDENT,3351.06,80.01,3271.05,40.88,0,0.0,0,NONE
CP-0000573,2024-12-04,SIMULATED_HISTORY,Eldoret,JET_A1,WATCH,NORMAL,2768.98,86.67,2682.31,30.95,1,2309.43,0,CREATE_PIPELINE_BATCH
CP-0000574,2024-12-30,SIMULATED_HISTORY,Eldoret,JET_A1,WATCH,NORMAL,2728.81,91.95,2636.85,28.68,1,2368.11,0,CREATE_PIPELINE_BATCH
CP-0000575,2025-01-12,SIMULATED_HISTORY,Eldoret,JET_A1,HEALTHY,UNPLANNED_PUMP_FAILURE,3868.32,74.7,3793.62,50.78,0,0.0,0,HOLD/RESCHEDULE_DUE_TO_OUTAGE
CP-0000576,2025-01-24,SIMULATED_HISTORY,Eldoret,JET_A1,WATCH,NORMAL,2781.76,91.16,2690.6,29.52,1,2312.38,0,CREATE_PIPELINE_BATCH
CP-0000577,2025-01-26,SIMULATED_HISTORY,Eldoret,JET_A1,HEALTHY,DATA_LATENCY_INCIDENT,2594.69,75.4,4831.68,64.08,0,0.0,0,NONE
CP-0000578,2025-02-21,SIMULATED_HISTORY,Eldoret,JET_A1,WATCH,NORMAL,2708.3,91.35,2616.95,28.65,1,2386.51,0,CREATE_PIPELINE_BATCH
CP-0000579,2025-03-20,SIMULATED_HISTORY,Eldoret,JET_A1,WATCH,NORMAL,2781.59,94.41,2687.18,28.46,1,2323.92,0,CREATE_PIPELINE_BATCH
CP-0000580,2025-04-16,SIMULATED_HISTORY,Eldoret,JET_A1,WATCH,NORMAL,2727.14,96.42,2630.72,27.28,1,2385.41,0,CREATE_PIPELINE_BATCH
CP-0000581,2025-04-17,SIMULATED_HISTORY,Eldoret,JET_A1,WATCH,PLANNED_PIPELINE_MAINTENANCE,2630.72,84.76,2545.95,30.04,0,0.0,0,HOLD/RESCHEDULE_DUE_TO_OUTAGE
CP-0000582,2025-04-18,SIMULATED_HISTORY,Eldoret,JET_A1,WATCH,PLANNED_PIPELINE_MAINTENANCE,2545.95,97.13,2448.82,25.21,0,0.0,0,HOLD/RESCHEDULE_DUE_TO_OUTAGE
CP-0000583,2025-05-13,SIMULATED_HISTORY,Eldoret,JET_A1,WATCH,NORMAL,2721.54,91.44,2630.1,28.76,1,2373.57,0,CREATE_PIPELINE_BATCH
CP-0000584,2025-05-20,SIMULATED_HISTORY,Eldoret,JET_A1,HEALTHY,UNPLANNED_PUMP_FAILURE,4478.56,90.9,4387.66,48.27,0,0.0,0,HOLD/RESCHEDULE_DUE_TO_OUTAGE
CP-0000585,2025-06-09,SIMULATED_HISTORY,Eldoret,JET_A1,WATCH,NORMAL,2757.38,83.08,2674.3,32.19,1,2308.47,0,CREATE_PIPELINE_BATCH
CP-0000586,2025-07-06,SIMULATED_HISTORY,Eldoret,JET_A1,WATCH,NORMAL,2765.81,73.58,2692.24,36.59,1,2266.78,0,CREATE_PIPELINE_BATCH
CP-0000587,2025-07-09,SIMULATED_HISTORY,Eldoret,JET_A1,HEALTHY,PLANNED_PIPELINE_MAINTENANCE,4790.95,77.08,4713.86,61.15,0,0.0,0,HOLD/RESCHEDULE_DUE_TO_OUTAGE
CP-0000588,2025-07-21,SIMULATED_HISTORY,Eldoret,JET_A1,HEALTHY,LOADING_BAY_OUTAGE,3751.54,91.3,3660.24,40.09,0,0.0,0,NONE
CP-0000589,2025-08-01,SIMULATED_HISTORY,Eldoret,JET_A1,WATCH,NORMAL,2767.8,94.0,2673.8,28.44,1,2336.29,0,CREATE_PIPELINE_BATCH
CP-0000590,2025-08-12,SIMULATED_HISTORY,Eldoret,JET_A1,HEALTHY,UNPLANNED_PUMP_FAILURE,4138.46,95.67,4042.79,42.26,0,0.0,0,HOLD/RESCHEDULE_DUE_TO_OUTAGE
CP-0000591,2025-08-28,SIMULATED_HISTORY,Eldoret,JET_A1,WATCH,NORMAL,2751.61,93.18,2658.43,28.53,1,2349.59,0,CREATE_PIPELINE_BATCH
CP-0000592,2025-08-31,SIMULATED_HISTORY,Eldoret,JET_A1,HEALTHY,LOADING_BAY_OUTAGE,4842.52,76.29,4766.24,62.48,0,0.0,0,NONE
CP-0000593,2025-09-25,SIMULATED_HISTORY,Eldoret,JET_A1,WATCH,NORMAL,2722.21,83.8,2638.41,31.48,1,2346.18,0,CREATE_PIPELINE_BATCH
CP-0000594,2025-10-07,SIMULATED_HISTORY,Eldoret,JET_A1,HEALTHY,LOADING_BAY_OUTAGE,4039.32,92.03,3947.29,42.89,0,0.0,0,NONE
CP-0000595,2025-10-21,SIMULATED_HISTORY,Eldoret,JET_A1,WATCH,NORMAL,2787.61,89.88,2697.74,30.02,1,2302.04,0,CREATE_PIPELINE_BATCH
CP-0000596,2025-10-23,SIMULATED_HISTORY,Eldoret,JET_A1,HEALTHY,LOADING_BAY_OUTAGE,2611.38,91.85,4821.57,52.5,0,0.0,0,NONE
CP-0000597,2025-11-18,SIMULATED_HISTORY,Eldoret,JET_A1,WATCH,NORMAL,2751.46,86.71,2664.76,30.73,1,2327.09,0,CREATE_PIPELINE_BATCH
CP-0000598,2025-12-08,SIMULATED_HISTORY,Eldoret,JET_A1,HEALTHY,LOADING_BAY_OUTAGE,3315.17,102.53,3212.64,31.33,0,0.0,0,NONE
CP-0000599,2025-12-09,SIMULATED_HISTORY,Eldoret,JET_A1,HEALTHY,DATA_LATENCY_INCIDENT,3212.64,103.6,3109.04,30.01,0,0.0,0,NONE
CP-0000600,2025-12-14,SIMULATED_HISTORY,Eldoret,JET_A1,WATCH,NORMAL,2709.37,92.9,2616.47,28.17,1,2390.85,0,CREATE_PIPELINE_BATCH
CP-0000601,2026-01-07,SIMULATED_HISTORY,Eldoret,JET_A1,WATCH,NORMAL,2777.5,96.16,2681.34,27.88,1,2334.14,0,CREATE_PIPELINE_BATCH
CP-0000602,2026-01-31,SIMULATED_HISTORY,Eldoret,JET_A1,WATCH,NORMAL,2760.46,90.53,2669.93,29.49,1,2331.47,0,CREATE_PIPELINE_BATCH
CP-0000603,2026-02-14,SIMULATED_HISTORY,Eldoret,JET_A1,HEALTHY,LOADING_BAY_OUTAGE,3865.68,83.27,3782.42,45.43,0,0.0,0,NONE
CP-0000604,2026-02-15,SIMULATED_HISTORY,Eldoret,JET_A1,HEALTHY,LOADING_BAY_OUTAGE,3782.42,76.0,3706.42,48.77,0,0.0,0,NONE
CP-0000605,2026-02-27,SIMULATED_HISTORY,Eldoret,JET_A1,WATCH,NORMAL,2735.28,108.29,2626.99,24.26,1,2418.81,0,CREATE_PIPELINE_BATCH
CP-0000606,2026-03-25,SIMULATED_HISTORY,Eldoret,JET_A1,WATCH,NORMAL,2734.29,92.98,2641.31,28.41,1,2366.23,0,CREATE_PIPELINE_BATCH
CP-0000607,2026-03-27,SIMULATED_HISTORY,Eldoret,JET_A1,WATCH,UNPLANNED_PUMP_FAILURE,2545.98,98.97,2447.01,24.72,0,0.0,0,HOLD/RESCHEDULE_DUE_TO_OUTAGE
CP-0000608,2026-04-19,SIMULATED_HISTORY,Eldoret,JET_A1,WATCH,NORMAL,2753.5,74.72,2678.78,35.85,1,2283.09,0,CREATE_PIPELINE_BATCH
CP-0000609,2026-04-20,SIMULATED_HISTORY,Eldoret,JET_A1,WATCH,LOADING_BAY_OUTAGE,2678.78,105.53,2573.25,24.39,0,0.0,0,NONE
CP-0000610,2026-05-11,SIMULATED_HISTORY,Eldoret,JET_A1,HEALTHY,UNPLANNED_PUMP_FAILURE,2958.26,105.76,2852.5,26.97,0,0.0,0,HOLD/RESCHEDULE_DUE_TO_OUTAGE
CP-0000611,2026-05-13,SIMULATED_HISTORY,Eldoret,JET_A1,WATCH,NORMAL,2752.72,92.72,2660.0,28.69,1,2346.89,0,CREATE_PIPELINE_BATCH
CP-0000612,2026-05-26,SIMULATED_HISTORY,Eldoret,JET_A1,HEALTHY,PLANNED_PIPELINE_MAINTENANCE,3883.08,94.58,3788.51,40.06,0,0.0,0,HOLD/RESCHEDULE_DUE_TO_OUTAGE
CP-0000613,2026-05-31,SIMULATED_HISTORY,Eldoret,JET_A1,HEALTHY,DATA_LATENCY_INCIDENT,3423.81,83.06,3340.75,40.22,0,0.0,0,NONE
CP-0000614,2026-06-08,SIMULATED_HISTORY,Eldoret,JET_A1,WATCH,NORMAL,2737.01,93.71,2643.3,28.21,1,2366.06,0,CREATE_PIPELINE_BATCH
CP-0000615,2026-07-04,SIMULATED_HISTORY,Eldoret,JET_A1,WATCH,NORMAL,2773.6,81.24,2692.35,33.14,1,2285.83,0,CREATE_PIPELINE_BATCH
CP-0000616,2026-07-29,SIMULATED_HISTORY,Eldoret,JET_A1,WATCH,NORMAL,2717.87,84.4,2633.47,31.2,1,2352.6,0,CREATE_PIPELINE_BATCH
CP-0000617,2026-08-01,SIMULATED_HISTORY,Eldoret,JET_A1,HEALTHY,UNPLANNED_PUMP_FAILURE,4785.09,88.67,4696.42,52.96,0,0.0,0,HOLD/RESCHEDULE_DUE_TO_OUTAGE
CP-0000618,2026-08-08,SIMULATED_HISTORY,Eldoret,JET_A1,HEALTHY,DATA_LATENCY_INCIDENT;PLANNED_PIPELINE_MAINTENANCE,4139.1,87.52,4051.57,46.29,0,0.0,0,HOLD/RESCHEDULE_DUE_TO_OUTAGE
CP-0000619,2026-08-09,SIMULATED_HISTORY,Eldoret,JET_A1,HEALTHY,PLANNED_PIPELINE_MAINTENANCE,4051.57,81.11,3970.46,48.95,0,0.0,0,HOLD/RESCHEDULE_DUE_TO_OUTAGE
CP-0000620,2026-08-24,SIMULATED_HISTORY,Eldoret,JET_A1,WATCH,NORMAL,2730.9,92.51,2638.4,28.52,1,2367.95,0,CREATE_PIPELINE_BATCH
CP-0000621,2026-09-18,SCENARIO_FUTURE,Eldoret,JET_A1,WATCH,NORMAL,2785.09,98.96,2686.13,27.14,1,2336.35,0,CREATE_PIPELINE_BATCH
CP-0000622,2026-10-14,SCENARIO_FUTURE,Eldoret,JET_A1,WATCH,NORMAL,2722.33,98.87,2623.46,26.53,1,2398.8,0,CREATE_PIPELINE_BATCH
CP-0000623,2026-10-23,SCENARIO_FUTURE,Eldoret,JET_A1,HEALTHY,LOADING_BAY_OUTAGE,4258.33,99.14,4159.19,41.95,0,0.0,0,NONE
CP-0000624,2026-10-30,SCENARIO_FUTURE,Eldoret,JET_A1,HEALTHY,LOADING_BAY_OUTAGE,3581.29,105.65,3475.63,32.9,0,0.0,0,NONE
CP-0000625,2026-11-08,SCENARIO_FUTURE,Eldoret,JET_A1,WATCH,NORMAL,2758.44,72.77,2685.66,36.9,1,2271.35,0,CREATE_PIPELINE_BATCH
CP-0000626,2026-12-04,SCENARIO_FUTURE,Eldoret,JET_A1,WATCH,NORMAL,2709.35,106.73,2602.62,24.38,1,2439.3,0,CREATE_PIPELINE_BATCH
CP-0000627,2026-12-27,SCENARIO_FUTURE,Eldoret,JET_A1,WATCH,NORMAL,2729.96,86.94,2643.02,30.4,1,2349.4,0,CREATE_PIPELINE_BATCH
CP-0000628,2021-01-04,SIMULATED_HISTORY,Eldoret,PMS,WATCH,NORMAL,6994.83,999.7,5995.13,6.0,1,7426.08,0,CREATE_PIPELINE_BATCH
CP-0000629,2021-01-12,SIMULATED_HISTORY,Eldoret,PMS,WATCH,NORMAL,7372.64,804.22,6568.42,8.17,1,7200.09,0,CREATE_PIPELINE_BATCH
CP-0000630,2021-01-17,SIMULATED_HISTORY,Eldoret,PMS,HEALTHY,LOADING_BAY_OUTAGE,10551.99,688.0,9863.99,14.34,0,0.0,0,NONE
CP-0000631,2021-01-18,SIMULATED_HISTORY,Eldoret,PMS,HEALTHY,UNPLANNED_PUMP_FAILURE,9863.99,897.19,8966.8,9.99,0,0.0,0,HOLD/RESCHEDULE_DUE_TO_OUTAGE
CP-0000632,2021-01-19,SIMULATED_HISTORY,Eldoret,PMS,HEALTHY,DATA_LATENCY_INCIDENT,8966.8,849.65,8117.15,9.55,0,0.0,0,NONE
CP-0000633,2021-01-21,SIMULATED_HISTORY,Eldoret,PMS,WATCH,NORMAL,7292.22,871.05,6421.17,7.37,1,7426.08,0,CREATE_PIPELINE_BATCH
CP-0000634,2021-01-29,SIMULATED_HISTORY,Eldoret,PMS,HEALTHY,PLANNED_PIPELINE_MAINTENANCE,8287.95,910.91,7377.04,8.1,0,0.0,0,HOLD/RESCHEDULE_DUE_TO_OUTAGE
CP-0000635,2021-01-30,SIMULATED_HISTORY,Eldoret,PMS,WATCH,NORMAL,7377.04,784.03,6593.01,8.41,1,7125.03,0,CREATE_PIPELINE_BATCH
CP-0000636,2021-02-04,SIMULATED_HISTORY,Eldoret,PMS,HEALTHY,DATA_LATENCY_INCIDENT,10625.77,720.24,9905.53,13.75,0,0.0,0,NONE
CP-0000637,2021-02-06,SIMULATED_HISTORY,Eldoret,PMS,HEALTHY,LOADING_BAY_OUTAGE,9065.69,687.38,8378.31,12.19,0,0.0,0,NONE
CP-0000638,2021-02-09,SIMULATED_HISTORY,Eldoret,PMS,WATCH,NORMAL,6904.03,804.23,6099.79,7.58,1,7426.08,0,CREATE_PIPELINE_BATCH
CP-0000639,2021-02-19,SIMULATED_HISTORY,Eldoret,PMS,WATCH,NORMAL,6973.97,832.42,6141.56,7.38,1,7426.08,0,CREATE_PIPELINE_BATCH
CP-0000640,2021-03-01,SIMULATED_HISTORY,Eldoret,PMS,WATCH,NORMAL,6996.65,793.6,6203.05,7.82,1,7426.08,0,CREATE_PIPELINE_BATCH
CP-0000641,2021-03-10,SIMULATED_HISTORY,Eldoret,PMS,WATCH,NORMAL,7241.98,773.54,6468.44,8.36,1,7223.37,0,CREATE_PIPELINE_BATCH
CP-0000642,2021-03-19,SIMULATED_HISTORY,Eldoret,PMS,WATCH,NORMAL,7455.31,896.89,6558.42,7.31,1,7426.08,0,CREATE_PIPELINE_BATCH
CP-0000643,2021-03-24,SIMULATED_HISTORY,Eldoret,PMS,HEALTHY,LOADING_BAY_OUTAGE,11095.92,848.63,10247.29,12.08,0,0.0,0,NONE
CP-0000644,2021-03-27,SIMULATED_HISTORY,Eldoret,PMS,HEALTHY,UNPLANNED_PUMP_FAILURE,8601.53,799.91,7801.63,9.75,0,0.0,0,HOLD/RESCHEDULE_DUE_TO_OUTAGE
CP-0000645,2021-03-29,SIMULATED_HISTORY,Eldoret,PMS,WATCH,NORMAL,7097.06,807.14,6289.92,7.79,1,7426.08,0,CREATE_PIPELINE_BATCH
CP-0000646,2021-04-07,SIMULATED_HISTORY,Eldoret,PMS,WATCH,NORMAL,6928.76,905.37,6023.39,6.65,1,7426.08,0,CREATE_PIPELINE_BATCH
CP-0000647,2021-04-16,SIMULATED_HISTORY,Eldoret,PMS,WATCH,NORMAL,7029.15,917.83,6111.32,6.66,1,7426.08,0,CREATE_PIPELINE_BATCH
CP-0000648,2021-04-26,SIMULATED_HISTORY,Eldoret,PMS,WATCH,NORMAL,6703.25,762.55,5940.7,7.79,1,7426.08,0,CREATE_PIPELINE_BATCH
CP-0000649,2021-05-05,SIMULATED_HISTORY,Eldoret,PMS,WATCH,NORMAL,6710.29,779.02,5931.27,7.61,1,7426.08,0,CREATE_PIPELINE_BATCH
CP-0000650,2021-05-14,SIMULATED_HISTORY,Eldoret,PMS,WATCH,NORMAL,7080.11,897.32,6182.79,6.89,1,7426.08,0,CREATE_PIPELINE_BATCH
CP-0000651,2021-05-24,SIMULATED_HISTORY,Eldoret,PMS,WATCH,NORMAL,6708.03,880.61,5827.41,6.62,1,7426.08,0,CREATE_PIPELINE_BATCH
CP-0000652,2021-06-02,SIMULATED_HISTORY,Eldoret,PMS,WATCH,NORMAL,6728.44,803.23,5925.2,7.38,1,7426.08,0,CREATE_PIPELINE_BATCH
CP-0000653,2021-06-11,SIMULATED_HISTORY,Eldoret,PMS,WATCH,NORMAL,7339.1,829.91,6509.19,7.84,1,7323.56,0,CREATE_PIPELINE_BATCH
CP-0000654,2021-06-21,SIMULATED_HISTORY,Eldoret,PMS,WATCH,NORMAL,7208.93,748.07,6460.86,8.64,1,7167.29,0,CREATE_PIPELINE_BATCH
CP-0000655,2021-07-01,SIMULATED_HISTORY,Eldoret,PMS,WATCH,NORMAL,6703.61,908.24,5795.37,6.38,1,7426.08,0,CREATE_PIPELINE_BATCH
CP-0000656,2021-07-10,SIMULATED_HISTORY,Eldoret,PMS,WATCH,NORMAL,6693.32,676.33,6017.0,8.9,1,7426.08,0,CREATE_PIPELINE_BATCH
CP-0000657,2021-07-19,SIMULATED_HISTORY,Eldoret,PMS,WATCH,NORMAL,7101.98,774.85,6327.13,8.17,1,7367.96,0,CREATE_PIPELINE_BATCH
CP-0000658,2021-07-28,SIMULATED_HISTORY,Eldoret,PMS,WATCH,NORMAL,7400.32,855.39,6544.93,7.65,1,7351.49,0,CREATE_PIPELINE_BATCH
CP-0000659,2021-08-07,SIMULATED_HISTORY,Eldoret,PMS,WATCH,NORMAL,6771.95,767.44,6004.5,7.82,1,7426.08,0,CREATE_PIPELINE_BATCH
CP-0000660,2021-08-16,SIMULATED_HISTORY,Eldoret,PMS,WATCH,NORMAL,7133.93,794.99,6338.94,7.97,1,7406.48,0,CREATE_PIPELINE_BATCH
CP-0000661,2021-08-25,SIMULATED_HISTORY,Eldoret,PMS,WATCH,NORMAL,7491.66,906.75,6584.92,7.26,1,7426.08,0,CREATE_PIPELINE_BATCH
CP-0000662,2021-09-04,SIMULATED_HISTORY,Eldoret,PMS,WATCH,NORMAL,6657.48,695.09,5962.39,8.58,1,7426.08,0,CREATE_PIPELINE_BATCH
CP-0000663,2021-09-14,SIMULATED_HISTORY,Eldoret,PMS,WATCH,NORMAL,6769.5,775.36,5994.14,7.73,1,7426.08,0,CREATE_PIPELINE_BATCH
CP-0000664,2021-09-23,SIMULATED_HISTORY,Eldoret,PMS,WATCH,NORMAL,7354.76,788.73,6566.03,8.32,1,7163.76,0,CREATE_PIPELINE_BATCH
CP-0000665,2021-10-03,SIMULATED_HISTORY,Eldoret,PMS,WATCH,NORMAL,6776.82,702.79,6074.03,8.64,1,7426.08,0,CREATE_PIPELINE_BATCH
CP-0000666,2021-10-12,SIMULATED_HISTORY,Eldoret,PMS,WATCH,NORMAL,7077.62,793.32,6284.3,7.92,1,7426.08,0,CREATE_PIPELINE_BATCH
CP-0000667,2021-10-14,SIMULATED_HISTORY,Eldoret,PMS,WATCH,UNPLANNED_PUMP_FAILURE,5461.97,841.36,4620.61,5.49,0,0.0,0,HOLD/RESCHEDULE_DUE_TO_OUTAGE
CP-0000668,2021-10-20,SIMULATED_HISTORY,Eldoret,PMS,HEALTHY,LOADING_BAY_OUTAGE,8108.29,868.26,7240.02,8.34,0,0.0,0,NONE
CP-0000669,2021-10-21,SIMULATED_HISTORY,Eldoret,PMS,WATCH,NORMAL,7240.02,798.88,6441.14,8.06,1,7314.01,0,CREATE_PIPELINE_BATCH
CP-0000670,2021-10-30,SIMULATED_HISTORY,Eldoret,PMS,WATCH,NORMAL,7399.66,779.95,6619.71,8.49,1,7088.12,0,CREATE_PIPELINE_BATCH
CP-0000671,2021-11-09,SIMULATED_HISTORY,Eldoret,PMS,WATCH,NORMAL,7126.88,783.75,6343.13,8.09,1,7374.22,0,CREATE_PIPELINE_BATCH
CP-0000672,2021-11-11,SIMULATED_HISTORY,Eldoret,PMS,WATCH,PLANNED_PIPELINE_MAINTENANCE,5536.24,824.68,4711.56,5.71,0,0.0,0,HOLD/RESCHEDULE_DUE_TO_OUTAGE
CP-0000673,2021-11-12,SIMULATED_HISTORY,Eldoret,PMS,CRITICAL,PLANNED_PIPELINE_MAINTENANCE,4711.56,807.21,3904.35,4.84,0,0.0,0,HOLD/RESCHEDULE_DUE_TO_OUTAGE
CP-0000674,2021-11-19,SIMULATED_HISTORY,Eldoret,PMS,WATCH,NORMAL,6898.49,773.19,6125.3,7.92,1,7426.08,0,CREATE_PIPELINE_BATCH
CP-0000675,2021-11-29,SIMULATED_HISTORY,Eldoret,PMS,WATCH,NORMAL,6888.89,724.77,6164.12,8.5,1,7405.76,0,CREATE_PIPELINE_BATCH
CP-0000676,2021-12-06,SIMULATED_HISTORY,Eldoret,PMS,HEALTHY,LOADING_BAY_OUTAGE,8426.99,929.96,7497.03,8.06,0,0.0,0,NONE
CP-0000677,2021-12-07,SIMULATED_HISTORY,Eldoret,PMS,WATCH,NORMAL,7497.03,924.57,6572.46,7.11,1,7426.08,0,CREATE_PIPELINE_BATCH
CP-0000678,2021-12-15,SIMULATED_HISTORY,Eldoret,PMS,WATCH,NORMAL,7376.91,942.38,6434.53,6.83,1,7426.08,0,CREATE_PIPELINE_BATCH
CP-0000679,2021-12-23,SIMULATED_HISTORY,Eldoret,PMS,WATCH,NORMAL,7325.62,974.52,6351.1,6.52,1,7426.08,0,CREATE_PIPELINE_BATCH
CP-0000680,2021-12-31,SIMULATED_HISTORY,Eldoret,PMS,WATCH,NORMAL,7408.65,1083.08,6325.57,5.84,1,7426.08,0,CREATE_PIPELINE_BATCH
CP-0000681,2022-01-08,SIMULATED_HISTORY,Eldoret,PMS,WATCH,NORMAL,7096.91,889.73,6207.18,6.98,1,7426.08,0,CREATE_PIPELINE_BATCH
CP-0000682,2022-01-17,SIMULATED_HISTORY,Eldoret,PMS,WATCH,NORMAL,6788.14,817.17,5970.97,7.31,1,7426.08,0,CREATE_PIPELINE_BATCH
CP-0000683,2022-01-25,SIMULATED_HISTORY,Eldoret,PMS,WATCH,NORMAL,7353.48,957.28,6396.2,6.68,1,7426.08,0,CREATE_PIPELINE_BATCH
CP-0000684,2022-02-03,SIMULATED_HISTORY,Eldoret,PMS,WATCH,NORMAL,7101.02,871.04,6229.98,7.15,1,7426.08,0,CREATE_PIPELINE_BATCH
CP-0000685,2022-02-06,SIMULATED_HISTORY,Eldoret,PMS,CRITICAL,NORMAL,4635.1,717.93,3917.17,5.46,0,0.0,0,NONE
CP-0000686,2022-02-08,SIMULATED_HISTORY,Eldoret,PMS,HEALTHY,LOADING_BAY_OUTAGE,10566.6,829.63,9736.97,11.74,0,0.0,0,NONE
CP-0000687,2022-02-10,SIMULATED_HISTORY,Eldoret,PMS,HEALTHY,LOADING_BAY_OUTAGE,8926.35,831.3,8095.05,9.74,0,0.0,0,NONE
CP-0000688,2022-02-12,SIMULATED_HISTORY,Eldoret,PMS,WATCH,NORMAL,7222.18,823.08,6399.1,7.77,1,7416.56,0,CREATE_PIPELINE_BATCH
CP-0000689,2022-02-22,SIMULATED_HISTORY,Eldoret,PMS,WATCH,NORMAL,6927.0,863.21,6063.79,7.02,1,7426.08,0,CREATE_PIPELINE_BATCH
CP-0000690,2022-02-25,SIMULATED_HISTORY,Eldoret,PMS,HEALTHY,LOADING_BAY_OUTAGE,11924.34,793.75,11130.59,14.02,0,0.0,0,NONE
CP-0000691,2022-02-28,SIMULATED_HISTORY,Eldoret,PMS,HEALTHY,UNPLANNED_PUMP_FAILURE,9713.41,756.51,8956.9,11.84,0,0.0,0,HOLD/RESCHEDULE_DUE_TO_OUTAGE
CP-0000692,2022-03-03,SIMULATED_HISTORY,Eldoret,PMS,WATCH,NORMAL,7195.57,893.28,6302.29,7.06,1,7426.08,0,CREATE_PIPELINE_BATCH
CP-0000693,2022-03-12,SIMULATED_HISTORY,Eldoret,PMS,WATCH,NORMAL,7223.3,715.97,6507.33,9.09,1,7040.56,0,CREATE_PIPELINE_BATCH
CP-0000694,2022-03-21,SIMULATED_HISTORY,Eldoret,PMS,WATCH,NORMAL,7018.27,863.97,6154.3,7.12,1,7426.08,0,CREATE_PIPELINE_BATCH
CP-0000695,2022-03-25,SIMULATED_HISTORY,Eldoret,PMS,HEALTHY,UNPLANNED_PUMP_FAILURE,11204.47,929.8,10274.67,11.05,0,0.0,0,HOLD/RESCHEDULE_DUE_TO_OUTAGE
CP-0000696,2022-03-30,SIMULATED_HISTORY,Eldoret,PMS,WATCH,NORMAL,6947.03,802.0,6145.03,7.66,1,7426.08,0,CREATE_PIPELINE_BATCH
CP-0000697,2022-04-08,SIMULATED_HISTORY,Eldoret,PMS,WATCH,NORMAL,6891.56,849.11,6042.45,7.12,1,7426.08,0,CREATE_PIPELINE_BATCH
CP-0000698,2022-04-16,SIMULATED_HISTORY,Eldoret,PMS,WATCH,NORMAL,7338.31,727.79,6610.52,9.08,1,6966.91,0,CREATE_PIPELINE_BATCH
CP-0000699,2022-04-25,SIMULATED_HISTORY,Eldoret,PMS,WATCH,NORMAL,6873.14,810.12,6063.02,7.48,1,7426.08,0,CREATE_PIPELINE_BATCH
CP-0000700,2022-04-28,SIMULATED_HISTORY,Eldoret,PMS,HEALTHY,PLANNED_PIPELINE_MAINTENANCE,11742.51,851.49,10891.02,12.79,0,0.0,0,HOLD/RESCHEDULE_DUE_TO_OUTAGE
CP-0000701,2022-05-03,SIMULATED_HISTORY,Eldoret,PMS,WATCH,NORMAL,7483.85,919.78,6564.08,7.14,1,7426.08,0,CREATE_PIPELINE_BATCH
CP-0000702,2022-05-12,SIMULATED_HISTORY,Eldoret,PMS,WATCH,NORMAL,6943.45,869.48,6073.98,6.99,1,7426.08,0,CREATE_PIPELINE_BATCH
CP-0000703,2022-05-13,SIMULATED_HISTORY,Eldoret,PMS,WATCH,LOADING_BAY_OUTAGE,6073.98,876.5,5197.47,5.93,0,0.0,0,NONE
CP-0000704,2022-05-17,SIMULATED_HISTORY,Eldoret,PMS,HEALTHY,UNPLANNED_PUMP_FAILURE,10342.19,843.37,9498.82,11.26,0,0.0,0,HOLD/RESCHEDULE_DUE_TO_OUTAGE
CP-0000705,2022-05-21,SIMULATED_HISTORY,Eldoret,PMS,WATCH,NORMAL,6955.49,825.5,6130.0,7.43,1,7426.08,0,CREATE_PIPELINE_BATCH
CP-0000706,2022-05-30,SIMULATED_HISTORY,Eldoret,PMS,WATCH,NORMAL,6980.87,825.82,6155.05,7.45,1,7426.08,0,CREATE_PIPELINE_BATCH
CP-0000707,2022-06-08,SIMULATED_HISTORY,Eldoret,PMS,WATCH,NORMAL,7288.53,897.4,6391.13,7.12,1,7426.08,0,CREATE_PIPELINE_BATCH
CP-0000708,2022-06-17,SIMULATED_HISTORY,Eldoret,PMS,WATCH,PLANNED_PIPELINE_MAINTENANCE,7440.93,895.72,6545.21,7.31,1,7426.08,0,CREATE_PIPELINE_BATCH+OUTAGE
CP-0000709,2022-06-27,SIMULATED_HISTORY,Eldoret,PMS,WATCH,NORMAL,7016.54,788.88,6227.65,7.89,1,7426.08,0,CREATE_PIPELINE_BATCH
CP-0000710,2022-07-06,SIMULATED_HISTORY,Eldoret,PMS,WATCH,NORMAL,7023.18,818.03,6205.15,7.59,1,7426.08,0,CREATE_PIPELINE_BATCH
CP-0000711,2022-07-15,SIMULATED_HISTORY,Eldoret,PMS,WATCH,NORMAL,7062.95,883.27,6179.68,7.0,1,7426.08,0,CREATE_PIPELINE_BATCH
CP-0000712,2022-07-22,SIMULATED_HISTORY,Eldoret,PMS,HEALTHY,DATA_LATENCY_INCIDENT,8865.66,890.13,7975.53,8.96,0,0.0,0,NONE
CP-0000713,2022-07-24,SIMULATED_HISTORY,Eldoret,PMS,WATCH,NORMAL,7150.8,654.66,6496.14,9.92,1,6898.47,0,CREATE_PIPELINE_BATCH
CP-0000714,2022-08-02,SIMULATED_HISTORY,Eldoret,PMS,WATCH,NORMAL,6849.32,813.16,6036.16,7.42,1,7426.08,0,CREATE_PIPELINE_BATCH
CP-0000715,2022-08-11,SIMULATED_HISTORY,Eldoret,PMS,WATCH,NORMAL,6992.24,761.45,6230.78,8.18,1,7426.08,0,CREATE_PIPELINE_BATCH
CP-0000716,2022-08-20,SIMULATED_HISTORY,Eldoret,PMS,WATCH,NORMAL,6884.32,788.42,6095.9,7.73,1,7426.08,0,CREATE_PIPELINE_BATCH
CP-0000717,2022-08-29,SIMULATED_HISTORY,Eldoret,PMS,WATCH,NORMAL,7072.58,892.39,6180.19,6.93,1,7426.08,0,CREATE_PIPELINE_BATCH
CP-0000718,2022-09-07,SIMULATED_HISTORY,Eldoret,PMS,WATCH,NORMAL,6945.41,819.09,6126.32,7.48,1,7426.08,0,CREATE_PIPELINE_BATCH
CP-0000719,2022-09-16,SIMULATED_HISTORY,Eldoret,PMS,WATCH,NORMAL,7251.19,873.28,6377.91,7.3,1,7426.08,0,CREATE_PIPELINE_BATCH
CP-0000720,2022-09-18,SIMULATED_HISTORY,Eldoret,PMS,HEALTHY,DATA_LATENCY_INCIDENT,5590.84,698.28,12318.64,17.64,0,0.0,0,NONE
CP-0000721,2022-09-25,SIMULATED_HISTORY,Eldoret,PMS,WATCH,NORMAL,7288.43,729.56,6558.88,8.99,1,7022.97,0,CREATE_PIPELINE_BATCH
CP-0000722,2022-10-04,SIMULATED_HISTORY,Eldoret,PMS,WATCH,NORMAL,6994.2,869.76,6124.44,7.04,1,7426.08,0,CREATE_PIPELINE_BATCH
CP-0000723,2022-10-13,SIMULATED_HISTORY,Eldoret,PMS,WATCH,NORMAL,6764.56,791.71,5972.85,7.54,1,7426.08,0,CREATE_PIPELINE_BATCH
CP-0000724,2022-10-21,SIMULATED_HISTORY,Eldoret,PMS,WATCH,NORMAL,7433.8,898.25,6535.56,7.28,1,7426.08,0,CREATE_PIPELINE_BATCH
CP-0000725,2022-10-25,SIMULATED_HISTORY,Eldoret,PMS,HEALTHY,LOADING_BAY_OUTAGE,11658.69,838.79,10819.9,12.9,0,0.0,0,NONE
CP-0000726,2022-10-30,SIMULATED_HISTORY,Eldoret,PMS,WATCH,NORMAL,7347.45,749.57,6597.88,8.8,1,7034.0,0,CREATE_PIPELINE_BATCH
CP-0000727,2022-11-08,SIMULATED_HISTORY,Eldoret,PMS,WATCH,NORMAL,7281.29,923.36,6357.94,6.89,1,7426.08,0,CREATE_PIPELINE_BATCH
CP-0000728,2022-11-18,SIMULATED_HISTORY,Eldoret,PMS,WATCH,NORMAL,6745.63,960.32,5785.31,6.02,1,7426.08,0,CREATE_PIPELINE_BATCH
CP-0000729,2022-11-27,SIMULATED_HISTORY,Eldoret,PMS,WATCH,NORMAL,6940.65,652.52,6288.13,9.64,1,7101.14,0,CREATE_PIPELINE_BATCH
CP-0000730,2022-12-05,SIMULATED_HISTORY,Eldoret,PMS,WATCH,NORMAL,7264.44,886.47,6377.97,7.19,1,7426.08,0,CREATE_PIPELINE_BATCH
CP-0000731,2022-12-13,SIMULATED_HISTORY,Eldoret,PMS,WATCH,NORMAL,7042.39,918.58,6123.81,6.67,1,7426.08,0,CREATE_PIPELINE_BATCH
CP-0000732,2022-12-21,SIMULATED_HISTORY,Eldoret,PMS,WATCH,NORMAL,7085.12,939.55,6145.57,6.54,1,7426.08,0,CREATE_PIPELINE_BATCH
CP-0000733,2022-12-29,SIMULATED_HISTORY,Eldoret,PMS,WATCH,NORMAL,6899.47,1054.13,5845.34,5.55,1,7426.08,0,CREATE_PIPELINE_BATCH
CP-0000734,2023-01-05,SIMULATED_HISTORY,Eldoret,PMS,WATCH,NORMAL,7584.59,1014.8,6569.79,6.47,1,7426.08,0,CREATE_PIPELINE_BATCH
CP-0000735,2023-01-14,SIMULATED_HISTORY,Eldoret,PMS,WATCH,NORMAL,7062.69,892.55,6170.14,6.91,1,7426.08,0,CREATE_PIPELINE_BATCH
CP-0000736,2023-01-23,SIMULATED_HISTORY,Eldoret,PMS,WATCH,NORMAL,7123.65,802.52,6321.13,7.88,1,7426.08,0,CREATE_PIPELINE_BATCH
CP-0000737,2023-01-25,SIMULATED_HISTORY,Eldoret,PMS,WATCH,UNPLANNED_PUMP_FAILURE,5426.17,896.6,4529.56,5.05,0,0.0,0,HOLD/RESCHEDULE_DUE_TO_OUTAGE
CP-0000738,2023-02-01,SIMULATED_HISTORY,Eldoret,PMS,WATCH,NORMAL,7255.93,751.26,6504.68,8.66,1,7131.43,0,CREATE_PIPELINE_BATCH
CP-0000739,2023-02-11,SIMULATED_HISTORY,Eldoret,PMS,WATCH,NORMAL,6726.37,721.03,6005.34,8.33,1,7426.08,0,CREATE_PIPELINE_BATCH
CP-0000740,2023-02-21,SIMULATED_HISTORY,Eldoret,PMS,WATCH,NORMAL,6670.28,817.26,5853.02,7.16,1,7426.08,0,CREATE_PIPELINE_BATCH
CP-0000741,2023-03-02,SIMULATED_HISTORY,Eldoret,PMS,WATCH,NORMAL,7237.53,858.59,6378.94,7.43,1,7426.08,0,CREATE_PIPELINE_BATCH
CP-0000742,2023-03-11,SIMULATED_HISTORY,Eldoret,PMS,WATCH,NORMAL,7403.83,803.87,6599.96,8.21,1,7167.68,0,CREATE_PIPELINE_BATCH
CP-0000743,2023-03-18,SIMULATED_HISTORY,Eldoret,PMS,HEALTHY,LOADING_BAY_OUTAGE,8564.58,755.79,7808.8,10.33,0,0.0,0,NONE
CP-0000744,2023-03-20,SIMULATED_HISTORY,Eldoret,PMS,WATCH,NORMAL,7153.33,855.89,6297.44,7.36,1,7426.08,0,CREATE_PIPELINE_BATCH
CP-0000745,2023-03-29,SIMULATED_HISTORY,Eldoret,PMS,WATCH,NORMAL,7220.58,874.85,6345.73,7.25,1,7426.08,0,CREATE_PIPELINE_BATCH
CP-0000746,2023-04-07,SIMULATED_HISTORY,Eldoret,PMS,WATCH,NORMAL,7371.66,1001.65,6370.01,6.36,1,7426.08,0,CREATE_PIPELINE_BATCH
CP-0000747,2023-04-12,SIMULATED_HISTORY,Eldoret,PMS,HEALTHY,UNPLANNED_PUMP_FAILURE,10611.28,786.61,9824.67,12.49,0,0.0,0,HOLD/RESCHEDULE_DUE_TO_OUTAGE
CP-0000748,2023-04-16,SIMULATED_HISTORY,Eldoret,PMS,WATCH,NORMAL,7355.03,756.77,6598.26,8.72,1,7051.62,0,CREATE_PIPELINE_BATCH
CP-0000749,2023-04-23,SIMULATED_HISTORY,Eldoret,PMS,HEALTHY,DATA_LATENCY_INCIDENT,8849.25,731.59,8117.66,11.1,0,0.0,0,NONE
CP-0000750,2023-04-25,SIMULATED_HISTORY,Eldoret,PMS,WATCH,NORMAL,7268.37,810.85,6457.52,7.96,1,7327.55,0,CREATE_PIPELINE_BATCH
CP-0000751,2023-05-04,SIMULATED_HISTORY,Eldoret,PMS,WATCH,NORMAL,7302.4,807.27,6495.12,8.05,1,7281.02,0,CREATE_PIPELINE_BATCH
CP-0000752,2023-05-13,SIMULATED_HISTORY,Eldoret,PMS,WATCH,NORMAL,7140.7,810.03,6330.67,7.82,1,7426.08,0,CREATE_PIPELINE_BATCH
CP-0000753,2023-05-22,SIMULATED_HISTORY,Eldoret,PMS,WATCH,NORMAL,7293.38,848.55,6444.84,7.6,1,7426.08,0,CREATE_PIPELINE_BATCH
CP-0000754,2023-05-31,SIMULATED_HISTORY,Eldoret,PMS,WATCH,NORMAL,7496.81,883.28,6613.53,7.49,1,7352.62,0,CREATE_PIPELINE_BATCH
CP-0000755,2023-06-02,SIMULATED_HISTORY,Eldoret,PMS,WATCH,PLANNED_PIPELINE_MAINTENANCE,5747.73,872.75,4874.99,5.59,0,0.0,0,HOLD/RESCHEDULE_DUE_TO_OUTAGE
CP-0000756,2023-06-03,SIMULATED_HISTORY,Eldoret,PMS,CRITICAL,PLANNED_PIPELINE_MAINTENANCE,4874.99,770.26,4104.72,5.33,0,0.0,0,HOLD/RESCHEDULE_DUE_TO_OUTAGE
CP-0000757,2023-06-10,SIMULATED_HISTORY,Eldoret,PMS,WATCH,NORMAL,6745.53,780.18,5965.35,7.65,1,7426.08,0,CREATE_PIPELINE_BATCH
CP-0000758,2023-06-19,SIMULATED_HISTORY,Eldoret,PMS,WATCH,NORMAL,7373.13,744.3,6628.83,8.91,1,6989.9,0,CREATE_PIPELINE_BATCH
CP-0000759,2023-06-22,SIMULATED_HISTORY,Eldoret,PMS,CRITICAL,NORMAL,5001.87,863.29,4138.58,4.79,0,0.0,0,NONE
CP-0000760,2023-06-28,SIMULATED_HISTORY,Eldoret,PMS,WATCH,NORMAL,7200.43,861.68,6338.74,7.36,1,7426.08,0,CREATE_PIPELINE_BATCH
CP-0000761,2023-07-01,SIMULATED_HISTORY,Eldoret,PMS,HEALTHY,UNPLANNED_PUMP_FAILURE,12250.77,777.56,11473.2,14.76,0,0.0,0,HOLD/RESCHEDULE_DUE_TO_OUTAGE
CP-0000762,2023-07-07,SIMULATED_HISTORY,Eldoret,PMS,WATCH,NORMAL,7384.37,883.47,6500.9,7.36,1,7426.08,0,CREATE_PIPELINE_BATCH
CP-0000763,2023-07-17,SIMULATED_HISTORY,Eldoret,PMS,WATCH,NORMAL,6866.33,814.26,6052.07,7.43,1,7426.08,0,CREATE_PIPELINE_BATCH
CP-0000764,2023-07-26,SIMULATED_HISTORY,Eldoret,PMS,WATCH,NORMAL,6885.59,905.82,5979.77,6.6,1,7426.08,0,CREATE_PIPELINE_BATCH
CP-0000765,2023-08-04,SIMULATED_HISTORY,Eldoret,PMS,WATCH,NORMAL,6755.76,875.97,5879.79,6.71,1,7426.08,0,CREATE_PIPELINE_BATCH
CP-0000766,2023-08-13,SIMULATED_HISTORY,Eldoret,PMS,WATCH,NORMAL,7044.42,636.38,6408.04,10.07,1,6940.88,0,CREATE_PIPELINE_BATCH
CP-0000767,2023-08-22,SIMULATED_HISTORY,Eldoret,PMS,WATCH,NORMAL,7033.15,809.67,6223.48,7.69,1,7426.08,0,CREATE_PIPELINE_BATCH
CP-0000768,2023-08-31,SIMULATED_HISTORY,Eldoret,PMS,WATCH,NORMAL,7123.22,864.99,6258.23,7.24,1,7426.08,0,CREATE_PIPELINE_BATCH
CP-0000769,2023-09-10,SIMULATED_HISTORY,Eldoret,PMS,WATCH,NORMAL,6835.86,638.8,6197.06,9.7,1,7157.88,0,CREATE_PIPELINE_BATCH
CP-0000770,2023-09-19,SIMULATED_HISTORY,Eldoret,PMS,WATCH,NORMAL,7005.99,808.66,6197.33,7.66,1,7426.08,0,CREATE_PIPELINE_BATCH
CP-0000771,2023-09-28,SIMULATED_HISTORY,Eldoret,PMS,WATCH,NORMAL,7201.81,756.63,6445.18,8.52,1,7204.35,0,CREATE_PIPELINE_BATCH
CP-0000772,2023-10-01,SIMULATED_HISTORY,Eldoret,PMS,HEALTHY,LOADING_BAY_OUTAGE,12118.85,707.75,11411.1,16.12,0,0.0,0,NONE
CP-0000773,2023-10-07,SIMULATED_HISTORY,Eldoret,PMS,WATCH,NORMAL,7264.93,765.6,6499.33,8.49,1,7172.63,0,CREATE_PIPELINE_BATCH
CP-0000774,2023-10-16,SIMULATED_HISTORY,Eldoret,PMS,WATCH,DATA_LATENCY_INCIDENT,7135.59,815.22,6320.37,7.75,1,7426.08,0,CREATE_PIPELINE_BATCH
CP-0000775,2023-10-25,SIMULATED_HISTORY,Eldoret,PMS,WATCH,NORMAL,7119.3,816.88,6302.42,7.72,1,7426.08,0,CREATE_PIPELINE_BATCH
CP-0000776,2023-11-03,SIMULATED_HISTORY,Eldoret,PMS,WATCH,PLANNED_PIPELINE_MAINTENANCE,7261.84,811.3,6450.54,7.95,1,7335.66,0,CREATE_PIPELINE_BATCH+OUTAGE
CP-0000777,2023-11-04,SIMULATED_HISTORY,Eldoret,PMS,WATCH,PLANNED_PIPELINE_MAINTENANCE,6450.54,669.62,5780.92,8.63,0,0.0,0,HOLD/RESCHEDULE_DUE_TO_OUTAGE
CP-0000778,2023-11-06,SIMULATED_HISTORY,Eldoret,PMS,HEALTHY,LOADING_BAY_OUTAGE,12436.83,757.13,11679.7,15.43,0,0.0,0,NONE
CP-0000779,2023-11-13,SIMULATED_HISTORY,Eldoret,PMS,WATCH,NORMAL,7188.33,759.91,6428.42,8.46,1,7229.31,0,CREATE_PIPELINE_BATCH
CP-0000780,2023-11-23,SIMULATED_HISTORY,Eldoret,PMS,WATCH,NORMAL,6715.51,718.09,5997.43,8.35,1,7426.08,0,CREATE_PIPELINE_BATCH
CP-0000781,2023-12-02,SIMULATED_HISTORY,Eldoret,PMS,WATCH,NORMAL,7149.43,834.01,6315.42,7.57,1,7426.08,0,CREATE_PIPELINE_BATCH
CP-0000782,2023-12-10,SIMULATED_HISTORY,Eldoret,PMS,WATCH,LOADING_BAY_OUTAGE,7391.97,810.45,6581.53,8.12,1,7202.55,0,CREATE_PIPELINE_BATCH
CP-0000783,2023-12-15,SIMULATED_HISTORY,Eldoret,PMS,HEALTHY,LOADING_BAY_OUTAGE,9973.43,1026.27,8947.16,8.72,0,0.0,0,NONE
CP-0000784,2023-12-18,SIMULATED_HISTORY,Eldoret,PMS,WATCH,NORMAL,7211.6,853.6,6358.0,7.45,1,7426.08,0,CREATE_PIPELINE_BATCH
CP-0000785,2023-12-26,SIMULATED_HISTORY,Eldoret,PMS,WATCH,NORMAL,7433.65,1006.51,6427.14,6.39,1,7426.08,0,CREATE_PIPELINE_BATCH
CP-0000786,2024-01-03,SIMULATED_HISTORY,Eldoret,PMS,WATCH,NORMAL,7213.55,901.4,6312.15,7.0,1,7426.08,0,CREATE_PIPELINE_BATCH
CP-0000787,2024-01-12,SIMULATED_HISTORY,Eldoret,PMS,WATCH,NORMAL,7031.76,837.14,6194.62,7.4,1,7426.08,0,CREATE_PIPELINE_BATCH
CP-0000788,2024-01-19,SIMULATED_HISTORY,Eldoret,PMS,HEALTHY,LOADING_BAY_OUTAGE,8883.21,889.85,7993.35,8.98,0,0.0,0,NONE
CP-0000789,2024-01-21,SIMULATED_HISTORY,Eldoret,PMS,WATCH,NORMAL,7276.19,714.99,6561.2,9.18,1,6984.24,0,CREATE_PIPELINE_BATCH
CP-0000790,2024-01-30,SIMULATED_HISTORY,Eldoret,PMS,WATCH,NORMAL,6753.83,834.12,5919.71,7.1,1,7426.08,0,CREATE_PIPELINE_BATCH
CP-0000791,2024-02-07,SIMULATED_HISTORY,Eldoret,PMS,HEALTHY,LOADING_BAY_OUTAGE,7986.08,875.99,7110.1,8.12,0,0.0,0,NONE
CP-0000792,2024-02-08,SIMULATED_HISTORY,Eldoret,PMS,WATCH,NORMAL,7110.1,812.54,6297.56,7.75,1,7426.08,0,CREATE_PIPELINE_BATCH
CP-0000793,2024-02-15,SIMULATED_HISTORY,Eldoret,PMS,HEALTHY,UNPLANNED_PUMP_FAILURE,9127.02,733.28,8393.74,11.45,0,0.0,0,HOLD/RESCHEDULE_DUE_TO_OUTAGE
CP-0000794,2024-02-18,SIMULATED_HISTORY,Eldoret,PMS,WATCH,NORMAL,6979.04,666.26,6312.78,9.47,1,7110.83,0,CREATE_PIPELINE_BATCH
CP-0000795,2024-02-25,SIMULATED_HISTORY,Eldoret,PMS,HEALTHY,DATA_LATENCY_INCIDENT,8984.46,605.36,8379.1,13.84,0,0.0,0,NONE
CP-0000796,2024-02-28,SIMULATED_HISTORY,Eldoret,PMS,WATCH,NORMAL,6864.65,771.84,6092.81,7.89,1,7426.08,0,CREATE_PIPELINE_BATCH
CP-0000797,2024-03-01,SIMULATED_HISTORY,Eldoret,PMS,WATCH,UNPLANNED_PUMP_FAILURE,5342.54,832.69,4509.86,5.42,0,0.0,0,HOLD/RESCHEDULE_DUE_TO_OUTAGE
CP-0000798,2024-03-08,SIMULATED_HISTORY,Eldoret,PMS,WATCH,NORMAL,7437.79,855.94,6581.85,7.69,1,7315.96,0,CREATE_PIPELINE_BATCH
CP-0000799,2024-03-13,SIMULATED_HISTORY,Eldoret,PMS,HEALTHY,PLANNED_PIPELINE_MAINTENANCE,10875.84,745.64,10130.2,13.59,0,0.0,0,HOLD/RESCHEDULE_DUE_TO_OUTAGE
CP-0000800,2024-03-18,SIMULATED_HISTORY,Eldoret,PMS,WATCH,NORMAL,6999.72,761.22,6238.5,8.2,1,7422.51,0,CREATE_PIPELINE_BATCH
CP-0000801,2024-03-22,SIMULATED_HISTORY,Eldoret,PMS,HEALTHY,UNPLANNED_PUMP_FAILURE,11250.71,877.73,10372.97,11.82,0,0.0,0,HOLD/RESCHEDULE_DUE_TO_OUTAGE
CP-0000802,2024-03-27,SIMULATED_HISTORY,Eldoret,PMS,WATCH,NORMAL,7293.67,812.2,6481.48,7.98,1,7306.98,0,CREATE_PIPELINE_BATCH
CP-0000803,2024-04-05,SIMULATED_HISTORY,Eldoret,PMS,WATCH,NORMAL,7027.98,933.53,6094.45,6.53,1,7426.08,0,CREATE_PIPELINE_BATCH
CP-0000804,2024-04-14,SIMULATED_HISTORY,Eldoret,PMS,WATCH,NORMAL,7047.06,733.23,6313.83,8.61,1,7277.2,0,CREATE_PIPELINE_BATCH
CP-0000805,2024-04-23,SIMULATED_HISTORY,Eldoret,PMS,WATCH,NORMAL,7316.18,838.5,6477.69,7.73,1,7376.51,0,CREATE_PIPELINE_BATCH
CP-0000806,2024-05-02,SIMULATED_HISTORY,Eldoret,PMS,WATCH,NORMAL,7394.11,834.15,6559.96,7.86,1,7283.36,0,CREATE_PIPELINE_BATCH
CP-0000807,2024-05-12,SIMULATED_HISTORY,Eldoret,PMS,WATCH,NORMAL,6674.2,667.69,6006.51,9.0,1,7420.67,0,CREATE_PIPELINE_BATCH
CP-0000808,2024-05-21,SIMULATED_HISTORY,Eldoret,PMS,WATCH,NORMAL,7022.55,908.45,6114.1,6.73,1,7426.08,0,CREATE_PIPELINE_BATCH
CP-0000809,2024-05-30,SIMULATED_HISTORY,Eldoret,PMS,WATCH,NORMAL,7219.93,892.9,6327.02,7.09,1,7426.08,0,CREATE_PIPELINE_BATCH
CP-0000810,2024-06-09,SIMULATED_HISTORY,Eldoret,PMS,WATCH,NORMAL,6900.35,664.83,6235.52,9.38,1,7184.5,0,CREATE_PIPELINE_BATCH
CP-0000811,2024-06-19,SIMULATED_HISTORY,Eldoret,PMS,WATCH,NORMAL,6703.51,690.33,6013.19,8.71,1,7426.08,0,CREATE_PIPELINE_BATCH
CP-0000812,2024-06-29,SIMULATED_HISTORY,Eldoret,PMS,WATCH,NORMAL,6668.31,740.81,5927.5,8.0,1,7426.08,0,CREATE_PIPELINE_BATCH
CP-0000813,2024-07-08,SIMULATED_HISTORY,Eldoret,PMS,WATCH,NORMAL,7277.11,811.82,6465.29,7.96,1,7322.22,0,CREATE_PIPELINE_BATCH
CP-0000814,2024-07-18,SIMULATED_HISTORY,Eldoret,PMS,WATCH,NORMAL,6891.22,782.16,6109.06,7.81,1,7426.08,0,CREATE_PIPELINE_BATCH
CP-0000815,2024-07-20,SIMULATED_HISTORY,Eldoret,PMS,WATCH,PLANNED_PIPELINE_MAINTENANCE,5248.68,854.51,4394.17,5.14,0,0.0,0,HOLD/RESCHEDULE_DUE_TO_OUTAGE
CP-0000816,2024-07-21,SIMULATED_HISTORY,Eldoret,PMS,CRITICAL,PLANNED_PIPELINE_MAINTENANCE,4394.17,634.43,3759.74,5.93,0,0.0,0,HOLD/RESCHEDULE_DUE_TO_OUTAGE
CP-0000817,2024-07-27,SIMULATED_HISTORY,Eldoret,PMS,WATCH,NORMAL,7175.75,715.0,6460.76,9.04,1,7084.69,0,CREATE_PIPELINE_BATCH
CP-0000818,2024-08-06,SIMULATED_HISTORY,Eldoret,PMS,WATCH,LOADING_BAY_OUTAGE,6773.26,820.54,5952.72,7.25,1,7426.08,0,CREATE_PIPELINE_BATCH
CP-0000819,2024-08-15,SIMULATED_HISTORY,Eldoret,PMS,WATCH,NORMAL,7193.08,772.89,6420.2,8.31,1,7269.98,0,CREATE_PIPELINE_BATCH
CP-0000820,2024-08-25,SIMULATED_HISTORY,Eldoret,PMS,WATCH,NORMAL,6765.34,738.21,6027.13,8.16,1,7426.08,0,CREATE_PIPELINE_BATCH
CP-0000821,2024-09-02,SIMULATED_HISTORY,Eldoret,PMS,HEALTHY,LOADING_BAY_OUTAGE,7964.66,730.52,7234.14,9.9,0,0.0,0,NONE
CP-0000822,2024-09-03,SIMULATED_HISTORY,Eldoret,PMS,WATCH,NORMAL,7234.14,786.55,6447.59,8.2,1,7276.73,0,CREATE_PIPELINE_BATCH
CP-0000823,2024-09-13,SIMULATED_HISTORY,Eldoret,PMS,WATCH,NORMAL,6968.26,900.92,6067.35,6.73,1,7426.08,0,CREATE_PIPELINE_BATCH
CP-0000824,2024-09-23,SIMULATED_HISTORY,Eldoret,PMS,WATCH,NORMAL,6923.63,804.3,6119.33,7.61,1,7426.08,0,CREATE_PIPELINE_BATCH
CP-0000825,2024-10-02,SIMULATED_HISTORY,Eldoret,PMS,WATCH,NORMAL,7333.6,773.79,6559.81,8.48,1,7132.63,0,CREATE_PIPELINE_BATCH
CP-0000826,2024-10-11,SIMULATED_HISTORY,Eldoret,PMS,WATCH,NORMAL,7130.41,853.45,6276.96,7.35,1,7426.08,0,CREATE_PIPELINE_BATCH
CP-0000827,2024-10-21,SIMULATED_HISTORY,Eldoret,PMS,WATCH,NORMAL,6896.38,839.41,6056.96,7.22,1,7426.08,0,CREATE_PIPELINE_BATCH
CP-0000828,2024-10-30,SIMULATED_HISTORY,Eldoret,PMS,WATCH,NORMAL,7021.98,793.23,6228.76,7.85,1,7426.08,0,CREATE_PIPELINE_BATCH
CP-0000829,2024-11-09,SIMULATED_HISTORY,Eldoret,PMS,WATCH,NORMAL,6808.12,693.85,6114.27,8.81,1,7378.32,0,CREATE_PIPELINE_BATCH
CP-0000830,2024-11-19,SIMULATED_HISTORY,Eldoret,PMS,WATCH,NORMAL,6898.05,713.57,6184.48,8.67,1,7357.42,0,CREATE_PIPELINE_BATCH
CP-0000831,2024-11-22,SIMULATED_HISTORY,Eldoret,PMS,HEALTHY,LOADING_BAY_OUTAGE,11862.25,812.89,11049.36,13.59,0,0.0,0,NONE
CP-0000832,2024-11-27,SIMULATED_HISTORY,Eldoret,PMS,HEALTHY,DATA_LATENCY_INCIDENT,8122.93,759.12,7363.81,9.7,0,0.0,0,NONE
CP-0000833,2024-11-28,SIMULATED_HISTORY,Eldoret,PMS,WATCH,NORMAL,7363.81,840.76,6523.05,7.76,1,7336.82,0,CREATE_PIPELINE_BATCH
CP-0000834,2024-12-07,SIMULATED_HISTORY,Eldoret,PMS,WATCH,NORMAL,6928.25,848.12,6080.14,7.17,1,7426.08,0,CREATE_PIPELINE_BATCH
CP-0000835,2024-12-15,SIMULATED_HISTORY,Eldoret,PMS,WATCH,NORMAL,6866.15,746.49,6119.67,8.2,1,7426.08,0,CREATE_PIPELINE_BATCH
CP-0000836,2024-12-23,SIMULATED_HISTORY,Eldoret,PMS,WATCH,NORMAL,7251.14,942.98,6308.15,6.69,1,7426.08,0,CREATE_PIPELINE_BATCH
CP-0000837,2024-12-31,SIMULATED_HISTORY,Eldoret,PMS,WATCH,NORMAL,7151.38,860.46,6290.92,7.31,1,7426.08,0,CREATE_PIPELINE_BATCH
CP-0000838,2025-01-08,SIMULATED_HISTORY,Eldoret,PMS,WATCH,NORMAL,6948.84,847.65,6101.18,7.2,1,7426.08,0,CREATE_PIPELINE_BATCH
CP-0000839,2025-01-12,SIMULATED_HISTORY,Eldoret,PMS,HEALTHY,UNPLANNED_PUMP_FAILURE,10733.01,705.44,10027.57,14.21,0,0.0,0,HOLD/RESCHEDULE_DUE_TO_OUTAGE
CP-0000840,2025-01-16,SIMULATED_HISTORY,Eldoret,PMS,WATCH,NORMAL,7426.32,919.42,6506.9,7.08,1,7426.08,0,CREATE_PIPELINE_BATCH
CP-0000841,2025-01-25,SIMULATED_HISTORY,Eldoret,PMS,WATCH,NORMAL,6983.09,803.64,6179.46,7.69,1,7426.08,0,CREATE_PIPELINE_BATCH
CP-0000842,2025-01-26,SIMULATED_HISTORY,Eldoret,PMS,WATCH,DATA_LATENCY_INCIDENT,6179.46,802.99,5376.46,6.7,0,0.0,0,NONE
CP-0000843,2025-02-03,SIMULATED_HISTORY,Eldoret,PMS,WATCH,NORMAL,6741.1,777.19,5963.91,7.67,1,7426.08,0,CREATE_PIPELINE_BATCH
CP-0000844,2025-02-12,SIMULATED_HISTORY,Eldoret,PMS,WATCH,NORMAL,6869.57,795.24,6074.32,7.64,1,7426.08,0,CREATE_PIPELINE_BATCH
CP-0000845,2025-02-21,SIMULATED_HISTORY,Eldoret,PMS,WATCH,NORMAL,7016.67,844.23,6172.44,7.31,1,7426.08,0,CREATE_PIPELINE_BATCH
CP-0000846,2025-03-02,SIMULATED_HISTORY,Eldoret,PMS,WATCH,NORMAL,7332.62,748.0,6584.62,8.8,1,7043.35,0,CREATE_PIPELINE_BATCH
CP-0000847,2025-03-11,SIMULATED_HISTORY,Eldoret,PMS,WATCH,NORMAL,6776.68,933.61,5843.07,6.26,1,7426.08,0,CREATE_PIPELINE_BATCH
CP-0000848,2025-03-19,SIMULATED_HISTORY,Eldoret,PMS,WATCH,NORMAL,7354.26,883.17,6471.09,7.33,1,7426.08,0,CREATE_PIPELINE_BATCH
CP-0000849,2025-03-28,SIMULATED_HISTORY,Eldoret,PMS,WATCH,NORMAL,7153.95,813.28,6340.67,7.8,1,7426.08,0,CREATE_PIPELINE_BATCH
CP-0000850,2025-04-06,SIMULATED_HISTORY,Eldoret,PMS,WATCH,NORMAL,7011.24,731.53,6279.71,8.58,1,7307.08,0,CREATE_PIPELINE_BATCH
CP-0000851,2025-04-15,SIMULATED_HISTORY,Eldoret,PMS,WATCH,NORMAL,6743.74,895.36,5848.38,6.53,1,7426.08,0,CREATE_PIPELINE_BATCH
CP-0000852,2025-04-17,SIMULATED_HISTORY,Eldoret,PMS,CRITICAL,PLANNED_PIPELINE_MAINTENANCE,4943.64,894.62,4049.01,4.53,0,0.0,0,HOLD/RESCHEDULE_DUE_TO_OUTAGE
CP-0000853,2025-04-18,SIMULATED_HISTORY,Eldoret,PMS,WATCH,PLANNED_PIPELINE_MAINTENANCE,4049.01,945.01,4496.39,4.76,0,0.0,1,EMERGENCY_TRUCK_TRANSFER+OUTAGE
CP-0000854,2025-04-25,SIMULATED_HISTORY,Eldoret,PMS,WATCH,NORMAL,6978.51,906.98,6071.52,6.69,1,7426.08,0,CREATE_PIPELINE_BATCH
CP-0000855,2025-05-03,SIMULATED_HISTORY,Eldoret,PMS,WATCH,NORMAL,7321.37,797.77,6523.6,8.18,1,7228.77,0,CREATE_PIPELINE_BATCH
CP-0000856,2025-05-12,SIMULATED_HISTORY,Eldoret,PMS,WATCH,NORMAL,6819.37,887.5,5931.88,6.68,1,7426.08,0,CREATE_PIPELINE_BATCH
CP-0000857,2025-05-20,SIMULATED_HISTORY,Eldoret,PMS,WATCH,UNPLANNED_PUMP_FAILURE,7190.01,853.36,6336.65,7.43,1,7426.08,0,CREATE_PIPELINE_BATCH+OUTAGE
CP-0000858,2025-05-29,SIMULATED_HISTORY,Eldoret,PMS,WATCH,NORMAL,6962.49,893.18,6069.31,6.8,1,7426.08,0,CREATE_PIPELINE_BATCH
CP-0000859,2025-06-07,SIMULATED_HISTORY,Eldoret,PMS,WATCH,NORMAL,6920.2,753.04,6167.15,8.19,1,7426.08,0,CREATE_PIPELINE_BATCH
CP-0000860,2025-06-16,SIMULATED_HISTORY,Eldoret,PMS,WATCH,NORMAL,7243.22,759.98,6483.24,8.53,1,7174.67,0,CREATE_PIPELINE_BATCH
CP-0000861,2025-06-25,SIMULATED_HISTORY,Eldoret,PMS,WATCH,NORMAL,7196.58,834.51,6362.07,7.62,1,7426.08,0,CREATE_PIPELINE_BATCH
CP-0000862,2025-07-04,SIMULATED_HISTORY,Eldoret,PMS,WATCH,NORMAL,7201.07,868.71,6332.36,7.29,1,7426.08,0,CREATE_PIPELINE_BATCH
CP-0000863,2025-07-09,SIMULATED_HISTORY,Eldoret,PMS,HEALTHY,PLANNED_PIPELINE_MAINTENANCE,10568.28,822.24,9746.05,11.85,0,0.0,0,HOLD/RESCHEDULE_DUE_TO_OUTAGE
CP-0000864,2025-07-13,SIMULATED_HISTORY,Eldoret,PMS,WATCH,NORMAL,7091.59,735.43,6356.16,8.64,1,7240.37,0,CREATE_PIPELINE_BATCH
CP-0000865,2025-07-21,SIMULATED_HISTORY,Eldoret,PMS,HEALTHY,LOADING_BAY_OUTAGE,8086.58,883.51,7203.07,8.15,0,0.0,0,NONE
CP-0000866,2025-07-22,SIMULATED_HISTORY,Eldoret,PMS,WATCH,NORMAL,7203.07,842.83,6360.24,7.55,1,7426.08,0,CREATE_PIPELINE_BATCH
CP-0000867,2025-07-31,SIMULATED_HISTORY,Eldoret,PMS,WATCH,NORMAL,6958.13,908.82,6049.31,6.66,1,7426.08,0,CREATE_PIPELINE_BATCH
CP-0000868,2025-08-08,SIMULATED_HISTORY,Eldoret,PMS,WATCH,NORMAL,7547.88,1034.26,6513.62,6.3,1,7426.08,0,CREATE_PIPELINE_BATCH
CP-0000869,2025-08-12,SIMULATED_HISTORY,Eldoret,PMS,HEALTHY,UNPLANNED_PUMP_FAILURE,11646.0,812.81,10833.19,13.33,0,0.0,0,HOLD/RESCHEDULE_DUE_TO_OUTAGE
CP-0000870,2025-08-17,SIMULATED_HISTORY,Eldoret,PMS,WATCH,NORMAL,7328.66,723.88,6604.78,9.12,1,6962.87,0,CREATE_PIPELINE_BATCH
CP-0000871,2025-08-26,SIMULATED_HISTORY,Eldoret,PMS,WATCH,NORMAL,7011.08,939.51,6071.57,6.46,1,7426.08,0,CREATE_PIPELINE_BATCH
CP-0000872,2025-08-31,SIMULATED_HISTORY,Eldoret,PMS,HEALTHY,LOADING_BAY_OUTAGE,9904.36,746.1,9158.26,12.27,0,0.0,0,NONE
CP-0000873,2025-09-04,SIMULATED_HISTORY,Eldoret,PMS,WATCH,NORMAL,6759.94,911.7,5848.24,6.41,1,7426.08,0,CREATE_PIPELINE_BATCH
CP-0000874,2025-09-13,SIMULATED_HISTORY,Eldoret,PMS,WATCH,NORMAL,6863.85,656.75,6207.1,9.45,1,7192.73,0,CREATE_PIPELINE_BATCH
CP-0000875,2025-09-22,SIMULATED_HISTORY,Eldoret,PMS,WATCH,NORMAL,6836.62,852.78,5983.84,7.02,1,7426.08,0,CREATE_PIPELINE_BATCH
CP-0000876,2025-10-01,SIMULATED_HISTORY,Eldoret,PMS,WATCH,NORMAL,6710.67,832.4,5878.27,7.06,1,7426.08,0,CREATE_PIPELINE_BATCH
CP-0000877,2025-10-07,SIMULATED_HISTORY,Eldoret,PMS,HEALTHY,LOADING_BAY_OUTAGE,9194.04,917.46,8276.58,9.02,0,0.0,0,NONE
CP-0000878,2025-10-09,SIMULATED_HISTORY,Eldoret,PMS,WATCH,NORMAL,7411.02,838.1,6572.92,7.84,1,7280.28,0,CREATE_PIPELINE_BATCH
CP-0000879,2025-10-18,SIMULATED_HISTORY,Eldoret,PMS,WATCH,NORMAL,6937.01,880.85,6056.16,6.88,1,7426.08,0,CREATE_PIPELINE_BATCH
CP-0000880,2025-10-23,SIMULATED_HISTORY,Eldoret,PMS,HEALTHY,LOADING_BAY_OUTAGE,10060.55,981.55,9078.99,9.25,0,0.0,0,NONE
CP-0000881,2025-10-27,SIMULATED_HISTORY,Eldoret,PMS,WATCH,NORMAL,6692.51,919.09,5773.42,6.28,1,7426.08,0,CREATE_PIPELINE_BATCH
CP-0000882,2025-11-04,SIMULATED_HISTORY,Eldoret,PMS,WATCH,NORMAL,7273.6,840.15,6433.45,7.66,1,7424.88,0,CREATE_PIPELINE_BATCH
CP-0000883,2025-11-14,SIMULATED_HISTORY,Eldoret,PMS,WATCH,NORMAL,6867.62,891.54,5976.08,6.7,1,7426.08,0,CREATE_PIPELINE_BATCH
CP-0000884,2025-11-23,SIMULATED_HISTORY,Eldoret,PMS,WATCH,NORMAL,7109.74,636.99,6472.75,10.16,1,6877.7,0,CREATE_PIPELINE_BATCH
CP-0000885,2025-12-02,SIMULATED_HISTORY,Eldoret,PMS,WATCH,NORMAL,6814.17,1029.79,5784.38,5.62,1,7426.08,0,CREATE_PIPELINE_BATCH
CP-0000886,2025-12-08,SIMULATED_HISTORY,Eldoret,PMS,HEALTHY,LOADING_BAY_OUTAGE,8507.63,994.95,7512.68,7.55,0,0.0,0,NONE
CP-0000887,2025-12-09,SIMULATED_HISTORY,Eldoret,PMS,WATCH,DATA_LATENCY_INCIDENT,7512.68,1061.03,6451.65,6.08,1,7426.08,0,CREATE_PIPELINE_BATCH
CP-0000888,2025-12-17,SIMULATED_HISTORY,Eldoret,PMS,WATCH,NORMAL,7186.31,1006.59,6179.73,6.14,1,7426.08,0,CREATE_PIPELINE_BATCH
CP-0000889,2025-12-25,SIMULATED_HISTORY,Eldoret,PMS,WATCH,NORMAL,6807.25,1094.38,5712.87,5.22,1,7426.08,0,CREATE_PIPELINE_BATCH
CP-0000890,2026-01-01,SIMULATED_HISTORY,Eldoret,PMS,WATCH,NORMAL,7325.35,1182.4,6142.96,5.2,1,7426.08,0,CREATE_PIPELINE_BATCH
CP-0000891,2026-01-08,SIMULATED_HISTORY,Eldoret,PMS,WATCH,NORMAL,7241.75,908.55,6333.21,6.97,1,7426.08,0,CREATE_PIPELINE_BATCH
CP-0000892,2026-01-16,SIMULATED_HISTORY,Eldoret,PMS,WATCH,NORMAL,7386.47,982.11,6404.36,6.52,1,7426.08,0,CREATE_PIPELINE_BATCH
CP-0000893,2026-01-24,SIMULATED_HISTORY,Eldoret,PMS,WATCH,NORMAL,7110.18,828.36,6281.82,7.58,1,7426.08,0,CREATE_PIPELINE_BATCH
CP-0000894,2026-02-01,SIMULATED_HISTORY,Eldoret,PMS,WATCH,NORMAL,7303.24,840.25,6462.98,7.69,1,7395.6,0,CREATE_PIPELINE_BATCH
CP-0000895,2026-02-10,SIMULATED_HISTORY,Eldoret,PMS,WATCH,NORMAL,7067.28,914.89,6152.39,6.72,1,7426.08,0,CREATE_PIPELINE_BATCH
CP-0000896,2026-02-14,SIMULATED_HISTORY,Eldoret,PMS,HEALTHY,LOADING_BAY_OUTAGE,10823.29,770.44,10052.86,13.05,0,0.0,0,NONE
CP-0000897,2026-02-15,SIMULATED_HISTORY,Eldoret,PMS,HEALTHY,LOADING_BAY_OUTAGE,10052.86,742.21,9310.65,12.54,0,0.0,0,NONE
CP-0000898,2026-02-19,SIMULATED_HISTORY,Eldoret,PMS,WATCH,NORMAL,6756.54,860.74,5895.8,6.85,1,7426.08,0,CREATE_PIPELINE_BATCH
CP-0000899,2026-02-27,SIMULATED_HISTORY,Eldoret,PMS,WATCH,NORMAL,7364.91,868.85,6496.06,7.48,1,7426.08,0,CREATE_PIPELINE_BATCH
CP-0000900,2026-03-08,SIMULATED_HISTORY,Eldoret,PMS,WATCH,NORMAL,6717.78,750.43,5967.35,7.95,1,7426.08,0,CREATE_PIPELINE_BATCH
CP-0000901,2026-03-16,SIMULATED_HISTORY,Eldoret,PMS,WATCH,NORMAL,6905.43,930.9,5974.53,6.42,1,7426.08,0,CREATE_PIPELINE_BATCH
CP-0000902,2026-03-18,SIMULATED_HISTORY,Eldoret,PMS,CRITICAL,NORMAL,5111.33,969.72,4141.61,4.27,0,0.0,0,NONE
CP-0000903,2026-03-24,SIMULATED_HISTORY,Eldoret,PMS,WATCH,NORMAL,6977.08,998.04,5979.04,5.99,1,7426.08,0,CREATE_PIPELINE_BATCH
CP-0000904,2026-03-27,SIMULATED_HISTORY,Eldoret,PMS,HEALTHY,UNPLANNED_PUMP_FAILURE,11539.89,884.39,10655.5,12.05,0,0.0,0,HOLD/RESCHEDULE_DUE_TO_OUTAGE
CP-0000905,2026-04-01,SIMULATED_HISTORY,Eldoret,PMS,WATCH,NORMAL,7158.32,916.71,6241.61,6.81,1,7426.08,0,CREATE_PIPELINE_BATCH
CP-0000906,2026-04-09,SIMULATED_HISTORY,Eldoret,PMS,WATCH,NORMAL,7090.02,1029.47,6060.56,5.89,1,7426.08,0,CREATE_PIPELINE_BATCH
CP-0000907,2026-04-17,SIMULATED_HISTORY,Eldoret,PMS,WATCH,NORMAL,7050.51,915.8,6134.71,6.7,1,7426.08,0,CREATE_PIPELINE_BATCH
CP-0000908,2026-04-20,SIMULATED_HISTORY,Eldoret,PMS,HEALTHY,LOADING_BAY_OUTAGE,11916.56,943.55,10973.01,11.63,0,0.0,0,NONE
CP-0000909,2026-04-25,SIMULATED_HISTORY,Eldoret,PMS,WATCH,NORMAL,7206.43,897.81,6308.62,7.03,1,7426.08,0,CREATE_PIPELINE_BATCH
CP-0000910,2026-05-03,SIMULATED_HISTORY,Eldoret,PMS,WATCH,NORMAL,7319.84,828.65,6491.19,7.83,1,7338.41,0,CREATE_PIPELINE_BATCH
CP-0000911,2026-05-11,SIMULATED_HISTORY,Eldoret,PMS,WATCH,UNPLANNED_PUMP_FAILURE,7238.15,905.29,6332.86,7.0,1,7426.08,0,CREATE_PIPELINE_BATCH+OUTAGE
CP-0000912,2026-05-19,SIMULATED_HISTORY,Eldoret,PMS,WATCH,NORMAL,7235.67,840.96,6394.7,7.6,1,7426.08,0,CREATE_PIPELINE_BATCH
CP-0000913,2026-05-26,SIMULATED_HISTORY,Eldoret,PMS,HEALTHY,PLANNED_PIPELINE_MAINTENANCE,8519.57,909.47,7610.1,8.37,0,0.0,0,HOLD/RESCHEDULE_DUE_TO_OUTAGE
CP-0000914,2026-05-28,SIMULATED_HISTORY,Eldoret,PMS,WATCH,NORMAL,6681.63,996.16,5685.47,5.71,1,7426.08,0,CREATE_PIPELINE_BATCH
CP-0000915,2026-05-31,SIMULATED_HISTORY,Eldoret,PMS,HEALTHY,DATA_LATENCY_INCIDENT,11293.81,753.37,10540.44,13.99,0,0.0,0,NONE
CP-0000916,2026-06-05,SIMULATED_HISTORY,Eldoret,PMS,WATCH,NORMAL,6910.91,1009.42,5901.49,5.85,1,7426.08,0,CREATE_PIPELINE_BATCH
CP-0000917,2026-06-13,SIMULATED_HISTORY,Eldoret,PMS,WATCH,NORMAL,7228.08,796.76,6431.32,8.07,1,7318.54,0,CREATE_PIPELINE_BATCH
CP-0000918,2026-06-22,SIMULATED_HISTORY,Eldoret,PMS,WATCH,NORMAL,6929.48,931.09,5998.39,6.44,1,7426.08,0,CREATE_PIPELINE_BATCH
CP-0000919,2026-06-30,SIMULATED_HISTORY,Eldoret,PMS,WATCH,NORMAL,7239.25,779.03,6460.22,8.29,1,7245.32,0,CREATE_PIPELINE_BATCH
CP-0000920,2026-07-08,SIMULATED_HISTORY,Eldoret,PMS,WATCH,NORMAL,7507.45,870.37,6637.09,7.63,1,7296.79,0,CREATE_PIPELINE_BATCH
CP-0000921,2026-07-16,SIMULATED_HISTORY,Eldoret,PMS,WATCH,NORMAL,7524.62,1002.16,6522.46,6.51,1,7426.08,0,CREATE_PIPELINE_BATCH
CP-0000922,2026-07-25,SIMULATED_HISTORY,Eldoret,PMS,WATCH,NORMAL,6827.12,778.68,6048.45,7.77,1,7426.08,0,CREATE_PIPELINE_BATCH
CP-0000923,2026-08-01,SIMULATED_HISTORY,Eldoret,PMS,HEALTHY,UNPLANNED_PUMP_FAILURE,7969.5,846.05,7123.45,8.42,0,0.0,0,HOLD/RESCHEDULE_DUE_TO_OUTAGE
CP-0000924,2026-08-02,SIMULATED_HISTORY,Eldoret,PMS,WATCH,NORMAL,7123.45,725.01,6398.44,8.83,1,7172.04,0,CREATE_PIPELINE_BATCH
CP-0000925,2026-08-08,SIMULATED_HISTORY,Eldoret,PMS,HEALTHY,DATA_LATENCY_INCIDENT;PLANNED_PIPELINE_MAINTENANCE,8888.9,885.98,8002.92,9.03,0,0.0,0,HOLD/RESCHEDULE_DUE_TO_OUTAGE
CP-0000926,2026-08-09,SIMULATED_HISTORY,Eldoret,PMS,HEALTHY,PLANNED_PIPELINE_MAINTENANCE,8002.92,797.54,7205.38,9.03,0,0.0,0,HOLD/RESCHEDULE_DUE_TO_OUTAGE
CP-0000927,2026-08-10,SIMULATED_HISTORY,Eldoret,PMS,WATCH,NORMAL,7205.38,938.84,6266.54,6.67,1,7426.08,0,CREATE_PIPELINE_BATCH
CP-0000928,2026-08-19,SIMULATED_HISTORY,Eldoret,PMS,WATCH,NORMAL,6724.61,905.97,5818.63,6.42,1,7426.08,0,CREATE_PIPELINE_BATCH
CP-0000929,2026-08-27,SIMULATED_HISTORY,Eldoret,PMS,WATCH,NORMAL,7205.05,885.59,6319.46,7.14,1,7426.08,0,CREATE_PIPELINE_BATCH
CP-0000930,2026-09-04,SIMULATED_HISTORY,Eldoret,PMS,WATCH,NORMAL,7565.18,990.05,6575.13,6.64,1,7426.08,0,CREATE_PIPELINE_BATCH
CP-0000931,2026-09-13,SCENARIO_FUTURE,Eldoret,PMS,WATCH,NORMAL,7166.57,699.84,6466.73,9.24,1,7040.83,0,CREATE_PIPELINE_BATCH
CP-0000932,2026-09-21,SCENARIO_FUTURE,Eldoret,PMS,WATCH,NORMAL,7428.01,780.88,6647.13,8.51,1,7063.03,0,CREATE_PIPELINE_BATCH
CP-0000933,2026-09-30,SCENARIO_FUTURE,Eldoret,PMS,WATCH,NORMAL,6767.2,879.46,5887.74,6.69,1,7426.08,0,CREATE_PIPELINE_BATCH
CP-0000934,2026-10-08,SCENARIO_FUTURE,Eldoret,PMS,WATCH,NORMAL,7116.64,897.86,6218.78,6.93,1,7426.08,0,CREATE_PIPELINE_BATCH
CP-0000935,2026-10-16,SCENARIO_FUTURE,Eldoret,PMS,WATCH,NORMAL,7427.06,901.76,6525.3,7.24,1,7426.08,0,CREATE_PIPELINE_BATCH
CP-0000936,2026-10-23,SCENARIO_FUTURE,Eldoret,PMS,HEALTHY,LOADING_BAY_OUTAGE,8542.74,986.43,7556.31,7.66,0,0.0,0,NONE
CP-0000937,2026-10-24,SCENARIO_FUTURE,Eldoret,PMS,WATCH,NORMAL,7556.31,971.74,6584.57,6.78,1,7426.08,0,CREATE_PIPELINE_BATCH
CP-0000938,2026-10-30,SCENARIO_FUTURE,Eldoret,PMS,HEALTHY,LOADING_BAY_OUTAGE,9472.26,988.5,8483.75,8.58,0,0.0,0,NONE
CP-0000939,2026-11-02,SCENARIO_FUTURE,Eldoret,PMS,WATCH,NORMAL,6913.9,810.29,6103.61,7.53,1,7426.08,0,CREATE_PIPELINE_BATCH
CP-0000940,2026-11-11,SCENARIO_FUTURE,Eldoret,PMS,WATCH,NORMAL,6852.16,845.68,6006.48,7.1,1,7426.08,0,CREATE_PIPELINE_BATCH
CP-0000941,2026-11-19,SCENARIO_FUTURE,Eldoret,PMS,WATCH,NORMAL,7437.07,867.1,6569.98,7.58,1,7355.72,0,CREATE_PIPELINE_BATCH
CP-0000942,2026-11-28,SCENARIO_FUTURE,Eldoret,PMS,WATCH,NORMAL,6948.65,750.14,6198.51,8.26,1,7426.08,0,CREATE_PIPELINE_BATCH
CP-0000943,2026-12-06,SCENARIO_FUTURE,Eldoret,PMS,WATCH,NORMAL,6858.11,924.92,5933.19,6.41,1,7426.08,0,CREATE_PIPELINE_BATCH
CP-0000944,2026-12-13,SCENARIO_FUTURE,Eldoret,PMS,WATCH,NORMAL,7070.39,916.52,6153.87,6.71,1,7426.08,0,CREATE_PIPELINE_BATCH
CP-0000945,2026-12-20,SCENARIO_FUTURE,Eldoret,PMS,WATCH,NORMAL,7496.31,864.87,6631.44,7.67,1,7288.69,0,CREATE_PIPELINE_BATCH
CP-0000946,2026-12-27,SCENARIO_FUTURE,Eldoret,PMS,WATCH,NORMAL,7453.77,861.53,6592.24,7.65,1,7319.54,0,CREATE_PIPELINE_BATCH
CP-0000947,2021-01-04,SIMULATED_HISTORY,Kisumu,AGO,WATCH,NORMAL,13385.41,1153.89,12231.52,10.6,1,4640.0,0,CREATE_PIPELINE_BATCH
CP-0000948,2021-01-08,SIMULATED_HISTORY,Kisumu,AGO,WATCH,NORMAL,13384.68,1235.14,12149.54,9.84,1,4640.0,0,CREATE_PIPELINE_BATCH
CP-0000949,2021-01-12,SIMULATED_HISTORY,Kisumu,AGO,WATCH,NORMAL,13470.97,1253.56,12217.4,9.75,1,4640.0,0,CREATE_PIPELINE_BATCH
CP-0000950,2021-01-16,SIMULATED_HISTORY,Kisumu,AGO,WATCH,NORMAL,13409.85,1075.08,12334.78,11.47,1,4640.0,0,CREATE_PIPELINE_BATCH
CP-0000951,2021-01-20,SIMULATED_HISTORY,Kisumu,AGO,HEALTHY,UNPLANNED_PUMP_FAILURE,13683.62,1032.88,12650.74,12.25,0,0.0,0,HOLD/RESCHEDULE_DUE_TO_OUTAGE
CP-0000952,2021-01-21,SIMULATED_HISTORY,Kisumu,AGO,WATCH,NORMAL,12650.74,1104.21,11546.54,10.46,1,4640.0,0,CREATE_PIPELINE_BATCH
CP-0000953,2021-01-25,SIMULATED_HISTORY,Kisumu,AGO,WATCH,NORMAL,12916.34,1186.01,11730.33,9.89,1,4640.0,0,CREATE_PIPELINE_BATCH
CP-0000954,2021-01-29,SIMULATED_HISTORY,Kisumu,AGO,WATCH,NORMAL,13047.5,1249.52,11797.98,9.44,1,4640.0,0,CREATE_PIPELINE_BATCH
CP-0000955,2021-02-03,SIMULATED_HISTORY,Kisumu,AGO,WATCH,NORMAL,12646.81,1019.31,11627.49,11.41,1,4640.0,0,CREATE_PIPELINE_BATCH
CP-0000956,2021-02-07,SIMULATED_HISTORY,Kisumu,AGO,WATCH,NORMAL,13005.61,907.22,12098.39,13.34,1,4640.0,0,CREATE_PIPELINE_BATCH
CP-0000957,2021-02-11,SIMULATED_HISTORY,Kisumu,AGO,WATCH,NORMAL,13597.83,1092.25,12505.58,11.45,1,4640.0,0,CREATE_PIPELINE_BATCH
CP-0000958,2021-02-16,SIMULATED_HISTORY,Kisumu,AGO,WATCH,NORMAL,13225.87,1064.63,12161.24,11.42,1,4640.0,0,CREATE_PIPELINE_BATCH
CP-0000959,2021-02-20,SIMULATED_HISTORY,Kisumu,AGO,WATCH,NORMAL,13663.62,1041.16,12622.46,12.12,1,4640.0,0,CREATE_PIPELINE_BATCH
CP-0000960,2021-02-25,SIMULATED_HISTORY,Kisumu,AGO,WATCH,NORMAL,13233.8,1125.24,12108.56,10.76,1,4640.0,0,CREATE_PIPELINE_BATCH
CP-0000961,2021-03-02,SIMULATED_HISTORY,Kisumu,AGO,WATCH,NORMAL,12719.05,1087.11,11631.94,10.7,1,4640.0,0,CREATE_PIPELINE_BATCH
CP-0000962,2021-03-06,SIMULATED_HISTORY,Kisumu,AGO,WATCH,NORMAL,12945.64,1051.41,11894.24,11.31,1,4640.0,0,CREATE_PIPELINE_BATCH
CP-0000963,2021-03-08,SIMULATED_HISTORY,Kisumu,AGO,WATCH,LOADING_BAY_OUTAGE,10986.45,1078.59,9907.86,9.19,0,0.0,0,NONE
CP-0000964,2021-03-10,SIMULATED_HISTORY,Kisumu,AGO,WATCH,NORMAL,13479.87,1132.13,12347.74,10.91,1,4640.0,0,CREATE_PIPELINE_BATCH
CP-0000965,2021-03-15,SIMULATED_HISTORY,Kisumu,AGO,WATCH,NORMAL,12856.63,1241.96,11614.67,9.35,1,4640.0,0,CREATE_PIPELINE_BATCH
CP-0000966,2021-03-19,SIMULATED_HISTORY,Kisumu,AGO,WATCH,NORMAL,12941.58,1152.44,11789.14,10.23,1,4640.0,0,CREATE_PIPELINE_BATCH
CP-0000967,2021-03-23,SIMULATED_HISTORY,Kisumu,AGO,WATCH,NORMAL,13275.24,1087.38,12187.86,11.21,1,4640.0,0,CREATE_PIPELINE_BATCH
CP-0000968,2021-03-25,SIMULATED_HISTORY,Kisumu,AGO,HEALTHY,DATA_LATENCY_INCIDENT,11096.41,1088.65,14647.76,13.45,0,0.0,0,NONE
CP-0000969,2021-03-27,SIMULATED_HISTORY,Kisumu,AGO,WATCH,NORMAL,13553.36,948.55,12604.81,13.29,1,4640.0,0,CREATE_PIPELINE_BATCH
CP-0000970,2021-04-01,SIMULATED_HISTORY,Kisumu,AGO,WATCH,PLANNED_PIPELINE_MAINTENANCE,12802.53,1082.92,11719.62,10.82,1,4640.0,0,CREATE_PIPELINE_BATCH+OUTAGE
CP-0000971,2021-04-02,SIMULATED_HISTORY,Kisumu,AGO,WATCH,PLANNED_PIPELINE_MAINTENANCE,11719.62,1217.37,10502.24,8.63,0,0.0,0,HOLD/RESCHEDULE_DUE_TO_OUTAGE
CP-0000972,2021-04-04,SIMULATED_HISTORY,Kisumu,AGO,HEALTHY,DATA_LATENCY_INCIDENT,14203.44,882.11,13321.33,15.1,0,0.0,0,NONE
CP-0000973,2021-04-05,SIMULATED_HISTORY,Kisumu,AGO,WATCH,NORMAL,13321.33,1064.41,12256.93,11.52,1,4640.0,0,CREATE_PIPELINE_BATCH
CP-0000974,2021-04-09,SIMULATED_HISTORY,Kisumu,AGO,WATCH,NORMAL,13508.03,1203.7,12304.33,10.22,1,4640.0,0,CREATE_PIPELINE_BATCH
CP-0000975,2021-04-14,SIMULATED_HISTORY,Kisumu,AGO,WATCH,NORMAL,12687.79,1237.53,11450.26,9.25,1,4640.0,0,CREATE_PIPELINE_BATCH
CP-0000976,2021-04-17,SIMULATED_HISTORY,Kisumu,AGO,WATCH,NORMAL,9031.83,1089.84,12581.98,11.54,1,4640.0,0,CREATE_PIPELINE_BATCH
CP-0000977,2021-04-22,SIMULATED_HISTORY,Kisumu,AGO,WATCH,NORMAL,12932.1,1222.01,11710.09,9.58,1,4640.0,0,CREATE_PIPELINE_BATCH
CP-0000978,2021-04-26,SIMULATED_HISTORY,Kisumu,AGO,WATCH,NORMAL,8516.4,1105.38,12051.02,10.9,1,4640.0,0,CREATE_PIPELINE_BATCH
CP-0000979,2021-04-30,SIMULATED_HISTORY,Kisumu,AGO,WATCH,NORMAL,13312.84,1204.43,12108.41,10.05,1,4640.0,0,CREATE_PIPELINE_BATCH
CP-0000980,2021-05-04,SIMULATED_HISTORY,Kisumu,AGO,WATCH,NORMAL,13501.82,1171.91,12329.91,10.52,1,4640.0,0,CREATE_PIPELINE_BATCH
CP-0000981,2021-05-08,SIMULATED_HISTORY,Kisumu,AGO,WATCH,NORMAL,13503.86,958.73,12545.13,13.09,1,4640.0,0,CREATE_PIPELINE_BATCH
CP-0000982,2021-05-13,SIMULATED_HISTORY,Kisumu,AGO,WATCH,NORMAL,12763.51,1090.01,11673.5,10.71,1,4640.0,0,CREATE_PIPELINE_BATCH
CP-0000983,2021-05-17,SIMULATED_HISTORY,Kisumu,AGO,WATCH,NORMAL,13144.69,1151.12,11993.57,10.42,1,4640.0,0,CREATE_PIPELINE_BATCH
CP-0000984,2021-05-20,SIMULATED_HISTORY,Kisumu,AGO,HEALTHY,LOADING_BAY_OUTAGE,14391.32,1178.99,13212.32,11.21,0,0.0,0,NONE
CP-0000985,2021-05-21,SIMULATED_HISTORY,Kisumu,AGO,WATCH,NORMAL,13212.32,1169.09,12043.23,10.3,1,4640.0,0,CREATE_PIPELINE_BATCH
CP-0000986,2021-05-25,SIMULATED_HISTORY,Kisumu,AGO,WATCH,NORMAL,13524.78,1025.71,12499.07,12.19,1,4640.0,0,CREATE_PIPELINE_BATCH
CP-0000987,2021-05-30,SIMULATED_HISTORY,Kisumu,AGO,WATCH,NORMAL,12758.03,1003.07,11754.96,11.72,1,4640.0,0,CREATE_PIPELINE_BATCH
CP-0000988,2021-06-03,SIMULATED_HISTORY,Kisumu,AGO,WATCH,NORMAL,13072.38,1106.2,11966.18,10.82,1,4640.0,0,CREATE_PIPELINE_BATCH
CP-0000989,2021-06-07,SIMULATED_HISTORY,Kisumu,AGO,WATCH,NORMAL,13583.82,1070.51,12513.3,11.69,1,4640.0,0,CREATE_PIPELINE_BATCH
CP-0000990,2021-06-12,SIMULATED_HISTORY,Kisumu,AGO,WATCH,NORMAL,12877.71,945.42,11932.29,12.62,1,4640.0,0,CREATE_PIPELINE_BATCH
CP-0000991,2021-06-16,SIMULATED_HISTORY,Kisumu,AGO,WATCH,NORMAL,13512.12,1107.26,12404.87,11.2,1,4640.0,0,CREATE_PIPELINE_BATCH
CP-0000992,2021-06-21,SIMULATED_HISTORY,Kisumu,AGO,WATCH,NORMAL,12995.32,1147.17,11848.16,10.33,1,4640.0,0,CREATE_PIPELINE_BATCH
CP-0000993,2021-06-25,SIMULATED_HISTORY,Kisumu,AGO,WATCH,NORMAL,13329.79,1034.78,12295.01,11.88,1,4640.0,0,CREATE_PIPELINE_BATCH
CP-0000994,2021-06-30,SIMULATED_HISTORY,Kisumu,AGO,WATCH,NORMAL,12808.7,1094.69,11714.01,10.7,1,4640.0,0,CREATE_PIPELINE_BATCH
CP-0000995,2021-07-04,SIMULATED_HISTORY,Kisumu,AGO,WATCH,NORMAL,13041.79,960.38,12081.41,12.58,1,4640.0,0,CREATE_PIPELINE_BATCH
CP-0000996,2021-07-08,SIMULATED_HISTORY,Kisumu,AGO,WATCH,NORMAL,13413.46,1119.4,12294.06,10.98,1,4640.0,0,CREATE_PIPELINE_BATCH
CP-0000997,2021-07-13,SIMULATED_HISTORY,Kisumu,AGO,WATCH,NORMAL,12802.06,1144.16,11657.9,10.19,1,4640.0,0,CREATE_PIPELINE_BATCH
CP-0000998,2021-07-17,SIMULATED_HISTORY,Kisumu,AGO,WATCH,NORMAL,12904.73,1096.23,11808.5,10.77,1,4640.0,0,CREATE_PIPELINE_BATCH
CP-0000999,2021-07-19,SIMULATED_HISTORY,Kisumu,AGO,WATCH,LOADING_BAY_OUTAGE,10913.04,1142.32,9770.72,8.55,0,0.0,0,NONE
CP-0001000,2021-07-21,SIMULATED_HISTORY,Kisumu,AGO,WATCH,NORMAL,13389.07,1153.94,12235.14,10.6,1,4640.0,0,CREATE_PIPELINE_BATCH
CP-0001001,2021-07-26,SIMULATED_HISTORY,Kisumu,AGO,WATCH,NORMAL,12728.01,1012.3,11715.71,11.57,1,4640.0,0,CREATE_PIPELINE_BATCH
CP-0001002,2021-07-30,SIMULATED_HISTORY,Kisumu,AGO,WATCH,NORMAL,13060.53,1158.36,11902.16,10.27,1,4640.0,0,CREATE_PIPELINE_BATCH
CP-0001003,2021-08-03,SIMULATED_HISTORY,Kisumu,AGO,WATCH,NORMAL,13563.12,1077.13,12485.99,11.59,1,4640.0,0,CREATE_PIPELINE_BATCH
CP-0001004,2021-08-08,SIMULATED_HISTORY,Kisumu,AGO,WATCH,NORMAL,12652.6,929.02,11723.58,12.62,1,4640.0,0,CREATE_PIPELINE_BATCH
CP-0001005,2021-08-10,SIMULATED_HISTORY,Kisumu,AGO,WATCH,UNPLANNED_PUMP_FAILURE,10643.22,988.63,9654.59,9.77,0,0.0,0,HOLD/RESCHEDULE_DUE_TO_OUTAGE
CP-0001006,2021-08-12,SIMULATED_HISTORY,Kisumu,AGO,WATCH,NORMAL,13158.45,1183.5,11974.94,10.12,1,4640.0,0,CREATE_PIPELINE_BATCH
CP-0001007,2021-08-16,SIMULATED_HISTORY,Kisumu,AGO,WATCH,NORMAL,13464.29,1208.65,12255.64,10.14,1,4640.0,0,CREATE_PIPELINE_BATCH
CP-0001008,2021-08-20,SIMULATED_HISTORY,Kisumu,AGO,WATCH,NORMAL,13591.21,1042.0,12549.21,12.04,1,4640.0,0,CREATE_PIPELINE_BATCH
CP-0001009,2021-08-25,SIMULATED_HISTORY,Kisumu,AGO,WATCH,NORMAL,13015.03,1101.9,11913.12,10.81,1,4640.0,0,CREATE_PIPELINE_BATCH
CP-0001010,2021-08-29,SIMULATED_HISTORY,Kisumu,AGO,WATCH,NORMAL,13121.23,973.0,12148.23,12.49,1,4640.0,0,CREATE_PIPELINE_BATCH
CP-0001011,2021-09-02,SIMULATED_HISTORY,Kisumu,AGO,WATCH,NORMAL,13245.07,1134.31,12110.76,10.68,1,4640.0,0,CREATE_PIPELINE_BATCH
CP-0001012,2021-09-06,SIMULATED_HISTORY,Kisumu,AGO,WATCH,NORMAL,13458.37,1195.26,12263.11,10.26,1,4640.0,0,CREATE_PIPELINE_BATCH
CP-0001013,2021-09-10,SIMULATED_HISTORY,Kisumu,AGO,WATCH,NORMAL,13547.25,1150.31,12396.94,10.78,1,4640.0,0,CREATE_PIPELINE_BATCH
CP-0001014,2021-09-15,SIMULATED_HISTORY,Kisumu,AGO,WATCH,NORMAL,12751.42,1144.98,11606.44,10.14,1,4640.0,0,CREATE_PIPELINE_BATCH
CP-0001015,2021-09-19,SIMULATED_HISTORY,Kisumu,AGO,WATCH,NORMAL,12778.48,869.9,11908.58,13.69,1,4640.0,0,CREATE_PIPELINE_BATCH
CP-0001016,2021-09-23,SIMULATED_HISTORY,Kisumu,AGO,WATCH,NORMAL,13045.25,1286.71,11758.54,9.14,1,4640.0,0,CREATE_PIPELINE_BATCH
CP-0001017,2021-09-27,SIMULATED_HISTORY,Kisumu,AGO,WATCH,NORMAL,13120.23,1131.48,11988.75,10.6,1,4640.0,0,CREATE_PIPELINE_BATCH
CP-0001018,2021-10-01,SIMULATED_HISTORY,Kisumu,AGO,WATCH,NORMAL,13245.53,1336.3,11909.23,8.91,1,4640.0,0,CREATE_PIPELINE_BATCH
CP-0001019,2021-10-05,SIMULATED_HISTORY,Kisumu,AGO,WATCH,NORMAL,13044.49,1301.19,11743.3,9.03,1,4640.0,0,CREATE_PIPELINE_BATCH
CP-0001020,2021-10-08,SIMULATED_HISTORY,Kisumu,AGO,WATCH,NORMAL,9152.72,1418.17,12374.55,8.73,1,4640.0,0,CREATE_PIPELINE_BATCH
CP-0001021,2021-10-12,SIMULATED_HISTORY,Kisumu,AGO,WATCH,NORMAL,13150.99,1338.75,11812.24,8.82,1,4640.0,0,CREATE_PIPELINE_BATCH
CP-0001022,2021-10-15,SIMULATED_HISTORY,Kisumu,AGO,WATCH,NORMAL,13882.41,1390.12,12492.3,8.99,1,4640.0,0,CREATE_PIPELINE_BATCH
CP-0001023,2021-10-19,SIMULATED_HISTORY,Kisumu,AGO,WATCH,NORMAL,13530.06,1284.17,12245.89,9.54,1,4640.0,0,CREATE_PIPELINE_BATCH
CP-0001024,2021-10-21,SIMULATED_HISTORY,Kisumu,AGO,HEALTHY,LOADING_BAY_OUTAGE,11042.96,1443.39,14239.56,9.87,0,0.0,0,NONE
CP-0001025,2021-10-23,SIMULATED_HISTORY,Kisumu,AGO,WATCH,NORMAL,12972.15,1360.87,11611.28,8.53,1,4640.0,0,CREATE_PIPELINE_BATCH
CP-0001026,2021-10-26,SIMULATED_HISTORY,Kisumu,AGO,WATCH,NORMAL,13795.84,1222.78,12573.06,10.28,1,4640.0,0,CREATE_PIPELINE_BATCH
CP-0001027,2021-10-30,SIMULATED_HISTORY,Kisumu,AGO,WATCH,NORMAL,13204.38,1165.09,12039.29,10.33,1,4640.0,0,CREATE_PIPELINE_BATCH
CP-0001028,2021-11-03,SIMULATED_HISTORY,Kisumu,AGO,WATCH,NORMAL,13486.66,1143.77,12342.89,10.79,1,4640.0,0,CREATE_PIPELINE_BATCH
CP-0001029,2021-11-08,SIMULATED_HISTORY,Kisumu,AGO,WATCH,NORMAL,12661.9,1210.47,11451.43,9.46,1,4640.0,0,CREATE_PIPELINE_BATCH
CP-0001030,2021-11-12,SIMULATED_HISTORY,Kisumu,AGO,WATCH,UNPLANNED_PUMP_FAILURE,12656.52,1153.7,11502.83,9.97,1,4640.0,0,CREATE_PIPELINE_BATCH+OUTAGE
CP-0001031,2021-11-16,SIMULATED_HISTORY,Kisumu,AGO,WATCH,NORMAL,12897.91,1110.61,11787.31,10.61,1,4640.0,0,CREATE_PIPELINE_BATCH
CP-0001032,2021-11-20,SIMULATED_HISTORY,Kisumu,AGO,WATCH,NORMAL,13031.64,932.01,12099.63,12.98,1,4640.0,0,CREATE_PIPELINE_BATCH
CP-0001033,2021-11-23,SIMULATED_HISTORY,Kisumu,AGO,HEALTHY,PLANNED_PIPELINE_MAINTENANCE,14557.95,1120.34,13437.61,11.99,0,0.0,0,HOLD/RESCHEDULE_DUE_TO_OUTAGE
CP-0001034,2021-11-24,SIMULATED_HISTORY,Kisumu,AGO,WATCH,NORMAL,13437.61,1132.56,12305.06,10.86,1,4640.0,0,CREATE_PIPELINE_BATCH
CP-0001035,2021-11-28,SIMULATED_HISTORY,Kisumu,AGO,WATCH,NORMAL,13673.99,1077.82,12596.17,11.69,1,4640.0,0,CREATE_PIPELINE_BATCH
CP-0001036,2021-11-29,SIMULATED_HISTORY,Kisumu,AGO,WATCH,LOADING_BAY_OUTAGE,12596.17,1126.24,11469.93,10.18,0,0.0,0,NONE
CP-0001037,2021-12-03,SIMULATED_HISTORY,Kisumu,AGO,WATCH,NORMAL,12674.93,1277.78,11397.15,8.92,1,4640.0,0,CREATE_PIPELINE_BATCH
CP-0001038,2021-12-07,SIMULATED_HISTORY,Kisumu,AGO,WATCH,NORMAL,12917.39,1041.38,11876.01,11.4,1,4640.0,0,CREATE_PIPELINE_BATCH
CP-0001039,2021-12-11,SIMULATED_HISTORY,Kisumu,AGO,WATCH,NORMAL,13165.05,1021.71,12143.34,11.89,1,4640.0,0,CREATE_PIPELINE_BATCH
CP-0001040,2021-12-15,SIMULATED_HISTORY,Kisumu,AGO,WATCH,NORMAL,13561.2,1164.49,12396.72,10.65,1,4640.0,0,CREATE_PIPELINE_BATCH
CP-0001041,2021-12-19,SIMULATED_HISTORY,Kisumu,AGO,WATCH,NORMAL,13634.39,1000.1,12634.29,12.63,1,4640.0,0,CREATE_PIPELINE_BATCH
CP-0001042,2021-12-24,SIMULATED_HISTORY,Kisumu,AGO,WATCH,NORMAL,12726.07,1182.15,11543.92,9.77,1,4640.0,0,CREATE_PIPELINE_BATCH
CP-0001043,2021-12-28,SIMULATED_HISTORY,Kisumu,AGO,WATCH,NORMAL,13149.05,1267.31,11881.74,9.38,1,4640.0,0,CREATE_PIPELINE_BATCH
CP-0001044,2022-01-01,SIMULATED_HISTORY,Kisumu,AGO,WATCH,NORMAL,13220.44,1035.58,12184.87,11.77,1,4640.0,0,CREATE_PIPELINE_BATCH
CP-0001045,2022-01-05,SIMULATED_HISTORY,Kisumu,AGO,WATCH,NORMAL,13495.76,1157.22,12338.53,10.66,1,4640.0,0,CREATE_PIPELINE_BATCH
CP-0001046,2022-01-09,SIMULATED_HISTORY,Kisumu,AGO,WATCH,NORMAL,13363.31,1078.61,12284.7,11.39,1,4640.0,0,CREATE_PIPELINE_BATCH
CP-0001047,2022-01-13,SIMULATED_HISTORY,Kisumu,AGO,WATCH,NORMAL,13254.33,1386.1,11868.23,8.56,1,4640.0,0,CREATE_PIPELINE_BATCH
CP-0001048,2022-01-17,SIMULATED_HISTORY,Kisumu,AGO,WATCH,NORMAL,13255.94,1173.95,12081.99,10.29,1,4640.0,0,CREATE_PIPELINE_BATCH
CP-0001049,2022-01-21,SIMULATED_HISTORY,Kisumu,AGO,WATCH,NORMAL,13028.08,1192.73,11835.34,9.92,1,4640.0,0,CREATE_PIPELINE_BATCH
CP-0001050,2022-01-25,SIMULATED_HISTORY,Kisumu,AGO,WATCH,NORMAL,13007.3,1314.89,11692.4,8.89,1,4640.0,0,CREATE_PIPELINE_BATCH
CP-0001051,2022-01-29,SIMULATED_HISTORY,Kisumu,AGO,WATCH,NORMAL,12651.7,1023.98,11627.71,11.36,1,4640.0,0,CREATE_PIPELINE_BATCH
CP-0001052,2022-02-02,SIMULATED_HISTORY,Kisumu,AGO,WATCH,NORMAL,13002.76,1062.49,11940.28,11.24,1,4640.0,0,CREATE_PIPELINE_BATCH
CP-0001053,2022-02-06,SIMULATED_HISTORY,Kisumu,AGO,WATCH,NORMAL,13386.29,961.23,12425.06,12.93,1,4640.0,0,CREATE_PIPELINE_BATCH
CP-0001054,2022-02-10,SIMULATED_HISTORY,Kisumu,AGO,WATCH,NORMAL,13579.85,1096.83,12483.02,11.38,1,4640.0,0,CREATE_PIPELINE_BATCH
CP-0001055,2022-02-15,SIMULATED_HISTORY,Kisumu,AGO,WATCH,NORMAL,13115.48,1057.21,12058.27,11.41,1,4640.0,0,CREATE_PIPELINE_BATCH
CP-0001056,2022-02-19,SIMULATED_HISTORY,Kisumu,AGO,WATCH,NORMAL,13365.33,1077.03,12288.3,11.41,1,4640.0,0,CREATE_PIPELINE_BATCH
CP-0001057,2022-02-23,SIMULATED_HISTORY,Kisumu,AGO,WATCH,NORMAL,13683.88,1120.11,12563.78,11.22,1,4640.0,0,CREATE_PIPELINE_BATCH
CP-0001058,2022-02-28,SIMULATED_HISTORY,Kisumu,AGO,WATCH,NORMAL,13104.36,1114.5,11989.86,10.76,1,4640.0,0,CREATE_PIPELINE_BATCH
CP-0001059,2022-03-04,SIMULATED_HISTORY,Kisumu,AGO,WATCH,NORMAL,13221.52,1290.25,11931.27,9.25,1,4640.0,0,CREATE_PIPELINE_BATCH
CP-0001060,2022-03-08,SIMULATED_HISTORY,Kisumu,AGO,WATCH,NORMAL,13207.61,1151.15,12056.45,10.47,1,4640.0,0,CREATE_PIPELINE_BATCH
CP-0001061,2022-03-12,SIMULATED_HISTORY,Kisumu,AGO,WATCH,NORMAL,13162.69,993.03,12169.66,12.26,1,4640.0,0,CREATE_PIPELINE_BATCH
CP-0001062,2022-03-16,SIMULATED_HISTORY,Kisumu,AGO,WATCH,NORMAL,13484.73,1285.78,12198.95,9.49,1,4640.0,0,CREATE_PIPELINE_BATCH
CP-0001063,2022-03-20,SIMULATED_HISTORY,Kisumu,AGO,WATCH,NORMAL,13312.12,1006.31,12305.81,12.23,1,4640.0,0,CREATE_PIPELINE_BATCH
CP-0001064,2022-03-24,SIMULATED_HISTORY,Kisumu,AGO,WATCH,NORMAL,13546.19,1283.95,12262.24,9.55,1,4640.0,0,CREATE_PIPELINE_BATCH
CP-0001065,2022-03-28,SIMULATED_HISTORY,Kisumu,AGO,WATCH,NORMAL,13686.22,1074.49,12611.73,11.74,1,4640.0,0,CREATE_PIPELINE_BATCH
CP-0001066,2022-04-01,SIMULATED_HISTORY,Kisumu,AGO,WATCH,NORMAL,13827.35,1435.45,12391.9,8.63,1,4640.0,0,CREATE_PIPELINE_BATCH
CP-0001067,2022-04-05,SIMULATED_HISTORY,Kisumu,AGO,WATCH,NORMAL,13596.23,1121.17,12475.06,11.13,1,4640.0,0,CREATE_PIPELINE_BATCH
CP-0001068,2022-04-06,SIMULATED_HISTORY,Kisumu,AGO,WATCH,LOADING_BAY_OUTAGE,12475.06,1209.17,11265.88,9.32,0,0.0,0,NONE
CP-0001069,2022-04-09,SIMULATED_HISTORY,Kisumu,AGO,WATCH,NORMAL,13449.63,1098.73,12350.9,11.24,1,4640.0,0,CREATE_PIPELINE_BATCH
CP-0001070,2022-04-12,SIMULATED_HISTORY,Kisumu,AGO,HEALTHY,LOADING_BAY_OUTAGE,14726.23,1249.53,13476.7,10.79,0,0.0,0,NONE
CP-0001071,2022-04-13,SIMULATED_HISTORY,Kisumu,AGO,WATCH,NORMAL,13476.7,1200.14,12276.56,10.23,1,4640.0,0,CREATE_PIPELINE_BATCH
CP-0001072,2022-04-17,SIMULATED_HISTORY,Kisumu,AGO,WATCH,NORMAL,13524.92,1039.84,12485.09,12.01,1,4640.0,0,CREATE_PIPELINE_BATCH
CP-0001073,2022-04-21,SIMULATED_HISTORY,Kisumu,AGO,WATCH,NORMAL,13603.54,1244.36,12359.18,9.93,1,4640.0,0,CREATE_PIPELINE_BATCH
CP-0001074,2022-04-25,SIMULATED_HISTORY,Kisumu,AGO,WATCH,NORMAL,13561.68,1198.9,12362.78,10.31,1,4640.0,0,CREATE_PIPELINE_BATCH
CP-0001075,2022-04-29,SIMULATED_HISTORY,Kisumu,AGO,WATCH,NORMAL,13362.73,1238.94,12123.79,9.79,1,4640.0,0,CREATE_PIPELINE_BATCH
CP-0001076,2022-05-03,SIMULATED_HISTORY,Kisumu,AGO,WATCH,NORMAL,13471.77,1241.45,12230.32,9.85,1,4640.0,0,CREATE_PIPELINE_BATCH
CP-0001077,2022-05-07,SIMULATED_HISTORY,Kisumu,AGO,WATCH,UNPLANNED_PUMP_FAILURE,13208.26,1065.7,12142.56,11.39,1,4640.0,0,CREATE_PIPELINE_BATCH+OUTAGE
CP-0001078,2022-05-11,SIMULATED_HISTORY,Kisumu,AGO,WATCH,NORMAL,13391.43,1160.6,12230.83,10.54,1,4640.0,0,CREATE_PIPELINE_BATCH
CP-0001079,2022-05-15,SIMULATED_HISTORY,Kisumu,AGO,WATCH,NORMAL,13437.71,1023.22,12414.48,12.13,1,4640.0,0,CREATE_PIPELINE_BATCH
CP-0001080,2022-05-19,SIMULATED_HISTORY,Kisumu,AGO,WATCH,NORMAL,13500.56,1159.92,12340.64,10.64,1,4640.0,0,CREATE_PIPELINE_BATCH
CP-0001081,2022-05-23,SIMULATED_HISTORY,Kisumu,AGO,WATCH,NORMAL,13586.95,1096.68,12490.27,11.39,1,4640.0,0,CREATE_PIPELINE_BATCH
CP-0001082,2022-05-27,SIMULATED_HISTORY,Kisumu,AGO,WATCH,NORMAL,13606.05,1301.82,12304.23,9.45,1,4640.0,0,CREATE_PIPELINE_BATCH
CP-0001083,2022-05-29,SIMULATED_HISTORY,Kisumu,AGO,WATCH,PLANNED_PIPELINE_MAINTENANCE,11212.87,957.51,10255.36,10.71,0,0.0,0,HOLD/RESCHEDULE_DUE_TO_OUTAGE
CP-0001084,2022-05-31,SIMULATED_HISTORY,Kisumu,AGO,WATCH,NORMAL,13848.39,1255.07,12593.31,10.03,1,4640.0,0,CREATE_PIPELINE_BATCH
CP-0001085,2022-06-05,SIMULATED_HISTORY,Kisumu,AGO,WATCH,NORMAL,12883.02,1034.65,11848.37,11.45,1,4640.0,0,CREATE_PIPELINE_BATCH
CP-0001086,2022-06-09,SIMULATED_HISTORY,Kisumu,AGO,WATCH,NORMAL,13016.54,1090.62,11925.93,10.94,1,4640.0,0,CREATE_PIPELINE_BATCH
CP-0001087,2022-06-13,SIMULATED_HISTORY,Kisumu,AGO,WATCH,NORMAL,13493.51,1082.37,12411.14,11.47,1,4640.0,0,CREATE_PIPELINE_BATCH
CP-0001088,2022-06-17,SIMULATED_HISTORY,Kisumu,AGO,WATCH,NORMAL,13636.23,1144.49,12491.74,10.91,1,4640.0,0,CREATE_PIPELINE_BATCH
CP-0001089,2022-06-20,SIMULATED_HISTORY,Kisumu,AGO,HEALTHY,PLANNED_PIPELINE_MAINTENANCE,15217.11,1101.09,14116.02,12.82,0,0.0,0,HOLD/RESCHEDULE_DUE_TO_OUTAGE
CP-0001090,2022-06-21,SIMULATED_HISTORY,Kisumu,AGO,HEALTHY,PLANNED_PIPELINE_MAINTENANCE,14116.02,1053.36,13062.65,12.4,0,0.0,0,HOLD/RESCHEDULE_DUE_TO_OUTAGE
CP-0001091,2022-06-22,SIMULATED_HISTORY,Kisumu,AGO,WATCH,NORMAL,13062.65,1113.39,11949.26,10.73,1,4640.0,0,CREATE_PIPELINE_BATCH
CP-0001092,2022-06-26,SIMULATED_HISTORY,Kisumu,AGO,WATCH,NORMAL,13378.54,858.0,12520.54,14.59,1,4640.0,0,CREATE_PIPELINE_BATCH
CP-0001093,2022-06-30,SIMULATED_HISTORY,Kisumu,AGO,HEALTHY,DATA_LATENCY_INCIDENT,13927.28,1062.49,12864.79,12.11,0,0.0,0,NONE
CP-0001094,2022-07-01,SIMULATED_HISTORY,Kisumu,AGO,WATCH,NORMAL,12864.79,1273.82,11590.97,9.1,1,4640.0,0,CREATE_PIPELINE_BATCH
CP-0001095,2022-07-05,SIMULATED_HISTORY,Kisumu,AGO,WATCH,NORMAL,13162.13,1180.87,11981.25,10.15,1,4640.0,0,CREATE_PIPELINE_BATCH
CP-0001096,2022-07-09,SIMULATED_HISTORY,Kisumu,AGO,WATCH,NORMAL,13114.83,998.84,12115.99,12.13,1,4640.0,0,CREATE_PIPELINE_BATCH
CP-0001097,2022-07-13,SIMULATED_HISTORY,Kisumu,AGO,WATCH,NORMAL,13625.73,1094.67,12531.06,11.45,1,4640.0,0,CREATE_PIPELINE_BATCH
CP-0001098,2022-07-18,SIMULATED_HISTORY,Kisumu,AGO,WATCH,NORMAL,12850.07,1178.17,11671.89,9.91,1,4640.0,0,CREATE_PIPELINE_BATCH
CP-0001099,2022-07-21,SIMULATED_HISTORY,Kisumu,AGO,CRITICAL,NORMAL,9375.41,1155.44,8219.97,7.11,0,0.0,0,NONE
CP-0001100,2022-07-22,SIMULATED_HISTORY,Kisumu,AGO,WATCH,NORMAL,8219.97,1199.51,11660.45,9.72,1,4640.0,0,CREATE_PIPELINE_BATCH
CP-0001101,2022-07-25,SIMULATED_HISTORY,Kisumu,AGO,HEALTHY,LOADING_BAY_OUTAGE,14277.01,1229.42,13047.58,10.61,0,0.0,0,NONE
CP-0001102,2022-07-26,SIMULATED_HISTORY,Kisumu,AGO,WATCH,NORMAL,13047.58,1170.28,11877.3,10.15,1,4640.0,0,CREATE_PIPELINE_BATCH
CP-0001103,2022-07-30,SIMULATED_HISTORY,Kisumu,AGO,WATCH,NORMAL,13038.32,1030.8,12007.52,11.65,1,4640.0,0,CREATE_PIPELINE_BATCH
CP-0001104,2022-07-31,SIMULATED_HISTORY,Kisumu,AGO,WATCH,LOADING_BAY_OUTAGE,12007.52,900.7,11106.82,12.33,0,0.0,0,NONE
CP-0001105,2022-08-03,SIMULATED_HISTORY,Kisumu,AGO,WATCH,NORMAL,13510.38,1166.62,12343.77,10.58,1,4640.0,0,CREATE_PIPELINE_BATCH
CP-0001106,2022-08-07,SIMULATED_HISTORY,Kisumu,AGO,WATCH,NORMAL,13567.27,966.81,12600.47,13.03,1,4640.0,0,CREATE_PIPELINE_BATCH
CP-0001107,2022-08-11,SIMULATED_HISTORY,Kisumu,AGO,WATCH,LOADING_BAY_OUTAGE,13732.49,1155.79,12576.7,10.88,1,4640.0,0,CREATE_PIPELINE_BATCH
CP-0001108,2022-08-13,SIMULATED_HISTORY,Kisumu,AGO,HEALTHY,DATA_LATENCY_INCIDENT,11298.85,1083.54,14855.31,13.71,0,0.0,0,NONE
CP-0001109,2022-08-16,SIMULATED_HISTORY,Kisumu,AGO,WATCH,NORMAL,12774.08,1257.06,11517.01,9.16,1,4640.0,0,CREATE_PIPELINE_BATCH
CP-0001110,2022-08-19,SIMULATED_HISTORY,Kisumu,AGO,WATCH,NORMAL,13838.07,1300.02,12538.05,9.64,1,4640.0,0,CREATE_PIPELINE_BATCH
CP-0001111,2022-08-24,SIMULATED_HISTORY,Kisumu,AGO,WATCH,NORMAL,12859.22,1133.21,11726.01,10.35,1,4640.0,0,CREATE_PIPELINE_BATCH
CP-0001112,2022-08-27,SIMULATED_HISTORY,Kisumu,AGO,WATCH,NORMAL,13768.56,1138.88,12629.68,11.09,1,4640.0,0,CREATE_PIPELINE_BATCH
CP-0001113,2022-09-01,SIMULATED_HISTORY,Kisumu,AGO,WATCH,NORMAL,12913.01,1192.51,11720.5,9.83,1,4640.0,0,CREATE_PIPELINE_BATCH
CP-0001114,2022-09-05,SIMULATED_HISTORY,Kisumu,AGO,WATCH,NORMAL,12788.53,1169.74,11618.79,9.93,1,4640.0,0,CREATE_PIPELINE_BATCH
CP-0001115,2022-09-08,SIMULATED_HISTORY,Kisumu,AGO,WATCH,UNPLANNED_PUMP_FAILURE,13798.71,1297.6,12501.11,9.63,1,4640.0,0,CREATE_PIPELINE_BATCH+OUTAGE
CP-0001116,2022-09-12,SIMULATED_HISTORY,Kisumu,AGO,WATCH,NORMAL,13657.88,1128.7,12529.18,11.1,1,4640.0,0,CREATE_PIPELINE_BATCH
CP-0001117,2022-09-16,SIMULATED_HISTORY,Kisumu,AGO,WATCH,NORMAL,13473.46,1186.69,12286.77,10.35,1,4640.0,0,CREATE_PIPELINE_BATCH
CP-0001118,2022-09-20,SIMULATED_HISTORY,Kisumu,AGO,WATCH,UNPLANNED_PUMP_FAILURE,13607.69,1288.57,12319.12,9.56,1,4640.0,0,CREATE_PIPELINE_BATCH+OUTAGE
CP-0001119,2022-09-24,SIMULATED_HISTORY,Kisumu,AGO,WATCH,NORMAL,13373.66,1080.83,12292.83,11.37,1,4640.0,0,CREATE_PIPELINE_BATCH
CP-0001120,2022-09-28,SIMULATED_HISTORY,Kisumu,AGO,WATCH,NORMAL,13632.93,1179.51,12453.42,10.56,1,4640.0,0,CREATE_PIPELINE_BATCH
CP-0001121,2022-10-02,SIMULATED_HISTORY,Kisumu,AGO,WATCH,NORMAL,13369.05,1091.49,12277.56,11.25,1,4640.0,0,CREATE_PIPELINE_BATCH
CP-0001122,2022-10-06,SIMULATED_HISTORY,Kisumu,AGO,WATCH,NORMAL,12773.98,1463.06,11310.92,7.73,1,4640.0,0,CREATE_PIPELINE_BATCH
CP-0001123,2022-10-09,SIMULATED_HISTORY,Kisumu,AGO,WATCH,NORMAL,13010.88,1150.92,11859.96,10.3,1,4640.0,0,CREATE_PIPELINE_BATCH
CP-0001124,2022-10-12,SIMULATED_HISTORY,Kisumu,AGO,WATCH,NORMAL,13695.57,1517.14,12178.43,8.03,1,4640.0,0,CREATE_PIPELINE_BATCH
CP-0001125,2022-10-16,SIMULATED_HISTORY,Kisumu,AGO,WATCH,NORMAL,12650.94,1185.65,11465.29,9.67,1,4640.0,0,CREATE_PIPELINE_BATCH
CP-0001126,2022-10-19,SIMULATED_HISTORY,Kisumu,AGO,WATCH,NORMAL,13397.17,1423.39,11973.78,8.41,1,4640.0,0,CREATE_PIPELINE_BATCH
CP-0001127,2022-10-22,SIMULATED_HISTORY,Kisumu,AGO,WATCH,NORMAL,13575.95,1267.92,12308.02,9.71,1,4640.0,0,CREATE_PIPELINE_BATCH
CP-0001128,2022-10-26,SIMULATED_HISTORY,Kisumu,AGO,WATCH,NORMAL,13220.62,1446.79,11773.84,8.14,1,4640.0,0,CREATE_PIPELINE_BATCH
CP-0001129,2022-10-29,SIMULATED_HISTORY,Kisumu,AGO,WATCH,NORMAL,13725.86,1317.01,12408.86,9.42,1,4640.0,0,CREATE_PIPELINE_BATCH
CP-0001130,2022-11-02,SIMULATED_HISTORY,Kisumu,AGO,WATCH,NORMAL,13435.2,1245.09,12190.1,9.79,1,4640.0,0,CREATE_PIPELINE_BATCH
CP-0001131,2022-11-06,SIMULATED_HISTORY,Kisumu,AGO,WATCH,NORMAL,13411.97,1027.24,12384.73,12.06,1,4640.0,0,CREATE_PIPELINE_BATCH
CP-0001132,2022-11-10,SIMULATED_HISTORY,Kisumu,AGO,WATCH,NORMAL,13459.54,1190.52,12269.02,10.31,1,4640.0,0,CREATE_PIPELINE_BATCH
CP-0001133,2022-11-14,SIMULATED_HISTORY,Kisumu,AGO,WATCH,NORMAL,13619.73,1086.81,12532.92,11.53,1,4640.0,0,CREATE_PIPELINE_BATCH
CP-0001134,2022-11-18,SIMULATED_HISTORY,Kisumu,AGO,WATCH,NORMAL,13638.29,1221.68,12416.61,10.16,1,4640.0,0,CREATE_PIPELINE_BATCH
CP-0001135,2022-11-23,SIMULATED_HISTORY,Kisumu,AGO,WATCH,NORMAL,12915.53,1230.5,11685.03,9.5,1,4640.0,0,CREATE_PIPELINE_BATCH
CP-0001136,2022-11-27,SIMULATED_HISTORY,Kisumu,AGO,WATCH,NORMAL,12919.22,997.19,11922.04,11.96,1,4640.0,0,CREATE_PIPELINE_BATCH
CP-0001137,2022-12-01,SIMULATED_HISTORY,Kisumu,AGO,WATCH,NORMAL,13005.18,1207.44,11797.74,9.77,1,4640.0,0,CREATE_PIPELINE_BATCH
CP-0001138,2022-12-05,SIMULATED_HISTORY,Kisumu,AGO,WATCH,NORMAL,13148.68,1083.61,12065.08,11.13,1,4640.0,0,CREATE_PIPELINE_BATCH
CP-0001139,2022-12-09,SIMULATED_HISTORY,Kisumu,AGO,WATCH,NORMAL,13244.13,1233.56,12010.58,9.74,1,4640.0,0,CREATE_PIPELINE_BATCH
CP-0001140,2022-12-13,SIMULATED_HISTORY,Kisumu,AGO,WATCH,NORMAL,13411.85,1185.5,12226.35,10.31,1,4640.0,0,CREATE_PIPELINE_BATCH
CP-0001141,2022-12-17,SIMULATED_HISTORY,Kisumu,AGO,WATCH,NORMAL,13310.74,1170.15,12140.58,10.38,1,4640.0,0,CREATE_PIPELINE_BATCH
CP-0001142,2022-12-21,SIMULATED_HISTORY,Kisumu,AGO,WATCH,NORMAL,13418.78,1107.16,12311.62,11.12,1,4640.0,0,CREATE_PIPELINE_BATCH
CP-0001143,2022-12-25,SIMULATED_HISTORY,Kisumu,AGO,WATCH,NORMAL,13547.83,984.31,12563.53,12.76,1,4640.0,0,CREATE_PIPELINE_BATCH
CP-0001144,2022-12-29,SIMULATED_HISTORY,Kisumu,AGO,WATCH,NORMAL,13676.86,1353.46,12323.4,9.11,1,4640.0,0,CREATE_PIPELINE_BATCH
CP-0001145,2023-01-02,SIMULATED_HISTORY,Kisumu,AGO,WATCH,NORMAL,13656.4,1176.79,12479.61,10.6,1,4640.0,0,CREATE_PIPELINE_BATCH
CP-0001146,2023-01-06,SIMULATED_HISTORY,Kisumu,AGO,WATCH,NORMAL,13605.73,1200.17,12405.56,10.34,1,4640.0,0,CREATE_PIPELINE_BATCH
CP-0001147,2023-01-10,SIMULATED_HISTORY,Kisumu,AGO,WATCH,NORMAL,13561.69,1106.79,12454.9,11.25,1,4640.0,0,CREATE_PIPELINE_BATCH
CP-0001148,2023-01-12,SIMULATED_HISTORY,Kisumu,AGO,HEALTHY,DATA_LATENCY_INCIDENT,11308.09,1163.16,14784.93,12.71,0,0.0,0,NONE
CP-0001149,2023-01-14,SIMULATED_HISTORY,Kisumu,AGO,WATCH,NORMAL,13580.62,1192.87,12387.75,10.38,1,4640.0,0,CREATE_PIPELINE_BATCH
CP-0001150,2023-01-18,SIMULATED_HISTORY,Kisumu,AGO,WATCH,NORMAL,13699.59,1192.25,12507.34,10.49,1,4640.0,0,CREATE_PIPELINE_BATCH
CP-0001151,2023-01-23,SIMULATED_HISTORY,Kisumu,AGO,WATCH,NORMAL,12679.21,1248.75,11430.46,9.15,1,4640.0,0,CREATE_PIPELINE_BATCH
CP-0001152,2023-01-27,SIMULATED_HISTORY,Kisumu,AGO,WATCH,NORMAL,12769.43,1261.7,11507.73,9.12,1,4640.0,0,CREATE_PIPELINE_BATCH
CP-0001153,2023-01-31,SIMULATED_HISTORY,Kisumu,AGO,WATCH,NORMAL,12941.16,1122.3,11818.86,10.53,1,4640.0,0,CREATE_PIPELINE_BATCH
CP-0001154,2023-02-04,SIMULATED_HISTORY,Kisumu,AGO,WATCH,NORMAL,13075.17,943.96,12131.21,12.85,1,4640.0,0,CREATE_PIPELINE_BATCH
CP-0001155,2023-02-08,SIMULATED_HISTORY,Kisumu,AGO,WATCH,NORMAL,13615.25,1059.57,12555.68,11.85,1,4640.0,0,CREATE_PIPELINE_BATCH
CP-0001156,2023-02-13,SIMULATED_HISTORY,Kisumu,AGO,WATCH,NORMAL,13123.86,1016.9,12106.96,11.91,1,4640.0,0,CREATE_PIPELINE_BATCH
CP-0001157,2023-02-15,SIMULATED_HISTORY,Kisumu,AGO,HEALTHY,LOADING_BAY_OUTAGE,11029.04,970.63,14698.4,15.14,0,0.0,0,NONE
CP-0001158,2023-02-17,SIMULATED_HISTORY,Kisumu,AGO,WATCH,LOADING_BAY_OUTAGE,13631.71,1154.97,12476.74,10.8,1,4640.0,0,CREATE_PIPELINE_BATCH
CP-0001159,2023-02-22,SIMULATED_HISTORY,Kisumu,AGO,WATCH,NORMAL,13143.13,1120.45,12022.68,10.73,1,4640.0,0,CREATE_PIPELINE_BATCH
CP-0001160,2023-02-23,SIMULATED_HISTORY,Kisumu,AGO,WATCH,LOADING_BAY_OUTAGE,12022.68,1136.3,10886.38,9.58,0,0.0,0,NONE
CP-0001161,2023-02-26,SIMULATED_HISTORY,Kisumu,AGO,WATCH,NORMAL,13450.93,886.72,12564.21,14.17,1,4640.0,0,CREATE_PIPELINE_BATCH
CP-0001162,2023-03-03,SIMULATED_HISTORY,Kisumu,AGO,WATCH,NORMAL,12955.69,1185.78,11769.91,9.93,1,4640.0,0,CREATE_PIPELINE_BATCH
CP-0001163,2023-03-07,SIMULATED_HISTORY,Kisumu,AGO,WATCH,NORMAL,13246.92,1117.56,12129.35,10.85,1,4640.0,0,CREATE_PIPELINE_BATCH
CP-0001164,2023-03-11,SIMULATED_HISTORY,Kisumu,AGO,WATCH,NORMAL,13403.69,1106.59,12297.1,11.11,1,4640.0,0,CREATE_PIPELINE_BATCH
CP-0001165,2023-03-16,SIMULATED_HISTORY,Kisumu,AGO,WATCH,NORMAL,12677.32,1177.49,11499.83,9.77,1,4640.0,0,CREATE_PIPELINE_BATCH
CP-0001166,2023-03-20,SIMULATED_HISTORY,Kisumu,AGO,WATCH,NORMAL,12911.66,1069.84,11841.82,11.07,1,4640.0,0,CREATE_PIPELINE_BATCH
CP-0001167,2023-03-24,SIMULATED_HISTORY,Kisumu,AGO,WATCH,NORMAL,13078.49,1193.99,11884.51,9.95,1,4640.0,0,CREATE_PIPELINE_BATCH
CP-0001168,2023-03-28,SIMULATED_HISTORY,Kisumu,AGO,WATCH,NORMAL,13249.49,1109.8,12139.69,10.94,1,4640.0,0,CREATE_PIPELINE_BATCH
CP-0001169,2023-04-01,SIMULATED_HISTORY,Kisumu,AGO,WATCH,NORMAL,12928.36,999.89,11928.47,11.93,1,4640.0,0,CREATE_PIPELINE_BATCH
CP-0001170,2023-04-05,SIMULATED_HISTORY,Kisumu,AGO,WATCH,NORMAL,13348.6,1259.59,12089.01,9.6,1,4640.0,0,CREATE_PIPELINE_BATCH
CP-0001171,2023-04-09,SIMULATED_HISTORY,Kisumu,AGO,WATCH,NORMAL,13299.28,947.36,12351.91,13.04,1,4640.0,0,CREATE_PIPELINE_BATCH
CP-0001172,2023-04-13,SIMULATED_HISTORY,Kisumu,AGO,WATCH,NORMAL,13507.42,1120.08,12387.34,11.06,1,4640.0,0,CREATE_PIPELINE_BATCH
CP-0001173,2023-04-18,SIMULATED_HISTORY,Kisumu,AGO,WATCH,NORMAL,12747.32,1158.24,11589.08,10.01,1,4640.0,0,CREATE_PIPELINE_BATCH
CP-0001174,2023-04-22,SIMULATED_HISTORY,Kisumu,AGO,WATCH,NORMAL,12760.41,964.16,11796.25,12.23,1,4640.0,0,CREATE_PIPELINE_BATCH
CP-0001175,2023-04-26,SIMULATED_HISTORY,Kisumu,AGO,WATCH,NORMAL,13239.46,1142.8,12096.66,10.59,1,4640.0,0,CREATE_PIPELINE_BATCH
CP-0001176,2023-04-30,SIMULATED_HISTORY,Kisumu,AGO,WATCH,NORMAL,13331.8,896.75,12435.05,13.87,1,4640.0,0,CREATE_PIPELINE_BATCH
CP-0001177,2023-05-04,SIMULATED_HISTORY,Kisumu,AGO,WATCH,NORMAL,13531.2,1266.7,12264.5,9.68,1,4640.0,0,CREATE_PIPELINE_BATCH
CP-0001178,2023-05-08,SIMULATED_HISTORY,Kisumu,AGO,WATCH,NORMAL,13709.63,1219.16,12490.47,10.25,1,4640.0,0,CREATE_PIPELINE_BATCH
CP-0001179,2023-05-12,SIMULATED_HISTORY,Kisumu,AGO,WATCH,NORMAL,13611.68,1149.97,12461.72,10.84,1,4640.0,0,CREATE_PIPELINE_BATCH
CP-0001180,2023-05-15,SIMULATED_HISTORY,Kisumu,AGO,HEALTHY,DATA_LATENCY_INCIDENT,15073.62,1042.51,14031.1,13.46,0,0.0,0,NONE
CP-0001181,2023-05-17,SIMULATED_HISTORY,Kisumu,AGO,WATCH,NORMAL,12852.14,1218.46,11633.68,9.55,1,4640.0,0,CREATE_PIPELINE_BATCH
CP-0001182,2023-05-21,SIMULATED_HISTORY,Kisumu,AGO,WATCH,LOADING_BAY_OUTAGE,12935.13,1031.59,11903.55,11.54,1,4640.0,0,CREATE_PIPELINE_BATCH
CP-0001183,2023-05-22,SIMULATED_HISTORY,Kisumu,AGO,WATCH,LOADING_BAY_OUTAGE,11903.55,1142.04,10761.51,9.42,0,0.0,0,NONE
CP-0001184,2023-05-25,SIMULATED_HISTORY,Kisumu,AGO,WATCH,NORMAL,13088.14,1179.15,11909.0,10.1,1,4640.0,0,CREATE_PIPELINE_BATCH
CP-0001185,2023-05-26,SIMULATED_HISTORY,Kisumu,AGO,WATCH,UNPLANNED_PUMP_FAILURE,11909.0,1127.0,10781.99,9.57,0,0.0,0,HOLD/RESCHEDULE_DUE_TO_OUTAGE
CP-0001186,2023-05-29,SIMULATED_HISTORY,Kisumu,AGO,WATCH,NORMAL,13473.09,1101.46,12371.62,11.23,1,4640.0,0,CREATE_PIPELINE_BATCH
CP-0001187,2023-06-02,SIMULATED_HISTORY,Kisumu,AGO,WATCH,NORMAL,13662.35,1079.66,12582.69,11.65,1,4640.0,0,CREATE_PIPELINE_BATCH
CP-0001188,2023-06-07,SIMULATED_HISTORY,Kisumu,AGO,WATCH,NORMAL,13085.62,1152.35,11933.27,10.36,1,4640.0,0,CREATE_PIPELINE_BATCH
CP-0001189,2023-06-11,SIMULATED_HISTORY,Kisumu,AGO,WATCH,NORMAL,13181.34,854.47,12326.86,14.43,1,4640.0,0,CREATE_PIPELINE_BATCH
CP-0001190,2023-06-16,SIMULATED_HISTORY,Kisumu,AGO,WATCH,NORMAL,12860.1,1038.66,11821.44,11.38,1,4640.0,0,CREATE_PIPELINE_BATCH
CP-0001191,2023-06-20,SIMULATED_HISTORY,Kisumu,AGO,WATCH,NORMAL,13543.44,1075.09,12468.36,11.6,1,4640.0,0,CREATE_PIPELINE_BATCH
CP-0001192,2023-06-25,SIMULATED_HISTORY,Kisumu,AGO,WATCH,NORMAL,12747.72,977.22,11770.49,12.04,1,4640.0,0,CREATE_PIPELINE_BATCH
CP-0001193,2023-06-26,SIMULATED_HISTORY,Kisumu,AGO,WATCH,UNPLANNED_PUMP_FAILURE,11770.49,1019.99,10750.51,10.54,0,0.0,0,HOLD/RESCHEDULE_DUE_TO_OUTAGE
CP-0001194,2023-06-29,SIMULATED_HISTORY,Kisumu,AGO,WATCH,NORMAL,13063.74,1035.76,12027.98,11.61,1,4640.0,0,CREATE_PIPELINE_BATCH
CP-0001195,2023-07-03,SIMULATED_HISTORY,Kisumu,AGO,WATCH,NORMAL,13726.64,1161.01,12565.63,10.82,1,4640.0,0,CREATE_PIPELINE_BATCH
CP-0001196,2023-07-07,SIMULATED_HISTORY,Kisumu,AGO,WATCH,NORMAL,13869.12,1258.98,12610.14,10.02,1,4640.0,0,CREATE_PIPELINE_BATCH
CP-0001197,2023-07-08,SIMULATED_HISTORY,Kisumu,AGO,WATCH,PLANNED_PIPELINE_MAINTENANCE,12610.14,892.78,11717.36,13.12,0,0.0,0,HOLD/RESCHEDULE_DUE_TO_OUTAGE
CP-0001198,2023-07-09,SIMULATED_HISTORY,Kisumu,AGO,WATCH,PLANNED_PIPELINE_MAINTENANCE,11717.36,946.73,10770.63,11.38,0,0.0,0,HOLD/RESCHEDULE_DUE_TO_OUTAGE
CP-0001199,2023-07-12,SIMULATED_HISTORY,Kisumu,AGO,WATCH,NORMAL,13131.13,1069.6,12061.53,11.28,1,4640.0,0,CREATE_PIPELINE_BATCH
CP-0001200,2023-07-16,SIMULATED_HISTORY,Kisumu,AGO,WATCH,NORMAL,13276.47,952.62,12323.85,12.94,1,4640.0,0,CREATE_PIPELINE_BATCH
CP-0001201,2023-07-21,SIMULATED_HISTORY,Kisumu,AGO,WATCH,NORMAL,12700.59,1228.8,11471.79,9.34,1,4640.0,0,CREATE_PIPELINE_BATCH
CP-0001202,2023-07-25,SIMULATED_HISTORY,Kisumu,AGO,WATCH,NORMAL,13156.02,1227.65,11928.37,9.72,1,4640.0,0,CREATE_PIPELINE_BATCH
CP-0001203,2023-07-29,SIMULATED_HISTORY,Kisumu,AGO,WATCH,NORMAL,13162.93,1078.09,12084.83,11.21,1,4640.0,0,CREATE_PIPELINE_BATCH
CP-0001204,2023-08-02,SIMULATED_HISTORY,Kisumu,AGO,WATCH,NORMAL,13630.61,1024.1,12606.51,12.31,1,4640.0,0,CREATE_PIPELINE_BATCH
CP-0001205,2023-08-06,SIMULATED_HISTORY,Kisumu,AGO,HEALTHY,PLANNED_PIPELINE_MAINTENANCE,13977.49,904.68,13072.81,14.45,0,0.0,0,HOLD/RESCHEDULE_DUE_TO_OUTAGE
CP-0001206,2023-08-07,SIMULATED_HISTORY,Kisumu,AGO,WATCH,NORMAL,13072.81,1078.12,11994.69,11.13,1,4640.0,0,CREATE_PIPELINE_BATCH
CP-0001207,2023-08-11,SIMULATED_HISTORY,Kisumu,AGO,WATCH,NORMAL,13272.6,1154.93,12117.68,10.49,1,4640.0,0,CREATE_PIPELINE_BATCH
CP-0001208,2023-08-15,SIMULATED_HISTORY,Kisumu,AGO,WATCH,NORMAL,13627.7,1057.58,12570.12,11.89,1,4640.0,0,CREATE_PIPELINE_BATCH
CP-0001209,2023-08-20,SIMULATED_HISTORY,Kisumu,AGO,WATCH,NORMAL,12790.85,910.93,11879.92,13.04,1,4640.0,0,CREATE_PIPELINE_BATCH
CP-0001210,2023-08-24,SIMULATED_HISTORY,Kisumu,AGO,WATCH,NORMAL,13231.97,1191.41,12040.56,10.11,1,4640.0,0,CREATE_PIPELINE_BATCH
CP-0001211,2023-08-28,SIMULATED_HISTORY,Kisumu,AGO,WATCH,NORMAL,13397.16,1124.89,12272.27,10.91,1,4640.0,0,CREATE_PIPELINE_BATCH
CP-0001212,2023-09-01,SIMULATED_HISTORY,Kisumu,AGO,WATCH,NORMAL,13089.76,1136.23,11953.53,10.52,1,4640.0,0,CREATE_PIPELINE_BATCH
CP-0001213,2023-09-05,SIMULATED_HISTORY,Kisumu,AGO,WATCH,NORMAL,13389.65,1061.98,12327.67,11.61,1,4640.0,0,CREATE_PIPELINE_BATCH
CP-0001214,2023-09-09,SIMULATED_HISTORY,Kisumu,AGO,WATCH,NORMAL,13190.22,988.7,12201.52,12.34,1,4640.0,0,CREATE_PIPELINE_BATCH
CP-0001215,2023-09-13,SIMULATED_HISTORY,Kisumu,AGO,WATCH,UNPLANNED_PUMP_FAILURE,13523.88,1064.26,12459.62,11.71,1,4640.0,0,CREATE_PIPELINE_BATCH+OUTAGE
CP-0001216,2023-09-17,SIMULATED_HISTORY,Kisumu,AGO,WATCH,NORMAL,13599.69,1019.74,12579.95,12.34,1,4640.0,0,CREATE_PIPELINE_BATCH
CP-0001217,2023-09-21,SIMULATED_HISTORY,Kisumu,AGO,WATCH,NORMAL,13812.63,1206.92,12605.71,10.44,1,4640.0,0,CREATE_PIPELINE_BATCH
CP-0001218,2023-09-26,SIMULATED_HISTORY,Kisumu,AGO,WATCH,NORMAL,12724.72,1183.19,11541.54,9.75,1,4640.0,0,CREATE_PIPELINE_BATCH
CP-0001219,2023-09-29,SIMULATED_HISTORY,Kisumu,AGO,WATCH,NORMAL,13787.57,1192.96,12594.61,10.56,1,4640.0,0,CREATE_PIPELINE_BATCH
CP-0001220,2023-10-03,SIMULATED_HISTORY,Kisumu,AGO,WATCH,NORMAL,13777.08,1339.38,12437.7,9.29,1,4640.0,0,CREATE_PIPELINE_BATCH
CP-0001221,2023-10-07,SIMULATED_HISTORY,Kisumu,AGO,WATCH,NORMAL,12891.0,1139.6,11751.4,10.31,1,4640.0,0,CREATE_PIPELINE_BATCH
CP-0001222,2023-10-10,SIMULATED_HISTORY,Kisumu,AGO,WATCH,NORMAL,13969.36,1411.14,12558.22,8.9,1,4640.0,0,CREATE_PIPELINE_BATCH
CP-0001223,2023-10-14,SIMULATED_HISTORY,Kisumu,AGO,WATCH,NORMAL,12923.36,1309.99,11613.37,8.87,1,4640.0,0,CREATE_PIPELINE_BATCH
CP-0001224,2023-10-18,SIMULATED_HISTORY,Kisumu,AGO,WATCH,NORMAL,12691.98,1351.95,11340.03,8.39,1,4640.0,0,CREATE_PIPELINE_BATCH
CP-0001225,2023-10-21,SIMULATED_HISTORY,Kisumu,AGO,WATCH,NORMAL,13260.84,1325.95,11934.9,9.0,1,4640.0,0,CREATE_PIPELINE_BATCH
CP-0001226,2023-10-25,SIMULATED_HISTORY,Kisumu,AGO,WATCH,NORMAL,12917.62,1266.24,11651.38,9.2,1,4640.0,0,CREATE_PIPELINE_BATCH
CP-0001227,2023-10-28,SIMULATED_HISTORY,Kisumu,AGO,WATCH,NORMAL,13398.47,1145.02,12253.45,10.7,1,4640.0,0,CREATE_PIPELINE_BATCH
CP-0001228,2023-11-01,SIMULATED_HISTORY,Kisumu,AGO,WATCH,NORMAL,13025.94,1276.31,11749.63,9.21,1,4640.0,0,CREATE_PIPELINE_BATCH
CP-0001229,2023-11-05,SIMULATED_HISTORY,Kisumu,AGO,WATCH,NORMAL,12854.97,993.04,11861.94,11.95,1,4640.0,0,CREATE_PIPELINE_BATCH
CP-0001230,2023-11-09,SIMULATED_HISTORY,Kisumu,AGO,WATCH,NORMAL,13153.93,1218.06,11935.87,9.8,1,4640.0,0,CREATE_PIPELINE_BATCH
CP-0001231,2023-11-13,SIMULATED_HISTORY,Kisumu,AGO,WATCH,NORMAL,13190.28,1223.49,11966.78,9.78,1,4640.0,0,CREATE_PIPELINE_BATCH
CP-0001232,2023-11-17,SIMULATED_HISTORY,Kisumu,AGO,WATCH,NORMAL,13114.77,1134.81,11979.96,10.56,1,4640.0,0,CREATE_PIPELINE_BATCH
CP-0001233,2023-11-21,SIMULATED_HISTORY,Kisumu,AGO,WATCH,NORMAL,13458.59,1248.92,12209.67,9.78,1,4640.0,0,CREATE_PIPELINE_BATCH
CP-0001234,2023-11-25,SIMULATED_HISTORY,Kisumu,AGO,WATCH,NORMAL,13273.33,1044.39,12228.94,11.71,1,4640.0,0,CREATE_PIPELINE_BATCH
CP-0001235,2023-11-29,SIMULATED_HISTORY,Kisumu,AGO,WATCH,NORMAL,13470.39,1146.71,12323.68,10.75,1,4640.0,0,CREATE_PIPELINE_BATCH
CP-0001236,2023-12-04,SIMULATED_HISTORY,Kisumu,AGO,WATCH,NORMAL,12754.38,1081.04,11673.34,10.8,1,4640.0,0,CREATE_PIPELINE_BATCH
CP-0001237,2023-12-08,SIMULATED_HISTORY,Kisumu,AGO,WATCH,NORMAL,12814.99,1328.97,11486.02,8.64,1,4640.0,0,CREATE_PIPELINE_BATCH
CP-0001238,2023-12-12,SIMULATED_HISTORY,Kisumu,AGO,WATCH,NORMAL,13066.21,1081.88,11984.33,11.08,1,4640.0,0,CREATE_PIPELINE_BATCH
CP-0001239,2023-12-16,SIMULATED_HISTORY,Kisumu,AGO,WATCH,NORMAL,8437.79,1067.97,12009.82,11.25,1,4640.0,0,CREATE_PIPELINE_BATCH
CP-0001240,2023-12-20,SIMULATED_HISTORY,Kisumu,AGO,WATCH,NORMAL,13649.63,1229.21,12420.42,10.1,1,4640.0,0,CREATE_PIPELINE_BATCH
CP-0001241,2023-12-25,SIMULATED_HISTORY,Kisumu,AGO,WATCH,NORMAL,12687.27,1180.42,11506.84,9.75,1,4640.0,0,CREATE_PIPELINE_BATCH
CP-0001242,2023-12-29,SIMULATED_HISTORY,Kisumu,AGO,WATCH,NORMAL,12674.18,1301.92,11372.27,8.74,1,4640.0,0,CREATE_PIPELINE_BATCH
CP-0001243,2024-01-02,SIMULATED_HISTORY,Kisumu,AGO,WATCH,NORMAL,13005.31,1078.26,11927.05,11.06,1,4640.0,0,CREATE_PIPELINE_BATCH
CP-0001244,2024-01-06,SIMULATED_HISTORY,Kisumu,AGO,WATCH,NORMAL,12864.95,1045.19,11819.75,11.31,1,4640.0,0,CREATE_PIPELINE_BATCH
CP-0001245,2024-01-10,SIMULATED_HISTORY,Kisumu,AGO,WATCH,NORMAL,12994.67,1212.59,11782.08,9.72,1,4640.0,0,CREATE_PIPELINE_BATCH
CP-0001246,2024-01-14,SIMULATED_HISTORY,Kisumu,AGO,WATCH,NORMAL,13119.96,956.22,12163.74,12.72,1,4640.0,0,CREATE_PIPELINE_BATCH
CP-0001247,2024-01-18,SIMULATED_HISTORY,Kisumu,AGO,WATCH,NORMAL,13450.03,1156.95,12293.08,10.63,1,4640.0,0,CREATE_PIPELINE_BATCH
CP-0001248,2024-01-22,SIMULATED_HISTORY,Kisumu,AGO,WATCH,NORMAL,13733.08,1219.05,12514.03,10.27,1,4640.0,0,CREATE_PIPELINE_BATCH
CP-0001249,2024-01-27,SIMULATED_HISTORY,Kisumu,AGO,WATCH,NORMAL,12741.16,1008.37,11732.79,11.64,1,4640.0,0,CREATE_PIPELINE_BATCH
CP-0001250,2024-01-31,SIMULATED_HISTORY,Kisumu,AGO,WATCH,NORMAL,13180.95,1105.14,12075.81,10.93,1,4640.0,0,CREATE_PIPELINE_BATCH
CP-0001251,2024-02-05,SIMULATED_HISTORY,Kisumu,AGO,WATCH,NORMAL,12807.48,999.67,11807.81,11.81,1,4640.0,0,CREATE_PIPELINE_BATCH
CP-0001252,2024-02-09,SIMULATED_HISTORY,Kisumu,AGO,WATCH,NORMAL,13355.75,1150.58,12205.17,10.61,1,4640.0,0,CREATE_PIPELINE_BATCH
CP-0001253,2024-02-14,SIMULATED_HISTORY,Kisumu,AGO,WATCH,NORMAL,12986.93,1010.54,11976.38,11.85,1,4640.0,0,CREATE_PIPELINE_BATCH
CP-0001254,2024-02-18,SIMULATED_HISTORY,Kisumu,AGO,WATCH,NORMAL,13428.65,889.39,12539.26,14.1,1,4640.0,0,CREATE_PIPELINE_BATCH
CP-0001255,2024-02-23,SIMULATED_HISTORY,Kisumu,AGO,WATCH,NORMAL,12999.59,1060.78,11938.81,11.25,1,4640.0,0,CREATE_PIPELINE_BATCH
CP-0001256,2024-02-27,SIMULATED_HISTORY,Kisumu,AGO,WATCH,NORMAL,13567.75,1058.07,12509.68,11.82,1,4640.0,0,CREATE_PIPELINE_BATCH
CP-0001257,2024-03-03,SIMULATED_HISTORY,Kisumu,AGO,WATCH,NORMAL,12944.7,936.25,12008.44,12.83,1,4640.0,0,CREATE_PIPELINE_BATCH
CP-0001258,2024-03-07,SIMULATED_HISTORY,Kisumu,AGO,WATCH,PLANNED_PIPELINE_MAINTENANCE,13507.05,1109.16,12397.89,11.18,1,4640.0,0,CREATE_PIPELINE_BATCH+OUTAGE
CP-0001259,2024-03-12,SIMULATED_HISTORY,Kisumu,AGO,WATCH,NORMAL,12961.68,984.28,11977.4,12.17,1,4640.0,0,CREATE_PIPELINE_BATCH
CP-0001260,2024-03-16,SIMULATED_HISTORY,Kisumu,AGO,WATCH,NORMAL,13220.71,959.55,12261.16,12.78,1,4640.0,0,CREATE_PIPELINE_BATCH
CP-0001261,2024-03-20,SIMULATED_HISTORY,Kisumu,AGO,WATCH,NORMAL,13504.65,1083.44,12421.21,11.46,1,4640.0,0,CREATE_PIPELINE_BATCH
CP-0001262,2024-03-25,SIMULATED_HISTORY,Kisumu,AGO,WATCH,NORMAL,12893.73,1005.51,11888.21,11.82,1,4640.0,0,CREATE_PIPELINE_BATCH
CP-0001263,2024-03-29,SIMULATED_HISTORY,Kisumu,AGO,WATCH,NORMAL,13322.9,1242.61,12080.29,9.72,1,4640.0,0,CREATE_PIPELINE_BATCH
CP-0001264,2024-04-02,SIMULATED_HISTORY,Kisumu,AGO,WATCH,NORMAL,13711.75,1077.23,12634.52,11.73,1,4640.0,0,CREATE_PIPELINE_BATCH
CP-0001265,2024-04-07,SIMULATED_HISTORY,Kisumu,AGO,WATCH,NORMAL,12832.46,895.08,11937.37,13.34,1,4640.0,0,CREATE_PIPELINE_BATCH
CP-0001266,2024-04-11,SIMULATED_HISTORY,Kisumu,AGO,WATCH,NORMAL,13186.28,1224.5,11961.78,9.77,1,4640.0,0,CREATE_PIPELINE_BATCH
CP-0001267,2024-04-15,SIMULATED_HISTORY,Kisumu,AGO,WATCH,NORMAL,13455.75,1195.82,12259.93,10.25,1,4640.0,0,CREATE_PIPELINE_BATCH
CP-0001268,2024-04-16,SIMULATED_HISTORY,Kisumu,AGO,WATCH,DATA_LATENCY_INCIDENT,12259.93,1123.31,11136.62,9.91,0,0.0,0,NONE
CP-0001269,2024-04-19,SIMULATED_HISTORY,Kisumu,AGO,WATCH,NORMAL,13513.15,1155.44,12357.71,10.7,1,4640.0,0,CREATE_PIPELINE_BATCH
CP-0001270,2024-04-24,SIMULATED_HISTORY,Kisumu,AGO,WATCH,NORMAL,12694.86,1068.08,11626.79,10.89,1,4640.0,0,CREATE_PIPELINE_BATCH
CP-0001271,2024-04-28,SIMULATED_HISTORY,Kisumu,AGO,WATCH,NORMAL,13027.44,920.54,12106.9,13.15,1,4640.0,0,CREATE_PIPELINE_BATCH
CP-0001272,2024-04-30,SIMULATED_HISTORY,Kisumu,AGO,WATCH,PLANNED_PIPELINE_MAINTENANCE,10970.55,1170.76,9799.79,8.37,0,0.0,0,HOLD/RESCHEDULE_DUE_TO_OUTAGE
CP-0001273,2024-05-02,SIMULATED_HISTORY,Kisumu,AGO,WATCH,NORMAL,13239.54,1121.96,12117.58,10.8,1,4640.0,0,CREATE_PIPELINE_BATCH
CP-0001274,2024-05-06,SIMULATED_HISTORY,Kisumu,AGO,WATCH,NORMAL,13465.77,1156.08,12309.69,10.65,1,4640.0,0,CREATE_PIPELINE_BATCH
CP-0001275,2024-05-10,SIMULATED_HISTORY,Kisumu,AGO,WATCH,NORMAL,13582.46,1104.64,12477.82,11.3,1,4640.0,0,CREATE_PIPELINE_BATCH
CP-0001276,2024-05-15,SIMULATED_HISTORY,Kisumu,AGO,WATCH,NORMAL,13044.37,1087.07,11957.3,11.0,1,4640.0,0,CREATE_PIPELINE_BATCH
CP-0001277,2024-05-19,SIMULATED_HISTORY,Kisumu,AGO,WATCH,LOADING_BAY_OUTAGE,13262.57,871.45,12391.11,14.22,1,4640.0,0,CREATE_PIPELINE_BATCH
CP-0001278,2024-05-21,SIMULATED_HISTORY,Kisumu,AGO,WATCH,UNPLANNED_PUMP_FAILURE,11334.48,1103.94,10230.54,9.27,0,0.0,0,HOLD/RESCHEDULE_DUE_TO_OUTAGE
CP-0001279,2024-05-24,SIMULATED_HISTORY,Kisumu,AGO,WATCH,NORMAL,12734.77,1164.09,11570.69,9.94,1,4640.0,0,CREATE_PIPELINE_BATCH
CP-0001280,2024-05-28,SIMULATED_HISTORY,Kisumu,AGO,WATCH,NORMAL,13080.03,1100.51,11979.52,10.89,1,4640.0,0,CREATE_PIPELINE_BATCH
CP-0001281,2024-05-30,SIMULATED_HISTORY,Kisumu,AGO,HEALTHY,DATA_LATENCY_INCIDENT,10834.15,1103.59,14370.56,13.02,0,0.0,0,NONE
CP-0001282,2024-06-01,SIMULATED_HISTORY,Kisumu,AGO,WATCH,NORMAL,13234.67,956.14,12278.53,12.84,1,4640.0,0,CREATE_PIPELINE_BATCH
CP-0001283,2024-06-06,SIMULATED_HISTORY,Kisumu,AGO,WATCH,NORMAL,13018.96,1068.4,11950.56,11.19,1,4640.0,0,CREATE_PIPELINE_BATCH
CP-0001284,2024-06-10,SIMULATED_HISTORY,Kisumu,AGO,WATCH,NORMAL,13535.91,987.93,12547.97,12.7,1,4640.0,0,CREATE_PIPELINE_BATCH
CP-0001285,2024-06-15,SIMULATED_HISTORY,Kisumu,AGO,WATCH,NORMAL,12818.22,1015.19,11803.04,11.63,1,4640.0,0,CREATE_PIPELINE_BATCH
CP-0001286,2024-06-19,SIMULATED_HISTORY,Kisumu,AGO,WATCH,NORMAL,13453.91,1104.25,12349.65,11.18,1,4640.0,0,CREATE_PIPELINE_BATCH
CP-0001287,2024-06-24,SIMULATED_HISTORY,Kisumu,AGO,WATCH,NORMAL,12760.29,1025.55,11734.74,11.44,1,4640.0,0,CREATE_PIPELINE_BATCH
CP-0001288,2024-06-28,SIMULATED_HISTORY,Kisumu,AGO,WATCH,NORMAL,13300.64,1101.87,12198.77,11.07,1,4640.0,0,CREATE_PIPELINE_BATCH
CP-0001289,2024-07-03,SIMULATED_HISTORY,Kisumu,AGO,WATCH,NORMAL,12674.39,1201.96,11472.44,9.54,1,4640.0,0,CREATE_PIPELINE_BATCH
CP-0001290,2024-07-07,SIMULATED_HISTORY,Kisumu,AGO,WATCH,NORMAL,12908.04,954.03,11954.01,12.53,1,4640.0,0,CREATE_PIPELINE_BATCH
CP-0001291,2024-07-11,SIMULATED_HISTORY,Kisumu,AGO,WATCH,NORMAL,13361.26,1124.52,12236.75,10.88,1,4640.0,0,CREATE_PIPELINE_BATCH
CP-0001292,2024-07-16,SIMULATED_HISTORY,Kisumu,AGO,WATCH,NORMAL,12900.37,1116.56,11783.81,10.55,1,4640.0,0,CREATE_PIPELINE_BATCH
CP-0001293,2024-07-20,SIMULATED_HISTORY,Kisumu,AGO,WATCH,NORMAL,13053.43,1134.91,11918.52,10.5,1,4640.0,0,CREATE_PIPELINE_BATCH
CP-0001294,2024-07-24,SIMULATED_HISTORY,Kisumu,AGO,WATCH,NORMAL,13418.92,1026.45,12392.48,12.07,1,4640.0,0,CREATE_PIPELINE_BATCH
CP-0001295,2024-07-29,SIMULATED_HISTORY,Kisumu,AGO,WATCH,NORMAL,12967.36,1065.62,11901.74,11.17,1,4640.0,0,CREATE_PIPELINE_BATCH
CP-0001296,2024-08-02,SIMULATED_HISTORY,Kisumu,AGO,WATCH,NORMAL,13126.16,1274.1,11852.06,9.3,1,4640.0,0,CREATE_PIPELINE_BATCH
CP-0001297,2024-08-06,SIMULATED_HISTORY,Kisumu,AGO,WATCH,NORMAL,13621.56,1035.51,12586.05,12.15,1,4640.0,0,CREATE_PIPELINE_BATCH
CP-0001298,2024-08-11,SIMULATED_HISTORY,Kisumu,AGO,WATCH,NORMAL,12918.26,944.18,11974.08,12.68,1,4640.0,0,CREATE_PIPELINE_BATCH
CP-0001299,2024-08-15,SIMULATED_HISTORY,Kisumu,AGO,WATCH,NORMAL,13458.63,1163.48,12295.14,10.57,1,4640.0,0,CREATE_PIPELINE_BATCH
CP-0001300,2024-08-20,SIMULATED_HISTORY,Kisumu,AGO,WATCH,NORMAL,12732.68,1052.95,11679.73,11.09,1,4640.0,0,CREATE_PIPELINE_BATCH
CP-0001301,2024-08-24,SIMULATED_HISTORY,Kisumu,AGO,WATCH,NORMAL,13074.97,941.53,12133.44,12.89,1,4640.0,0,CREATE_PIPELINE_BATCH
CP-0001302,2024-08-28,SIMULATED_HISTORY,Kisumu,AGO,WATCH,NORMAL,13479.7,1155.2,12324.5,10.67,1,4640.0,0,CREATE_PIPELINE_BATCH
CP-0001303,2024-09-02,SIMULATED_HISTORY,Kisumu,AGO,WATCH,NORMAL,12720.66,1165.84,11554.82,9.91,1,4640.0,0,CREATE_PIPELINE_BATCH
CP-0001304,2024-09-05,SIMULATED_HISTORY,Kisumu,AGO,WATCH,NORMAL,13834.56,1271.49,12563.07,9.88,1,4640.0,0,CREATE_PIPELINE_BATCH
CP-0001305,2024-09-10,SIMULATED_HISTORY,Kisumu,AGO,WATCH,NORMAL,12890.7,1052.58,11838.13,11.25,1,4640.0,0,CREATE_PIPELINE_BATCH
CP-0001306,2024-09-14,SIMULATED_HISTORY,Kisumu,AGO,WATCH,LOADING_BAY_OUTAGE,12980.07,1103.23,11876.84,10.77,1,4640.0,0,CREATE_PIPELINE_BATCH
CP-0001307,2024-09-16,SIMULATED_HISTORY,Kisumu,AGO,HEALTHY,LOADING_BAY_OUTAGE,10980.64,1072.79,14547.85,13.56,0,0.0,0,NONE
CP-0001308,2024-09-18,SIMULATED_HISTORY,Kisumu,AGO,WATCH,NORMAL,13400.56,1142.17,12258.39,10.73,1,4640.0,0,CREATE_PIPELINE_BATCH
CP-0001309,2024-09-22,SIMULATED_HISTORY,Kisumu,AGO,WATCH,NORMAL,13501.2,987.02,12514.18,12.68,1,4640.0,0,CREATE_PIPELINE_BATCH
CP-0001310,2024-09-27,SIMULATED_HISTORY,Kisumu,AGO,WATCH,NORMAL,12659.36,1266.05,11393.31,9.0,1,4640.0,0,CREATE_PIPELINE_BATCH
CP-0001311,2024-09-28,SIMULATED_HISTORY,Kisumu,AGO,WATCH,LOADING_BAY_OUTAGE,11393.31,1074.58,10318.73,9.6,0,0.0,0,NONE
CP-0001312,2024-10-01,SIMULATED_HISTORY,Kisumu,AGO,WATCH,NORMAL,12914.51,1239.9,11674.61,9.42,1,4640.0,0,CREATE_PIPELINE_BATCH
CP-0001313,2024-10-03,SIMULATED_HISTORY,Kisumu,AGO,WATCH,UNPLANNED_PUMP_FAILURE,10333.85,1342.82,8991.03,6.7,0,0.0,0,HOLD/RESCHEDULE_DUE_TO_OUTAGE
CP-0001314,2024-10-04,SIMULATED_HISTORY,Kisumu,AGO,WATCH,NORMAL,8991.03,1392.76,12238.28,8.79,1,4640.0,0,CREATE_PIPELINE_BATCH
CP-0001315,2024-10-08,SIMULATED_HISTORY,Kisumu,AGO,WATCH,NORMAL,13058.29,1213.12,11845.17,9.76,1,4640.0,0,CREATE_PIPELINE_BATCH
CP-0001316,2024-10-11,SIMULATED_HISTORY,Kisumu,AGO,WATCH,NORMAL,13831.32,1491.23,12340.09,8.28,1,4640.0,0,CREATE_PIPELINE_BATCH
CP-0001317,2024-10-15,SIMULATED_HISTORY,Kisumu,AGO,WATCH,NORMAL,13335.39,1292.73,12042.66,9.32,1,4640.0,0,CREATE_PIPELINE_BATCH
CP-0001318,2024-10-18,SIMULATED_HISTORY,Kisumu,AGO,WATCH,NORMAL,14004.68,1430.21,12574.47,8.79,1,4640.0,0,CREATE_PIPELINE_BATCH
CP-0001319,2024-10-22,SIMULATED_HISTORY,Kisumu,AGO,WATCH,NORMAL,13636.52,1278.79,12357.73,9.66,1,4640.0,0,CREATE_PIPELINE_BATCH
CP-0001320,2024-10-26,SIMULATED_HISTORY,Kisumu,AGO,WATCH,NORMAL,12695.17,1194.25,11500.93,9.63,1,4640.0,0,CREATE_PIPELINE_BATCH
CP-0001321,2024-10-29,SIMULATED_HISTORY,Kisumu,AGO,WATCH,NORMAL,13719.11,1423.83,12295.28,8.64,1,4640.0,0,CREATE_PIPELINE_BATCH
CP-0001322,2024-11-01,SIMULATED_HISTORY,Kisumu,AGO,HEALTHY,UNPLANNED_PUMP_FAILURE,14179.48,1207.37,12972.11,10.74,0,0.0,0,HOLD/RESCHEDULE_DUE_TO_OUTAGE
CP-0001323,2024-11-02,SIMULATED_HISTORY,Kisumu,AGO,WATCH,NORMAL,12972.11,1033.25,11938.86,11.55,1,4640.0,0,CREATE_PIPELINE_BATCH
CP-0001324,2024-11-06,SIMULATED_HISTORY,Kisumu,AGO,WATCH,NORMAL,13452.54,1223.59,12228.95,9.99,1,4640.0,0,CREATE_PIPELINE_BATCH
CP-0001325,2024-11-08,SIMULATED_HISTORY,Kisumu,AGO,HEALTHY,LOADING_BAY_OUTAGE,11054.69,1029.08,14665.61,14.25,0,0.0,0,NONE
CP-0001326,2024-11-11,SIMULATED_HISTORY,Kisumu,AGO,WATCH,NORMAL,12651.88,1117.63,11534.25,10.32,1,4640.0,0,CREATE_PIPELINE_BATCH
CP-0001327,2024-11-15,SIMULATED_HISTORY,Kisumu,AGO,WATCH,NORMAL,12706.4,1118.26,11588.13,10.36,1,4640.0,0,CREATE_PIPELINE_BATCH
CP-0001328,2024-11-19,SIMULATED_HISTORY,Kisumu,AGO,WATCH,NORMAL,13165.28,1070.2,12095.08,11.3,1,4640.0,0,CREATE_PIPELINE_BATCH
CP-0001329,2024-11-23,SIMULATED_HISTORY,Kisumu,AGO,WATCH,NORMAL,13253.14,984.18,12268.96,12.47,1,4640.0,0,CREATE_PIPELINE_BATCH
CP-0001330,2024-11-27,SIMULATED_HISTORY,Kisumu,AGO,WATCH,NORMAL,13638.67,1071.87,12566.8,11.72,1,4640.0,0,CREATE_PIPELINE_BATCH
CP-0001331,2024-12-02,SIMULATED_HISTORY,Kisumu,AGO,WATCH,NORMAL,13016.76,1192.37,11824.39,9.92,1,4640.0,0,CREATE_PIPELINE_BATCH
CP-0001332,2024-12-06,SIMULATED_HISTORY,Kisumu,AGO,WATCH,NORMAL,13139.17,1152.29,11986.88,10.4,1,4640.0,0,CREATE_PIPELINE_BATCH
CP-0001333,2024-12-10,SIMULATED_HISTORY,Kisumu,AGO,WATCH,NORMAL,13655.41,1063.52,12591.89,11.84,1,4640.0,0,CREATE_PIPELINE_BATCH
CP-0001334,2024-12-15,SIMULATED_HISTORY,Kisumu,AGO,WATCH,NORMAL,12794.72,901.62,11893.1,13.19,1,4640.0,0,CREATE_PIPELINE_BATCH
CP-0001335,2024-12-19,SIMULATED_HISTORY,Kisumu,AGO,WATCH,NORMAL,13243.13,1046.57,12196.56,11.65,1,4640.0,0,CREATE_PIPELINE_BATCH
CP-0001336,2024-12-23,SIMULATED_HISTORY,Kisumu,AGO,WATCH,NORMAL,13643.43,1200.68,12442.75,10.36,1,4640.0,0,CREATE_PIPELINE_BATCH
CP-0001337,2024-12-27,SIMULATED_HISTORY,Kisumu,AGO,WATCH,NORMAL,13554.93,1132.68,12422.24,10.97,1,4640.0,0,CREATE_PIPELINE_BATCH
CP-0001338,2025-01-01,SIMULATED_HISTORY,Kisumu,AGO,WATCH,NORMAL,12746.84,1264.88,11481.96,9.08,1,4640.0,0,CREATE_PIPELINE_BATCH
CP-0001339,2025-01-04,SIMULATED_HISTORY,Kisumu,AGO,WATCH,NORMAL,13516.21,1148.73,12367.48,10.77,1,4640.0,0,CREATE_PIPELINE_BATCH
CP-0001340,2025-01-08,SIMULATED_HISTORY,Kisumu,AGO,WATCH,NORMAL,13487.48,1164.5,12322.98,10.58,1,4640.0,0,CREATE_PIPELINE_BATCH
CP-0001341,2025-01-12,SIMULATED_HISTORY,Kisumu,AGO,WATCH,NORMAL,13245.19,1012.7,12232.49,12.08,1,4640.0,0,CREATE_PIPELINE_BATCH
CP-0001342,2025-01-16,SIMULATED_HISTORY,Kisumu,AGO,WATCH,NORMAL,13208.12,1259.55,11948.57,9.49,1,4640.0,0,CREATE_PIPELINE_BATCH
CP-0001343,2025-01-20,SIMULATED_HISTORY,Kisumu,AGO,WATCH,UNPLANNED_PUMP_FAILURE,13201.67,1183.69,12017.98,10.15,1,4640.0,0,CREATE_PIPELINE_BATCH+OUTAGE
CP-0001344,2025-01-24,SIMULATED_HISTORY,Kisumu,AGO,WATCH,NORMAL,12987.69,1371.29,11616.41,8.47,1,4640.0,0,CREATE_PIPELINE_BATCH
CP-0001345,2025-01-28,SIMULATED_HISTORY,Kisumu,AGO,WATCH,NORMAL,13054.06,1235.5,11818.56,9.57,1,4640.0,0,CREATE_PIPELINE_BATCH
CP-0001346,2025-02-01,SIMULATED_HISTORY,Kisumu,AGO,WATCH,NORMAL,12766.75,1027.42,11739.32,11.43,1,4640.0,0,CREATE_PIPELINE_BATCH
CP-0001347,2025-02-05,SIMULATED_HISTORY,Kisumu,AGO,WATCH,NORMAL,13249.18,1186.48,12062.7,10.17,1,4640.0,0,CREATE_PIPELINE_BATCH
CP-0001348,2025-02-09,SIMULATED_HISTORY,Kisumu,AGO,WATCH,NORMAL,13284.2,1012.77,12271.42,12.12,1,4640.0,0,CREATE_PIPELINE_BATCH
CP-0001349,2025-02-12,SIMULATED_HISTORY,Kisumu,AGO,HEALTHY,DATA_LATENCY_INCIDENT,14627.14,1052.51,13574.63,12.9,0,0.0,0,NONE
CP-0001350,2025-02-13,SIMULATED_HISTORY,Kisumu,AGO,WATCH,NORMAL,13574.63,1221.75,12352.89,10.11,1,4640.0,0,CREATE_PIPELINE_BATCH
CP-0001351,2025-02-18,SIMULATED_HISTORY,Kisumu,AGO,WATCH,NORMAL,12874.02,1164.69,11709.33,10.05,1,4640.0,0,CREATE_PIPELINE_BATCH
CP-0001352,2025-02-22,SIMULATED_HISTORY,Kisumu,AGO,WATCH,NORMAL,12949.65,1097.91,11851.74,10.79,1,4640.0,0,CREATE_PIPELINE_BATCH
CP-0001353,2025-02-26,SIMULATED_HISTORY,Kisumu,AGO,WATCH,NORMAL,13220.96,1111.22,12109.74,10.9,1,4640.0,0,CREATE_PIPELINE_BATCH
CP-0001354,2025-03-02,SIMULATED_HISTORY,Kisumu,AGO,WATCH,NORMAL,13352.55,991.81,12360.74,12.46,1,4640.0,0,CREATE_PIPELINE_BATCH
CP-0001355,2025-03-06,SIMULATED_HISTORY,Kisumu,AGO,WATCH,NORMAL,13372.32,1185.53,12186.79,10.28,1,4640.0,0,CREATE_PIPELINE_BATCH
CP-0001356,2025-03-10,SIMULATED_HISTORY,Kisumu,AGO,WATCH,NORMAL,13689.69,1103.3,12586.39,11.41,1,4640.0,0,CREATE_PIPELINE_BATCH
CP-0001357,2025-03-14,SIMULATED_HISTORY,Kisumu,AGO,WATCH,NORMAL,13649.76,1246.25,12403.5,9.95,1,4640.0,0,CREATE_PIPELINE_BATCH
CP-0001358,2025-03-18,SIMULATED_HISTORY,Kisumu,AGO,WATCH,NORMAL,13690.9,1138.42,12552.48,11.03,1,4640.0,0,CREATE_PIPELINE_BATCH
CP-0001359,2025-03-22,SIMULATED_HISTORY,Kisumu,AGO,WATCH,NORMAL,13547.66,1229.18,12318.48,10.02,1,4640.0,0,CREATE_PIPELINE_BATCH
CP-0001360,2025-03-26,SIMULATED_HISTORY,Kisumu,AGO,WATCH,NORMAL,13632.21,1173.61,12458.6,10.62,1,4640.0,0,CREATE_PIPELINE_BATCH
CP-0001361,2025-03-30,SIMULATED_HISTORY,Kisumu,AGO,WATCH,NORMAL,13517.89,894.22,12623.67,14.12,1,4640.0,0,CREATE_PIPELINE_BATCH
CP-0001362,2025-04-04,SIMULATED_HISTORY,Kisumu,AGO,WATCH,NORMAL,12712.69,1359.35,11353.34,8.35,1,4640.0,0,CREATE_PIPELINE_BATCH
CP-0001363,2025-04-05,SIMULATED_HISTORY,Kisumu,AGO,WATCH,LOADING_BAY_OUTAGE,11353.34,1053.15,10300.19,9.78,0,0.0,0,NONE
CP-0001364,2025-04-08,SIMULATED_HISTORY,Kisumu,AGO,WATCH,NORMAL,12706.18,1189.37,11516.81,9.68,1,4640.0,0,CREATE_PIPELINE_BATCH
CP-0001365,2025-04-11,SIMULATED_HISTORY,Kisumu,AGO,WATCH,NORMAL,13672.5,1230.2,12442.3,10.11,1,4640.0,0,CREATE_PIPELINE_BATCH
CP-0001366,2025-04-15,SIMULATED_HISTORY,Kisumu,AGO,WATCH,NORMAL,13593.51,1046.61,12546.89,11.99,1,4640.0,0,CREATE_PIPELINE_BATCH
CP-0001367,2025-04-19,SIMULATED_HISTORY,Kisumu,AGO,WATCH,NORMAL,13612.94,1006.68,12606.26,12.52,1,4640.0,0,CREATE_PIPELINE_BATCH
CP-0001368,2025-04-24,SIMULATED_HISTORY,Kisumu,AGO,WATCH,NORMAL,12822.75,1299.16,11523.59,8.87,1,4640.0,0,CREATE_PIPELINE_BATCH
CP-0001369,2025-04-28,SIMULATED_HISTORY,Kisumu,AGO,WATCH,NORMAL,12800.84,1332.74,11468.1,8.6,1,4640.0,0,CREATE_PIPELINE_BATCH
CP-0001370,2025-04-30,SIMULATED_HISTORY,Kisumu,AGO,WATCH,PLANNED_PIPELINE_MAINTENANCE,10235.86,1107.34,9128.52,8.24,0,0.0,0,HOLD/RESCHEDULE_DUE_TO_OUTAGE
CP-0001371,2025-05-01,SIMULATED_HISTORY,Kisumu,AGO,CRITICAL,PLANNED_PIPELINE_MAINTENANCE,9128.52,1179.68,7948.83,6.74,1,4640.0,0,CREATE_PIPELINE_BATCH+OUTAGE
CP-0001372,2025-05-05,SIMULATED_HISTORY,Kisumu,AGO,WATCH,NORMAL,13739.59,1184.17,12555.42,10.6,1,4640.0,0,CREATE_PIPELINE_BATCH
CP-0001373,2025-05-09,SIMULATED_HISTORY,Kisumu,AGO,WATCH,NORMAL,13601.04,1183.57,12417.47,10.49,1,4640.0,0,CREATE_PIPELINE_BATCH
CP-0001374,2025-05-13,SIMULATED_HISTORY,Kisumu,AGO,WATCH,NORMAL,13841.81,1210.48,12631.32,10.43,1,4640.0,0,CREATE_PIPELINE_BATCH
CP-0001375,2025-05-18,SIMULATED_HISTORY,Kisumu,AGO,WATCH,NORMAL,12650.21,1003.93,11646.28,11.6,1,4640.0,0,CREATE_PIPELINE_BATCH
CP-0001376,2025-05-22,SIMULATED_HISTORY,Kisumu,AGO,WATCH,NORMAL,12755.49,1211.54,11543.95,9.53,1,4640.0,0,CREATE_PIPELINE_BATCH
CP-0001377,2025-05-26,SIMULATED_HISTORY,Kisumu,AGO,WATCH,NORMAL,12853.95,1162.55,11691.4,10.06,1,4640.0,0,CREATE_PIPELINE_BATCH
CP-0001378,2025-05-27,SIMULATED_HISTORY,Kisumu,AGO,WATCH,UNPLANNED_PUMP_FAILURE,11691.4,1131.13,10560.27,9.34,0,0.0,0,HOLD/RESCHEDULE_DUE_TO_OUTAGE
CP-0001379,2025-05-30,SIMULATED_HISTORY,Kisumu,AGO,WATCH,NORMAL,12868.45,1311.19,11557.25,8.81,1,4640.0,0,CREATE_PIPELINE_BATCH
CP-0001380,2025-06-01,SIMULATED_HISTORY,Kisumu,AGO,WATCH,UNPLANNED_PUMP_FAILURE,10326.56,918.2,9408.36,10.25,0,0.0,0,HOLD/RESCHEDULE_DUE_TO_OUTAGE
CP-0001381,2025-06-03,SIMULATED_HISTORY,Kisumu,AGO,WATCH,NORMAL,13008.62,1076.98,11931.64,11.08,1,4640.0,0,CREATE_PIPELINE_BATCH
CP-0001382,2025-06-07,SIMULATED_HISTORY,Kisumu,AGO,WATCH,NORMAL,13197.19,1065.2,12131.99,11.39,1,4640.0,0,CREATE_PIPELINE_BATCH
CP-0001383,2025-06-11,SIMULATED_HISTORY,Kisumu,AGO,WATCH,DATA_LATENCY_INCIDENT,13683.86,1205.89,12477.97,10.35,1,4640.0,0,CREATE_PIPELINE_BATCH
CP-0001384,2025-06-16,SIMULATED_HISTORY,Kisumu,AGO,WATCH,NORMAL,12866.52,1142.67,11723.84,10.26,1,4640.0,0,CREATE_PIPELINE_BATCH
CP-0001385,2025-06-20,SIMULATED_HISTORY,Kisumu,AGO,WATCH,NORMAL,13007.99,1170.65,11837.34,10.11,1,4640.0,0,CREATE_PIPELINE_BATCH
CP-0001386,2025-06-24,SIMULATED_HISTORY,Kisumu,AGO,WATCH,NORMAL,8783.27,1302.06,12121.21,9.31,1,4640.0,0,CREATE_PIPELINE_BATCH
CP-0001387,2025-06-28,SIMULATED_HISTORY,Kisumu,AGO,WATCH,NORMAL,13236.6,1018.36,12218.24,12.0,1,4640.0,0,CREATE_PIPELINE_BATCH
CP-0001388,2025-07-02,SIMULATED_HISTORY,Kisumu,AGO,WATCH,NORMAL,13602.73,1129.73,12473.0,11.04,1,4640.0,0,CREATE_PIPELINE_BATCH
CP-0001389,2025-07-06,SIMULATED_HISTORY,Kisumu,AGO,WATCH,NORMAL,13647.01,1044.35,12602.66,12.07,1,4640.0,0,CREATE_PIPELINE_BATCH
CP-0001390,2025-07-07,SIMULATED_HISTORY,Kisumu,AGO,WATCH,LOADING_BAY_OUTAGE,12602.66,1202.43,11400.23,9.48,0,0.0,0,NONE
CP-0001391,2025-07-10,SIMULATED_HISTORY,Kisumu,AGO,WATCH,NORMAL,13632.18,1158.82,12473.36,10.76,1,4640.0,0,CREATE_PIPELINE_BATCH
CP-0001392,2025-07-14,SIMULATED_HISTORY,Kisumu,AGO,WATCH,NORMAL,13638.64,1277.35,12361.29,9.68,1,4640.0,0,CREATE_PIPELINE_BATCH
CP-0001393,2025-07-18,SIMULATED_HISTORY,Kisumu,AGO,WATCH,NORMAL,13428.23,1254.38,12173.85,9.71,1,4640.0,0,CREATE_PIPELINE_BATCH
CP-0001394,2025-07-22,SIMULATED_HISTORY,Kisumu,AGO,WATCH,NORMAL,13670.16,1201.75,12468.41,10.38,1,4640.0,0,CREATE_PIPELINE_BATCH
CP-0001395,2025-07-26,SIMULATED_HISTORY,Kisumu,AGO,WATCH,NORMAL,13401.76,1083.95,12317.8,11.36,1,4640.0,0,CREATE_PIPELINE_BATCH
CP-0001396,2025-07-30,SIMULATED_HISTORY,Kisumu,AGO,WATCH,NORMAL,13735.24,1252.99,12482.25,9.96,1,4640.0,0,CREATE_PIPELINE_BATCH
CP-0001397,2025-08-04,SIMULATED_HISTORY,Kisumu,AGO,WATCH,NORMAL,12850.17,1243.44,11606.72,9.33,1,4640.0,0,CREATE_PIPELINE_BATCH
CP-0001398,2025-08-08,SIMULATED_HISTORY,Kisumu,AGO,WATCH,NORMAL,12698.74,1177.26,11521.48,9.79,1,4640.0,0,CREATE_PIPELINE_BATCH
CP-0001399,2025-08-12,SIMULATED_HISTORY,Kisumu,AGO,WATCH,NORMAL,12874.96,1083.36,11791.6,10.88,1,4640.0,0,CREATE_PIPELINE_BATCH
CP-0001400,2025-08-16,SIMULATED_HISTORY,Kisumu,AGO,WATCH,NORMAL,12656.06,1033.02,11623.04,11.25,1,4640.0,0,CREATE_PIPELINE_BATCH
CP-0001401,2025-08-20,SIMULATED_HISTORY,Kisumu,AGO,WATCH,NORMAL,13069.86,1057.21,12012.65,11.36,1,4640.0,0,CREATE_PIPELINE_BATCH
CP-0001402,2025-08-24,SIMULATED_HISTORY,Kisumu,AGO,WATCH,NORMAL,13044.67,1054.69,11989.98,11.37,1,4640.0,0,CREATE_PIPELINE_BATCH
CP-0001403,2025-08-28,SIMULATED_HISTORY,Kisumu,AGO,WATCH,NORMAL,12999.5,1341.72,11657.79,8.69,1,4640.0,0,CREATE_PIPELINE_BATCH
CP-0001404,2025-09-01,SIMULATED_HISTORY,Kisumu,AGO,WATCH,NORMAL,12977.3,1074.72,11902.58,11.08,1,4640.0,0,CREATE_PIPELINE_BATCH
CP-0001405,2025-09-05,SIMULATED_HISTORY,Kisumu,AGO,WATCH,NORMAL,12781.98,1270.4,11511.59,9.06,1,4640.0,0,CREATE_PIPELINE_BATCH
CP-0001406,2025-09-09,SIMULATED_HISTORY,Kisumu,AGO,WATCH,NORMAL,12656.84,1175.89,11480.95,9.76,1,4640.0,0,CREATE_PIPELINE_BATCH
CP-0001407,2025-09-12,SIMULATED_HISTORY,Kisumu,AGO,WATCH,LOADING_BAY_OUTAGE,13774.44,1357.89,12416.54,9.14,1,4640.0,0,CREATE_PIPELINE_BATCH
CP-0001408,2025-09-16,SIMULATED_HISTORY,Kisumu,AGO,WATCH,NORMAL,13648.44,1237.01,12411.43,10.03,1,4640.0,0,CREATE_PIPELINE_BATCH
CP-0001409,2025-09-20,SIMULATED_HISTORY,Kisumu,AGO,WATCH,NORMAL,13009.09,1105.06,11904.04,10.77,1,4640.0,0,CREATE_PIPELINE_BATCH
CP-0001410,2025-09-24,SIMULATED_HISTORY,Kisumu,AGO,WATCH,NORMAL,13082.99,1116.7,11966.29,10.72,1,4640.0,0,CREATE_PIPELINE_BATCH
CP-0001411,2025-09-28,SIMULATED_HISTORY,Kisumu,AGO,WATCH,NORMAL,12998.93,912.18,12086.75,13.25,1,4640.0,0,CREATE_PIPELINE_BATCH
CP-0001412,2025-10-02,SIMULATED_HISTORY,Kisumu,AGO,WATCH,PLANNED_PIPELINE_MAINTENANCE,12847.56,1590.31,11257.24,7.08,1,4640.0,0,CREATE_PIPELINE_BATCH+OUTAGE
CP-0001413,2025-10-03,SIMULATED_HISTORY,Kisumu,AGO,WATCH,PLANNED_PIPELINE_MAINTENANCE,11257.24,1476.89,9780.36,6.62,0,0.0,0,HOLD/RESCHEDULE_DUE_TO_OUTAGE
CP-0001414,2025-10-05,SIMULATED_HISTORY,Kisumu,AGO,WATCH,NORMAL,13066.34,1115.43,11950.91,10.71,1,4640.0,0,CREATE_PIPELINE_BATCH
CP-0001415,2025-10-08,SIMULATED_HISTORY,Kisumu,AGO,WATCH,NORMAL,13926.19,1374.98,12551.2,9.13,1,4640.0,0,CREATE_PIPELINE_BATCH
CP-0001416,2025-10-12,SIMULATED_HISTORY,Kisumu,AGO,WATCH,NORMAL,13022.3,1113.08,11909.22,10.7,1,4640.0,0,CREATE_PIPELINE_BATCH
CP-0001417,2025-10-15,SIMULATED_HISTORY,Kisumu,AGO,WATCH,NORMAL,9130.1,1492.86,12277.24,8.22,1,4640.0,0,CREATE_PIPELINE_BATCH
CP-0001418,2025-10-16,SIMULATED_HISTORY,Kisumu,AGO,WATCH,LOADING_BAY_OUTAGE,12277.24,1367.79,10909.45,7.98,0,0.0,0,NONE
CP-0001419,2025-10-19,SIMULATED_HISTORY,Kisumu,AGO,WATCH,NORMAL,12822.89,1227.55,11595.35,9.45,1,4640.0,0,CREATE_PIPELINE_BATCH
CP-0001420,2025-10-22,SIMULATED_HISTORY,Kisumu,AGO,WATCH,NORMAL,13196.14,1363.16,11832.99,8.68,1,4640.0,0,CREATE_PIPELINE_BATCH
CP-0001421,2025-10-25,SIMULATED_HISTORY,Kisumu,AGO,WATCH,NORMAL,13516.36,1323.32,12193.03,9.21,1,4640.0,0,CREATE_PIPELINE_BATCH
CP-0001422,2025-10-29,SIMULATED_HISTORY,Kisumu,AGO,WATCH,NORMAL,12876.73,1279.62,11597.12,9.06,1,4640.0,0,CREATE_PIPELINE_BATCH
CP-0001423,2025-11-01,SIMULATED_HISTORY,Kisumu,AGO,WATCH,NORMAL,13279.84,1013.87,12265.97,12.1,1,4640.0,0,CREATE_PIPELINE_BATCH
CP-0001424,2025-11-05,SIMULATED_HISTORY,Kisumu,AGO,WATCH,NORMAL,13425.79,1363.26,12062.52,8.85,1,4640.0,0,CREATE_PIPELINE_BATCH
CP-0001425,2025-11-09,SIMULATED_HISTORY,Kisumu,AGO,WATCH,NORMAL,13165.66,963.87,12201.79,12.66,1,4640.0,0,CREATE_PIPELINE_BATCH
CP-0001426,2025-11-13,SIMULATED_HISTORY,Kisumu,AGO,WATCH,NORMAL,12990.92,1191.26,11799.66,9.91,1,4640.0,0,CREATE_PIPELINE_BATCH
CP-0001427,2025-11-17,SIMULATED_HISTORY,Kisumu,AGO,WATCH,NORMAL,12989.35,1259.22,11730.13,9.32,1,4640.0,0,CREATE_PIPELINE_BATCH
CP-0001428,2025-11-21,SIMULATED_HISTORY,Kisumu,AGO,WATCH,NORMAL,12755.59,1178.18,11577.4,9.83,1,4640.0,0,CREATE_PIPELINE_BATCH
CP-0001429,2025-11-25,SIMULATED_HISTORY,Kisumu,AGO,WATCH,NORMAL,12852.59,1233.5,11619.09,9.42,1,4640.0,0,CREATE_PIPELINE_BATCH
CP-0001430,2025-11-28,SIMULATED_HISTORY,Kisumu,AGO,WATCH,NORMAL,13789.15,1325.22,12463.92,9.41,1,4640.0,0,CREATE_PIPELINE_BATCH
CP-0001431,2025-11-29,SIMULATED_HISTORY,Kisumu,AGO,WATCH,LOADING_BAY_OUTAGE,12463.92,1087.07,11376.85,10.47,0,0.0,0,NONE
CP-0001432,2025-12-02,SIMULATED_HISTORY,Kisumu,AGO,WATCH,NORMAL,13848.16,1211.42,12636.73,10.43,1,4640.0,0,CREATE_PIPELINE_BATCH
CP-0001433,2025-12-06,SIMULATED_HISTORY,Kisumu,AGO,WATCH,NORMAL,13585.81,1114.46,12471.35,11.19,1,4640.0,0,CREATE_PIPELINE_BATCH
CP-0001434,2025-12-11,SIMULATED_HISTORY,Kisumu,AGO,WATCH,NORMAL,12655.43,1245.3,11410.12,9.16,1,4640.0,0,CREATE_PIPELINE_BATCH
CP-0001435,2025-12-15,SIMULATED_HISTORY,Kisumu,AGO,WATCH,NORMAL,12764.71,1154.41,11610.29,10.06,1,4640.0,0,CREATE_PIPELINE_BATCH
CP-0001436,2025-12-19,SIMULATED_HISTORY,Kisumu,AGO,WATCH,NORMAL,12638.07,1228.43,11409.64,9.29,1,4640.0,0,CREATE_PIPELINE_BATCH
CP-0001437,2025-12-23,SIMULATED_HISTORY,Kisumu,AGO,WATCH,NORMAL,12684.57,1260.56,11424.01,9.06,1,4640.0,0,CREATE_PIPELINE_BATCH
CP-0001438,2025-12-26,SIMULATED_HISTORY,Kisumu,AGO,WATCH,NORMAL,13630.5,1241.96,12388.54,9.98,1,4640.0,0,CREATE_PIPELINE_BATCH
CP-0001439,2025-12-30,SIMULATED_HISTORY,Kisumu,AGO,WATCH,NORMAL,13756.79,1149.9,12606.88,10.96,1,4640.0,0,CREATE_PIPELINE_BATCH
CP-0001440,2026-01-03,SIMULATED_HISTORY,Kisumu,AGO,WATCH,NORMAL,13576.45,1312.9,12263.55,9.34,1,4640.0,0,CREATE_PIPELINE_BATCH
CP-0001441,2026-01-07,SIMULATED_HISTORY,Kisumu,AGO,WATCH,NORMAL,13070.05,1434.85,11635.2,8.11,1,4640.0,0,CREATE_PIPELINE_BATCH
CP-0001442,2026-01-10,SIMULATED_HISTORY,Kisumu,AGO,WATCH,NORMAL,9034.45,1208.28,12466.17,10.32,1,4640.0,0,CREATE_PIPELINE_BATCH
CP-0001443,2026-01-14,SIMULATED_HISTORY,Kisumu,AGO,WATCH,NORMAL,13497.35,1239.35,12257.99,9.89,1,4640.0,0,CREATE_PIPELINE_BATCH
CP-0001444,2026-01-15,SIMULATED_HISTORY,Kisumu,AGO,WATCH,UNPLANNED_PUMP_FAILURE,12257.99,1376.51,10881.48,7.91,0,0.0,0,HOLD/RESCHEDULE_DUE_TO_OUTAGE
CP-0001445,2026-01-18,SIMULATED_HISTORY,Kisumu,AGO,WATCH,NORMAL,12952.47,1119.82,11832.65,10.57,1,4640.0,0,CREATE_PIPELINE_BATCH
CP-0001446,2026-01-21,SIMULATED_HISTORY,Kisumu,AGO,CRITICAL,NORMAL,9434.88,1292.07,8142.81,6.3,0,0.0,0,NONE
CP-0001447,2026-01-22,SIMULATED_HISTORY,Kisumu,AGO,WATCH,NORMAL,8142.81,1414.67,11368.14,8.04,1,4640.0,0,CREATE_PIPELINE_BATCH
CP-0001448,2026-01-25,SIMULATED_HISTORY,Kisumu,AGO,WATCH,NORMAL,13302.61,1082.41,12220.2,11.29,1,4640.0,0,CREATE_PIPELINE_BATCH
CP-0001449,2026-01-28,SIMULATED_HISTORY,Kisumu,AGO,HEALTHY,PLANNED_PIPELINE_MAINTENANCE,14472.37,1342.71,13129.65,9.78,0,0.0,0,HOLD/RESCHEDULE_DUE_TO_OUTAGE
CP-0001450,2026-01-29,SIMULATED_HISTORY,Kisumu,AGO,WATCH,NORMAL,13129.65,1274.47,11855.19,9.3,1,4640.0,0,CREATE_PIPELINE_BATCH
CP-0001451,2026-02-02,SIMULATED_HISTORY,Kisumu,AGO,WATCH,NORMAL,12969.49,1192.2,11777.29,9.88,1,4640.0,0,CREATE_PIPELINE_BATCH
CP-0001452,2026-02-06,SIMULATED_HISTORY,Kisumu,AGO,WATCH,NORMAL,12983.9,1213.94,11769.96,9.7,1,4640.0,0,CREATE_PIPELINE_BATCH
CP-0001453,2026-02-10,SIMULATED_HISTORY,Kisumu,AGO,WATCH,NORMAL,13098.96,1191.78,11907.19,9.99,1,4640.0,0,CREATE_PIPELINE_BATCH
CP-0001454,2026-02-12,SIMULATED_HISTORY,Kisumu,AGO,HEALTHY,LOADING_BAY_OUTAGE,10712.89,1248.44,14104.45,11.3,0,0.0,0,NONE
CP-0001455,2026-02-14,SIMULATED_HISTORY,Kisumu,AGO,WATCH,NORMAL,12820.0,1048.88,11771.12,11.22,1,4640.0,0,CREATE_PIPELINE_BATCH
CP-0001456,2026-02-16,SIMULATED_HISTORY,Kisumu,AGO,WATCH,UNPLANNED_PUMP_FAILURE,10761.31,1068.57,9692.74,9.07,0,0.0,0,HOLD/RESCHEDULE_DUE_TO_OUTAGE
CP-0001457,2026-02-18,SIMULATED_HISTORY,Kisumu,AGO,WATCH,NORMAL,13103.54,1203.51,11900.02,9.89,1,4640.0,0,CREATE_PIPELINE_BATCH
CP-0001458,2026-02-22,SIMULATED_HISTORY,Kisumu,AGO,WATCH,NORMAL,13166.85,934.19,12232.66,13.09,1,4640.0,0,CREATE_PIPELINE_BATCH
CP-0001459,2026-02-26,SIMULATED_HISTORY,Kisumu,AGO,WATCH,NORMAL,13433.67,1249.85,12183.82,9.75,1,4640.0,0,CREATE_PIPELINE_BATCH
CP-0001460,2026-03-02,SIMULATED_HISTORY,Kisumu,AGO,WATCH,NORMAL,13167.77,1251.13,11916.64,9.52,1,4640.0,0,CREATE_PIPELINE_BATCH
CP-0001461,2026-03-06,SIMULATED_HISTORY,Kisumu,AGO,WATCH,NORMAL,13019.04,1317.37,11701.67,8.88,1,4640.0,0,CREATE_PIPELINE_BATCH
CP-0001462,2026-03-10,SIMULATED_HISTORY,Kisumu,AGO,WATCH,NORMAL,12703.65,1264.24,11439.41,9.05,1,4640.0,0,CREATE_PIPELINE_BATCH
CP-0001463,2026-03-13,SIMULATED_HISTORY,Kisumu,AGO,WATCH,NORMAL,13476.27,1336.52,12139.75,9.08,1,4640.0,0,CREATE_PIPELINE_BATCH
CP-0001464,2026-03-17,SIMULATED_HISTORY,Kisumu,AGO,WATCH,NORMAL,13213.28,1350.87,11862.41,8.78,1,4640.0,0,CREATE_PIPELINE_BATCH
CP-0001465,2026-03-21,SIMULATED_HISTORY,Kisumu,AGO,WATCH,NORMAL,12682.05,1215.08,11466.97,9.44,1,4640.0,0,CREATE_PIPELINE_BATCH
CP-0001466,2026-03-24,SIMULATED_HISTORY,Kisumu,AGO,CRITICAL,NORMAL,9213.87,1282.55,7931.32,6.18,1,4640.0,0,CREATE_PIPELINE_BATCH
CP-0001467,2026-03-25,SIMULATED_HISTORY,Kisumu,AGO,WATCH,LOADING_BAY_OUTAGE,7931.32,1298.5,11272.81,8.68,0,0.0,0,NONE
CP-0001468,2026-03-28,SIMULATED_HISTORY,Kisumu,AGO,WATCH,NORMAL,13349.15,1291.17,12057.98,9.34,1,4640.0,0,CREATE_PIPELINE_BATCH
CP-0001469,2026-04-01,SIMULATED_HISTORY,Kisumu,AGO,WATCH,NORMAL,13168.5,1176.93,11991.57,10.19,1,4640.0,0,CREATE_PIPELINE_BATCH
CP-0001470,2026-04-05,SIMULATED_HISTORY,Kisumu,AGO,WATCH,NORMAL,12913.84,1046.61,11867.23,11.34,1,4640.0,0,CREATE_PIPELINE_BATCH
CP-0001471,2026-04-09,SIMULATED_HISTORY,Kisumu,AGO,WATCH,NORMAL,12740.6,1295.96,11444.64,8.83,1,4640.0,0,CREATE_PIPELINE_BATCH
CP-0001472,2026-04-13,SIMULATED_HISTORY,Kisumu,AGO,WATCH,NORMAL,12641.8,1157.67,11484.13,9.92,1,4640.0,0,CREATE_PIPELINE_BATCH
CP-0001473,2026-04-16,SIMULATED_HISTORY,Kisumu,AGO,WATCH,NORMAL,13498.66,1263.85,12234.81,9.68,1,4640.0,0,CREATE_PIPELINE_BATCH
CP-0001474,2026-04-17,SIMULATED_HISTORY,Kisumu,AGO,WATCH,LOADING_BAY_OUTAGE,12234.81,1272.33,10962.48,8.62,0,0.0,0,NONE
CP-0001475,2026-04-20,SIMULATED_HISTORY,Kisumu,AGO,WATCH,NORMAL,13345.13,1198.27,12146.86,10.14,1,4640.0,0,CREATE_PIPELINE_BATCH
CP-0001476,2026-04-24,SIMULATED_HISTORY,Kisumu,AGO,WATCH,NORMAL,13041.03,1389.13,11651.9,8.39,1,4640.0,0,CREATE_PIPELINE_BATCH
CP-0001477,2026-04-28,SIMULATED_HISTORY,Kisumu,AGO,WATCH,NORMAL,12777.46,1401.9,11375.56,8.11,1,4640.0,0,CREATE_PIPELINE_BATCH
CP-0001478,2026-05-01,SIMULATED_HISTORY,Kisumu,AGO,WATCH,NORMAL,8813.95,1352.45,12101.51,8.95,1,4640.0,0,CREATE_PIPELINE_BATCH
CP-0001479,2026-05-05,SIMULATED_HISTORY,Kisumu,AGO,WATCH,NORMAL,12915.93,1374.49,11541.44,8.4,1,4640.0,0,CREATE_PIPELINE_BATCH
CP-0001480,2026-05-08,SIMULATED_HISTORY,Kisumu,AGO,WATCH,NORMAL,8932.06,1392.31,12179.75,8.75,1,4640.0,0,CREATE_PIPELINE_BATCH
CP-0001481,2026-05-12,SIMULATED_HISTORY,Kisumu,AGO,WATCH,NORMAL,13327.67,1246.59,12081.08,9.69,1,4640.0,0,CREATE_PIPELINE_BATCH
CP-0001482,2026-05-16,SIMULATED_HISTORY,Kisumu,AGO,WATCH,NORMAL,12748.44,1083.22,11665.22,10.77,1,4640.0,0,CREATE_PIPELINE_BATCH
CP-0001483,2026-05-19,SIMULATED_HISTORY,Kisumu,AGO,WATCH,NORMAL,13890.56,1308.77,12581.79,9.61,1,4640.0,0,CREATE_PIPELINE_BATCH
CP-0001484,2026-05-23,SIMULATED_HISTORY,Kisumu,AGO,WATCH,NORMAL,13286.09,1173.98,12112.11,10.32,1,4640.0,0,CREATE_PIPELINE_BATCH
CP-0001485,2026-05-27,SIMULATED_HISTORY,Kisumu,AGO,WATCH,NORMAL,13172.42,1290.89,11881.53,9.2,1,4640.0,0,CREATE_PIPELINE_BATCH
CP-0001486,2026-05-31,SIMULATED_HISTORY,Kisumu,AGO,WATCH,NORMAL,12758.97,1113.14,11645.83,10.46,1,4640.0,0,CREATE_PIPELINE_BATCH
CP-0001487,2026-06-04,SIMULATED_HISTORY,Kisumu,AGO,WATCH,NORMAL,12643.76,1226.66,11417.1,9.31,1,4640.0,0,CREATE_PIPELINE_BATCH
CP-0001488,2026-06-08,SIMULATED_HISTORY,Kisumu,AGO,WATCH,NORMAL,12763.12,1243.81,11519.3,9.26,1,4640.0,0,CREATE_PIPELINE_BATCH
CP-0001489,2026-06-11,SIMULATED_HISTORY,Kisumu,AGO,WATCH,NORMAL,13695.19,1301.24,12393.95,9.52,1,4640.0,0,CREATE_PIPELINE_BATCH
CP-0001490,2026-06-15,SIMULATED_HISTORY,Kisumu,AGO,WATCH,NORMAL,13691.83,1136.94,12554.9,11.04,1,4640.0,0,CREATE_PIPELINE_BATCH
CP-0001491,2026-06-19,SIMULATED_HISTORY,Kisumu,AGO,WATCH,NORMAL,13632.14,1177.98,12454.16,10.57,1,4640.0,0,CREATE_PIPELINE_BATCH
CP-0001492,2026-06-23,SIMULATED_HISTORY,Kisumu,AGO,WATCH,NORMAL,13584.83,1169.43,12415.4,10.62,1,4640.0,0,CREATE_PIPELINE_BATCH
CP-0001493,2026-06-27,SIMULATED_HISTORY,Kisumu,AGO,WATCH,NORMAL,13306.34,1130.03,12176.31,10.78,1,4640.0,0,CREATE_PIPELINE_BATCH
CP-0001494,2026-07-01,SIMULATED_HISTORY,Kisumu,AGO,WATCH,NORMAL,13462.04,1148.23,12313.81,10.72,1,4640.0,0,CREATE_PIPELINE_BATCH
CP-0001495,2026-07-05,SIMULATED_HISTORY,Kisumu,AGO,WATCH,NORMAL,13053.21,1154.45,11898.76,10.31,1,4640.0,0,CREATE_PIPELINE_BATCH
CP-0001496,2026-07-08,SIMULATED_HISTORY,Kisumu,AGO,HEALTHY,DATA_LATENCY_INCIDENT,13994.81,1159.16,12835.65,11.07,0,0.0,0,NONE
CP-0001497,2026-07-09,SIMULATED_HISTORY,Kisumu,AGO,WATCH,NORMAL,12835.65,1282.31,11553.35,9.01,1,4640.0,0,CREATE_PIPELINE_BATCH
CP-0001498,2026-07-13,SIMULATED_HISTORY,Kisumu,AGO,WATCH,NORMAL,12677.8,1319.1,11358.7,8.61,1,4640.0,0,CREATE_PIPELINE_BATCH
CP-0001499,2026-07-16,SIMULATED_HISTORY,Kisumu,AGO,WATCH,NORMAL,13217.86,1280.18,11937.68,9.33,1,4640.0,0,CREATE_PIPELINE_BATCH
CP-0001500,2026-07-20,SIMULATED_HISTORY,Kisumu,AGO,WATCH,NORMAL,13091.93,1280.23,11811.7,9.23,1,4640.0,0,CREATE_PIPELINE_BATCH
CP-0001501,2026-07-23,SIMULATED_HISTORY,Kisumu,AGO,WATCH,NORMAL,13943.76,1365.74,12578.02,9.21,1,4640.0,0,CREATE_PIPELINE_BATCH
CP-0001502,2026-07-25,SIMULATED_HISTORY,Kisumu,AGO,WATCH,UNPLANNED_PUMP_FAILURE,11214.85,1096.51,10118.33,9.23,0,0.0,0,HOLD/RESCHEDULE_DUE_TO_OUTAGE
CP-0001503,2026-07-27,SIMULATED_HISTORY,Kisumu,AGO,WATCH,NORMAL,13799.54,1197.45,12602.09,10.52,1,4640.0,0,CREATE_PIPELINE_BATCH
CP-0001504,2026-07-31,SIMULATED_HISTORY,Kisumu,AGO,WATCH,NORMAL,13705.31,1294.79,12410.52,9.58,1,4640.0,0,CREATE_PIPELINE_BATCH
CP-0001505,2026-08-02,SIMULATED_HISTORY,Kisumu,AGO,WATCH,PLANNED_PIPELINE_MAINTENANCE,11292.86,1060.49,10232.37,9.65,0,0.0,0,HOLD/RESCHEDULE_DUE_TO_OUTAGE
CP-0001506,2026-08-04,SIMULATED_HISTORY,Kisumu,AGO,WATCH,NORMAL,13617.08,1181.25,12435.83,10.53,1,4640.0,0,CREATE_PIPELINE_BATCH
CP-0001507,2026-08-08,SIMULATED_HISTORY,Kisumu,AGO,WATCH,NORMAL,12986.63,1133.62,11853.01,10.46,1,4640.0,0,CREATE_PIPELINE_BATCH
CP-0001508,2026-08-12,SIMULATED_HISTORY,Kisumu,AGO,WATCH,NORMAL,12829.33,1198.2,11631.13,9.71,1,4640.0,0,CREATE_PIPELINE_BATCH
CP-0001509,2026-08-15,SIMULATED_HISTORY,Kisumu,AGO,WATCH,NORMAL,13783.68,1159.2,12624.47,10.89,1,4640.0,0,CREATE_PIPELINE_BATCH
CP-0001510,2026-08-19,SIMULATED_HISTORY,Kisumu,AGO,WATCH,NORMAL,13756.34,1285.23,12471.11,9.7,1,4640.0,0,CREATE_PIPELINE_BATCH
CP-0001511,2026-08-23,SIMULATED_HISTORY,Kisumu,AGO,WATCH,NORMAL,13292.21,1126.3,12165.91,10.8,1,4640.0,0,CREATE_PIPELINE_BATCH
CP-0001512,2026-08-27,SIMULATED_HISTORY,Kisumu,AGO,WATCH,NORMAL,12772.53,1219.39,11553.14,9.47,1,4640.0,0,CREATE_PIPELINE_BATCH
CP-0001513,2026-08-30,SIMULATED_HISTORY,Kisumu,AGO,WATCH,NORMAL,13606.01,1062.59,12543.42,11.8,1,4640.0,0,CREATE_PIPELINE_BATCH
CP-0001514,2026-09-03,SIMULATED_HISTORY,Kisumu,AGO,WATCH,NORMAL,13365.49,1255.88,12109.61,9.64,1,4640.0,0,CREATE_PIPELINE_BATCH
CP-0001515,2026-09-07,SIMULATED_HISTORY,Kisumu,AGO,WATCH,NORMAL,13150.8,1258.22,11892.58,9.45,1,4640.0,0,CREATE_PIPELINE_BATCH
CP-0001516,2026-09-09,SIMULATED_HISTORY,Kisumu,AGO,HEALTHY,NORMAL;DEMAND_SPIKE,10642.78,1790.73,13492.05,7.53,0,0.0,0,NONE
CP-0001517,2026-09-10,SIMULATED_HISTORY,Kisumu,AGO,WATCH,NORMAL,13492.05,1400.68,12091.37,8.63,1,4640.0,0,CREATE_PIPELINE_BATCH
CP-0001518,2026-09-14,SCENARIO_FUTURE,Kisumu,AGO,WATCH,NORMAL,13159.97,1260.97,11899.0,9.44,1,4640.0,0,CREATE_PIPELINE_BATCH
CP-0001519,2026-09-17,SCENARIO_FUTURE,Kisumu,AGO,WATCH,NORMAL,13904.68,1386.02,12518.66,9.03,1,4640.0,0,CREATE_PIPELINE_BATCH
CP-0001520,2026-09-21,SCENARIO_FUTURE,Kisumu,AGO,WATCH,NORMAL,13374.66,1392.08,11982.58,8.61,1,4640.0,0,CREATE_PIPELINE_BATCH
CP-0001521,2026-09-25,SCENARIO_FUTURE,Kisumu,AGO,WATCH,DATA_LATENCY_INCIDENT,12968.12,1379.46,11588.66,8.4,1,4640.0,0,CREATE_PIPELINE_BATCH
CP-0001522,2026-09-29,SCENARIO_FUTURE,Kisumu,AGO,WATCH,NORMAL,12744.76,1140.57,11604.19,10.17,1,4640.0,0,CREATE_PIPELINE_BATCH
CP-0001523,2026-10-02,SCENARIO_FUTURE,Kisumu,AGO,WATCH,NORMAL,13340.97,1605.52,11735.45,7.31,1,4640.0,0,CREATE_PIPELINE_BATCH
CP-0001524,2026-10-05,SCENARIO_FUTURE,Kisumu,AGO,WATCH,NORMAL,13845.83,1468.6,12377.22,8.43,1,4640.0,0,CREATE_PIPELINE_BATCH
CP-0001525,2026-10-08,SCENARIO_FUTURE,Kisumu,AGO,WATCH,NORMAL,9323.62,1394.98,12568.64,9.01,1,4640.0,0,CREATE_PIPELINE_BATCH
CP-0001526,2026-10-12,SCENARIO_FUTURE,Kisumu,AGO,WATCH,NORMAL,12852.21,1452.41,11399.8,7.85,1,4640.0,0,CREATE_PIPELINE_BATCH
CP-0001527,2026-10-15,SCENARIO_FUTURE,Kisumu,AGO,WATCH,NORMAL,13070.19,1509.96,11560.23,7.66,1,4640.0,0,CREATE_PIPELINE_BATCH
CP-0001528,2026-10-18,SCENARIO_FUTURE,Kisumu,AGO,WATCH,NORMAL,13100.48,1253.5,11846.98,9.45,1,4640.0,0,CREATE_PIPELINE_BATCH
CP-0001529,2026-10-21,SCENARIO_FUTURE,Kisumu,AGO,WATCH,NORMAL,13544.33,1358.5,12185.82,8.97,1,4640.0,0,CREATE_PIPELINE_BATCH
CP-0001530,2026-10-24,SCENARIO_FUTURE,Kisumu,AGO,WATCH,NORMAL,13646.36,1541.1,12105.26,7.85,1,4640.0,0,CREATE_PIPELINE_BATCH
CP-0001531,2026-10-27,SCENARIO_FUTURE,Kisumu,AGO,WATCH,NORMAL,9286.32,1687.72,12238.6,7.25,1,4640.0,0,CREATE_PIPELINE_BATCH
CP-0001532,2026-10-30,SCENARIO_FUTURE,Kisumu,AGO,WATCH,NORMAL,13964.3,1608.52,12355.78,7.68,1,4640.0,0,CREATE_PIPELINE_BATCH
CP-0001533,2026-11-03,SCENARIO_FUTURE,Kisumu,AGO,WATCH,NORMAL,13347.33,1260.97,12086.36,9.58,1,4640.0,0,CREATE_PIPELINE_BATCH
CP-0001534,2026-11-07,SCENARIO_FUTURE,Kisumu,AGO,WATCH,NORMAL,12941.99,1168.88,11773.11,10.07,1,4640.0,0,CREATE_PIPELINE_BATCH
CP-0001535,2026-11-11,SCENARIO_FUTURE,Kisumu,AGO,WATCH,NORMAL,12701.42,1307.26,11394.16,8.72,1,4640.0,0,CREATE_PIPELINE_BATCH
CP-0001536,2026-11-14,SCENARIO_FUTURE,Kisumu,AGO,WATCH,NORMAL,13436.94,1175.5,12261.44,10.43,1,4640.0,0,CREATE_PIPELINE_BATCH
CP-0001537,2026-11-18,SCENARIO_FUTURE,Kisumu,AGO,WATCH,NORMAL,13186.97,1256.25,11930.71,9.5,1,4640.0,0,CREATE_PIPELINE_BATCH
CP-0001538,2026-11-22,SCENARIO_FUTURE,Kisumu,AGO,WATCH,NORMAL,12834.56,1096.3,11738.27,10.71,1,4640.0,0,CREATE_PIPELINE_BATCH
CP-0001539,2026-11-26,SCENARIO_FUTURE,Kisumu,AGO,WATCH,NORMAL,12720.75,1323.97,11396.77,8.61,1,4640.0,0,CREATE_PIPELINE_BATCH
CP-0001540,2026-11-29,SCENARIO_FUTURE,Kisumu,AGO,WATCH,NORMAL,13386.49,1144.1,12242.39,10.7,1,4640.0,0,CREATE_PIPELINE_BATCH
CP-0001541,2026-12-03,SCENARIO_FUTURE,Kisumu,AGO,WATCH,NORMAL,12770.9,1373.35,11397.55,8.3,1,4640.0,0,CREATE_PIPELINE_BATCH
CP-0001542,2026-12-06,SCENARIO_FUTURE,Kisumu,AGO,WATCH,NORMAL,13667.19,1150.16,12517.03,10.88,1,4640.0,0,CREATE_PIPELINE_BATCH
CP-0001543,2026-12-09,SCENARIO_FUTURE,Kisumu,AGO,HEALTHY,LOADING_BAY_OUTAGE,14648.99,1257.36,13391.63,10.65,0,0.0,0,NONE
CP-0001544,2026-12-10,SCENARIO_FUTURE,Kisumu,AGO,WATCH,LOADING_BAY_OUTAGE,13391.63,1225.59,12166.04,9.93,1,4640.0,0,CREATE_PIPELINE_BATCH
CP-0001545,2026-12-14,SCENARIO_FUTURE,Kisumu,AGO,WATCH,NORMAL,13360.82,1283.53,12077.29,9.41,1,4640.0,0,CREATE_PIPELINE_BATCH
CP-0001546,2026-12-18,SCENARIO_FUTURE,Kisumu,AGO,WATCH,NORMAL,12757.34,1248.43,11508.91,9.22,1,4640.0,0,CREATE_PIPELINE_BATCH
CP-0001547,2026-12-22,SCENARIO_FUTURE,Kisumu,AGO,WATCH,NORMAL,12803.44,1214.76,11588.67,9.54,1,4640.0,0,CREATE_PIPELINE_BATCH
CP-0001548,2026-12-25,SCENARIO_FUTURE,Kisumu,AGO,WATCH,NORMAL,13785.43,1291.97,12493.45,9.67,1,4640.0,0,CREATE_PIPELINE_BATCH
CP-0001549,2026-12-29,SCENARIO_FUTURE,Kisumu,AGO,WATCH,NORMAL,13697.79,1300.08,12397.71,9.54,1,4640.0,0,CREATE_PIPELINE_BATCH
CP-0001550,2021-01-20,SIMULATED_HISTORY,Kisumu,DPK,HEALTHY,UNPLANNED_PUMP_FAILURE,3069.67,16.48,3053.19,185.31,0,0.0,0,HOLD/RESCHEDULE_DUE_TO_OUTAGE
CP-0001551,2021-03-08,SIMULATED_HISTORY,Kisumu,DPK,HEALTHY,LOADING_BAY_OUTAGE,2355.21,15.85,2339.36,147.59,0,0.0,0,NONE
CP-0001552,2021-03-20,SIMULATED_HISTORY,Kisumu,DPK,WATCH,NORMAL,2160.11,14.54,2145.57,147.52,1,1700.67,0,CREATE_PIPELINE_BATCH
CP-0001553,2021-03-25,SIMULATED_HISTORY,Kisumu,DPK,HEALTHY,DATA_LATENCY_INCIDENT,3783.45,15.81,3767.64,238.27,0,0.0,0,NONE
CP-0001554,2021-04-01,SIMULATED_HISTORY,Kisumu,DPK,HEALTHY,PLANNED_PIPELINE_MAINTENANCE,3673.77,17.02,3656.75,214.86,0,0.0,0,HOLD/RESCHEDULE_DUE_TO_OUTAGE
CP-0001555,2021-04-02,SIMULATED_HISTORY,Kisumu,DPK,HEALTHY,PLANNED_PIPELINE_MAINTENANCE,3656.75,15.24,3641.51,238.99,0,0.0,0,HOLD/RESCHEDULE_DUE_TO_OUTAGE
CP-0001556,2021-04-04,SIMULATED_HISTORY,Kisumu,DPK,HEALTHY,DATA_LATENCY_INCIDENT,3625.67,13.24,3612.44,272.92,0,0.0,0,NONE
CP-0001557,2021-05-20,SIMULATED_HISTORY,Kisumu,DPK,HEALTHY,LOADING_BAY_OUTAGE,2894.8,15.02,2879.78,191.74,0,0.0,0,NONE
CP-0001558,2021-07-03,SIMULATED_HISTORY,Kisumu,DPK,WATCH,NORMAL,2166.66,17.39,2149.27,123.59,1,1704.08,0,CREATE_PIPELINE_BATCH
CP-0001559,2021-07-19,SIMULATED_HISTORY,Kisumu,DPK,HEALTHY,LOADING_BAY_OUTAGE,3589.55,19.16,3570.38,186.32,0,0.0,0,NONE
CP-0001560,2021-08-10,SIMULATED_HISTORY,Kisumu,DPK,HEALTHY,UNPLANNED_PUMP_FAILURE,3222.31,14.73,3207.57,217.69,0,0.0,0,HOLD/RESCHEDULE_DUE_TO_OUTAGE
CP-0001561,2021-10-18,SIMULATED_HISTORY,Kisumu,DPK,WATCH,NORMAL,2171.48,17.36,2154.12,124.12,1,1699.14,0,CREATE_PIPELINE_BATCH
CP-0001562,2021-10-21,SIMULATED_HISTORY,Kisumu,DPK,HEALTHY,LOADING_BAY_OUTAGE,3819.03,15.96,3803.08,238.33,0,0.0,0,NONE
CP-0001563,2021-11-12,SIMULATED_HISTORY,Kisumu,DPK,HEALTHY,UNPLANNED_PUMP_FAILURE,3479.21,15.88,3463.34,218.14,0,0.0,0,HOLD/RESCHEDULE_DUE_TO_OUTAGE
CP-0001564,2021-11-23,SIMULATED_HISTORY,Kisumu,DPK,HEALTHY,PLANNED_PIPELINE_MAINTENANCE,3316.89,15.59,3301.3,211.77,0,0.0,0,HOLD/RESCHEDULE_DUE_TO_OUTAGE
CP-0001565,2021-11-29,SIMULATED_HISTORY,Kisumu,DPK,HEALTHY,LOADING_BAY_OUTAGE,3231.77,14.61,3217.16,220.19,0,0.0,0,NONE
CP-0001566,2022-02-03,SIMULATED_HISTORY,Kisumu,DPK,WATCH,NORMAL,2164.08,16.08,2147.99,133.56,1,1702.09,0,CREATE_PIPELINE_BATCH
CP-0001567,2022-04-06,SIMULATED_HISTORY,Kisumu,DPK,HEALTHY,LOADING_BAY_OUTAGE,2879.86,16.33,2863.54,175.4,0,0.0,0,NONE
CP-0001568,2022-04-12,SIMULATED_HISTORY,Kisumu,DPK,HEALTHY,LOADING_BAY_OUTAGE,2782.65,18.14,2764.51,152.42,0,0.0,0,NONE
CP-0001569,2022-05-07,SIMULATED_HISTORY,Kisumu,DPK,HEALTHY,UNPLANNED_PUMP_FAILURE,2366.37,15.87,2350.5,148.14,0,0.0,0,HOLD/RESCHEDULE_DUE_TO_OUTAGE
CP-0001570,2022-05-20,SIMULATED_HISTORY,Kisumu,DPK,WATCH,NORMAL,2157.79,17.71,2140.08,120.82,1,1714.08,0,CREATE_PIPELINE_BATCH
CP-0001571,2022-05-29,SIMULATED_HISTORY,Kisumu,DPK,HEALTHY,PLANNED_PIPELINE_MAINTENANCE,3723.82,15.06,3708.76,246.19,0,0.0,0,HOLD/RESCHEDULE_DUE_TO_OUTAGE
CP-0001572,2022-06-20,SIMULATED_HISTORY,Kisumu,DPK,HEALTHY,PLANNED_PIPELINE_MAINTENANCE,3340.62,17.55,3323.07,189.31,0,0.0,0,HOLD/RESCHEDULE_DUE_TO_OUTAGE
CP-0001573,2022-06-21,SIMULATED_HISTORY,Kisumu,DPK,HEALTHY,PLANNED_PIPELINE_MAINTENANCE,3323.07,16.99,3306.08,194.64,0,0.0,0,HOLD/RESCHEDULE_DUE_TO_OUTAGE
CP-0001574,2022-06-30,SIMULATED_HISTORY,Kisumu,DPK,HEALTHY,DATA_LATENCY_INCIDENT,3163.48,19.38,3144.09,162.22,0,0.0,0,NONE
CP-0001575,2022-07-25,SIMULATED_HISTORY,Kisumu,DPK,HEALTHY,LOADING_BAY_OUTAGE,2710.44,18.14,2692.3,148.42,0,0.0,0,NONE
CP-0001576,2022-07-31,SIMULATED_HISTORY,Kisumu,DPK,HEALTHY,LOADING_BAY_OUTAGE,2599.57,15.43,2584.14,167.44,0,0.0,0,NONE
CP-0001577,2022-08-11,SIMULATED_HISTORY,Kisumu,DPK,HEALTHY,LOADING_BAY_OUTAGE,2422.41,18.39,2404.02,130.72,0,0.0,0,NONE
CP-0001578,2022-08-13,SIMULATED_HISTORY,Kisumu,DPK,HEALTHY,DATA_LATENCY_INCIDENT,2386.56,16.9,2369.65,140.18,0,0.0,0,NONE
CP-0001579,2022-08-27,SIMULATED_HISTORY,Kisumu,DPK,WATCH,NORMAL,2156.88,16.38,2140.5,130.67,1,1710.33,0,CREATE_PIPELINE_BATCH
CP-0001580,2022-09-08,SIMULATED_HISTORY,Kisumu,DPK,HEALTHY,UNPLANNED_PUMP_FAILURE,3674.28,16.02,3658.26,228.36,0,0.0,0,HOLD/RESCHEDULE_DUE_TO_OUTAGE
CP-0001581,2022-09-20,SIMULATED_HISTORY,Kisumu,DPK,HEALTHY,UNPLANNED_PUMP_FAILURE,3482.13,16.05,3466.08,215.96,0,0.0,0,HOLD/RESCHEDULE_DUE_TO_OUTAGE
CP-0001582,2022-12-11,SIMULATED_HISTORY,Kisumu,DPK,WATCH,NORMAL,2161.64,14.01,2147.63,153.27,1,1697.28,0,CREATE_PIPELINE_BATCH
CP-0001583,2023-01-12,SIMULATED_HISTORY,Kisumu,DPK,HEALTHY,DATA_LATENCY_INCIDENT,3334.77,17.13,3317.64,193.68,0,0.0,0,NONE
CP-0001584,2023-02-15,SIMULATED_HISTORY,Kisumu,DPK,HEALTHY,LOADING_BAY_OUTAGE,2794.51,14.7,2779.81,189.1,0,0.0,0,NONE
CP-0001585,2023-02-17,SIMULATED_HISTORY,Kisumu,DPK,HEALTHY,LOADING_BAY_OUTAGE,2765.09,15.86,2749.23,173.33,0,0.0,0,NONE
CP-0001586,2023-02-23,SIMULATED_HISTORY,Kisumu,DPK,HEALTHY,LOADING_BAY_OUTAGE,2678.32,15.38,2662.94,173.11,0,0.0,0,NONE
CP-0001587,2023-03-28,SIMULATED_HISTORY,Kisumu,DPK,WATCH,NORMAL,2167.71,16.57,2151.14,129.8,1,1700.17,0,CREATE_PIPELINE_BATCH
CP-0001588,2023-05-15,SIMULATED_HISTORY,Kisumu,DPK,HEALTHY,DATA_LATENCY_INCIDENT,3102.94,15.74,3087.2,196.13,0,0.0,0,NONE
CP-0001589,2023-05-21,SIMULATED_HISTORY,Kisumu,DPK,HEALTHY,LOADING_BAY_OUTAGE,3007.37,14.22,2993.15,210.51,0,0.0,0,NONE
CP-0001590,2023-05-22,SIMULATED_HISTORY,Kisumu,DPK,HEALTHY,LOADING_BAY_OUTAGE,2993.15,16.34,2976.81,182.18,0,0.0,0,NONE
CP-0001591,2023-05-26,SIMULATED_HISTORY,Kisumu,DPK,HEALTHY,UNPLANNED_PUMP_FAILURE,2926.9,16.46,2910.44,176.85,0,0.0,0,HOLD/RESCHEDULE_DUE_TO_OUTAGE
CP-0001592,2023-06-26,SIMULATED_HISTORY,Kisumu,DPK,HEALTHY,UNPLANNED_PUMP_FAILURE,2406.95,17.24,2389.7,138.58,0,0.0,0,HOLD/RESCHEDULE_DUE_TO_OUTAGE
CP-0001593,2023-07-08,SIMULATED_HISTORY,Kisumu,DPK,HEALTHY,PLANNED_PIPELINE_MAINTENANCE,2192.49,17.18,2175.32,126.64,0,0.0,0,HOLD/RESCHEDULE_DUE_TO_OUTAGE
CP-0001594,2023-07-09,SIMULATED_HISTORY,Kisumu,DPK,HEALTHY,PLANNED_PIPELINE_MAINTENANCE,2175.32,14.08,2161.24,153.51,0,0.0,0,HOLD/RESCHEDULE_DUE_TO_OUTAGE
CP-0001595,2023-07-10,SIMULATED_HISTORY,Kisumu,DPK,WATCH,NORMAL,2161.24,18.48,2142.76,115.93,1,1713.33,0,CREATE_PIPELINE_BATCH
CP-0001596,2023-08-06,SIMULATED_HISTORY,Kisumu,DPK,HEALTHY,PLANNED_PIPELINE_MAINTENANCE,3395.6,12.29,3383.31,275.28,0,0.0,0,HOLD/RESCHEDULE_DUE_TO_OUTAGE
CP-0001597,2023-09-13,SIMULATED_HISTORY,Kisumu,DPK,HEALTHY,UNPLANNED_PUMP_FAILURE,2798.4,16.38,2782.02,169.84,0,0.0,0,HOLD/RESCHEDULE_DUE_TO_OUTAGE
CP-0001598,2023-10-23,SIMULATED_HISTORY,Kisumu,DPK,WATCH,NORMAL,2160.02,16.47,2143.55,130.13,1,1707.51,0,CREATE_PIPELINE_BATCH
CP-0001599,2024-02-09,SIMULATED_HISTORY,Kisumu,DPK,WATCH,NORMAL,2160.63,16.01,2144.62,133.97,1,1705.28,0,CREATE_PIPELINE_BATCH
CP-0001600,2024-03-07,SIMULATED_HISTORY,Kisumu,DPK,HEALTHY,PLANNED_PIPELINE_MAINTENANCE,3468.52,15.46,3453.06,223.42,0,0.0,0,HOLD/RESCHEDULE_DUE_TO_OUTAGE
CP-0001601,2024-04-16,SIMULATED_HISTORY,Kisumu,DPK,HEALTHY,DATA_LATENCY_INCIDENT,2847.8,16.73,2831.07,169.18,0,0.0,0,NONE
CP-0001602,2024-04-30,SIMULATED_HISTORY,Kisumu,DPK,HEALTHY,PLANNED_PIPELINE_MAINTENANCE,2631.91,18.51,2613.4,141.2,0,0.0,0,HOLD/RESCHEDULE_DUE_TO_OUTAGE
CP-0001603,2024-05-19,SIMULATED_HISTORY,Kisumu,DPK,HEALTHY,LOADING_BAY_OUTAGE,2332.74,12.22,2320.52,189.95,0,0.0,0,NONE
CP-0001604,2024-05-21,SIMULATED_HISTORY,Kisumu,DPK,HEALTHY,UNPLANNED_PUMP_FAILURE,2305.28,17.14,2288.14,133.49,0,0.0,0,HOLD/RESCHEDULE_DUE_TO_OUTAGE
CP-0001605,2024-05-30,SIMULATED_HISTORY,Kisumu,DPK,WATCH,DATA_LATENCY_INCIDENT,2156.16,16.18,2139.99,132.27,1,1710.34,0,CREATE_PIPELINE_BATCH
CP-0001606,2024-09-12,SIMULATED_HISTORY,Kisumu,DPK,WATCH,NORMAL,2165.31,14.81,2150.5,145.17,1,1696.41,0,CREATE_PIPELINE_BATCH
CP-0001607,2024-09-14,SIMULATED_HISTORY,Kisumu,DPK,WATCH,LOADING_BAY_OUTAGE,2134.37,13.38,2120.99,158.51,0,0.0,0,NONE
CP-0001608,2024-09-16,SIMULATED_HISTORY,Kisumu,DPK,HEALTHY,LOADING_BAY_OUTAGE,3804.49,13.77,3790.72,275.27,0,0.0,0,NONE
CP-0001609,2024-09-28,SIMULATED_HISTORY,Kisumu,DPK,HEALTHY,LOADING_BAY_OUTAGE,3618.45,14.24,3604.21,253.08,0,0.0,0,NONE
CP-0001610,2024-10-03,SIMULATED_HISTORY,Kisumu,DPK,HEALTHY,UNPLANNED_PUMP_FAILURE,3545.04,16.18,3528.86,218.15,0,0.0,0,HOLD/RESCHEDULE_DUE_TO_OUTAGE
CP-0001611,2024-11-01,SIMULATED_HISTORY,Kisumu,DPK,HEALTHY,UNPLANNED_PUMP_FAILURE,3079.74,15.45,3064.29,198.31,0,0.0,0,HOLD/RESCHEDULE_DUE_TO_OUTAGE
CP-0001612,2024-11-08,SIMULATED_HISTORY,Kisumu,DPK,HEALTHY,LOADING_BAY_OUTAGE,2979.11,14.92,2964.19,198.64,0,0.0,0,NONE
CP-0001613,2024-12-31,SIMULATED_HISTORY,Kisumu,DPK,WATCH,NORMAL,2170.41,15.94,2154.47,135.16,1,1695.26,0,CREATE_PIPELINE_BATCH
CP-0001614,2025-01-20,SIMULATED_HISTORY,Kisumu,DPK,HEALTHY,UNPLANNED_PUMP_FAILURE,3522.29,16.23,3506.06,216.09,0,0.0,0,HOLD/RESCHEDULE_DUE_TO_OUTAGE
CP-0001615,2025-02-12,SIMULATED_HISTORY,Kisumu,DPK,HEALTHY,DATA_LATENCY_INCIDENT,3145.79,17.82,3127.97,175.54,0,0.0,0,NONE
CP-0001616,2025-04-05,SIMULATED_HISTORY,Kisumu,DPK,HEALTHY,LOADING_BAY_OUTAGE,2295.53,15.89,2279.64,143.5,0,0.0,0,NONE
CP-0001617,2025-04-13,SIMULATED_HISTORY,Kisumu,DPK,WATCH,NORMAL,2158.63,13.76,2144.87,155.84,1,1699.42,0,CREATE_PIPELINE_BATCH
CP-0001618,2025-04-30,SIMULATED_HISTORY,Kisumu,DPK,HEALTHY,PLANNED_PIPELINE_MAINTENANCE,3574.25,16.92,3557.33,210.22,0,0.0,0,HOLD/RESCHEDULE_DUE_TO_OUTAGE
CP-0001619,2025-05-01,SIMULATED_HISTORY,Kisumu,DPK,HEALTHY,PLANNED_PIPELINE_MAINTENANCE,3557.33,16.86,3540.46,209.94,0,0.0,0,HOLD/RESCHEDULE_DUE_TO_OUTAGE
CP-0001620,2025-05-27,SIMULATED_HISTORY,Kisumu,DPK,HEALTHY,UNPLANNED_PUMP_FAILURE,3121.68,15.91,3105.77,195.19,0,0.0,0,HOLD/RESCHEDULE_DUE_TO_OUTAGE
CP-0001621,2025-06-01,SIMULATED_HISTORY,Kisumu,DPK,HEALTHY,UNPLANNED_PUMP_FAILURE,3035.01,15.17,3019.84,199.03,0,0.0,0,HOLD/RESCHEDULE_DUE_TO_OUTAGE
CP-0001622,2025-06-11,SIMULATED_HISTORY,Kisumu,DPK,HEALTHY,DATA_LATENCY_INCIDENT,2859.03,19.58,2839.45,145.0,0,0.0,0,NONE
CP-0001623,2025-07-07,SIMULATED_HISTORY,Kisumu,DPK,HEALTHY,LOADING_BAY_OUTAGE,2398.7,19.07,2379.63,124.79,0,0.0,0,NONE
CP-0001624,2025-07-19,SIMULATED_HISTORY,Kisumu,DPK,WATCH,NORMAL,2170.47,19.18,2151.29,112.15,1,1706.54,0,CREATE_PIPELINE_BATCH
CP-0001625,2025-09-12,SIMULATED_HISTORY,Kisumu,DPK,HEALTHY,LOADING_BAY_OUTAGE,2943.6,17.28,2926.31,169.3,0,0.0,0,NONE
CP-0001626,2025-10-02,SIMULATED_HISTORY,Kisumu,DPK,HEALTHY,PLANNED_PIPELINE_MAINTENANCE,2618.43,17.27,2601.15,150.58,0,0.0,0,HOLD/RESCHEDULE_DUE_TO_OUTAGE
CP-0001627,2025-10-03,SIMULATED_HISTORY,Kisumu,DPK,HEALTHY,PLANNED_PIPELINE_MAINTENANCE,2601.15,19.48,2581.67,132.52,0,0.0,0,HOLD/RESCHEDULE_DUE_TO_OUTAGE
CP-0001628,2025-10-16,SIMULATED_HISTORY,Kisumu,DPK,HEALTHY,LOADING_BAY_OUTAGE,2381.86,17.79,2364.07,132.89,0,0.0,0,NONE
CP-0001629,2025-10-29,SIMULATED_HISTORY,Kisumu,DPK,WATCH,NORMAL,2163.71,17.62,2146.09,121.79,1,1707.84,0,CREATE_PIPELINE_BATCH
CP-0001630,2025-11-29,SIMULATED_HISTORY,Kisumu,DPK,HEALTHY,LOADING_BAY_OUTAGE,3381.66,14.86,3366.8,226.62,0,0.0,0,NONE
CP-0001631,2026-01-15,SIMULATED_HISTORY,Kisumu,DPK,HEALTHY,UNPLANNED_PUMP_FAILURE,2574.35,19.94,2554.41,128.12,0,0.0,0,HOLD/RESCHEDULE_DUE_TO_OUTAGE
CP-0001632,2026-01-28,SIMULATED_HISTORY,Kisumu,DPK,HEALTHY,PLANNED_PIPELINE_MAINTENANCE,2332.48,16.71,2315.77,138.6,0,0.0,0,HOLD/RESCHEDULE_DUE_TO_OUTAGE
CP-0001633,2026-02-07,SIMULATED_HISTORY,Kisumu,DPK,WATCH,NORMAL,2158.03,16.55,2141.47,129.36,1,1709.79,0,CREATE_PIPELINE_BATCH
CP-0001634,2026-02-12,SIMULATED_HISTORY,Kisumu,DPK,HEALTHY,LOADING_BAY_OUTAGE,3785.08,19.08,3766.0,197.39,0,0.0,0,NONE
CP-0001635,2026-02-16,SIMULATED_HISTORY,Kisumu,DPK,HEALTHY,UNPLANNED_PUMP_FAILURE,3717.32,18.87,3698.45,196.02,0,0.0,0,HOLD/RESCHEDULE_DUE_TO_OUTAGE
CP-0001636,2026-03-25,SIMULATED_HISTORY,Kisumu,DPK,HEALTHY,LOADING_BAY_OUTAGE,3081.66,17.73,3063.93,172.8,0,0.0,0,NONE
CP-0001637,2026-04-17,SIMULATED_HISTORY,Kisumu,DPK,HEALTHY,LOADING_BAY_OUTAGE,2675.59,19.11,2656.48,139.03,0,0.0,0,NONE
CP-0001638,2026-05-15,SIMULATED_HISTORY,Kisumu,DPK,WATCH,NORMAL,2168.69,17.88,2150.81,120.31,1,1703.76,0,CREATE_PIPELINE_BATCH
CP-0001639,2026-07-08,SIMULATED_HISTORY,Kisumu,DPK,HEALTHY,DATA_LATENCY_INCIDENT,2859.25,19.98,2839.27,142.11,0,0.0,0,NONE
CP-0001640,2026-07-25,SIMULATED_HISTORY,Kisumu,DPK,HEALTHY,UNPLANNED_PUMP_FAILURE,2526.24,19.44,2506.81,128.98,0,0.0,0,HOLD/RESCHEDULE_DUE_TO_OUTAGE
CP-0001641,2026-08-02,SIMULATED_HISTORY,Kisumu,DPK,HEALTHY,PLANNED_PIPELINE_MAINTENANCE,2366.47,14.07,2352.4,167.21,0,0.0,0,HOLD/RESCHEDULE_DUE_TO_OUTAGE
CP-0001642,2026-08-13,SIMULATED_HISTORY,Kisumu,DPK,WATCH,NORMAL,2172.34,17.6,2154.74,122.45,1,1699.13,0,CREATE_PIPELINE_BATCH
CP-0001643,2026-09-25,SCENARIO_FUTURE,Kisumu,DPK,HEALTHY,DATA_LATENCY_INCIDENT,3128.27,17.74,3110.53,175.32,0,0.0,0,NONE
CP-0001644,2026-11-19,SCENARIO_FUTURE,Kisumu,DPK,WATCH,NORMAL,2172.78,18.7,2154.08,115.16,1,1702.56,0,CREATE_PIPELINE_BATCH
CP-0001645,2026-12-09,SCENARIO_FUTURE,Kisumu,DPK,HEALTHY,LOADING_BAY_OUTAGE,3527.89,16.31,3511.57,215.26,0,0.0,0,NONE
CP-0001646,2026-12-10,SCENARIO_FUTURE,Kisumu,DPK,HEALTHY,LOADING_BAY_OUTAGE,3511.57,18.0,3493.58,194.12,0,0.0,0,NONE
CP-0001647,2021-01-13,SIMULATED_HISTORY,Kisumu,JET_A1,WATCH,NORMAL,2869.98,91.44,2778.54,30.39,1,2402.22,0,CREATE_PIPELINE_BATCH
CP-0001648,2021-01-20,SIMULATED_HISTORY,Kisumu,JET_A1,HEALTHY,UNPLANNED_PUMP_FAILURE,4632.97,92.86,4540.12,48.89,0,0.0,0,HOLD/RESCHEDULE_DUE_TO_OUTAGE
CP-0001649,2021-02-09,SIMULATED_HISTORY,Kisumu,JET_A1,WATCH,NORMAL,2862.48,85.26,2777.22,32.57,1,2388.1,0,CREATE_PIPELINE_BATCH
CP-0001650,2021-03-08,SIMULATED_HISTORY,Kisumu,JET_A1,HEALTHY,LOADING_BAY_OUTAGE,2950.1,85.52,2864.59,33.5,0,0.0,0,NONE
CP-0001651,2021-03-09,SIMULATED_HISTORY,Kisumu,JET_A1,WATCH,NORMAL,2864.59,92.61,2771.98,29.93,1,2411.7,0,CREATE_PIPELINE_BATCH
CP-0001652,2021-03-25,SIMULATED_HISTORY,Kisumu,JET_A1,HEALTHY,DATA_LATENCY_INCIDENT,3846.39,94.59,3751.8,39.66,0,0.0,0,NONE
CP-0001653,2021-04-01,SIMULATED_HISTORY,Kisumu,JET_A1,HEALTHY,PLANNED_PIPELINE_MAINTENANCE,3216.81,100.54,3116.27,31.0,0,0.0,0,HOLD/RESCHEDULE_DUE_TO_OUTAGE
CP-0001654,2021-04-02,SIMULATED_HISTORY,Kisumu,JET_A1,HEALTHY,PLANNED_PIPELINE_MAINTENANCE,3116.27,110.3,3005.97,27.25,0,0.0,0,HOLD/RESCHEDULE_DUE_TO_OUTAGE
CP-0001655,2021-04-04,SIMULATED_HISTORY,Kisumu,JET_A1,HEALTHY,DATA_LATENCY_INCIDENT,2927.54,85.58,2841.96,33.21,0,0.0,0,NONE
CP-0001656,2021-04-05,SIMULATED_HISTORY,Kisumu,JET_A1,WATCH,NORMAL,2841.96,100.86,2741.1,27.18,1,2463.22,0,CREATE_PIPELINE_BATCH
CP-0001657,2021-05-02,SIMULATED_HISTORY,Kisumu,JET_A1,WATCH,NORMAL,2839.14,79.77,2759.37,34.59,1,2392.22,0,CREATE_PIPELINE_BATCH
CP-0001658,2021-05-20,SIMULATED_HISTORY,Kisumu,JET_A1,HEALTHY,LOADING_BAY_OUTAGE,3642.27,81.28,3560.99,43.81,0,0.0,0,NONE
CP-0001659,2021-05-29,SIMULATED_HISTORY,Kisumu,JET_A1,WATCH,NORMAL,2825.81,85.12,2740.69,32.2,1,2424.27,0,CREATE_PIPELINE_BATCH
CP-0001660,2021-06-26,SIMULATED_HISTORY,Kisumu,JET_A1,WATCH,NORMAL,2862.86,85.51,2777.35,32.48,1,2388.58,0,CREATE_PIPELINE_BATCH
CP-0001661,2021-07-19,SIMULATED_HISTORY,Kisumu,JET_A1,HEALTHY,LOADING_BAY_OUTAGE,3250.77,85.33,3165.44,37.1,0,0.0,0,NONE
CP-0001662,2021-07-23,SIMULATED_HISTORY,Kisumu,JET_A1,WATCH,NORMAL,2895.37,95.13,2800.24,29.44,1,2389.75,0,CREATE_PIPELINE_BATCH
CP-0001663,2021-08-10,SIMULATED_HISTORY,Kisumu,JET_A1,HEALTHY,UNPLANNED_PUMP_FAILURE,3676.5,88.12,3588.38,40.72,0,0.0,0,HOLD/RESCHEDULE_DUE_TO_OUTAGE
CP-0001664,2021-08-19,SIMULATED_HISTORY,Kisumu,JET_A1,WATCH,NORMAL,2897.87,101.89,2795.98,27.44,1,2410.9,0,CREATE_PIPELINE_BATCH
CP-0001665,2021-09-16,SIMULATED_HISTORY,Kisumu,JET_A1,WATCH,NORMAL,2827.37,91.48,2735.88,29.91,1,2444.99,0,CREATE_PIPELINE_BATCH
CP-0001666,2021-10-14,SIMULATED_HISTORY,Kisumu,JET_A1,WATCH,NORMAL,2813.24,98.62,2714.63,27.53,1,2484.07,0,CREATE_PIPELINE_BATCH
CP-0001667,2021-10-21,SIMULATED_HISTORY,Kisumu,JET_A1,HEALTHY,LOADING_BAY_OUTAGE,4638.07,87.15,4550.91,52.22,0,0.0,0,NONE
CP-0001668,2021-11-10,SIMULATED_HISTORY,Kisumu,JET_A1,WATCH,NORMAL,2874.38,87.53,2786.85,31.84,1,2384.13,0,CREATE_PIPELINE_BATCH
CP-0001669,2021-11-12,SIMULATED_HISTORY,Kisumu,JET_A1,WATCH,UNPLANNED_PUMP_FAILURE,2703.64,89.69,2613.95,29.15,0,0.0,0,HOLD/RESCHEDULE_DUE_TO_OUTAGE
CP-0001670,2021-11-23,SIMULATED_HISTORY,Kisumu,JET_A1,HEALTHY,PLANNED_PIPELINE_MAINTENANCE,4180.55,85.36,4095.19,47.98,0,0.0,0,HOLD/RESCHEDULE_DUE_TO_OUTAGE
CP-0001671,2021-11-29,SIMULATED_HISTORY,Kisumu,JET_A1,HEALTHY,LOADING_BAY_OUTAGE,3677.01,85.21,3591.8,42.15,0,0.0,0,NONE
CP-0001672,2021-12-08,SIMULATED_HISTORY,Kisumu,JET_A1,WATCH,NORMAL,2813.53,106.96,2706.57,25.3,1,2512.99,0,CREATE_PIPELINE_BATCH
CP-0001673,2022-01-02,SIMULATED_HISTORY,Kisumu,JET_A1,WATCH,NORMAL,2826.46,84.85,2741.61,32.31,1,2422.66,0,CREATE_PIPELINE_BATCH
CP-0001674,2022-01-27,SIMULATED_HISTORY,Kisumu,JET_A1,WATCH,NORMAL,2854.96,104.61,2750.35,26.29,1,2463.34,0,CREATE_PIPELINE_BATCH
CP-0001675,2022-02-24,SIMULATED_HISTORY,Kisumu,JET_A1,WATCH,NORMAL,2833.01,88.36,2744.65,31.06,1,2428.41,0,CREATE_PIPELINE_BATCH
CP-0001676,2022-03-22,SIMULATED_HISTORY,Kisumu,JET_A1,WATCH,NORMAL,2844.89,93.35,2751.54,29.48,1,2434.0,0,CREATE_PIPELINE_BATCH
CP-0001677,2022-04-06,SIMULATED_HISTORY,Kisumu,JET_A1,HEALTHY,LOADING_BAY_OUTAGE,3889.78,99.79,3789.99,37.98,0,0.0,0,NONE
CP-0001678,2022-04-12,SIMULATED_HISTORY,Kisumu,JET_A1,HEALTHY,LOADING_BAY_OUTAGE,3315.23,83.08,3232.15,38.9,0,0.0,0,NONE
CP-0001679,2022-04-17,SIMULATED_HISTORY,Kisumu,JET_A1,WATCH,NORMAL,2832.06,80.69,2751.37,34.1,1,2402.52,0,CREATE_PIPELINE_BATCH
CP-0001680,2022-05-07,SIMULATED_HISTORY,Kisumu,JET_A1,HEALTHY,UNPLANNED_PUMP_FAILURE,3355.16,86.33,3268.84,37.87,0,0.0,0,HOLD/RESCHEDULE_DUE_TO_OUTAGE
CP-0001681,2022-05-12,SIMULATED_HISTORY,Kisumu,JET_A1,WATCH,NORMAL,2889.42,99.84,2789.58,27.94,1,2412.17,0,CREATE_PIPELINE_BATCH
CP-0001682,2022-05-29,SIMULATED_HISTORY,Kisumu,JET_A1,HEALTHY,PLANNED_PIPELINE_MAINTENANCE,3675.15,77.49,3597.66,46.42,0,0.0,0,HOLD/RESCHEDULE_DUE_TO_OUTAGE
CP-0001683,2022-06-07,SIMULATED_HISTORY,Kisumu,JET_A1,WATCH,NORMAL,2869.35,89.23,2780.12,31.16,1,2395.12,0,CREATE_PIPELINE_BATCH
CP-0001684,2022-06-20,SIMULATED_HISTORY,Kisumu,JET_A1,HEALTHY,PLANNED_PIPELINE_MAINTENANCE,4131.41,93.66,4037.75,43.11,0,0.0,0,HOLD/RESCHEDULE_DUE_TO_OUTAGE
CP-0001685,2022-06-21,SIMULATED_HISTORY,Kisumu,JET_A1,HEALTHY,PLANNED_PIPELINE_MAINTENANCE,4037.75,90.21,3947.54,43.76,0,0.0,0,HOLD/RESCHEDULE_DUE_TO_OUTAGE
CP-0001686,2022-06-30,SIMULATED_HISTORY,Kisumu,JET_A1,HEALTHY,DATA_LATENCY_INCIDENT,3221.95,88.07,3133.89,35.59,0,0.0,0,NONE
CP-0001687,2022-07-04,SIMULATED_HISTORY,Kisumu,JET_A1,WATCH,NORMAL,2879.05,94.77,2784.28,29.38,1,2404.8,0,CREATE_PIPELINE_BATCH
CP-0001688,2022-07-25,SIMULATED_HISTORY,Kisumu,JET_A1,HEALTHY,LOADING_BAY_OUTAGE,3329.26,95.22,3234.04,33.96,0,0.0,0,NONE
CP-0001689,2022-07-30,SIMULATED_HISTORY,Kisumu,JET_A1,WATCH,NORMAL,2858.4,90.14,2768.27,30.71,1,2409.23,0,CREATE_PIPELINE_BATCH
CP-0001690,2022-07-31,SIMULATED_HISTORY,Kisumu,JET_A1,WATCH,LOADING_BAY_OUTAGE,2768.27,73.47,2694.79,36.68,0,0.0,0,NONE
CP-0001691,2022-08-11,SIMULATED_HISTORY,Kisumu,JET_A1,HEALTHY,LOADING_BAY_OUTAGE,4165.56,99.37,4066.2,40.92,0,0.0,0,NONE
CP-0001692,2022-08-13,SIMULATED_HISTORY,Kisumu,JET_A1,HEALTHY,DATA_LATENCY_INCIDENT,3966.05,83.47,3882.59,46.52,0,0.0,0,NONE
CP-0001693,2022-08-25,SIMULATED_HISTORY,Kisumu,JET_A1,WATCH,NORMAL,2870.62,101.41,2769.21,27.31,1,2436.47,0,CREATE_PIPELINE_BATCH
CP-0001694,2022-09-08,SIMULATED_HISTORY,Kisumu,JET_A1,HEALTHY,UNPLANNED_PUMP_FAILURE,4018.38,91.89,3926.49,42.73,0,0.0,0,HOLD/RESCHEDULE_DUE_TO_OUTAGE
CP-0001695,2022-09-20,SIMULATED_HISTORY,Kisumu,JET_A1,HEALTHY,UNPLANNED_PUMP_FAILURE,2957.24,92.65,2864.59,30.92,0,0.0,0,HOLD/RESCHEDULE_DUE_TO_OUTAGE
CP-0001696,2022-09-21,SIMULATED_HISTORY,Kisumu,JET_A1,WATCH,NORMAL,2864.59,95.02,2769.56,29.15,1,2420.16,0,CREATE_PIPELINE_BATCH
CP-0001697,2022-10-17,SIMULATED_HISTORY,Kisumu,JET_A1,WATCH,NORMAL,2882.63,98.62,2784.01,28.23,1,2414.69,0,CREATE_PIPELINE_BATCH
CP-0001698,2022-11-12,SIMULATED_HISTORY,Kisumu,JET_A1,WATCH,NORMAL,2879.85,81.96,2797.89,34.14,1,2359.17,0,CREATE_PIPELINE_BATCH
CP-0001699,2022-12-08,SIMULATED_HISTORY,Kisumu,JET_A1,WATCH,NORMAL,2812.73,106.3,2706.43,25.46,1,2511.49,0,CREATE_PIPELINE_BATCH
CP-0001700,2023-01-01,SIMULATED_HISTORY,Kisumu,JET_A1,WATCH,NORMAL,2814.18,82.37,2731.81,33.17,1,2426.26,0,CREATE_PIPELINE_BATCH
CP-0001701,2023-01-12,SIMULATED_HISTORY,Kisumu,JET_A1,HEALTHY,DATA_LATENCY_INCIDENT,4232.86,100.99,4131.87,40.91,0,0.0,0,NONE
CP-0001702,2023-01-27,SIMULATED_HISTORY,Kisumu,JET_A1,WATCH,NORMAL,2822.18,104.73,2717.45,25.95,1,2496.53,0,CREATE_PIPELINE_BATCH
CP-0001703,2023-02-15,SIMULATED_HISTORY,Kisumu,JET_A1,HEALTHY,LOADING_BAY_OUTAGE,3641.15,83.16,3557.99,42.78,0,0.0,0,NONE
CP-0001704,2023-02-17,SIMULATED_HISTORY,Kisumu,JET_A1,HEALTHY,LOADING_BAY_OUTAGE,3473.16,98.91,3374.25,34.12,0,0.0,0,NONE
CP-0001705,2023-02-23,SIMULATED_HISTORY,Kisumu,JET_A1,HEALTHY,LOADING_BAY_OUTAGE,2950.23,92.78,2857.45,30.8,0,0.0,0,NONE
CP-0001706,2023-02-24,SIMULATED_HISTORY,Kisumu,JET_A1,WATCH,NORMAL,2857.45,93.29,2764.16,29.63,1,2421.22,0,CREATE_PIPELINE_BATCH
CP-0001707,2023-03-23,SIMULATED_HISTORY,Kisumu,JET_A1,WATCH,NORMAL,2872.0,88.35,2783.65,31.51,1,2389.39,0,CREATE_PIPELINE_BATCH
CP-0001708,2023-04-18,SIMULATED_HISTORY,Kisumu,JET_A1,WATCH,NORMAL,2866.54,94.54,2772.0,29.32,1,2416.51,0,CREATE_PIPELINE_BATCH
CP-0001709,2023-05-14,SIMULATED_HISTORY,Kisumu,JET_A1,WATCH,NORMAL,2861.48,79.47,2782.01,35.01,1,2368.82,0,CREATE_PIPELINE_BATCH
CP-0001710,2023-05-15,SIMULATED_HISTORY,Kisumu,JET_A1,WATCH,DATA_LATENCY_INCIDENT,2782.01,94.78,2687.23,28.35,0,0.0,0,NONE
CP-0001711,2023-05-21,SIMULATED_HISTORY,Kisumu,JET_A1,HEALTHY,LOADING_BAY_OUTAGE,4576.83,73.07,4503.76,61.64,0,0.0,0,NONE
CP-0001712,2023-05-22,SIMULATED_HISTORY,Kisumu,JET_A1,HEALTHY,LOADING_BAY_OUTAGE,4503.76,99.58,4404.18,44.23,0,0.0,0,NONE
CP-0001713,2023-05-26,SIMULATED_HISTORY,Kisumu,JET_A1,HEALTHY,UNPLANNED_PUMP_FAILURE,4120.27,91.64,4028.63,43.96,0,0.0,0,HOLD/RESCHEDULE_DUE_TO_OUTAGE
CP-0001714,2023-06-09,SIMULATED_HISTORY,Kisumu,JET_A1,WATCH,NORMAL,2867.01,97.23,2769.78,28.49,1,2425.46,0,CREATE_PIPELINE_BATCH
CP-0001715,2023-06-26,SIMULATED_HISTORY,Kisumu,JET_A1,HEALTHY,UNPLANNED_PUMP_FAILURE,3816.74,90.82,3725.93,41.03,0,0.0,0,HOLD/RESCHEDULE_DUE_TO_OUTAGE
CP-0001716,2023-07-07,SIMULATED_HISTORY,Kisumu,JET_A1,WATCH,NORMAL,2817.69,97.34,2720.35,27.95,1,2475.15,0,CREATE_PIPELINE_BATCH
CP-0001717,2023-07-08,SIMULATED_HISTORY,Kisumu,JET_A1,WATCH,PLANNED_PIPELINE_MAINTENANCE,2720.35,91.36,2628.99,28.78,0,0.0,0,HOLD/RESCHEDULE_DUE_TO_OUTAGE
CP-0001718,2023-07-09,SIMULATED_HISTORY,Kisumu,JET_A1,WATCH,PLANNED_PIPELINE_MAINTENANCE,2628.99,73.23,2555.76,34.9,0,0.0,0,HOLD/RESCHEDULE_DUE_TO_OUTAGE
CP-0001719,2023-08-03,SIMULATED_HISTORY,Kisumu,JET_A1,WATCH,NORMAL,2842.89,79.32,2763.58,34.84,1,2386.87,0,CREATE_PIPELINE_BATCH
CP-0001720,2023-08-06,SIMULATED_HISTORY,Kisumu,JET_A1,HEALTHY,PLANNED_PIPELINE_MAINTENANCE,4970.76,71.2,4899.56,68.82,0,0.0,0,HOLD/RESCHEDULE_DUE_TO_OUTAGE
CP-0001721,2023-08-30,SIMULATED_HISTORY,Kisumu,JET_A1,WATCH,NORMAL,2846.66,101.7,2744.96,26.99,1,2461.45,0,CREATE_PIPELINE_BATCH
CP-0001722,2023-09-13,SIMULATED_HISTORY,Kisumu,JET_A1,HEALTHY,UNPLANNED_PUMP_FAILURE,4063.4,79.07,3984.33,50.39,0,0.0,0,HOLD/RESCHEDULE_DUE_TO_OUTAGE
CP-0001723,2023-09-27,SIMULATED_HISTORY,Kisumu,JET_A1,WATCH,NORMAL,2854.33,88.43,2765.91,31.28,1,2407.32,0,CREATE_PIPELINE_BATCH
CP-0001724,2023-10-24,SIMULATED_HISTORY,Kisumu,JET_A1,WATCH,NORMAL,2827.81,91.07,2736.75,30.05,1,2443.08,0,CREATE_PIPELINE_BATCH
CP-0001725,2023-11-20,SIMULATED_HISTORY,Kisumu,JET_A1,WATCH,NORMAL,2890.55,88.85,2801.7,31.53,1,2372.58,0,CREATE_PIPELINE_BATCH
CP-0001726,2023-12-16,SIMULATED_HISTORY,Kisumu,JET_A1,WATCH,NORMAL,2827.53,94.39,2733.14,28.95,1,2455.01,0,CREATE_PIPELINE_BATCH
CP-0001727,2024-01-10,SIMULATED_HISTORY,Kisumu,JET_A1,WATCH,NORMAL,2837.76,101.43,2736.33,26.98,1,2469.4,0,CREATE_PIPELINE_BATCH
CP-0001728,2024-02-07,SIMULATED_HISTORY,Kisumu,JET_A1,WATCH,NORMAL,2842.22,85.88,2756.33,32.09,1,2410.54,0,CREATE_PIPELINE_BATCH
CP-0001729,2024-03-06,SIMULATED_HISTORY,Kisumu,JET_A1,WATCH,NORMAL,2870.54,103.29,2767.26,26.79,1,2443.12,0,CREATE_PIPELINE_BATCH
CP-0001730,2024-03-07,SIMULATED_HISTORY,Kisumu,JET_A1,WATCH,PLANNED_PIPELINE_MAINTENANCE,2767.26,94.63,2672.62,28.24,0,0.0,0,HOLD/RESCHEDULE_DUE_TO_OUTAGE
CP-0001731,2024-04-03,SIMULATED_HISTORY,Kisumu,JET_A1,WATCH,NORMAL,2859.61,89.63,2769.98,30.9,1,2406.26,0,CREATE_PIPELINE_BATCH
CP-0001732,2024-04-16,SIMULATED_HISTORY,Kisumu,JET_A1,HEALTHY,DATA_LATENCY_INCIDENT,4098.02,93.87,4004.15,42.66,0,0.0,0,NONE
CP-0001733,2024-04-30,SIMULATED_HISTORY,Kisumu,JET_A1,WATCH,PLANNED_PIPELINE_MAINTENANCE,2878.58,91.03,2787.55,30.62,1,2392.19,0,CREATE_PIPELINE_BATCH+OUTAGE
CP-0001734,2024-05-19,SIMULATED_HISTORY,Kisumu,JET_A1,HEALTHY,LOADING_BAY_OUTAGE,3532.12,74.24,3457.89,46.58,0,0.0,0,NONE
CP-0001735,2024-05-21,SIMULATED_HISTORY,Kisumu,JET_A1,HEALTHY,UNPLANNED_PUMP_FAILURE,3356.52,88.32,3268.2,37.0,0,0.0,0,HOLD/RESCHEDULE_DUE_TO_OUTAGE
CP-0001736,2024-05-27,SIMULATED_HISTORY,Kisumu,JET_A1,WATCH,NORMAL,2817.81,97.01,2720.8,28.05,1,2473.89,0,CREATE_PIPELINE_BATCH
CP-0001737,2024-05-30,SIMULATED_HISTORY,Kisumu,JET_A1,HEALTHY,DATA_LATENCY_INCIDENT,5003.87,92.79,4911.08,52.93,0,0.0,0,NONE
CP-0001738,2024-06-24,SIMULATED_HISTORY,Kisumu,JET_A1,WATCH,NORMAL,2857.55,104.04,2753.52,26.47,1,2458.74,0,CREATE_PIPELINE_BATCH
CP-0001739,2024-07-22,SIMULATED_HISTORY,Kisumu,JET_A1,WATCH,NORMAL,2877.09,91.77,2785.32,30.35,1,2396.26,0,CREATE_PIPELINE_BATCH
CP-0001740,2024-08-18,SIMULATED_HISTORY,Kisumu,JET_A1,WATCH,NORMAL,2884.31,84.34,2799.96,33.2,1,2363.06,0,CREATE_PIPELINE_BATCH
CP-0001741,2024-09-14,SIMULATED_HISTORY,Kisumu,JET_A1,HEALTHY,LOADING_BAY_OUTAGE,2891.69,72.44,2819.26,38.92,0,0.0,0,NONE
CP-0001742,2024-09-15,SIMULATED_HISTORY,Kisumu,JET_A1,WATCH,NORMAL,2819.26,77.55,2741.71,35.35,1,2404.33,0,CREATE_PIPELINE_BATCH
CP-0001743,2024-09-16,SIMULATED_HISTORY,Kisumu,JET_A1,WATCH,LOADING_BAY_OUTAGE,2741.71,83.57,2658.14,31.81,0,0.0,0,NONE
CP-0001744,2024-09-28,SIMULATED_HISTORY,Kisumu,JET_A1,HEALTHY,LOADING_BAY_OUTAGE,4119.65,76.63,4043.03,52.76,0,0.0,0,NONE
CP-0001745,2024-10-03,SIMULATED_HISTORY,Kisumu,JET_A1,HEALTHY,UNPLANNED_PUMP_FAILURE,3689.98,85.74,3604.24,42.04,0,0.0,0,HOLD/RESCHEDULE_DUE_TO_OUTAGE
CP-0001746,2024-10-12,SIMULATED_HISTORY,Kisumu,JET_A1,WATCH,NORMAL,2868.42,82.48,2785.94,33.78,1,2372.41,0,CREATE_PIPELINE_BATCH
CP-0001747,2024-11-01,SIMULATED_HISTORY,Kisumu,JET_A1,HEALTHY,UNPLANNED_PUMP_FAILURE,3474.18,79.84,3394.34,42.51,0,0.0,0,HOLD/RESCHEDULE_DUE_TO_OUTAGE
CP-0001748,2024-11-08,SIMULATED_HISTORY,Kisumu,JET_A1,HEALTHY,LOADING_BAY_OUTAGE,2900.7,90.42,2810.27,31.08,0,0.0,0,NONE
CP-0001749,2024-11-09,SIMULATED_HISTORY,Kisumu,JET_A1,WATCH,NORMAL,2810.27,79.15,2731.12,34.5,1,2418.92,0,CREATE_PIPELINE_BATCH
CP-0001750,2024-12-06,SIMULATED_HISTORY,Kisumu,JET_A1,WATCH,NORMAL,2893.56,117.74,2775.83,23.58,1,2470.67,0,CREATE_PIPELINE_BATCH
CP-0001751,2025-01-01,SIMULATED_HISTORY,Kisumu,JET_A1,WATCH,NORMAL,2805.6,107.6,2697.99,25.07,1,2523.17,0,CREATE_PIPELINE_BATCH
CP-0001752,2025-01-20,SIMULATED_HISTORY,Kisumu,JET_A1,HEALTHY,UNPLANNED_PUMP_FAILURE,3442.78,109.16,3333.62,30.54,0,0.0,0,HOLD/RESCHEDULE_DUE_TO_OUTAGE
CP-0001753,2025-01-26,SIMULATED_HISTORY,Kisumu,JET_A1,WATCH,NORMAL,2833.25,78.66,2754.59,35.02,1,2394.22,0,CREATE_PIPELINE_BATCH
CP-0001754,2025-02-12,SIMULATED_HISTORY,Kisumu,JET_A1,HEALTHY,DATA_LATENCY_INCIDENT,3670.88,90.53,3580.35,39.55,0,0.0,0,NONE
CP-0001755,2025-02-21,SIMULATED_HISTORY,Kisumu,JET_A1,WATCH,NORMAL,2843.09,91.12,2751.97,30.2,1,2427.99,0,CREATE_PIPELINE_BATCH
CP-0001756,2025-03-19,SIMULATED_HISTORY,Kisumu,JET_A1,WATCH,NORMAL,2870.55,90.68,2779.87,30.66,1,2398.99,0,CREATE_PIPELINE_BATCH
CP-0001757,2025-04-05,SIMULATED_HISTORY,Kisumu,JET_A1,HEALTHY,LOADING_BAY_OUTAGE,3637.32,83.77,3553.55,42.42,0,0.0,0,NONE
CP-0001758,2025-04-14,SIMULATED_HISTORY,Kisumu,JET_A1,WATCH,NORMAL,2808.3,97.98,2710.32,27.66,1,2486.8,0,CREATE_PIPELINE_BATCH
CP-0001759,2025-04-30,SIMULATED_HISTORY,Kisumu,JET_A1,HEALTHY,PLANNED_PIPELINE_MAINTENANCE,3708.55,95.36,3613.19,37.89,0,0.0,0,HOLD/RESCHEDULE_DUE_TO_OUTAGE
CP-0001760,2025-05-01,SIMULATED_HISTORY,Kisumu,JET_A1,HEALTHY,PLANNED_PIPELINE_MAINTENANCE,3613.19,103.76,3509.43,33.82,0,0.0,0,HOLD/RESCHEDULE_DUE_TO_OUTAGE
CP-0001761,2025-05-09,SIMULATED_HISTORY,Kisumu,JET_A1,WATCH,NORMAL,2822.17,97.3,2724.88,28.01,1,2470.52,0,CREATE_PIPELINE_BATCH
CP-0001762,2025-05-27,SIMULATED_HISTORY,Kisumu,JET_A1,HEALTHY,UNPLANNED_PUMP_FAILURE,3600.34,98.02,3502.31,35.73,0,0.0,0,HOLD/RESCHEDULE_DUE_TO_OUTAGE
CP-0001763,2025-06-01,SIMULATED_HISTORY,Kisumu,JET_A1,HEALTHY,UNPLANNED_PUMP_FAILURE,3111.19,81.89,3029.3,36.99,0,0.0,0,HOLD/RESCHEDULE_DUE_TO_OUTAGE
CP-0001764,2025-06-04,SIMULATED_HISTORY,Kisumu,JET_A1,WATCH,NORMAL,2839.88,90.41,2749.46,30.41,1,2428.72,0,CREATE_PIPELINE_BATCH
CP-0001765,2025-06-11,SIMULATED_HISTORY,Kisumu,JET_A1,HEALTHY,DATA_LATENCY_INCIDENT,4643.66,87.23,4556.44,52.24,0,0.0,0,NONE
CP-0001766,2025-07-01,SIMULATED_HISTORY,Kisumu,JET_A1,WATCH,NORMAL,2856.11,103.44,2752.66,26.61,1,2458.11,0,CREATE_PIPELINE_BATCH
CP-0001767,2025-07-07,SIMULATED_HISTORY,Kisumu,JET_A1,HEALTHY,LOADING_BAY_OUTAGE,4729.06,86.29,4642.78,53.81,0,0.0,0,NONE
CP-0001768,2025-07-27,SIMULATED_HISTORY,Kisumu,JET_A1,WATCH,NORMAL,2837.36,84.53,2752.83,32.57,1,2410.65,0,CREATE_PIPELINE_BATCH
CP-0001769,2025-08-22,SIMULATED_HISTORY,Kisumu,JET_A1,WATCH,NORMAL,2831.48,91.79,2739.69,29.85,1,2441.94,0,CREATE_PIPELINE_BATCH
CP-0001770,2025-09-12,SIMULATED_HISTORY,Kisumu,JET_A1,HEALTHY,LOADING_BAY_OUTAGE,3337.87,91.0,3246.88,35.68,0,0.0,0,NONE
CP-0001771,2025-09-17,SIMULATED_HISTORY,Kisumu,JET_A1,WATCH,NORMAL,2887.42,97.07,2790.35,28.74,1,2404.49,0,CREATE_PIPELINE_BATCH
CP-0001772,2025-10-02,SIMULATED_HISTORY,Kisumu,JET_A1,HEALTHY,PLANNED_PIPELINE_MAINTENANCE,3927.8,94.67,3833.12,40.49,0,0.0,0,HOLD/RESCHEDULE_DUE_TO_OUTAGE
CP-0001773,2025-10-03,SIMULATED_HISTORY,Kisumu,JET_A1,HEALTHY,PLANNED_PIPELINE_MAINTENANCE,3833.12,96.03,3737.09,38.92,0,0.0,0,HOLD/RESCHEDULE_DUE_TO_OUTAGE
CP-0001774,2025-10-14,SIMULATED_HISTORY,Kisumu,JET_A1,WATCH,NORMAL,2815.46,103.86,2711.6,26.11,1,2500.22,0,CREATE_PIPELINE_BATCH
CP-0001775,2025-10-16,SIMULATED_HISTORY,Kisumu,JET_A1,HEALTHY,LOADING_BAY_OUTAGE,2600.0,96.89,5003.34,51.64,0,0.0,0,NONE
CP-0001776,2025-11-08,SIMULATED_HISTORY,Kisumu,JET_A1,WATCH,NORMAL,2845.73,90.79,2754.95,30.35,1,2424.18,0,CREATE_PIPELINE_BATCH
CP-0001777,2025-11-29,SIMULATED_HISTORY,Kisumu,JET_A1,HEALTHY,LOADING_BAY_OUTAGE,3365.46,79.16,3286.31,41.52,0,0.0,0,NONE
CP-0001778,2025-12-04,SIMULATED_HISTORY,Kisumu,JET_A1,WATCH,NORMAL,2880.76,108.79,2771.97,25.48,1,2452.16,0,CREATE_PIPELINE_BATCH
CP-0001779,2025-12-28,SIMULATED_HISTORY,Kisumu,JET_A1,WATCH,NORMAL,2821.67,85.51,2736.16,32.0,1,2429.77,0,CREATE_PIPELINE_BATCH
CP-0001780,2026-01-15,SIMULATED_HISTORY,Kisumu,JET_A1,HEALTHY,UNPLANNED_PUMP_FAILURE,3367.22,111.33,3255.89,29.25,0,0.0,0,HOLD/RESCHEDULE_DUE_TO_OUTAGE
CP-0001781,2026-01-20,SIMULATED_HISTORY,Kisumu,JET_A1,WATCH,NORMAL,2842.98,112.36,2730.62,24.3,1,2502.44,0,CREATE_PIPELINE_BATCH
CP-0001782,2026-01-28,SIMULATED_HISTORY,Kisumu,JET_A1,HEALTHY,PLANNED_PIPELINE_MAINTENANCE,4490.43,99.77,4390.66,44.01,0,0.0,0,HOLD/RESCHEDULE_DUE_TO_OUTAGE
CP-0001783,2026-02-12,SIMULATED_HISTORY,Kisumu,JET_A1,HEALTHY,LOADING_BAY_OUTAGE,3025.54,106.29,2919.24,27.46,0,0.0,0,NONE
CP-0001784,2026-02-13,SIMULATED_HISTORY,Kisumu,JET_A1,WATCH,NORMAL,2919.24,118.77,2800.48,23.58,1,2448.6,0,CREATE_PIPELINE_BATCH
CP-0001785,2026-02-16,SIMULATED_HISTORY,Kisumu,JET_A1,HEALTHY,UNPLANNED_PUMP_FAILURE,5077.2,94.5,4982.7,52.73,0,0.0,0,HOLD/RESCHEDULE_DUE_TO_OUTAGE
CP-0001786,2026-03-11,SIMULATED_HISTORY,Kisumu,JET_A1,WATCH,NORMAL,2813.15,108.36,2704.78,24.96,1,2518.28,0,CREATE_PIPELINE_BATCH
CP-0001787,2026-03-25,SIMULATED_HISTORY,Kisumu,JET_A1,HEALTHY,LOADING_BAY_OUTAGE,3931.87,107.35,3824.52,35.63,0,0.0,0,NONE
CP-0001788,2026-04-04,SIMULATED_HISTORY,Kisumu,JET_A1,WATCH,NORMAL,2856.54,89.38,2767.16,30.96,1,2408.45,0,CREATE_PIPELINE_BATCH
CP-0001789,2026-04-17,SIMULATED_HISTORY,Kisumu,JET_A1,HEALTHY,LOADING_BAY_OUTAGE,3931.96,118.46,3813.5,32.19,0,0.0,0,NONE
CP-0001790,2026-04-27,SIMULATED_HISTORY,Kisumu,JET_A1,WATCH,NORMAL,2894.69,105.45,2789.25,26.45,1,2426.53,0,CREATE_PIPELINE_BATCH
CP-0001791,2026-05-21,SIMULATED_HISTORY,Kisumu,JET_A1,WATCH,NORMAL,2890.44,109.49,2780.96,25.4,1,2444.92,0,CREATE_PIPELINE_BATCH
CP-0001792,2026-06-16,SIMULATED_HISTORY,Kisumu,JET_A1,WATCH,NORMAL,2807.63,99.92,2707.72,27.1,1,2494.23,0,CREATE_PIPELINE_BATCH
CP-0001793,2026-07-08,SIMULATED_HISTORY,Kisumu,JET_A1,HEALTHY,DATA_LATENCY_INCIDENT,3146.63,107.02,3039.61,28.4,0,0.0,0,NONE
CP-0001794,2026-07-11,SIMULATED_HISTORY,Kisumu,JET_A1,WATCH,NORMAL,2811.32,88.94,2722.37,30.61,1,2452.15,0,CREATE_PIPELINE_BATCH
CP-0001795,2026-07-25,SIMULATED_HISTORY,Kisumu,JET_A1,HEALTHY,UNPLANNED_PUMP_FAILURE,3848.01,86.35,3761.65,43.56,0,0.0,0,HOLD/RESCHEDULE_DUE_TO_OUTAGE
CP-0001796,2026-08-02,SIMULATED_HISTORY,Kisumu,JET_A1,HEALTHY,PLANNED_PIPELINE_MAINTENANCE,3063.47,89.67,2973.8,33.16,0,0.0,0,HOLD/RESCHEDULE_DUE_TO_OUTAGE
CP-0001797,2026-08-04,SIMULATED_HISTORY,Kisumu,JET_A1,WATCH,NORMAL,2867.93,103.72,2764.2,26.65,1,2447.26,0,CREATE_PIPELINE_BATCH
CP-0001798,2026-08-29,SIMULATED_HISTORY,Kisumu,JET_A1,WATCH,NORMAL,2827.67,103.14,2724.53,26.41,1,2485.49,0,CREATE_PIPELINE_BATCH
CP-0001799,2026-09-23,SCENARIO_FUTURE,Kisumu,JET_A1,WATCH,NORMAL,2886.43,102.28,2784.15,27.22,1,2423.7,0,CREATE_PIPELINE_BATCH
CP-0001800,2026-09-25,SCENARIO_FUTURE,Kisumu,JET_A1,HEALTHY,DATA_LATENCY_INCIDENT,2687.12,103.67,5007.15,48.3,0,0.0,0,NONE
CP-0001801,2026-10-17,SCENARIO_FUTURE,Kisumu,JET_A1,WATCH,NORMAL,2877.73,95.04,2782.69,29.28,1,2407.07,0,CREATE_PIPELINE_BATCH
CP-0001802,2026-11-11,SCENARIO_FUTURE,Kisumu,JET_A1,WATCH,NORMAL,2822.32,107.06,2715.25,25.36,1,2504.57,0,CREATE_PIPELINE_BATCH
CP-0001803,2026-12-06,SCENARIO_FUTURE,Kisumu,JET_A1,WATCH,NORMAL,2830.6,94.59,2736.01,28.92,1,2452.62,0,CREATE_PIPELINE_BATCH
CP-0001804,2026-12-09,SCENARIO_FUTURE,Kisumu,JET_A1,HEALTHY,LOADING_BAY_OUTAGE,4948.9,123.2,4825.7,39.17,0,0.0,0,NONE
CP-0001805,2026-12-10,SCENARIO_FUTURE,Kisumu,JET_A1,HEALTHY,LOADING_BAY_OUTAGE,4825.7,111.21,4714.49,42.39,0,0.0,0,NONE
CP-0001806,2026-12-28,SCENARIO_FUTURE,Kisumu,JET_A1,WATCH,NORMAL,2832.76,113.29,2719.47,24.01,1,2515.9,0,CREATE_PIPELINE_BATCH
CP-0001807,2021-01-05,SIMULATED_HISTORY,Kisumu,PMS,WATCH,NORMAL,6565.52,912.74,5652.78,6.19,1,4640.0,0,CREATE_PIPELINE_BATCH
CP-0001808,2021-01-12,SIMULATED_HISTORY,Kisumu,PMS,WATCH,NORMAL,6328.12,717.29,5610.83,7.82,1,4640.0,0,CREATE_PIPELINE_BATCH
CP-0001809,2021-01-19,SIMULATED_HISTORY,Kisumu,PMS,WATCH,NORMAL,6240.4,660.03,5580.36,8.45,1,4640.0,0,CREATE_PIPELINE_BATCH
CP-0001810,2021-01-20,SIMULATED_HISTORY,Kisumu,PMS,WATCH,UNPLANNED_PUMP_FAILURE,5580.36,693.42,4886.94,7.05,0,0.0,0,HOLD/RESCHEDULE_DUE_TO_OUTAGE
CP-0001811,2021-01-26,SIMULATED_HISTORY,Kisumu,PMS,WATCH,NORMAL,6308.22,695.38,5612.85,8.07,1,4640.0,0,CREATE_PIPELINE_BATCH
CP-0001812,2021-02-02,SIMULATED_HISTORY,Kisumu,PMS,WATCH,NORMAL,6225.33,652.19,5573.15,8.55,1,4640.0,0,CREATE_PIPELINE_BATCH
CP-0001813,2021-02-09,SIMULATED_HISTORY,Kisumu,PMS,WATCH,NORMAL,6516.25,644.79,5871.45,9.11,1,4640.0,0,CREATE_PIPELINE_BATCH
CP-0001814,2021-02-17,SIMULATED_HISTORY,Kisumu,PMS,WATCH,NORMAL,6181.18,616.79,5564.38,9.02,1,4640.0,0,CREATE_PIPELINE_BATCH
CP-0001815,2021-02-24,SIMULATED_HISTORY,Kisumu,PMS,WATCH,NORMAL,6409.59,633.89,5775.7,9.11,1,4640.0,0,CREATE_PIPELINE_BATCH
CP-0001816,2021-03-03,SIMULATED_HISTORY,Kisumu,PMS,WATCH,NORMAL,6688.2,673.08,6015.12,8.94,1,4640.0,0,CREATE_PIPELINE_BATCH
CP-0001817,2021-03-08,SIMULATED_HISTORY,Kisumu,PMS,HEALTHY,LOADING_BAY_OUTAGE,8143.75,663.02,7480.73,11.28,0,0.0,0,NONE
CP-0001818,2021-03-10,SIMULATED_HISTORY,Kisumu,PMS,WATCH,NORMAL,6727.85,669.27,6058.58,9.05,1,4640.0,0,CREATE_PIPELINE_BATCH
CP-0001819,2021-03-18,SIMULATED_HISTORY,Kisumu,PMS,WATCH,NORMAL,6238.02,671.72,5566.29,8.29,1,4640.0,0,CREATE_PIPELINE_BATCH
CP-0001820,2021-03-25,SIMULATED_HISTORY,Kisumu,PMS,WATCH,DATA_LATENCY_INCIDENT,6490.03,630.69,5859.34,9.29,1,4640.0,0,CREATE_PIPELINE_BATCH
CP-0001821,2021-04-01,SIMULATED_HISTORY,Kisumu,PMS,WATCH,PLANNED_PIPELINE_MAINTENANCE,6632.43,742.0,5890.43,7.94,1,4640.0,0,CREATE_PIPELINE_BATCH+OUTAGE
CP-0001822,2021-04-02,SIMULATED_HISTORY,Kisumu,PMS,WATCH,PLANNED_PIPELINE_MAINTENANCE,5890.43,745.32,5145.11,6.9,0,0.0,0,HOLD/RESCHEDULE_DUE_TO_OUTAGE
CP-0001823,2021-04-04,SIMULATED_HISTORY,Kisumu,PMS,HEALTHY,DATA_LATENCY_INCIDENT,9121.15,552.4,8568.74,15.51,0,0.0,0,NONE
CP-0001824,2021-04-08,SIMULATED_HISTORY,Kisumu,PMS,WATCH,NORMAL,6388.62,659.43,5729.2,8.69,1,4640.0,0,CREATE_PIPELINE_BATCH
CP-0001825,2021-04-15,SIMULATED_HISTORY,Kisumu,PMS,WATCH,NORMAL,6593.98,697.68,5896.3,8.45,1,4640.0,0,CREATE_PIPELINE_BATCH
CP-0001826,2021-04-22,SIMULATED_HISTORY,Kisumu,PMS,WATCH,NORMAL,6668.51,723.16,5945.35,8.22,1,4640.0,0,CREATE_PIPELINE_BATCH
CP-0001827,2021-04-29,SIMULATED_HISTORY,Kisumu,PMS,WATCH,NORMAL,6684.89,728.08,5956.8,8.18,1,4640.0,0,CREATE_PIPELINE_BATCH
CP-0001828,2021-05-06,SIMULATED_HISTORY,Kisumu,PMS,WATCH,NORMAL,6375.38,707.48,5667.9,8.01,1,4640.0,0,CREATE_PIPELINE_BATCH
CP-0001829,2021-05-13,SIMULATED_HISTORY,Kisumu,PMS,WATCH,NORMAL,6232.42,702.43,5529.99,7.87,1,4640.0,0,CREATE_PIPELINE_BATCH
CP-0001830,2021-05-20,SIMULATED_HISTORY,Kisumu,PMS,WATCH,LOADING_BAY_OUTAGE,6457.67,657.12,5800.55,8.83,1,4640.0,0,CREATE_PIPELINE_BATCH
CP-0001831,2021-05-27,SIMULATED_HISTORY,Kisumu,PMS,WATCH,NORMAL,6550.06,698.29,5851.77,8.38,1,4640.0,0,CREATE_PIPELINE_BATCH
CP-0001832,2021-06-03,SIMULATED_HISTORY,Kisumu,PMS,WATCH,NORMAL,6597.15,709.06,5888.09,8.3,1,4640.0,0,CREATE_PIPELINE_BATCH
CP-0001833,2021-06-10,SIMULATED_HISTORY,Kisumu,PMS,WATCH,NORMAL,6795.12,653.54,6141.59,9.4,1,4640.0,0,CREATE_PIPELINE_BATCH
CP-0001834,2021-06-18,SIMULATED_HISTORY,Kisumu,PMS,WATCH,NORMAL,6424.49,724.48,5700.01,7.87,1,4640.0,0,CREATE_PIPELINE_BATCH
CP-0001835,2021-06-25,SIMULATED_HISTORY,Kisumu,PMS,WATCH,NORMAL,6602.58,636.2,5966.38,9.38,1,4640.0,0,CREATE_PIPELINE_BATCH
CP-0001836,2021-07-02,SIMULATED_HISTORY,Kisumu,PMS,WATCH,NORMAL,6836.0,780.73,6055.27,7.76,1,4640.0,0,CREATE_PIPELINE_BATCH
CP-0001837,2021-07-09,SIMULATED_HISTORY,Kisumu,PMS,WATCH,NORMAL,6877.24,812.67,6064.57,7.46,1,4640.0,0,CREATE_PIPELINE_BATCH
CP-0001838,2021-07-16,SIMULATED_HISTORY,Kisumu,PMS,WATCH,NORMAL,6672.06,670.36,6001.69,8.95,1,4640.0,0,CREATE_PIPELINE_BATCH
CP-0001839,2021-07-19,SIMULATED_HISTORY,Kisumu,PMS,HEALTHY,LOADING_BAY_OUTAGE,4816.39,627.1,8829.28,14.08,0,0.0,0,NONE
CP-0001840,2021-07-23,SIMULATED_HISTORY,Kisumu,PMS,WATCH,NORMAL,6795.9,641.3,6154.6,9.6,1,4640.0,0,CREATE_PIPELINE_BATCH
CP-0001841,2021-07-31,SIMULATED_HISTORY,Kisumu,PMS,WATCH,NORMAL,6326.6,625.13,5701.46,9.12,1,4640.0,0,CREATE_PIPELINE_BATCH
CP-0001842,2021-08-07,SIMULATED_HISTORY,Kisumu,PMS,WATCH,NORMAL,6415.09,551.59,5863.5,10.63,1,4640.0,0,CREATE_PIPELINE_BATCH
CP-0001843,2021-08-10,SIMULATED_HISTORY,Kisumu,PMS,HEALTHY,UNPLANNED_PUMP_FAILURE,9283.04,640.17,8642.87,13.5,0,0.0,0,HOLD/RESCHEDULE_DUE_TO_OUTAGE
CP-0001844,2021-08-14,SIMULATED_HISTORY,Kisumu,PMS,WATCH,NORMAL,6581.2,609.5,5971.69,9.8,1,4640.0,0,CREATE_PIPELINE_BATCH
CP-0001845,2021-08-21,SIMULATED_HISTORY,Kisumu,PMS,WATCH,NORMAL,6705.84,615.88,6089.96,9.89,1,4640.0,0,CREATE_PIPELINE_BATCH
CP-0001846,2021-08-29,SIMULATED_HISTORY,Kisumu,PMS,WATCH,NORMAL,6265.0,574.07,5690.93,9.91,1,4640.0,0,CREATE_PIPELINE_BATCH
CP-0001847,2021-09-05,SIMULATED_HISTORY,Kisumu,PMS,WATCH,NORMAL,6514.62,526.62,5988.0,11.37,1,4640.0,0,CREATE_PIPELINE_BATCH
CP-0001848,2021-09-13,SIMULATED_HISTORY,Kisumu,PMS,WATCH,NORMAL,6226.57,613.19,5613.38,9.15,1,4640.0,0,CREATE_PIPELINE_BATCH
CP-0001849,2021-09-20,SIMULATED_HISTORY,Kisumu,PMS,WATCH,NORMAL,6558.01,620.68,5937.33,9.57,1,4640.0,0,CREATE_PIPELINE_BATCH
CP-0001850,2021-09-28,SIMULATED_HISTORY,Kisumu,PMS,WATCH,NORMAL,6388.01,665.02,5722.99,8.61,1,4640.0,0,CREATE_PIPELINE_BATCH
CP-0001851,2021-10-05,SIMULATED_HISTORY,Kisumu,PMS,WATCH,NORMAL,6538.85,737.48,5801.37,7.87,1,4640.0,0,CREATE_PIPELINE_BATCH
CP-0001852,2021-10-12,SIMULATED_HISTORY,Kisumu,PMS,WATCH,NORMAL,6482.23,605.57,5876.66,9.7,1,4640.0,0,CREATE_PIPELINE_BATCH
CP-0001853,2021-10-19,SIMULATED_HISTORY,Kisumu,PMS,WATCH,NORMAL,6487.93,638.6,5849.34,9.16,1,4640.0,0,CREATE_PIPELINE_BATCH
CP-0001854,2021-10-21,SIMULATED_HISTORY,Kisumu,PMS,HEALTHY,LOADING_BAY_OUTAGE,5128.93,695.42,9073.51,13.05,0,0.0,0,NONE
CP-0001855,2021-10-26,SIMULATED_HISTORY,Kisumu,PMS,WATCH,NORMAL,6466.85,751.88,5714.98,7.6,1,4640.0,0,CREATE_PIPELINE_BATCH
CP-0001856,2021-11-02,SIMULATED_HISTORY,Kisumu,PMS,WATCH,NORMAL,6488.78,630.79,5858.0,9.29,1,4640.0,0,CREATE_PIPELINE_BATCH
CP-0001857,2021-11-09,SIMULATED_HISTORY,Kisumu,PMS,WATCH,NORMAL,6780.3,623.85,6156.45,9.87,1,4640.0,0,CREATE_PIPELINE_BATCH
CP-0001858,2021-11-12,SIMULATED_HISTORY,Kisumu,PMS,HEALTHY,UNPLANNED_PUMP_FAILURE,9442.93,718.12,8724.81,12.15,0,0.0,0,HOLD/RESCHEDULE_DUE_TO_OUTAGE
CP-0001859,2021-11-17,SIMULATED_HISTORY,Kisumu,PMS,WATCH,NORMAL,6346.51,611.84,5734.67,9.37,1,4640.0,0,CREATE_PIPELINE_BATCH
CP-0001860,2021-11-23,SIMULATED_HISTORY,Kisumu,PMS,HEALTHY,PLANNED_PIPELINE_MAINTENANCE,7433.13,638.45,6794.68,10.64,0,0.0,0,HOLD/RESCHEDULE_DUE_TO_OUTAGE
CP-0001861,2021-11-25,SIMULATED_HISTORY,Kisumu,PMS,WATCH,NORMAL,6191.43,660.37,5531.05,8.38,1,4640.0,0,CREATE_PIPELINE_BATCH
CP-0001862,2021-11-29,SIMULATED_HISTORY,Kisumu,PMS,HEALTHY,LOADING_BAY_OUTAGE,8382.84,634.03,7748.81,12.22,0,0.0,0,NONE
CP-0001863,2021-12-02,SIMULATED_HISTORY,Kisumu,PMS,WATCH,NORMAL,6245.27,886.61,5358.66,6.04,1,4640.0,0,CREATE_PIPELINE_BATCH
CP-0001864,2021-12-08,SIMULATED_HISTORY,Kisumu,PMS,WATCH,NORMAL,6263.3,745.73,5517.57,7.4,1,4640.0,0,CREATE_PIPELINE_BATCH
CP-0001865,2021-12-14,SIMULATED_HISTORY,Kisumu,PMS,WATCH,NORMAL,6355.78,830.21,5525.57,6.66,1,4640.0,0,CREATE_PIPELINE_BATCH
CP-0001866,2021-12-20,SIMULATED_HISTORY,Kisumu,PMS,WATCH,NORMAL,6469.95,792.8,5677.15,7.16,1,4640.0,0,CREATE_PIPELINE_BATCH
CP-0001867,2021-12-26,SIMULATED_HISTORY,Kisumu,PMS,WATCH,NORMAL,6406.53,681.85,5724.68,8.4,1,4640.0,0,CREATE_PIPELINE_BATCH
CP-0001868,2022-01-01,SIMULATED_HISTORY,Kisumu,PMS,WATCH,NORMAL,6520.97,727.93,5793.04,7.96,1,4640.0,0,CREATE_PIPELINE_BATCH
CP-0001869,2022-01-07,SIMULATED_HISTORY,Kisumu,PMS,WATCH,NORMAL,6501.64,794.69,5706.96,7.18,1,4640.0,0,CREATE_PIPELINE_BATCH
CP-0001870,2022-01-13,SIMULATED_HISTORY,Kisumu,PMS,WATCH,NORMAL,6845.48,767.85,6077.63,7.92,1,4640.0,0,CREATE_PIPELINE_BATCH
CP-0001871,2022-01-20,SIMULATED_HISTORY,Kisumu,PMS,WATCH,NORMAL,6550.94,782.53,5768.41,7.37,1,4640.0,0,CREATE_PIPELINE_BATCH
CP-0001872,2022-01-27,SIMULATED_HISTORY,Kisumu,PMS,WATCH,NORMAL,6191.25,725.16,5466.09,7.54,1,4640.0,0,CREATE_PIPELINE_BATCH
CP-0001873,2022-02-02,SIMULATED_HISTORY,Kisumu,PMS,WATCH,NORMAL,6540.32,576.91,5963.41,10.34,1,4640.0,0,CREATE_PIPELINE_BATCH
CP-0001874,2022-02-09,SIMULATED_HISTORY,Kisumu,PMS,WATCH,NORMAL,6656.8,627.28,6029.52,9.61,1,4640.0,0,CREATE_PIPELINE_BATCH
CP-0001875,2022-02-16,SIMULATED_HISTORY,Kisumu,PMS,WATCH,NORMAL,6773.63,724.4,6049.23,8.35,1,4640.0,0,CREATE_PIPELINE_BATCH
CP-0001876,2022-02-24,SIMULATED_HISTORY,Kisumu,PMS,WATCH,NORMAL,6330.66,647.2,5683.46,8.78,1,4640.0,0,CREATE_PIPELINE_BATCH
CP-0001877,2022-03-03,SIMULATED_HISTORY,Kisumu,PMS,WATCH,NORMAL,6336.81,731.68,5605.12,7.66,1,4640.0,0,CREATE_PIPELINE_BATCH
CP-0001878,2022-03-10,SIMULATED_HISTORY,Kisumu,PMS,WATCH,NORMAL,6201.91,663.86,5538.04,8.34,1,4640.0,0,CREATE_PIPELINE_BATCH
CP-0001879,2022-03-16,SIMULATED_HISTORY,Kisumu,PMS,WATCH,NORMAL,6812.75,710.77,6101.98,8.59,1,4640.0,0,CREATE_PIPELINE_BATCH
CP-0001880,2022-03-23,SIMULATED_HISTORY,Kisumu,PMS,WATCH,NORMAL,6726.15,703.21,6022.94,8.56,1,4640.0,0,CREATE_PIPELINE_BATCH
CP-0001881,2022-03-30,SIMULATED_HISTORY,Kisumu,PMS,WATCH,NORMAL,6566.81,702.85,5863.96,8.34,1,4640.0,0,CREATE_PIPELINE_BATCH
CP-0001882,2022-04-06,SIMULATED_HISTORY,Kisumu,PMS,WATCH,LOADING_BAY_OUTAGE,6299.49,655.5,5643.99,8.61,1,4640.0,0,CREATE_PIPELINE_BATCH
CP-0001883,2022-04-12,SIMULATED_HISTORY,Kisumu,PMS,HEALTHY,LOADING_BAY_OUTAGE,6810.21,616.61,6193.61,10.04,0,0.0,0,NONE
CP-0001884,2022-04-13,SIMULATED_HISTORY,Kisumu,PMS,WATCH,NORMAL,6193.61,820.7,5372.91,6.55,1,4640.0,0,CREATE_PIPELINE_BATCH
CP-0001885,2022-04-19,SIMULATED_HISTORY,Kisumu,PMS,WATCH,NORMAL,6540.07,677.14,5862.93,8.66,1,4640.0,0,CREATE_PIPELINE_BATCH
CP-0001886,2022-04-26,SIMULATED_HISTORY,Kisumu,PMS,WATCH,NORMAL,6518.26,733.84,5784.41,7.88,1,4640.0,0,CREATE_PIPELINE_BATCH
CP-0001887,2022-05-02,SIMULATED_HISTORY,Kisumu,PMS,WATCH,NORMAL,6668.86,746.98,5921.88,7.93,1,4640.0,0,CREATE_PIPELINE_BATCH
CP-0001888,2022-05-07,SIMULATED_HISTORY,Kisumu,PMS,HEALTHY,UNPLANNED_PUMP_FAILURE,7619.78,605.12,7014.66,11.59,0,0.0,0,HOLD/RESCHEDULE_DUE_TO_OUTAGE
CP-0001889,2022-05-09,SIMULATED_HISTORY,Kisumu,PMS,WATCH,NORMAL,6415.52,663.93,5751.59,8.66,1,4640.0,0,CREATE_PIPELINE_BATCH
CP-0001890,2022-05-16,SIMULATED_HISTORY,Kisumu,PMS,WATCH,NORMAL,6306.5,657.59,5648.91,8.59,1,4640.0,0,CREATE_PIPELINE_BATCH
CP-0001891,2022-05-22,SIMULATED_HISTORY,Kisumu,PMS,WATCH,NORMAL,6663.53,605.45,6058.08,10.01,1,4640.0,0,CREATE_PIPELINE_BATCH
CP-0001892,2022-05-29,SIMULATED_HISTORY,Kisumu,PMS,WATCH,PLANNED_PIPELINE_MAINTENANCE,6485.38,573.5,5911.88,10.31,1,4640.0,0,CREATE_PIPELINE_BATCH+OUTAGE
CP-0001893,2022-06-05,SIMULATED_HISTORY,Kisumu,PMS,WATCH,NORMAL,6381.64,561.15,5820.5,10.37,1,4640.0,0,CREATE_PIPELINE_BATCH
CP-0001894,2022-06-12,SIMULATED_HISTORY,Kisumu,PMS,WATCH,NORMAL,6464.67,586.69,5877.98,10.02,1,4640.0,0,CREATE_PIPELINE_BATCH
CP-0001895,2022-06-19,SIMULATED_HISTORY,Kisumu,PMS,WATCH,NORMAL,6589.47,537.14,6052.33,11.27,1,4640.0,0,CREATE_PIPELINE_BATCH
CP-0001896,2022-06-20,SIMULATED_HISTORY,Kisumu,PMS,WATCH,PLANNED_PIPELINE_MAINTENANCE,6052.33,613.39,5438.94,8.87,0,0.0,0,HOLD/RESCHEDULE_DUE_TO_OUTAGE
CP-0001897,2022-06-21,SIMULATED_HISTORY,Kisumu,PMS,WATCH,PLANNED_PIPELINE_MAINTENANCE,5438.94,642.71,4796.23,7.46,0,0.0,0,HOLD/RESCHEDULE_DUE_TO_OUTAGE
CP-0001898,2022-06-26,SIMULATED_HISTORY,Kisumu,PMS,WATCH,NORMAL,6735.8,660.45,6075.36,9.2,1,4640.0,0,CREATE_PIPELINE_BATCH
CP-0001899,2022-06-30,SIMULATED_HISTORY,Kisumu,PMS,HEALTHY,DATA_LATENCY_INCIDENT,8715.97,684.35,8031.63,11.74,0,0.0,0,NONE
CP-0001900,2022-07-03,SIMULATED_HISTORY,Kisumu,PMS,WATCH,NORMAL,6610.46,548.14,6062.32,11.06,1,4640.0,0,CREATE_PIPELINE_BATCH
CP-0001901,2022-07-10,SIMULATED_HISTORY,Kisumu,PMS,WATCH,NORMAL,6585.11,551.76,6033.35,10.93,1,4640.0,0,CREATE_PIPELINE_BATCH
CP-0001902,2022-07-17,SIMULATED_HISTORY,Kisumu,PMS,WATCH,NORMAL,6550.5,588.11,5962.39,10.14,1,4640.0,0,CREATE_PIPELINE_BATCH
CP-0001903,2022-07-24,SIMULATED_HISTORY,Kisumu,PMS,WATCH,NORMAL,6354.46,557.09,5797.37,10.41,1,4640.0,0,CREATE_PIPELINE_BATCH
CP-0001904,2022-07-25,SIMULATED_HISTORY,Kisumu,PMS,WATCH,LOADING_BAY_OUTAGE,5797.37,710.88,5086.49,7.16,0,0.0,0,NONE
CP-0001905,2022-07-31,SIMULATED_HISTORY,Kisumu,PMS,WATCH,LOADING_BAY_OUTAGE,6227.54,552.52,5675.02,10.27,1,4640.0,0,CREATE_PIPELINE_BATCH
CP-0001906,2022-08-06,SIMULATED_HISTORY,Kisumu,PMS,WATCH,NORMAL,6835.22,661.17,6174.05,9.34,1,4640.0,0,CREATE_PIPELINE_BATCH
CP-0001907,2022-08-11,SIMULATED_HISTORY,Kisumu,PMS,HEALTHY,LOADING_BAY_OUTAGE,8226.14,649.61,7576.53,11.66,0,0.0,0,NONE
CP-0001908,2022-08-13,SIMULATED_HISTORY,Kisumu,PMS,WATCH,DATA_LATENCY_INCIDENT,6808.76,637.8,6170.96,9.68,1,4640.0,0,CREATE_PIPELINE_BATCH
CP-0001909,2022-08-20,SIMULATED_HISTORY,Kisumu,PMS,WATCH,NORMAL,6676.08,596.13,6079.95,10.2,1,4640.0,0,CREATE_PIPELINE_BATCH
CP-0001910,2022-08-27,SIMULATED_HISTORY,Kisumu,PMS,WATCH,NORMAL,6390.44,708.4,5682.04,8.02,1,4640.0,0,CREATE_PIPELINE_BATCH
CP-0001911,2022-09-03,SIMULATED_HISTORY,Kisumu,PMS,WATCH,NORMAL,6255.46,661.59,5593.87,8.46,1,4640.0,0,CREATE_PIPELINE_BATCH
CP-0001912,2022-09-08,SIMULATED_HISTORY,Kisumu,PMS,HEALTHY,UNPLANNED_PUMP_FAILURE,7636.78,663.37,6973.41,10.51,0,0.0,0,HOLD/RESCHEDULE_DUE_TO_OUTAGE
CP-0001913,2022-09-10,SIMULATED_HISTORY,Kisumu,PMS,WATCH,NORMAL,6297.62,587.33,5710.3,9.72,1,4640.0,0,CREATE_PIPELINE_BATCH
CP-0001914,2022-09-17,SIMULATED_HISTORY,Kisumu,PMS,WATCH,NORMAL,6293.44,634.53,5658.9,8.92,1,4640.0,0,CREATE_PIPELINE_BATCH
CP-0001915,2022-09-20,SIMULATED_HISTORY,Kisumu,PMS,CRITICAL,UNPLANNED_PUMP_FAILURE,4423.82,702.45,3721.37,5.3,0,0.0,0,HOLD/RESCHEDULE_DUE_TO_OUTAGE
CP-0001916,2022-09-24,SIMULATED_HISTORY,Kisumu,PMS,WATCH,NORMAL,6278.48,590.51,5687.97,9.63,1,4640.0,0,CREATE_PIPELINE_BATCH
CP-0001917,2022-10-01,SIMULATED_HISTORY,Kisumu,PMS,WATCH,NORMAL,6277.8,642.65,5635.15,8.77,1,4640.0,0,CREATE_PIPELINE_BATCH
CP-0001918,2022-10-07,SIMULATED_HISTORY,Kisumu,PMS,WATCH,NORMAL,6774.97,846.92,5928.05,7.0,1,4640.0,0,CREATE_PIPELINE_BATCH
CP-0001919,2022-10-14,SIMULATED_HISTORY,Kisumu,PMS,WATCH,NORMAL,6450.67,693.12,5757.55,8.31,1,4640.0,0,CREATE_PIPELINE_BATCH
CP-0001920,2022-10-21,SIMULATED_HISTORY,Kisumu,PMS,WATCH,NORMAL,6320.21,750.51,5569.7,7.42,1,4640.0,0,CREATE_PIPELINE_BATCH
CP-0001921,2022-10-28,SIMULATED_HISTORY,Kisumu,PMS,WATCH,NORMAL,6327.83,718.45,5609.37,7.81,1,4640.0,0,CREATE_PIPELINE_BATCH
CP-0001922,2022-11-04,SIMULATED_HISTORY,Kisumu,PMS,WATCH,NORMAL,6368.47,652.79,5715.68,8.76,1,4640.0,0,CREATE_PIPELINE_BATCH
CP-0001923,2022-11-11,SIMULATED_HISTORY,Kisumu,PMS,WATCH,NORMAL,6463.86,704.48,5759.38,8.18,1,4640.0,0,CREATE_PIPELINE_BATCH
CP-0001924,2022-11-18,SIMULATED_HISTORY,Kisumu,PMS,WATCH,NORMAL,6617.38,699.37,5918.01,8.46,1,4640.0,0,CREATE_PIPELINE_BATCH
CP-0001925,2022-11-25,SIMULATED_HISTORY,Kisumu,PMS,WATCH,NORMAL,6702.59,688.34,6014.25,8.74,1,4640.0,0,CREATE_PIPELINE_BATCH
CP-0001926,2022-12-02,SIMULATED_HISTORY,Kisumu,PMS,WATCH,NORMAL,6692.35,897.21,5795.13,6.46,1,4640.0,0,CREATE_PIPELINE_BATCH
CP-0001927,2022-12-08,SIMULATED_HISTORY,Kisumu,PMS,WATCH,NORMAL,6698.61,831.99,5866.61,7.05,1,4640.0,0,CREATE_PIPELINE_BATCH
CP-0001928,2022-12-14,SIMULATED_HISTORY,Kisumu,PMS,WATCH,NORMAL,6650.43,749.36,5901.07,7.87,1,4640.0,0,CREATE_PIPELINE_BATCH
CP-0001929,2022-12-20,SIMULATED_HISTORY,Kisumu,PMS,WATCH,NORMAL,6694.97,755.87,5939.1,7.86,1,4640.0,0,CREATE_PIPELINE_BATCH
CP-0001930,2022-12-26,SIMULATED_HISTORY,Kisumu,PMS,WATCH,NORMAL,6687.62,911.11,5776.5,6.34,1,4640.0,0,CREATE_PIPELINE_BATCH
CP-0001931,2023-01-01,SIMULATED_HISTORY,Kisumu,PMS,WATCH,NORMAL,6416.57,635.97,5780.61,9.09,1,4640.0,0,CREATE_PIPELINE_BATCH
CP-0001932,2023-01-07,SIMULATED_HISTORY,Kisumu,PMS,WATCH,NORMAL,6261.17,618.85,5642.32,9.12,1,4640.0,0,CREATE_PIPELINE_BATCH
CP-0001933,2023-01-12,SIMULATED_HISTORY,Kisumu,PMS,HEALTHY,DATA_LATENCY_INCIDENT,7526.09,744.9,6781.19,9.1,0,0.0,0,NONE
CP-0001934,2023-01-13,SIMULATED_HISTORY,Kisumu,PMS,WATCH,NORMAL,6781.19,674.09,6107.11,9.06,1,4640.0,0,CREATE_PIPELINE_BATCH
CP-0001935,2023-01-20,SIMULATED_HISTORY,Kisumu,PMS,WATCH,NORMAL,6589.3,707.36,5881.95,8.32,1,4640.0,0,CREATE_PIPELINE_BATCH
CP-0001936,2023-01-27,SIMULATED_HISTORY,Kisumu,PMS,WATCH,NORMAL,6431.92,780.02,5651.89,7.25,1,4640.0,0,CREATE_PIPELINE_BATCH
CP-0001937,2023-02-03,SIMULATED_HISTORY,Kisumu,PMS,WATCH,NORMAL,6380.15,681.89,5698.25,8.36,1,4640.0,0,CREATE_PIPELINE_BATCH
CP-0001938,2023-02-10,SIMULATED_HISTORY,Kisumu,PMS,WATCH,NORMAL,6658.69,699.05,5959.64,8.53,1,4640.0,0,CREATE_PIPELINE_BATCH
CP-0001939,2023-02-15,SIMULATED_HISTORY,Kisumu,PMS,HEALTHY,LOADING_BAY_OUTAGE,8139.75,605.81,7533.94,12.44,0,0.0,0,NONE
CP-0001940,2023-02-17,SIMULATED_HISTORY,Kisumu,PMS,WATCH,LOADING_BAY_OUTAGE,6862.17,754.87,6107.3,8.09,1,4640.0,0,CREATE_PIPELINE_BATCH
CP-0001941,2023-02-23,SIMULATED_HISTORY,Kisumu,PMS,HEALTHY,LOADING_BAY_OUTAGE,7734.83,634.39,7100.44,11.19,0,0.0,0,NONE
CP-0001942,2023-02-25,SIMULATED_HISTORY,Kisumu,PMS,WATCH,NORMAL,6409.05,620.64,5788.41,9.33,1,4640.0,0,CREATE_PIPELINE_BATCH
CP-0001943,2023-03-04,SIMULATED_HISTORY,Kisumu,PMS,WATCH,NORMAL,6657.37,631.02,6026.35,9.55,1,4640.0,0,CREATE_PIPELINE_BATCH
CP-0001944,2023-03-11,SIMULATED_HISTORY,Kisumu,PMS,WATCH,NORMAL,6751.55,700.24,6051.31,8.64,1,4640.0,0,CREATE_PIPELINE_BATCH
CP-0001945,2023-03-18,SIMULATED_HISTORY,Kisumu,PMS,WATCH,NORMAL,6657.95,703.71,5954.25,8.46,1,4640.0,0,CREATE_PIPELINE_BATCH
CP-0001946,2023-03-25,SIMULATED_HISTORY,Kisumu,PMS,WATCH,NORMAL,6482.61,617.15,5865.46,9.5,1,4640.0,0,CREATE_PIPELINE_BATCH
CP-0001947,2023-04-01,SIMULATED_HISTORY,Kisumu,PMS,WATCH,NORMAL,6595.24,592.59,6002.65,10.13,1,4640.0,0,CREATE_PIPELINE_BATCH
CP-0001948,2023-04-08,SIMULATED_HISTORY,Kisumu,PMS,WATCH,NORMAL,6514.69,623.72,5890.97,9.44,1,4640.0,0,CREATE_PIPELINE_BATCH
CP-0001949,2023-04-15,SIMULATED_HISTORY,Kisumu,PMS,WATCH,NORMAL,6411.9,659.3,5752.6,8.73,1,4640.0,0,CREATE_PIPELINE_BATCH
CP-0001950,2023-04-22,SIMULATED_HISTORY,Kisumu,PMS,WATCH,NORMAL,6435.63,630.76,5804.88,9.2,1,4640.0,0,CREATE_PIPELINE_BATCH
CP-0001951,2023-04-29,SIMULATED_HISTORY,Kisumu,PMS,WATCH,NORMAL,6368.06,653.51,5714.55,8.74,1,4640.0,0,CREATE_PIPELINE_BATCH
CP-0001952,2023-05-05,SIMULATED_HISTORY,Kisumu,PMS,WATCH,NORMAL,6792.2,642.93,6149.28,9.56,1,4640.0,0,CREATE_PIPELINE_BATCH
CP-0001953,2023-05-12,SIMULATED_HISTORY,Kisumu,PMS,WATCH,NORMAL,6840.15,700.84,6139.31,8.76,1,4640.0,0,CREATE_PIPELINE_BATCH
CP-0001954,2023-05-15,SIMULATED_HISTORY,Kisumu,PMS,HEALTHY,DATA_LATENCY_INCIDENT,9605.67,727.1,8878.57,12.21,0,0.0,0,NONE
CP-0001955,2023-05-19,SIMULATED_HISTORY,Kisumu,PMS,WATCH,NORMAL,6792.92,690.86,6102.06,8.83,1,4640.0,0,CREATE_PIPELINE_BATCH
CP-0001956,2023-05-21,SIMULATED_HISTORY,Kisumu,PMS,HEALTHY,LOADING_BAY_OUTAGE,5478.3,532.17,9586.13,18.01,0,0.0,0,NONE
CP-0001957,2023-05-22,SIMULATED_HISTORY,Kisumu,PMS,HEALTHY,LOADING_BAY_OUTAGE,9586.13,695.15,8890.98,12.79,0,0.0,0,NONE
CP-0001958,2023-05-26,SIMULATED_HISTORY,Kisumu,PMS,WATCH,UNPLANNED_PUMP_FAILURE,6721.39,677.68,6043.72,8.92,1,4640.0,0,CREATE_PIPELINE_BATCH+OUTAGE
CP-0001959,2023-06-02,SIMULATED_HISTORY,Kisumu,PMS,WATCH,NORMAL,6677.58,670.45,6007.13,8.96,1,4640.0,0,CREATE_PIPELINE_BATCH
CP-0001960,2023-06-09,SIMULATED_HISTORY,Kisumu,PMS,WATCH,NORMAL,6681.92,749.79,5932.12,7.91,1,4640.0,0,CREATE_PIPELINE_BATCH
CP-0001961,2023-06-17,SIMULATED_HISTORY,Kisumu,PMS,WATCH,NORMAL,6288.21,638.5,5649.71,8.85,1,4640.0,0,CREATE_PIPELINE_BATCH
CP-0001962,2023-06-24,SIMULATED_HISTORY,Kisumu,PMS,WATCH,NORMAL,6395.41,540.61,5854.79,10.83,1,4640.0,0,CREATE_PIPELINE_BATCH
CP-0001963,2023-06-26,SIMULATED_HISTORY,Kisumu,PMS,WATCH,UNPLANNED_PUMP_FAILURE,5299.1,685.77,4613.33,6.73,0,0.0,0,HOLD/RESCHEDULE_DUE_TO_OUTAGE
CP-0001964,2023-07-01,SIMULATED_HISTORY,Kisumu,PMS,WATCH,NORMAL,6481.25,609.76,5871.49,9.63,1,4640.0,0,CREATE_PIPELINE_BATCH
CP-0001965,2023-07-08,SIMULATED_HISTORY,Kisumu,PMS,WATCH,PLANNED_PIPELINE_MAINTENANCE,6698.39,601.2,6097.18,10.14,1,4640.0,0,CREATE_PIPELINE_BATCH+OUTAGE
CP-0001966,2023-07-09,SIMULATED_HISTORY,Kisumu,PMS,WATCH,PLANNED_PIPELINE_MAINTENANCE,6097.18,606.93,5490.25,9.05,0,0.0,0,HOLD/RESCHEDULE_DUE_TO_OUTAGE
CP-0001967,2023-07-15,SIMULATED_HISTORY,Kisumu,PMS,WATCH,NORMAL,6660.84,652.41,6008.43,9.21,1,4640.0,0,CREATE_PIPELINE_BATCH
CP-0001968,2023-07-22,SIMULATED_HISTORY,Kisumu,PMS,WATCH,NORMAL,6695.57,618.96,6076.61,9.82,1,4640.0,0,CREATE_PIPELINE_BATCH
CP-0001969,2023-07-29,SIMULATED_HISTORY,Kisumu,PMS,WATCH,NORMAL,6721.18,594.51,6126.67,10.31,1,4640.0,0,CREATE_PIPELINE_BATCH
CP-0001970,2023-08-05,SIMULATED_HISTORY,Kisumu,PMS,WATCH,NORMAL,6735.76,643.77,6091.98,9.46,1,4640.0,0,CREATE_PIPELINE_BATCH
CP-0001971,2023-08-06,SIMULATED_HISTORY,Kisumu,PMS,WATCH,PLANNED_PIPELINE_MAINTENANCE,6091.98,568.01,5523.97,9.73,0,0.0,0,HOLD/RESCHEDULE_DUE_TO_OUTAGE
CP-0001972,2023-08-12,SIMULATED_HISTORY,Kisumu,PMS,WATCH,NORMAL,6769.44,640.58,6128.86,9.57,1,4640.0,0,CREATE_PIPELINE_BATCH
CP-0001973,2023-08-20,SIMULATED_HISTORY,Kisumu,PMS,WATCH,NORMAL,6273.55,534.38,5739.17,10.74,1,4640.0,0,CREATE_PIPELINE_BATCH
CP-0001974,2023-08-27,SIMULATED_HISTORY,Kisumu,PMS,WATCH,NORMAL,6353.84,580.97,5772.87,9.94,1,4640.0,0,CREATE_PIPELINE_BATCH
CP-0001975,2023-09-03,SIMULATED_HISTORY,Kisumu,PMS,WATCH,NORMAL,6363.74,520.31,5843.43,11.23,1,4640.0,0,CREATE_PIPELINE_BATCH
CP-0001976,2023-09-10,SIMULATED_HISTORY,Kisumu,PMS,WATCH,NORMAL,6547.0,535.54,6011.46,11.23,1,4640.0,0,CREATE_PIPELINE_BATCH
CP-0001977,2023-09-13,SIMULATED_HISTORY,Kisumu,PMS,HEALTHY,UNPLANNED_PUMP_FAILURE,9432.88,619.76,8813.12,14.22,0,0.0,0,HOLD/RESCHEDULE_DUE_TO_OUTAGE
CP-0001978,2023-09-18,SIMULATED_HISTORY,Kisumu,PMS,WATCH,NORMAL,6350.73,662.21,5688.52,8.59,1,4640.0,0,CREATE_PIPELINE_BATCH
CP-0001979,2023-09-25,SIMULATED_HISTORY,Kisumu,PMS,WATCH,NORMAL,6352.31,637.3,5715.01,8.97,1,4640.0,0,CREATE_PIPELINE_BATCH
CP-0001980,2023-10-02,SIMULATED_HISTORY,Kisumu,PMS,WATCH,NORMAL,6442.41,687.78,5754.63,8.37,1,4640.0,0,CREATE_PIPELINE_BATCH
CP-0001981,2023-10-09,SIMULATED_HISTORY,Kisumu,PMS,WATCH,NORMAL,6324.6,672.67,5651.93,8.4,1,4640.0,0,CREATE_PIPELINE_BATCH
CP-0001982,2023-10-16,SIMULATED_HISTORY,Kisumu,PMS,WATCH,NORMAL,6262.29,714.19,5548.1,7.77,1,4640.0,0,CREATE_PIPELINE_BATCH
CP-0001983,2023-10-23,SIMULATED_HISTORY,Kisumu,PMS,WATCH,NORMAL,6297.4,655.55,5641.85,8.61,1,4640.0,0,CREATE_PIPELINE_BATCH
CP-0001984,2023-10-30,SIMULATED_HISTORY,Kisumu,PMS,WATCH,NORMAL,6224.68,659.91,5564.77,8.43,1,4640.0,0,CREATE_PIPELINE_BATCH
CP-0001985,2023-11-06,SIMULATED_HISTORY,Kisumu,PMS,WATCH,NORMAL,6227.74,586.26,5641.47,9.62,1,4640.0,0,CREATE_PIPELINE_BATCH
CP-0001986,2023-11-13,SIMULATED_HISTORY,Kisumu,PMS,WATCH,NORMAL,6634.25,664.92,5969.33,8.98,1,4640.0,0,CREATE_PIPELINE_BATCH
CP-0001987,2023-11-21,SIMULATED_HISTORY,Kisumu,PMS,WATCH,NORMAL,6194.99,637.92,5557.07,8.71,1,4640.0,0,CREATE_PIPELINE_BATCH
CP-0001988,2023-11-28,SIMULATED_HISTORY,Kisumu,PMS,WATCH,NORMAL,6436.18,604.7,5831.48,9.64,1,4640.0,0,CREATE_PIPELINE_BATCH
CP-0001989,2023-12-04,SIMULATED_HISTORY,Kisumu,PMS,WATCH,NORMAL,6883.93,747.82,6136.12,8.21,1,4640.0,0,CREATE_PIPELINE_BATCH
CP-0001990,2023-12-10,SIMULATED_HISTORY,Kisumu,PMS,WATCH,NORMAL,6793.62,679.57,6114.05,9.0,1,4640.0,0,CREATE_PIPELINE_BATCH
CP-0001991,2023-12-17,SIMULATED_HISTORY,Kisumu,PMS,WATCH,NORMAL,6182.25,720.32,5461.93,7.58,1,4640.0,0,CREATE_PIPELINE_BATCH
CP-0001992,2023-12-22,SIMULATED_HISTORY,Kisumu,PMS,WATCH,NORMAL,6927.39,796.13,6131.26,7.7,1,4640.0,0,CREATE_PIPELINE_BATCH
CP-0001993,2023-12-29,SIMULATED_HISTORY,Kisumu,PMS,WATCH,NORMAL,6239.89,825.45,5414.44,6.56,1,4640.0,0,CREATE_PIPELINE_BATCH
CP-0001994,2024-01-04,SIMULATED_HISTORY,Kisumu,PMS,WATCH,NORMAL,6220.81,856.39,5364.42,6.26,1,4640.0,0,CREATE_PIPELINE_BATCH
CP-0001995,2024-01-10,SIMULATED_HISTORY,Kisumu,PMS,WATCH,NORMAL,6453.45,718.27,5735.17,7.98,1,4640.0,0,CREATE_PIPELINE_BATCH
CP-0001996,2024-01-17,SIMULATED_HISTORY,Kisumu,PMS,WATCH,NORMAL,6346.42,630.44,5715.98,9.07,1,4640.0,0,CREATE_PIPELINE_BATCH
CP-0001997,2024-01-24,SIMULATED_HISTORY,Kisumu,PMS,WATCH,NORMAL,6265.6,714.04,5551.56,7.77,1,4640.0,0,CREATE_PIPELINE_BATCH
CP-0001998,2024-01-31,SIMULATED_HISTORY,Kisumu,PMS,WATCH,NORMAL,6280.7,708.39,5572.31,7.87,1,4640.0,0,CREATE_PIPELINE_BATCH
CP-0001999,2024-02-07,SIMULATED_HISTORY,Kisumu,PMS,WATCH,NORMAL,6463.96,722.05,5741.9,7.95,1,4640.0,0,CREATE_PIPELINE_BATCH
CP-0002000,2024-02-14,SIMULATED_HISTORY,Kisumu,PMS,WATCH,NORMAL,6596.58,648.15,5948.44,9.18,1,4640.0,0,CREATE_PIPELINE_BATCH
CP-0002001,2024-02-22,SIMULATED_HISTORY,Kisumu,PMS,WATCH,NORMAL,6372.04,705.3,5666.74,8.03,1,4640.0,0,CREATE_PIPELINE_BATCH
CP-0002002,2024-02-29,SIMULATED_HISTORY,Kisumu,PMS,WATCH,NORMAL,6611.12,577.04,6034.08,10.46,1,4640.0,0,CREATE_PIPELINE_BATCH
CP-0002003,2024-03-07,SIMULATED_HISTORY,Kisumu,PMS,WATCH,PLANNED_PIPELINE_MAINTENANCE,6765.56,730.51,6035.05,8.26,1,4640.0,0,CREATE_PIPELINE_BATCH+OUTAGE
CP-0002004,2024-03-15,SIMULATED_HISTORY,Kisumu,PMS,WATCH,NORMAL,6210.2,736.07,5474.13,7.44,1,4640.0,0,CREATE_PIPELINE_BATCH
CP-0002005,2024-03-22,SIMULATED_HISTORY,Kisumu,PMS,WATCH,NORMAL,6301.18,651.42,5649.76,8.67,1,4640.0,0,CREATE_PIPELINE_BATCH
CP-0002006,2024-03-29,SIMULATED_HISTORY,Kisumu,PMS,WATCH,NORMAL,6450.96,804.55,5646.41,7.02,1,4640.0,0,CREATE_PIPELINE_BATCH
CP-0002007,2024-04-05,SIMULATED_HISTORY,Kisumu,PMS,WATCH,NORMAL,6379.45,694.58,5684.87,8.18,1,4640.0,0,CREATE_PIPELINE_BATCH
CP-0002008,2024-04-12,SIMULATED_HISTORY,Kisumu,PMS,WATCH,NORMAL,6450.65,627.86,5822.79,9.27,1,4640.0,0,CREATE_PIPELINE_BATCH
CP-0002009,2024-04-16,SIMULATED_HISTORY,Kisumu,PMS,HEALTHY,DATA_LATENCY_INCIDENT,8555.94,626.93,7929.01,12.65,0,0.0,0,NONE
CP-0002010,2024-04-19,SIMULATED_HISTORY,Kisumu,PMS,WATCH,NORMAL,6655.15,736.45,5918.7,8.04,1,4640.0,0,CREATE_PIPELINE_BATCH
CP-0002011,2024-04-26,SIMULATED_HISTORY,Kisumu,PMS,WATCH,NORMAL,6743.18,695.97,6047.22,8.69,1,4640.0,0,CREATE_PIPELINE_BATCH
CP-0002012,2024-04-30,SIMULATED_HISTORY,Kisumu,PMS,HEALTHY,PLANNED_PIPELINE_MAINTENANCE,8706.51,670.57,8035.94,11.98,0,0.0,0,HOLD/RESCHEDULE_DUE_TO_OUTAGE
CP-0002013,2024-05-03,SIMULATED_HISTORY,Kisumu,PMS,WATCH,NORMAL,6604.12,763.0,5841.12,7.66,1,4640.0,0,CREATE_PIPELINE_BATCH
CP-0002014,2024-05-10,SIMULATED_HISTORY,Kisumu,PMS,WATCH,NORMAL,6422.86,669.22,5753.65,8.6,1,4640.0,0,CREATE_PIPELINE_BATCH
CP-0002015,2024-05-17,SIMULATED_HISTORY,Kisumu,PMS,WATCH,NORMAL,6456.48,686.48,5769.99,8.41,1,4640.0,0,CREATE_PIPELINE_BATCH
CP-0002016,2024-05-19,SIMULATED_HISTORY,Kisumu,PMS,HEALTHY,LOADING_BAY_OUTAGE,5169.7,536.38,9273.32,17.29,0,0.0,0,NONE
CP-0002017,2024-05-21,SIMULATED_HISTORY,Kisumu,PMS,HEALTHY,UNPLANNED_PUMP_FAILURE,8595.49,663.99,7931.51,11.95,0,0.0,0,HOLD/RESCHEDULE_DUE_TO_OUTAGE
CP-0002018,2024-05-24,SIMULATED_HISTORY,Kisumu,PMS,WATCH,NORMAL,6569.95,729.0,5840.95,8.01,1,4640.0,0,CREATE_PIPELINE_BATCH
CP-0002019,2024-05-30,SIMULATED_HISTORY,Kisumu,PMS,HEALTHY,DATA_LATENCY_INCIDENT,7311.39,690.1,6621.29,9.59,0,0.0,0,NONE
CP-0002020,2024-05-31,SIMULATED_HISTORY,Kisumu,PMS,WATCH,NORMAL,6621.29,723.17,5898.12,8.16,1,4640.0,0,CREATE_PIPELINE_BATCH
CP-0002021,2024-06-07,SIMULATED_HISTORY,Kisumu,PMS,WATCH,NORMAL,6839.69,702.17,6137.51,8.74,1,4640.0,0,CREATE_PIPELINE_BATCH
CP-0002022,2024-06-15,SIMULATED_HISTORY,Kisumu,PMS,WATCH,NORMAL,6423.16,583.97,5839.19,10.0,1,4640.0,0,CREATE_PIPELINE_BATCH
CP-0002023,2024-06-22,SIMULATED_HISTORY,Kisumu,PMS,WATCH,NORMAL,6711.72,609.95,6101.77,10.0,1,4640.0,0,CREATE_PIPELINE_BATCH
CP-0002024,2024-06-30,SIMULATED_HISTORY,Kisumu,PMS,WATCH,NORMAL,6381.97,503.55,5878.42,11.67,1,4640.0,0,CREATE_PIPELINE_BATCH
CP-0002025,2024-07-07,SIMULATED_HISTORY,Kisumu,PMS,WATCH,NORMAL,6680.56,546.79,6133.77,11.22,1,4640.0,0,CREATE_PIPELINE_BATCH
CP-0002026,2024-07-15,SIMULATED_HISTORY,Kisumu,PMS,WATCH,NORMAL,6271.91,606.74,5665.17,9.34,1,4640.0,0,CREATE_PIPELINE_BATCH
CP-0002027,2024-07-22,SIMULATED_HISTORY,Kisumu,PMS,WATCH,NORMAL,6453.29,622.47,5830.83,9.37,1,4640.0,0,CREATE_PIPELINE_BATCH
CP-0002028,2024-07-29,SIMULATED_HISTORY,Kisumu,PMS,WATCH,NORMAL,6656.11,652.22,6003.9,9.21,1,4640.0,0,CREATE_PIPELINE_BATCH
CP-0002029,2024-08-05,SIMULATED_HISTORY,Kisumu,PMS,WATCH,NORMAL,6738.55,702.58,6035.97,8.59,1,4640.0,0,CREATE_PIPELINE_BATCH
CP-0002030,2024-08-12,SIMULATED_HISTORY,Kisumu,PMS,WATCH,NORMAL,6647.76,632.05,6015.7,9.52,1,4640.0,0,CREATE_PIPELINE_BATCH
CP-0002031,2024-08-20,SIMULATED_HISTORY,Kisumu,PMS,WATCH,NORMAL,6216.3,554.64,5661.66,10.21,1,4640.0,0,CREATE_PIPELINE_BATCH
CP-0002032,2024-08-27,SIMULATED_HISTORY,Kisumu,PMS,WATCH,NORMAL,6552.1,670.21,5881.89,8.78,1,4640.0,0,CREATE_PIPELINE_BATCH
CP-0002033,2024-09-03,SIMULATED_HISTORY,Kisumu,PMS,WATCH,NORMAL,6750.26,595.74,6154.53,10.33,1,4640.0,0,CREATE_PIPELINE_BATCH
CP-0002034,2024-09-11,SIMULATED_HISTORY,Kisumu,PMS,WATCH,NORMAL,6503.34,668.42,5834.92,8.73,1,4640.0,0,CREATE_PIPELINE_BATCH
CP-0002035,2024-09-14,SIMULATED_HISTORY,Kisumu,PMS,HEALTHY,LOADING_BAY_OUTAGE,9171.75,616.64,8555.12,13.87,0,0.0,0,NONE
CP-0002036,2024-09-16,SIMULATED_HISTORY,Kisumu,PMS,HEALTHY,LOADING_BAY_OUTAGE,8003.91,617.72,7386.19,11.96,0,0.0,0,NONE
CP-0002037,2024-09-18,SIMULATED_HISTORY,Kisumu,PMS,WATCH,NORMAL,6734.08,628.0,6106.08,9.72,1,4640.0,0,CREATE_PIPELINE_BATCH
CP-0002038,2024-09-26,SIMULATED_HISTORY,Kisumu,PMS,WATCH,NORMAL,6462.03,693.79,5768.24,8.31,1,4640.0,0,CREATE_PIPELINE_BATCH
CP-0002039,2024-09-28,SIMULATED_HISTORY,Kisumu,PMS,HEALTHY,LOADING_BAY_OUTAGE,5102.26,587.54,9154.72,15.58,0,0.0,0,NONE
CP-0002040,2024-10-03,SIMULATED_HISTORY,Kisumu,PMS,WATCH,UNPLANNED_PUMP_FAILURE,6691.23,687.33,6003.89,8.74,1,4640.0,0,CREATE_PIPELINE_BATCH+OUTAGE
CP-0002041,2024-10-10,SIMULATED_HISTORY,Kisumu,PMS,WATCH,NORMAL,6875.04,711.11,6163.94,8.67,1,4640.0,0,CREATE_PIPELINE_BATCH
CP-0002042,2024-10-18,SIMULATED_HISTORY,Kisumu,PMS,WATCH,NORMAL,6316.57,700.61,5615.97,8.02,1,4640.0,0,CREATE_PIPELINE_BATCH
CP-0002043,2024-10-25,SIMULATED_HISTORY,Kisumu,PMS,WATCH,NORMAL,6279.89,706.36,5573.53,7.89,1,4640.0,0,CREATE_PIPELINE_BATCH
CP-0002044,2024-11-01,SIMULATED_HISTORY,Kisumu,PMS,WATCH,UNPLANNED_PUMP_FAILURE,6333.84,596.78,5737.06,9.61,1,4640.0,0,CREATE_PIPELINE_BATCH+OUTAGE
CP-0002045,2024-11-08,SIMULATED_HISTORY,Kisumu,PMS,HEALTHY,LOADING_BAY_OUTAGE,6867.86,649.41,6218.45,9.58,0,0.0,0,NONE
CP-0002046,2024-11-09,SIMULATED_HISTORY,Kisumu,PMS,WATCH,NORMAL,6218.45,541.77,5676.67,10.48,1,4640.0,0,CREATE_PIPELINE_BATCH
CP-0002047,2024-11-16,SIMULATED_HISTORY,Kisumu,PMS,WATCH,NORMAL,6415.11,603.83,5811.29,9.62,1,4640.0,0,CREATE_PIPELINE_BATCH
CP-0002048,2024-11-24,SIMULATED_HISTORY,Kisumu,PMS,WATCH,NORMAL,6235.15,547.59,5687.57,10.39,1,4640.0,0,CREATE_PIPELINE_BATCH
CP-0002049,2024-12-01,SIMULATED_HISTORY,Kisumu,PMS,WATCH,NORMAL,6533.58,658.6,5874.98,8.92,1,4640.0,0,CREATE_PIPELINE_BATCH
CP-0002050,2024-12-07,SIMULATED_HISTORY,Kisumu,PMS,WATCH,NORMAL,6626.57,672.58,5954.0,8.85,1,4640.0,0,CREATE_PIPELINE_BATCH
CP-0002051,2024-12-13,SIMULATED_HISTORY,Kisumu,PMS,WATCH,NORMAL,6837.51,822.3,6015.22,7.32,1,4640.0,0,CREATE_PIPELINE_BATCH
CP-0002052,2024-12-20,SIMULATED_HISTORY,Kisumu,PMS,WATCH,NORMAL,6289.2,705.38,5583.82,7.92,1,4640.0,0,CREATE_PIPELINE_BATCH
CP-0002053,2024-12-26,SIMULATED_HISTORY,Kisumu,PMS,WATCH,NORMAL,6638.01,886.52,5751.49,6.49,1,4640.0,0,CREATE_PIPELINE_BATCH
CP-0002054,2025-01-01,SIMULATED_HISTORY,Kisumu,PMS,WATCH,NORMAL,6831.17,923.84,5907.32,6.39,1,4640.0,0,CREATE_PIPELINE_BATCH
CP-0002055,2025-01-07,SIMULATED_HISTORY,Kisumu,PMS,WATCH,NORMAL,6505.34,785.2,5720.14,7.28,1,4640.0,0,CREATE_PIPELINE_BATCH
CP-0002056,2025-01-13,SIMULATED_HISTORY,Kisumu,PMS,WATCH,NORMAL,6819.83,718.56,6101.27,8.49,1,4640.0,0,CREATE_PIPELINE_BATCH
CP-0002057,2025-01-20,SIMULATED_HISTORY,Kisumu,PMS,WATCH,UNPLANNED_PUMP_FAILURE,6327.72,740.58,5587.14,7.54,1,4640.0,0,CREATE_PIPELINE_BATCH+OUTAGE
CP-0002058,2025-01-26,SIMULATED_HISTORY,Kisumu,PMS,WATCH,NORMAL,6563.21,586.56,5976.64,10.19,1,4640.0,0,CREATE_PIPELINE_BATCH
CP-0002059,2025-02-02,SIMULATED_HISTORY,Kisumu,PMS,WATCH,NORMAL,6309.23,584.14,5725.09,9.8,1,4640.0,0,CREATE_PIPELINE_BATCH
CP-0002060,2025-02-09,SIMULATED_HISTORY,Kisumu,PMS,WATCH,NORMAL,6305.55,595.48,5710.07,9.59,1,4640.0,0,CREATE_PIPELINE_BATCH
CP-0002061,2025-02-12,SIMULATED_HISTORY,Kisumu,PMS,HEALTHY,DATA_LATENCY_INCIDENT,8881.61,680.95,8200.67,12.04,0,0.0,0,NONE
CP-0002062,2025-02-16,SIMULATED_HISTORY,Kisumu,PMS,WATCH,NORMAL,6299.59,608.6,5690.99,9.35,1,4640.0,0,CREATE_PIPELINE_BATCH
CP-0002063,2025-02-23,SIMULATED_HISTORY,Kisumu,PMS,WATCH,NORMAL,6344.97,522.45,5822.52,11.14,1,4640.0,0,CREATE_PIPELINE_BATCH
CP-0002064,2025-03-02,SIMULATED_HISTORY,Kisumu,PMS,WATCH,NORMAL,6449.19,591.52,5857.67,9.9,1,4640.0,0,CREATE_PIPELINE_BATCH
CP-0002065,2025-03-09,SIMULATED_HISTORY,Kisumu,PMS,WATCH,NORMAL,6326.33,525.93,5800.4,11.03,1,4640.0,0,CREATE_PIPELINE_BATCH
CP-0002066,2025-03-16,SIMULATED_HISTORY,Kisumu,PMS,WATCH,NORMAL,6216.46,634.58,5581.88,8.8,1,4640.0,0,CREATE_PIPELINE_BATCH
CP-0002067,2025-03-22,SIMULATED_HISTORY,Kisumu,PMS,WATCH,NORMAL,6657.82,673.41,5984.41,8.89,1,4640.0,0,CREATE_PIPELINE_BATCH
CP-0002068,2025-03-29,SIMULATED_HISTORY,Kisumu,PMS,WATCH,NORMAL,6454.58,613.74,5840.84,9.52,1,4640.0,0,CREATE_PIPELINE_BATCH
CP-0002069,2025-04-04,SIMULATED_HISTORY,Kisumu,PMS,WATCH,NORMAL,6944.88,842.05,6102.83,7.25,1,4640.0,0,CREATE_PIPELINE_BATCH
CP-0002070,2025-04-05,SIMULATED_HISTORY,Kisumu,PMS,WATCH,LOADING_BAY_OUTAGE,6102.83,676.68,5426.15,8.02,0,0.0,0,NONE
CP-0002071,2025-04-11,SIMULATED_HISTORY,Kisumu,PMS,WATCH,NORMAL,6596.83,757.06,5839.77,7.71,1,4640.0,0,CREATE_PIPELINE_BATCH
CP-0002072,2025-04-17,SIMULATED_HISTORY,Kisumu,PMS,WATCH,NORMAL;DEMAND_SPIKE,7046.2,896.63,6149.57,6.86,1,4640.0,0,CREATE_PIPELINE_BATCH
CP-0002073,2025-04-24,SIMULATED_HISTORY,Kisumu,PMS,WATCH,NORMAL,6596.84,748.5,5848.34,7.81,1,4640.0,0,CREATE_PIPELINE_BATCH
CP-0002074,2025-04-30,SIMULATED_HISTORY,Kisumu,PMS,HEALTHY,PLANNED_PIPELINE_MAINTENANCE,6988.04,688.82,6299.22,9.14,0,0.0,0,HOLD/RESCHEDULE_DUE_TO_OUTAGE
CP-0002075,2025-05-01,SIMULATED_HISTORY,Kisumu,PMS,WATCH,PLANNED_PIPELINE_MAINTENANCE,6299.22,840.62,5458.6,6.49,1,4640.0,0,CREATE_PIPELINE_BATCH+OUTAGE
CP-0002076,2025-05-07,SIMULATED_HISTORY,Kisumu,PMS,WATCH,NORMAL,6548.5,724.66,5823.84,8.04,1,4640.0,0,CREATE_PIPELINE_BATCH
CP-0002077,2025-05-14,SIMULATED_HISTORY,Kisumu,PMS,WATCH,NORMAL,6302.97,735.01,5567.95,7.58,1,4640.0,0,CREATE_PIPELINE_BATCH
CP-0002078,2025-05-20,SIMULATED_HISTORY,Kisumu,PMS,WATCH,NORMAL,6761.2,760.23,6000.97,7.89,1,4640.0,0,CREATE_PIPELINE_BATCH
CP-0002079,2025-05-27,SIMULATED_HISTORY,Kisumu,PMS,WATCH,UNPLANNED_PUMP_FAILURE,6564.92,742.0,5822.92,7.85,1,4640.0,0,CREATE_PIPELINE_BATCH+OUTAGE
CP-0002080,2025-06-01,SIMULATED_HISTORY,Kisumu,PMS,HEALTHY,UNPLANNED_PUMP_FAILURE,7465.59,589.64,6875.95,11.66,0,0.0,0,HOLD/RESCHEDULE_DUE_TO_OUTAGE
CP-0002081,2025-06-03,SIMULATED_HISTORY,Kisumu,PMS,WATCH,NORMAL,6241.62,748.63,5493.0,7.34,1,4640.0,0,CREATE_PIPELINE_BATCH
CP-0002082,2025-06-09,SIMULATED_HISTORY,Kisumu,PMS,WATCH,NORMAL,6831.44,689.2,6142.23,8.91,1,4640.0,0,CREATE_PIPELINE_BATCH
CP-0002083,2025-06-11,SIMULATED_HISTORY,Kisumu,PMS,WATCH,DATA_LATENCY_INCIDENT,5451.07,718.22,4732.86,6.59,0,0.0,0,NONE
CP-0002084,2025-06-16,SIMULATED_HISTORY,Kisumu,PMS,WATCH,NORMAL,6757.55,699.4,6058.15,8.66,1,4640.0,0,CREATE_PIPELINE_BATCH
CP-0002085,2025-06-23,SIMULATED_HISTORY,Kisumu,PMS,WATCH,NORMAL,6757.21,688.43,6068.78,8.82,1,4640.0,0,CREATE_PIPELINE_BATCH
CP-0002086,2025-06-30,SIMULATED_HISTORY,Kisumu,PMS,WATCH,NORMAL,6699.17,649.84,6049.33,9.31,1,4640.0,0,CREATE_PIPELINE_BATCH
CP-0002087,2025-07-07,SIMULATED_HISTORY,Kisumu,PMS,WATCH,LOADING_BAY_OUTAGE,6424.53,625.84,5798.69,9.27,1,4640.0,0,CREATE_PIPELINE_BATCH
CP-0002088,2025-07-14,SIMULATED_HISTORY,Kisumu,PMS,WATCH,NORMAL,6357.58,684.85,5672.73,8.28,1,4640.0,0,CREATE_PIPELINE_BATCH
CP-0002089,2025-07-20,SIMULATED_HISTORY,Kisumu,PMS,WATCH,NORMAL,6764.82,617.71,6147.11,9.95,1,4640.0,0,CREATE_PIPELINE_BATCH
CP-0002090,2025-07-27,SIMULATED_HISTORY,Kisumu,PMS,WATCH,NORMAL,6644.83,593.61,6051.22,10.19,1,4640.0,0,CREATE_PIPELINE_BATCH
CP-0002091,2025-08-03,SIMULATED_HISTORY,Kisumu,PMS,WATCH,NORMAL,6414.29,561.68,5852.61,10.42,1,4640.0,0,CREATE_PIPELINE_BATCH
CP-0002092,2025-08-10,SIMULATED_HISTORY,Kisumu,PMS,WATCH,NORMAL,6519.27,590.02,5929.25,10.05,1,4640.0,0,CREATE_PIPELINE_BATCH
CP-0002093,2025-08-17,SIMULATED_HISTORY,Kisumu,PMS,WATCH,NORMAL,6417.17,565.99,5851.18,10.34,1,4640.0,0,CREATE_PIPELINE_BATCH
CP-0002094,2025-08-23,SIMULATED_HISTORY,Kisumu,PMS,WATCH,NORMAL,6662.37,640.69,6021.68,9.4,1,4640.0,0,CREATE_PIPELINE_BATCH
CP-0002095,2025-08-30,SIMULATED_HISTORY,Kisumu,PMS,WATCH,NORMAL,6296.0,656.3,5639.71,8.59,1,4640.0,0,CREATE_PIPELINE_BATCH
CP-0002096,2025-09-05,SIMULATED_HISTORY,Kisumu,PMS,WATCH,NORMAL,6897.32,731.81,6165.51,8.42,1,4640.0,0,CREATE_PIPELINE_BATCH
CP-0002097,2025-09-12,SIMULATED_HISTORY,Kisumu,PMS,WATCH,LOADING_BAY_OUTAGE,6914.81,755.95,6158.86,8.15,1,4640.0,0,CREATE_PIPELINE_BATCH
CP-0002098,2025-09-19,SIMULATED_HISTORY,Kisumu,PMS,WATCH,NORMAL,6850.86,761.36,6089.49,8.0,1,4640.0,0,CREATE_PIPELINE_BATCH
CP-0002099,2025-09-26,SIMULATED_HISTORY,Kisumu,PMS,WATCH,NORMAL,6765.53,722.32,6043.21,8.37,1,4640.0,0,CREATE_PIPELINE_BATCH
CP-0002100,2025-10-02,SIMULATED_HISTORY,Kisumu,PMS,HEALTHY,PLANNED_PIPELINE_MAINTENANCE,7470.37,758.8,6711.58,8.85,0,0.0,0,HOLD/RESCHEDULE_DUE_TO_OUTAGE
CP-0002101,2025-10-03,SIMULATED_HISTORY,Kisumu,PMS,WATCH,PLANNED_PIPELINE_MAINTENANCE,6711.58,732.82,5978.76,8.16,1,4640.0,0,CREATE_PIPELINE_BATCH+OUTAGE
CP-0002102,2025-10-10,SIMULATED_HISTORY,Kisumu,PMS,WATCH,NORMAL,6497.23,741.6,5755.63,7.76,1,4640.0,0,CREATE_PIPELINE_BATCH
CP-0002103,2025-10-16,SIMULATED_HISTORY,Kisumu,PMS,WATCH,LOADING_BAY_OUTAGE,6951.34,850.07,6101.27,7.18,1,4640.0,0,CREATE_PIPELINE_BATCH
CP-0002104,2025-10-23,SIMULATED_HISTORY,Kisumu,PMS,WATCH,NORMAL,6541.93,748.33,5793.59,7.74,1,4640.0,0,CREATE_PIPELINE_BATCH
CP-0002105,2025-10-30,SIMULATED_HISTORY,Kisumu,PMS,WATCH,NORMAL,6196.37,713.19,5483.18,7.69,1,4640.0,0,CREATE_PIPELINE_BATCH
CP-0002106,2025-11-05,SIMULATED_HISTORY,Kisumu,PMS,WATCH,NORMAL,6864.89,688.97,6175.93,8.96,1,4640.0,0,CREATE_PIPELINE_BATCH
CP-0002107,2025-11-13,SIMULATED_HISTORY,Kisumu,PMS,WATCH,NORMAL,6364.54,636.66,5727.87,9.0,1,4640.0,0,CREATE_PIPELINE_BATCH
CP-0002108,2025-11-20,SIMULATED_HISTORY,Kisumu,PMS,WATCH,NORMAL,6358.35,633.33,5725.01,9.04,1,4640.0,0,CREATE_PIPELINE_BATCH
CP-0002109,2025-11-27,SIMULATED_HISTORY,Kisumu,PMS,WATCH,NORMAL,6543.92,664.44,5879.48,8.85,1,4640.0,0,CREATE_PIPELINE_BATCH
CP-0002110,2025-11-29,SIMULATED_HISTORY,Kisumu,PMS,HEALTHY,LOADING_BAY_OUTAGE,5160.32,587.7,9212.63,15.68,0,0.0,0,NONE
CP-0002111,2025-12-03,SIMULATED_HISTORY,Kisumu,PMS,WATCH,NORMAL,6969.72,835.79,6133.93,7.34,1,4640.0,0,CREATE_PIPELINE_BATCH
CP-0002112,2025-12-09,SIMULATED_HISTORY,Kisumu,PMS,WATCH,NORMAL,6863.8,847.48,6016.32,7.1,1,4640.0,0,CREATE_PIPELINE_BATCH
CP-0002113,2025-12-15,SIMULATED_HISTORY,Kisumu,PMS,WATCH,NORMAL,6536.51,856.58,5679.93,6.63,1,4640.0,0,CREATE_PIPELINE_BATCH
CP-0002114,2025-12-21,SIMULATED_HISTORY,Kisumu,PMS,WATCH,NORMAL,6228.12,652.96,5575.17,8.54,1,4640.0,0,CREATE_PIPELINE_BATCH
CP-0002115,2025-12-26,SIMULATED_HISTORY,Kisumu,PMS,WATCH,NORMAL,6892.56,932.6,5959.95,6.39,1,4640.0,0,CREATE_PIPELINE_BATCH
CP-0002116,2026-01-01,SIMULATED_HISTORY,Kisumu,PMS,WATCH,NORMAL,6789.8,961.45,5828.36,6.06,1,4640.0,0,CREATE_PIPELINE_BATCH
CP-0002117,2026-01-06,SIMULATED_HISTORY,Kisumu,PMS,WATCH,NORMAL,6892.86,828.43,6064.43,7.32,1,4640.0,0,CREATE_PIPELINE_BATCH
CP-0002118,2026-01-12,SIMULATED_HISTORY,Kisumu,PMS,WATCH,NORMAL,6893.18,795.8,6097.37,7.66,1,4640.0,0,CREATE_PIPELINE_BATCH
CP-0002119,2026-01-15,SIMULATED_HISTORY,Kisumu,PMS,HEALTHY,UNPLANNED_PUMP_FAILURE,9221.65,798.82,8422.83,10.54,0,0.0,0,HOLD/RESCHEDULE_DUE_TO_OUTAGE
CP-0002120,2026-01-19,SIMULATED_HISTORY,Kisumu,PMS,WATCH,NORMAL,6205.87,792.81,5413.06,6.83,1,4640.0,0,CREATE_PIPELINE_BATCH
CP-0002121,2026-01-21,SIMULATED_HISTORY,Kisumu,PMS,CRITICAL,NORMAL,4674.52,819.33,3855.19,4.71,0,0.0,0,NONE
CP-0002122,2026-01-24,SIMULATED_HISTORY,Kisumu,PMS,WATCH,NORMAL,6834.06,732.92,6101.14,8.32,1,4640.0,0,CREATE_PIPELINE_BATCH
CP-0002123,2026-01-28,SIMULATED_HISTORY,Kisumu,PMS,HEALTHY,PLANNED_PIPELINE_MAINTENANCE,8519.66,776.84,7742.82,9.97,0,0.0,0,HOLD/RESCHEDULE_DUE_TO_OUTAGE
CP-0002124,2026-01-30,SIMULATED_HISTORY,Kisumu,PMS,WATCH,NORMAL,7021.66,883.18,6138.47,6.95,1,4640.0,0,CREATE_PIPELINE_BATCH
CP-0002125,2026-02-06,SIMULATED_HISTORY,Kisumu,PMS,WATCH,NORMAL,6754.62,778.81,5975.81,7.67,1,4640.0,0,CREATE_PIPELINE_BATCH
CP-0002126,2026-02-12,SIMULATED_HISTORY,Kisumu,PMS,HEALTHY,LOADING_BAY_OUTAGE,7280.63,696.51,6584.12,9.45,0,0.0,0,NONE
CP-0002127,2026-02-13,SIMULATED_HISTORY,Kisumu,PMS,WATCH,NORMAL,6584.12,784.81,5799.31,7.39,1,4640.0,0,CREATE_PIPELINE_BATCH
CP-0002128,2026-02-16,SIMULATED_HISTORY,Kisumu,PMS,HEALTHY,UNPLANNED_PUMP_FAILURE,9064.07,698.38,8365.68,11.98,0,0.0,0,HOLD/RESCHEDULE_DUE_TO_OUTAGE
CP-0002129,2026-02-19,SIMULATED_HISTORY,Kisumu,PMS,WATCH,NORMAL,6923.3,753.0,6170.3,8.19,1,4640.0,0,CREATE_PIPELINE_BATCH
CP-0002130,2026-02-26,SIMULATED_HISTORY,Kisumu,PMS,WATCH,NORMAL,6573.34,671.81,5901.53,8.78,1,4640.0,0,CREATE_PIPELINE_BATCH
CP-0002131,2026-03-05,SIMULATED_HISTORY,Kisumu,PMS,WATCH,NORMAL,6273.51,812.46,5461.05,6.72,1,4640.0,0,CREATE_PIPELINE_BATCH
CP-0002132,2026-03-11,SIMULATED_HISTORY,Kisumu,PMS,WATCH,NORMAL,6489.43,839.16,5650.27,6.73,1,4640.0,0,CREATE_PIPELINE_BATCH
CP-0002133,2026-03-17,SIMULATED_HISTORY,Kisumu,PMS,WATCH,NORMAL,6578.76,723.7,5855.06,8.09,1,4640.0,0,CREATE_PIPELINE_BATCH
CP-0002134,2026-03-23,SIMULATED_HISTORY,Kisumu,PMS,WATCH,NORMAL,6524.19,747.37,5776.83,7.73,1,4640.0,0,CREATE_PIPELINE_BATCH
CP-0002135,2026-03-25,SIMULATED_HISTORY,Kisumu,PMS,HEALTHY,LOADING_BAY_OUTAGE,5045.09,799.18,8885.91,11.12,0,0.0,0,NONE
CP-0002136,2026-03-29,SIMULATED_HISTORY,Kisumu,PMS,WATCH,NORMAL,6652.24,590.03,6062.21,10.27,1,4640.0,0,CREATE_PIPELINE_BATCH
CP-0002137,2026-04-05,SIMULATED_HISTORY,Kisumu,PMS,WATCH,NORMAL,6293.75,706.83,5586.92,7.9,1,4640.0,0,CREATE_PIPELINE_BATCH
CP-0002138,2026-04-11,SIMULATED_HISTORY,Kisumu,PMS,WATCH,NORMAL,6321.88,638.15,5683.72,8.91,1,4640.0,0,CREATE_PIPELINE_BATCH
CP-0002139,2026-04-17,SIMULATED_HISTORY,Kisumu,PMS,WATCH,LOADING_BAY_OUTAGE,6572.22,760.69,5811.53,7.64,1,4640.0,0,CREATE_PIPELINE_BATCH
CP-0002140,2026-04-23,SIMULATED_HISTORY,Kisumu,PMS,WATCH,NORMAL,6882.47,738.77,6143.7,8.32,1,4640.0,0,CREATE_PIPELINE_BATCH
CP-0002141,2026-04-30,SIMULATED_HISTORY,Kisumu,PMS,WATCH,NORMAL,6375.04,689.94,5685.1,8.24,1,4640.0,0,CREATE_PIPELINE_BATCH
CP-0002142,2026-05-06,SIMULATED_HISTORY,Kisumu,PMS,WATCH,NORMAL,6512.85,800.91,5711.93,7.13,1,4640.0,0,CREATE_PIPELINE_BATCH
CP-0002143,2026-05-12,SIMULATED_HISTORY,Kisumu,PMS,WATCH,NORMAL,6607.71,844.48,5763.23,6.82,1,4640.0,0,CREATE_PIPELINE_BATCH
CP-0002144,2026-05-18,SIMULATED_HISTORY,Kisumu,PMS,WATCH,NORMAL,6775.39,756.88,6018.51,7.95,1,4640.0,0,CREATE_PIPELINE_BATCH
CP-0002145,2026-05-25,SIMULATED_HISTORY,Kisumu,PMS,WATCH,NORMAL,6266.92,790.6,5476.32,6.93,1,4640.0,0,CREATE_PIPELINE_BATCH
CP-0002146,2026-05-31,SIMULATED_HISTORY,Kisumu,PMS,WATCH,NORMAL,6312.73,604.03,5708.7,9.45,1,4640.0,0,CREATE_PIPELINE_BATCH
CP-0002147,2026-06-06,SIMULATED_HISTORY,Kisumu,PMS,WATCH,NORMAL,6579.98,702.83,5877.15,8.36,1,4640.0,0,CREATE_PIPELINE_BATCH
CP-0002148,2026-06-12,SIMULATED_HISTORY,Kisumu,PMS,WATCH,NORMAL,6941.97,829.91,6112.05,7.36,1,4640.0,0,CREATE_PIPELINE_BATCH
CP-0002149,2026-06-19,SIMULATED_HISTORY,Kisumu,PMS,WATCH,NORMAL,6586.42,771.39,5815.03,7.54,1,4640.0,0,CREATE_PIPELINE_BATCH
CP-0002150,2026-06-25,SIMULATED_HISTORY,Kisumu,PMS,WATCH,NORMAL,6865.46,718.41,6147.05,8.56,1,4640.0,0,CREATE_PIPELINE_BATCH
CP-0002151,2026-07-02,SIMULATED_HISTORY,Kisumu,PMS,WATCH,NORMAL,6691.41,705.62,5985.79,8.48,1,4640.0,0,CREATE_PIPELINE_BATCH
CP-0002152,2026-07-08,SIMULATED_HISTORY,Kisumu,PMS,HEALTHY,DATA_LATENCY_INCIDENT,7085.13,784.44,6300.69,8.03,0,0.0,0,NONE
CP-0002153,2026-07-09,SIMULATED_HISTORY,Kisumu,PMS,WATCH,NORMAL,6300.69,754.57,5546.11,7.35,1,4640.0,0,CREATE_PIPELINE_BATCH
CP-0002154,2026-07-15,SIMULATED_HISTORY,Kisumu,PMS,WATCH,NORMAL,6596.62,731.72,5864.9,8.02,1,4640.0,0,CREATE_PIPELINE_BATCH
CP-0002155,2026-07-22,SIMULATED_HISTORY,Kisumu,PMS,WATCH,NORMAL,6229.21,737.19,5492.02,7.45,1,4640.0,0,CREATE_PIPELINE_BATCH
CP-0002156,2026-07-25,SIMULATED_HISTORY,Kisumu,PMS,HEALTHY,UNPLANNED_PUMP_FAILURE,8454.0,656.28,7797.73,11.88,0,0.0,0,HOLD/RESCHEDULE_DUE_TO_OUTAGE
CP-0002157,2026-07-28,SIMULATED_HISTORY,Kisumu,PMS,WATCH,NORMAL,6503.68,806.07,5697.61,7.07,1,4640.0,0,CREATE_PIPELINE_BATCH
CP-0002158,2026-08-02,SIMULATED_HISTORY,Kisumu,PMS,HEALTHY,PLANNED_PIPELINE_MAINTENANCE,7405.48,609.72,6795.76,11.15,0,0.0,0,HOLD/RESCHEDULE_DUE_TO_OUTAGE
CP-0002159,2026-08-03,SIMULATED_HISTORY,Kisumu,PMS,WATCH,NORMAL,6795.76,698.68,6097.07,8.73,1,4640.0,0,CREATE_PIPELINE_BATCH
CP-0002160,2026-08-10,SIMULATED_HISTORY,Kisumu,PMS,WATCH,NORMAL,6327.22,739.48,5587.75,7.56,1,4640.0,0,CREATE_PIPELINE_BATCH
CP-0002161,2026-08-16,SIMULATED_HISTORY,Kisumu,PMS,WATCH,NORMAL,6495.35,632.8,5862.56,9.26,1,4640.0,0,CREATE_PIPELINE_BATCH
CP-0002162,2026-08-22,SIMULATED_HISTORY,Kisumu,PMS,WATCH,NORMAL,6611.6,679.37,5932.22,8.73,1,4640.0,0,CREATE_PIPELINE_BATCH
CP-0002163,2026-08-28,SIMULATED_HISTORY,Kisumu,PMS,WATCH,NORMAL,6861.66,878.62,5983.04,6.81,1,4640.0,0,CREATE_PIPELINE_BATCH
CP-0002164,2026-09-04,SIMULATED_HISTORY,Kisumu,PMS,WATCH,NORMAL,6262.03,723.82,5538.21,7.65,1,4640.0,0,CREATE_PIPELINE_BATCH
CP-0002165,2026-09-07,SIMULATED_HISTORY,Kisumu,PMS,CRITICAL,NORMAL,4238.06,748.38,3489.68,4.66,0,0.0,0,NONE
CP-0002166,2026-09-10,SIMULATED_HISTORY,Kisumu,PMS,WATCH,NORMAL,6675.94,776.02,5899.92,7.6,1,4640.0,0,CREATE_PIPELINE_BATCH
CP-0002167,2026-09-17,SCENARIO_FUTURE,Kisumu,PMS,WATCH,NORMAL,6324.39,703.55,5620.84,7.99,1,4640.0,0,CREATE_PIPELINE_BATCH
CP-0002168,2026-09-23,SCENARIO_FUTURE,Kisumu,PMS,WATCH,NORMAL,6726.54,705.92,6020.62,8.53,1,4640.0,0,CREATE_PIPELINE_BATCH
CP-0002169,2026-09-25,SCENARIO_FUTURE,Kisumu,PMS,HEALTHY,DATA_LATENCY_INCIDENT,5234.48,797.61,9076.87,11.38,0,0.0,0,NONE
CP-0002170,2026-09-30,SCENARIO_FUTURE,Kisumu,PMS,WATCH,NORMAL,6292.07,790.25,5501.82,6.96,1,4640.0,0,CREATE_PIPELINE_BATCH
CP-0002171,2026-10-06,SCENARIO_FUTURE,Kisumu,PMS,WATCH,NORMAL,6496.5,786.19,5710.31,7.26,1,4640.0,0,CREATE_PIPELINE_BATCH
CP-0002172,2026-10-12,SCENARIO_FUTURE,Kisumu,PMS,WATCH,NORMAL,6748.56,685.88,6062.68,8.84,1,4640.0,0,CREATE_PIPELINE_BATCH
CP-0002173,2026-10-19,SCENARIO_FUTURE,Kisumu,PMS,WATCH,NORMAL,6293.53,844.84,5448.7,6.45,1,4640.0,0,CREATE_PIPELINE_BATCH
CP-0002174,2026-10-25,SCENARIO_FUTURE,Kisumu,PMS,WATCH,NORMAL,6254.24,609.52,5644.72,9.26,1,4640.0,0,CREATE_PIPELINE_BATCH
CP-0002175,2026-10-31,SCENARIO_FUTURE,Kisumu,PMS,WATCH,NORMAL,6425.58,648.29,5777.29,8.91,1,4640.0,0,CREATE_PIPELINE_BATCH
CP-0002176,2026-11-06,SCENARIO_FUTURE,Kisumu,PMS,WATCH,NORMAL,6774.0,749.67,6024.33,8.04,1,4640.0,0,CREATE_PIPELINE_BATCH
CP-0002177,2026-11-13,SCENARIO_FUTURE,Kisumu,PMS,WATCH,NORMAL,6382.31,731.27,5651.04,7.73,1,4640.0,0,CREATE_PIPELINE_BATCH
CP-0002178,2026-11-20,SCENARIO_FUTURE,Kisumu,PMS,WATCH,NORMAL,6226.78,752.59,5474.19,7.27,1,4640.0,0,CREATE_PIPELINE_BATCH
CP-0002179,2026-11-26,SCENARIO_FUTURE,Kisumu,PMS,WATCH,NORMAL,6709.93,665.04,6044.9,9.09,1,4640.0,0,CREATE_PIPELINE_BATCH
CP-0002180,2026-12-02,SCENARIO_FUTURE,Kisumu,PMS,WATCH,NORMAL,6946.05,866.47,6079.58,7.02,1,4640.0,0,CREATE_PIPELINE_BATCH
CP-0002181,2026-12-08,SCENARIO_FUTURE,Kisumu,PMS,WATCH,NORMAL,6558.2,942.59,5615.61,5.96,1,4640.0,0,CREATE_PIPELINE_BATCH
CP-0002182,2026-12-09,SCENARIO_FUTURE,Kisumu,PMS,WATCH,LOADING_BAY_OUTAGE,5615.61,1004.55,4611.06,4.59,0,0.0,0,NONE
CP-0002183,2026-12-10,SCENARIO_FUTURE,Kisumu,PMS,HEALTHY,LOADING_BAY_OUTAGE,4611.06,928.13,8322.92,8.97,0,0.0,0,NONE
CP-0002184,2026-12-13,SCENARIO_FUTURE,Kisumu,PMS,WATCH,NORMAL,6560.54,712.62,5847.92,8.21,1,4640.0,0,CREATE_PIPELINE_BATCH
CP-0002185,2026-12-18,SCENARIO_FUTURE,Kisumu,PMS,WATCH,NORMAL,6976.74,925.81,6050.93,6.54,1,4640.0,0,CREATE_PIPELINE_BATCH
CP-0002186,2026-12-24,SCENARIO_FUTURE,Kisumu,PMS,WATCH,NORMAL,6648.78,884.89,5763.89,6.51,1,4640.0,0,CREATE_PIPELINE_BATCH
CP-0002187,2026-12-29,SCENARIO_FUTURE,Kisumu,PMS,WATCH,NORMAL,6871.55,865.45,6006.1,6.94,1,4640.0,0,CREATE_PIPELINE_BATCH
CP-0002188,2021-01-05,SIMULATED_HISTORY,Nairobi,AGO,WATCH,NORMAL,30749.04,2780.21,27968.83,10.06,1,16000.0,0,CREATE_PIPELINE_BATCH
CP-0002189,2021-01-11,SIMULATED_HISTORY,Nairobi,AGO,WATCH,NORMAL,29594.01,2802.39,26791.62,9.56,1,16000.0,0,CREATE_PIPELINE_BATCH
CP-0002190,2021-01-17,SIMULATED_HISTORY,Nairobi,AGO,WATCH,NORMAL,28731.01,2305.03,26425.98,11.46,1,16000.0,0,CREATE_PIPELINE_BATCH
CP-0002191,2021-01-19,SIMULATED_HISTORY,Nairobi,AGO,HEALTHY,LOADING_BAY_OUTAGE,39482.37,2827.94,36654.43,12.96,0,0.0,0,NONE
CP-0002192,2021-01-20,SIMULATED_HISTORY,Nairobi,AGO,HEALTHY,DATA_LATENCY_INCIDENT,36654.43,2906.64,33747.79,11.61,0,0.0,0,NONE
CP-0002193,2021-01-22,SIMULATED_HISTORY,Nairobi,AGO,WATCH,NORMAL,30741.02,3571.43,27169.59,7.61,1,16000.0,0,CREATE_PIPELINE_BATCH
CP-0002194,2021-01-24,SIMULATED_HISTORY,Nairobi,AGO,HEALTHY,LOADING_BAY_OUTAGE,40753.7,2373.09,38380.61,16.17,0,0.0,0,NONE
CP-0002195,2021-01-28,SIMULATED_HISTORY,Nairobi,AGO,WATCH,NORMAL,29040.88,3027.26,26013.62,8.59,1,16000.0,0,CREATE_PIPELINE_BATCH
CP-0002196,2021-02-02,SIMULATED_HISTORY,Nairobi,AGO,WATCH,NORMAL,31116.14,2603.18,28512.96,10.95,1,16000.0,0,CREATE_PIPELINE_BATCH
CP-0002197,2021-02-09,SIMULATED_HISTORY,Nairobi,AGO,WATCH,NORMAL,28892.38,2633.94,26258.43,9.97,1,16000.0,0,CREATE_PIPELINE_BATCH
CP-0002198,2021-02-15,SIMULATED_HISTORY,Nairobi,AGO,WATCH,NORMAL,29381.9,2843.81,26538.09,9.33,1,16000.0,0,CREATE_PIPELINE_BATCH
CP-0002199,2021-02-21,SIMULATED_HISTORY,Nairobi,AGO,WATCH,NORMAL,29424.06,2087.37,27336.69,13.1,1,16000.0,0,CREATE_PIPELINE_BATCH
CP-0002200,2021-02-27,SIMULATED_HISTORY,Nairobi,AGO,WATCH,NORMAL,29687.58,2512.03,27175.54,10.82,1,16000.0,0,CREATE_PIPELINE_BATCH
CP-0002201,2021-03-05,SIMULATED_HISTORY,Nairobi,AGO,WATCH,NORMAL,29973.46,3164.53,26808.93,8.47,1,16000.0,0,CREATE_PIPELINE_BATCH
CP-0002202,2021-03-11,SIMULATED_HISTORY,Nairobi,AGO,WATCH,NORMAL,29297.03,2930.1,26366.94,9.0,1,16000.0,0,CREATE_PIPELINE_BATCH
CP-0002203,2021-03-17,SIMULATED_HISTORY,Nairobi,AGO,WATCH,NORMAL,29591.74,2955.3,26636.44,9.01,1,16000.0,0,CREATE_PIPELINE_BATCH
CP-0002204,2021-03-23,SIMULATED_HISTORY,Nairobi,AGO,WATCH,NORMAL,28906.63,2956.74,25949.9,8.78,1,16000.0,0,CREATE_PIPELINE_BATCH
CP-0002205,2021-03-28,SIMULATED_HISTORY,Nairobi,AGO,WATCH,NORMAL,30450.41,2368.48,28081.93,11.86,1,16000.0,0,CREATE_PIPELINE_BATCH
CP-0002206,2021-04-03,SIMULATED_HISTORY,Nairobi,AGO,WATCH,NORMAL,29226.38,2742.48,26483.9,9.66,1,16000.0,0,CREATE_PIPELINE_BATCH
CP-0002207,2021-04-09,SIMULATED_HISTORY,Nairobi,AGO,WATCH,NORMAL,28801.25,3176.51,25624.73,8.07,1,16000.0,0,CREATE_PIPELINE_BATCH
CP-0002208,2021-04-14,SIMULATED_HISTORY,Nairobi,AGO,WATCH,NORMAL,30472.58,2772.66,27699.92,9.99,1,16000.0,0,CREATE_PIPELINE_BATCH
CP-0002209,2021-04-20,SIMULATED_HISTORY,Nairobi,AGO,WATCH,NORMAL,30228.41,2764.67,27463.73,9.93,1,16000.0,0,CREATE_PIPELINE_BATCH
CP-0002210,2021-04-26,SIMULATED_HISTORY,Nairobi,AGO,WATCH,NORMAL,29909.51,2869.91,27039.6,9.42,1,16000.0,0,CREATE_PIPELINE_BATCH
CP-0002211,2021-05-01,SIMULATED_HISTORY,Nairobi,AGO,WATCH,NORMAL,31149.39,2986.03,28163.36,9.43,1,16000.0,0,CREATE_PIPELINE_BATCH
CP-0002212,2021-05-02,SIMULATED_HISTORY,Nairobi,AGO,WATCH,UNPLANNED_PUMP_FAILURE,28163.36,2576.25,25587.1,9.93,0,0.0,0,HOLD/RESCHEDULE_DUE_TO_OUTAGE
CP-0002213,2021-05-04,SIMULATED_HISTORY,Nairobi,AGO,HEALTHY,DATA_LATENCY_INCIDENT,38542.09,3242.24,35299.84,10.89,0,0.0,0,NONE
CP-0002214,2021-05-07,SIMULATED_HISTORY,Nairobi,AGO,WATCH,NORMAL,29083.97,2968.69,26115.28,8.8,1,16000.0,0,CREATE_PIPELINE_BATCH
CP-0002215,2021-05-13,SIMULATED_HISTORY,Nairobi,AGO,WATCH,NORMAL,28733.07,2848.96,25884.11,9.09,1,16000.0,0,CREATE_PIPELINE_BATCH
CP-0002216,2021-05-18,SIMULATED_HISTORY,Nairobi,AGO,WATCH,NORMAL,31167.16,2763.79,28403.38,10.28,1,16000.0,0,CREATE_PIPELINE_BATCH
CP-0002217,2021-05-19,SIMULATED_HISTORY,Nairobi,AGO,WATCH,PLANNED_PIPELINE_MAINTENANCE,28403.38,2900.36,25503.02,8.79,0,0.0,0,HOLD/RESCHEDULE_DUE_TO_OUTAGE
CP-0002218,2021-05-20,SIMULATED_HISTORY,Nairobi,AGO,WATCH,PLANNED_PIPELINE_MAINTENANCE,25503.02,2853.5,22649.52,7.94,0,0.0,0,HOLD/RESCHEDULE_DUE_TO_OUTAGE
CP-0002219,2021-05-24,SIMULATED_HISTORY,Nairobi,AGO,WATCH,NORMAL,31075.8,2772.18,28303.63,10.21,1,16000.0,0,CREATE_PIPELINE_BATCH
CP-0002220,2021-05-30,SIMULATED_HISTORY,Nairobi,AGO,WATCH,NORMAL,29670.15,2555.0,27115.15,10.61,1,16000.0,0,CREATE_PIPELINE_BATCH
CP-0002221,2021-06-05,SIMULATED_HISTORY,Nairobi,AGO,WATCH,NORMAL,29781.54,2357.45,27424.08,11.63,1,16000.0,0,CREATE_PIPELINE_BATCH
CP-0002222,2021-06-11,SIMULATED_HISTORY,Nairobi,AGO,WATCH,NORMAL,29951.15,2567.67,27383.48,10.66,1,16000.0,0,CREATE_PIPELINE_BATCH
CP-0002223,2021-06-17,SIMULATED_HISTORY,Nairobi,AGO,WATCH,NORMAL,30411.77,2876.21,27535.57,9.57,1,16000.0,0,CREATE_PIPELINE_BATCH
CP-0002224,2021-06-23,SIMULATED_HISTORY,Nairobi,AGO,WATCH,NORMAL,29953.04,2518.36,27434.69,10.89,1,16000.0,0,CREATE_PIPELINE_BATCH
CP-0002225,2021-06-29,SIMULATED_HISTORY,Nairobi,AGO,WATCH,NORMAL,30343.76,2757.21,27586.55,10.01,1,16000.0,0,CREATE_PIPELINE_BATCH
CP-0002226,2021-07-05,SIMULATED_HISTORY,Nairobi,AGO,WATCH,NORMAL,29994.11,2688.35,27305.76,10.16,1,16000.0,0,CREATE_PIPELINE_BATCH
CP-0002227,2021-07-11,SIMULATED_HISTORY,Nairobi,AGO,WATCH,NORMAL,29441.01,2450.23,26990.78,11.02,1,16000.0,0,CREATE_PIPELINE_BATCH
CP-0002228,2021-07-17,SIMULATED_HISTORY,Nairobi,AGO,WATCH,NORMAL,29586.43,2413.7,27172.73,11.26,1,16000.0,0,CREATE_PIPELINE_BATCH
CP-0002229,2021-07-23,SIMULATED_HISTORY,Nairobi,AGO,WATCH,NORMAL,29629.49,2995.11,26634.38,8.89,1,16000.0,0,CREATE_PIPELINE_BATCH
CP-0002230,2021-07-28,SIMULATED_HISTORY,Nairobi,AGO,HEALTHY,LOADING_BAY_OUTAGE,31750.67,2761.1,28989.57,10.5,0,0.0,0,NONE
CP-0002231,2021-07-29,SIMULATED_HISTORY,Nairobi,AGO,WATCH,NORMAL,28989.57,2989.34,26000.24,8.7,1,16000.0,0,CREATE_PIPELINE_BATCH
CP-0002232,2021-08-02,SIMULATED_HISTORY,Nairobi,AGO,HEALTHY,UNPLANNED_PUMP_FAILURE,34133.37,2773.08,31360.29,11.31,0,0.0,0,HOLD/RESCHEDULE_DUE_TO_OUTAGE
CP-0002233,2021-08-04,SIMULATED_HISTORY,Nairobi,AGO,WATCH,NORMAL,28703.28,2747.24,25956.05,9.45,1,16000.0,0,CREATE_PIPELINE_BATCH
CP-0002234,2021-08-09,SIMULATED_HISTORY,Nairobi,AGO,WATCH,NORMAL,31031.01,2516.35,28514.65,11.33,1,16000.0,0,CREATE_PIPELINE_BATCH
CP-0002235,2021-08-15,SIMULATED_HISTORY,Nairobi,AGO,WATCH,NORMAL,31180.64,2603.55,28577.08,10.98,1,16000.0,0,CREATE_PIPELINE_BATCH
CP-0002236,2021-08-21,SIMULATED_HISTORY,Nairobi,AGO,WATCH,NORMAL,30076.38,2719.66,27356.72,10.06,1,16000.0,0,CREATE_PIPELINE_BATCH
CP-0002237,2021-08-27,SIMULATED_HISTORY,Nairobi,AGO,WATCH,NORMAL,29168.56,3057.22,26111.34,8.54,1,16000.0,0,CREATE_PIPELINE_BATCH
CP-0002238,2021-09-01,SIMULATED_HISTORY,Nairobi,AGO,WATCH,NORMAL,31054.57,2793.11,28261.46,10.12,1,16000.0,0,CREATE_PIPELINE_BATCH
CP-0002239,2021-09-05,SIMULATED_HISTORY,Nairobi,AGO,HEALTHY,UNPLANNED_PUMP_FAILURE,36286.12,2290.65,33995.48,14.84,0,0.0,0,HOLD/RESCHEDULE_DUE_TO_OUTAGE
CP-0002240,2021-09-07,SIMULATED_HISTORY,Nairobi,AGO,WATCH,NORMAL,31266.74,2749.55,28517.19,10.37,1,16000.0,0,CREATE_PIPELINE_BATCH
CP-0002241,2021-09-14,SIMULATED_HISTORY,Nairobi,AGO,WATCH,NORMAL,28775.0,2489.58,26285.43,10.56,1,16000.0,0,CREATE_PIPELINE_BATCH
CP-0002242,2021-09-20,SIMULATED_HISTORY,Nairobi,AGO,WATCH,NORMAL,29090.68,2614.09,26476.58,10.13,1,16000.0,0,CREATE_PIPELINE_BATCH
CP-0002243,2021-09-26,SIMULATED_HISTORY,Nairobi,AGO,WATCH,NORMAL,29002.25,2292.91,26709.34,11.65,1,16000.0,0,CREATE_PIPELINE_BATCH
CP-0002244,2021-10-01,SIMULATED_HISTORY,Nairobi,AGO,WATCH,NORMAL,31430.76,3292.13,28138.63,8.55,1,16000.0,0,CREATE_PIPELINE_BATCH
CP-0002245,2021-10-07,SIMULATED_HISTORY,Nairobi,AGO,WATCH,NORMAL,29442.72,3503.56,25939.15,7.4,1,16000.0,0,CREATE_PIPELINE_BATCH
CP-0002246,2021-10-12,SIMULATED_HISTORY,Nairobi,AGO,WATCH,NORMAL,29864.0,3181.02,26682.97,8.39,1,16000.0,0,CREATE_PIPELINE_BATCH
CP-0002247,2021-10-17,SIMULATED_HISTORY,Nairobi,AGO,WATCH,NORMAL,30468.98,2740.76,27728.21,10.12,1,16000.0,0,CREATE_PIPELINE_BATCH
CP-0002248,2021-10-22,SIMULATED_HISTORY,Nairobi,AGO,WATCH,NORMAL,30546.85,3355.56,27191.29,8.1,1,16000.0,0,CREATE_PIPELINE_BATCH
CP-0002249,2021-10-27,SIMULATED_HISTORY,Nairobi,AGO,WATCH,NORMAL,31473.77,3040.31,28433.46,9.35,1,16000.0,0,CREATE_PIPELINE_BATCH
CP-0002250,2021-11-02,SIMULATED_HISTORY,Nairobi,AGO,WATCH,NORMAL,29654.33,2689.72,26964.61,10.03,1,16000.0,0,CREATE_PIPELINE_BATCH
CP-0002251,2021-11-08,SIMULATED_HISTORY,Nairobi,AGO,WATCH,NORMAL,30159.36,2707.32,27452.03,10.14,1,16000.0,0,CREATE_PIPELINE_BATCH
CP-0002252,2021-11-14,SIMULATED_HISTORY,Nairobi,AGO,WATCH,NORMAL,30103.5,2471.78,27631.72,11.18,1,16000.0,0,CREATE_PIPELINE_BATCH
CP-0002253,2021-11-20,SIMULATED_HISTORY,Nairobi,AGO,WATCH,LOADING_BAY_OUTAGE,30038.38,2624.02,27414.35,10.45,1,16000.0,0,CREATE_PIPELINE_BATCH
CP-0002254,2021-11-26,SIMULATED_HISTORY,Nairobi,AGO,WATCH,NORMAL,30312.63,3072.0,27240.63,8.87,1,16000.0,0,CREATE_PIPELINE_BATCH
CP-0002255,2021-12-02,SIMULATED_HISTORY,Nairobi,AGO,WATCH,NORMAL,29995.27,2953.58,27041.7,9.16,1,16000.0,0,CREATE_PIPELINE_BATCH
CP-0002256,2021-12-08,SIMULATED_HISTORY,Nairobi,AGO,WATCH,NORMAL,29476.67,2620.57,26856.11,10.25,1,16000.0,0,CREATE_PIPELINE_BATCH
CP-0002257,2021-12-09,SIMULATED_HISTORY,Nairobi,AGO,HEALTHY,LOADING_BAY_OUTAGE,26856.11,2815.68,40040.42,14.22,0,0.0,0,NONE
CP-0002258,2021-12-12,SIMULATED_HISTORY,Nairobi,AGO,HEALTHY,PLANNED_PIPELINE_MAINTENANCE,34637.53,2351.94,32285.59,13.73,0,0.0,0,HOLD/RESCHEDULE_DUE_TO_OUTAGE
CP-0002259,2021-12-14,SIMULATED_HISTORY,Nairobi,AGO,WATCH,NORMAL,29539.33,2742.42,26796.91,9.77,1,16000.0,0,CREATE_PIPELINE_BATCH
CP-0002260,2021-12-20,SIMULATED_HISTORY,Nairobi,AGO,WATCH,NORMAL,29385.58,2579.9,26805.68,10.39,1,16000.0,0,CREATE_PIPELINE_BATCH
CP-0002261,2021-12-26,SIMULATED_HISTORY,Nairobi,AGO,WATCH,NORMAL,29253.14,2510.7,26742.44,10.65,1,16000.0,0,CREATE_PIPELINE_BATCH
CP-0002262,2021-12-31,SIMULATED_HISTORY,Nairobi,AGO,WATCH,NORMAL,30652.24,2726.81,27925.44,10.24,1,16000.0,0,CREATE_PIPELINE_BATCH
CP-0002263,2022-01-06,SIMULATED_HISTORY,Nairobi,AGO,WATCH,NORMAL,29118.2,3440.23,25677.97,7.46,1,16000.0,0,CREATE_PIPELINE_BATCH
CP-0002264,2022-01-11,SIMULATED_HISTORY,Nairobi,AGO,WATCH,NORMAL,29702.69,3022.97,26679.71,8.83,1,16000.0,0,CREATE_PIPELINE_BATCH
CP-0002265,2022-01-16,SIMULATED_HISTORY,Nairobi,AGO,WATCH,NORMAL,30274.53,2748.7,27525.84,10.01,1,16000.0,0,CREATE_PIPELINE_BATCH
CP-0002266,2022-01-21,SIMULATED_HISTORY,Nairobi,AGO,WATCH,NORMAL,31726.95,3156.48,28570.46,9.05,1,16000.0,0,CREATE_PIPELINE_BATCH
CP-0002267,2022-01-27,SIMULATED_HISTORY,Nairobi,AGO,WATCH,NORMAL,30264.11,2910.67,27353.44,9.4,1,16000.0,0,CREATE_PIPELINE_BATCH
CP-0002268,2022-02-01,SIMULATED_HISTORY,Nairobi,AGO,WATCH,NORMAL,31741.43,3147.02,28594.4,9.09,1,16000.0,0,CREATE_PIPELINE_BATCH
CP-0002269,2022-02-08,SIMULATED_HISTORY,Nairobi,AGO,WATCH,NORMAL,29285.18,2873.86,26411.32,9.19,1,16000.0,0,CREATE_PIPELINE_BATCH
CP-0002270,2022-02-13,SIMULATED_HISTORY,Nairobi,AGO,HEALTHY,PLANNED_PIPELINE_MAINTENANCE,31467.74,2229.65,29238.09,13.11,0,0.0,0,HOLD/RESCHEDULE_DUE_TO_OUTAGE
CP-0002271,2022-02-14,SIMULATED_HISTORY,Nairobi,AGO,WATCH,NORMAL,29238.09,2608.15,26629.94,10.21,1,16000.0,0,CREATE_PIPELINE_BATCH
CP-0002272,2022-02-20,SIMULATED_HISTORY,Nairobi,AGO,WATCH,NORMAL,28846.26,2382.71,26463.56,11.11,1,16000.0,0,CREATE_PIPELINE_BATCH
CP-0002273,2022-02-25,SIMULATED_HISTORY,Nairobi,AGO,WATCH,NORMAL,30800.65,2837.47,27963.18,9.85,1,16000.0,0,CREATE_PIPELINE_BATCH
CP-0002274,2022-03-03,SIMULATED_HISTORY,Nairobi,AGO,WATCH,NORMAL,30302.82,3019.28,27283.54,9.04,1,16000.0,0,CREATE_PIPELINE_BATCH
CP-0002275,2022-03-09,SIMULATED_HISTORY,Nairobi,AGO,WATCH,NORMAL,28955.33,2809.48,26145.85,9.31,1,16000.0,0,CREATE_PIPELINE_BATCH
CP-0002276,2022-03-10,SIMULATED_HISTORY,Nairobi,AGO,HEALTHY,DATA_LATENCY_INCIDENT,26145.85,2854.51,39291.34,13.76,0,0.0,0,NONE
CP-0002277,2022-03-14,SIMULATED_HISTORY,Nairobi,AGO,WATCH,NORMAL,30922.93,3099.66,27823.27,8.98,1,16000.0,0,CREATE_PIPELINE_BATCH
CP-0002278,2022-03-20,SIMULATED_HISTORY,Nairobi,AGO,WATCH,NORMAL,29031.96,2354.43,26677.53,11.33,1,16000.0,0,CREATE_PIPELINE_BATCH
CP-0002279,2022-03-25,SIMULATED_HISTORY,Nairobi,AGO,WATCH,NORMAL,30704.34,3091.68,27612.65,8.93,1,16000.0,0,CREATE_PIPELINE_BATCH
CP-0002280,2022-03-31,SIMULATED_HISTORY,Nairobi,AGO,WATCH,NORMAL,30035.32,2719.15,27316.17,10.05,1,16000.0,0,CREATE_PIPELINE_BATCH
CP-0002281,2022-04-05,SIMULATED_HISTORY,Nairobi,AGO,WATCH,NORMAL,31700.16,3194.06,28506.1,8.92,1,16000.0,0,CREATE_PIPELINE_BATCH
CP-0002282,2022-04-11,SIMULATED_HISTORY,Nairobi,AGO,WATCH,NORMAL,29805.93,2703.52,27102.41,10.02,1,16000.0,0,CREATE_PIPELINE_BATCH
CP-0002283,2022-04-17,SIMULATED_HISTORY,Nairobi,AGO,WATCH,NORMAL,28653.78,2335.26,26318.52,11.27,1,16000.0,0,CREATE_PIPELINE_BATCH
CP-0002284,2022-04-22,SIMULATED_HISTORY,Nairobi,AGO,WATCH,NORMAL,30441.73,2756.15,27685.58,10.05,1,16000.0,0,CREATE_PIPELINE_BATCH
CP-0002285,2022-04-28,SIMULATED_HISTORY,Nairobi,AGO,WATCH,NORMAL,28743.21,3068.93,25674.28,8.37,1,16000.0,0,CREATE_PIPELINE_BATCH
CP-0002286,2022-05-03,SIMULATED_HISTORY,Nairobi,AGO,WATCH,NORMAL,29792.7,2974.88,26817.82,9.01,1,16000.0,0,CREATE_PIPELINE_BATCH
CP-0002287,2022-05-08,SIMULATED_HISTORY,Nairobi,AGO,WATCH,NORMAL,30325.72,2400.58,27925.14,11.63,1,16000.0,0,CREATE_PIPELINE_BATCH
CP-0002288,2022-05-13,SIMULATED_HISTORY,Nairobi,AGO,WATCH,NORMAL,31749.04,3316.38,28432.67,8.57,1,16000.0,0,CREATE_PIPELINE_BATCH
CP-0002289,2022-05-19,SIMULATED_HISTORY,Nairobi,AGO,WATCH,NORMAL,30329.26,2914.33,27414.93,9.41,1,16000.0,0,CREATE_PIPELINE_BATCH
CP-0002290,2022-05-24,SIMULATED_HISTORY,Nairobi,AGO,WATCH,NORMAL,31692.96,3093.7,28599.25,9.24,1,16000.0,0,CREATE_PIPELINE_BATCH
CP-0002291,2022-05-28,SIMULATED_HISTORY,Nairobi,AGO,HEALTHY,LOADING_BAY_OUTAGE,35584.45,2571.33,33013.12,12.84,0,0.0,0,NONE
CP-0002292,2022-05-30,SIMULATED_HISTORY,Nairobi,AGO,WATCH,NORMAL,30434.72,3039.96,27394.75,9.01,1,16000.0,0,CREATE_PIPELINE_BATCH
CP-0002293,2022-06-05,SIMULATED_HISTORY,Nairobi,AGO,WATCH,NORMAL,28838.52,2373.69,26464.83,11.15,1,16000.0,0,CREATE_PIPELINE_BATCH
CP-0002294,2022-06-10,SIMULATED_HISTORY,Nairobi,AGO,WATCH,NORMAL,31195.52,2999.6,28195.92,9.4,1,16000.0,0,CREATE_PIPELINE_BATCH
CP-0002295,2022-06-17,SIMULATED_HISTORY,Nairobi,AGO,WATCH,NORMAL,28846.8,2907.64,25939.15,8.92,1,16000.0,0,CREATE_PIPELINE_BATCH
CP-0002296,2022-06-23,SIMULATED_HISTORY,Nairobi,AGO,WATCH,NORMAL,28642.28,2910.7,25731.58,8.84,1,16000.0,0,CREATE_PIPELINE_BATCH
CP-0002297,2022-06-28,SIMULATED_HISTORY,Nairobi,AGO,WATCH,NORMAL,30491.14,2779.42,27711.72,9.97,1,16000.0,0,CREATE_PIPELINE_BATCH
CP-0002298,2022-07-04,SIMULATED_HISTORY,Nairobi,AGO,WATCH,NORMAL,29287.26,2839.38,26447.87,9.31,1,16000.0,0,CREATE_PIPELINE_BATCH
CP-0002299,2022-07-09,SIMULATED_HISTORY,Nairobi,AGO,WATCH,NORMAL,30403.19,2592.27,27810.92,10.73,1,16000.0,0,CREATE_PIPELINE_BATCH
CP-0002300,2022-07-15,SIMULATED_HISTORY,Nairobi,AGO,WATCH,NORMAL,28963.53,2886.54,26076.99,9.03,1,16000.0,0,CREATE_PIPELINE_BATCH
CP-0002301,2022-07-17,SIMULATED_HISTORY,Nairobi,AGO,HEALTHY,PLANNED_PIPELINE_MAINTENANCE,39215.95,2333.39,36882.55,15.81,0,0.0,0,HOLD/RESCHEDULE_DUE_TO_OUTAGE
CP-0002302,2022-07-18,SIMULATED_HISTORY,Nairobi,AGO,HEALTHY,PLANNED_PIPELINE_MAINTENANCE,36882.55,3221.8,33660.75,10.45,0,0.0,0,HOLD/RESCHEDULE_DUE_TO_OUTAGE
CP-0002303,2022-07-20,SIMULATED_HISTORY,Nairobi,AGO,WATCH,NORMAL,30870.38,3009.37,27861.01,9.26,1,16000.0,0,CREATE_PIPELINE_BATCH
CP-0002304,2022-07-26,SIMULATED_HISTORY,Nairobi,AGO,WATCH,NORMAL,29843.83,3053.84,26789.99,8.77,1,16000.0,0,CREATE_PIPELINE_BATCH
CP-0002305,2022-08-01,SIMULATED_HISTORY,Nairobi,AGO,WATCH,NORMAL,28832.04,2760.77,26071.27,9.44,1,16000.0,0,CREATE_PIPELINE_BATCH
CP-0002306,2022-08-06,SIMULATED_HISTORY,Nairobi,AGO,WATCH,NORMAL,29891.05,2690.55,27200.49,10.11,1,16000.0,0,CREATE_PIPELINE_BATCH
CP-0002307,2022-08-12,SIMULATED_HISTORY,Nairobi,AGO,WATCH,NORMAL,28952.7,3383.17,25569.53,7.56,1,16000.0,0,CREATE_PIPELINE_BATCH
CP-0002308,2022-08-13,SIMULATED_HISTORY,Nairobi,AGO,HEALTHY,DATA_LATENCY_INCIDENT,25569.53,2596.62,38972.9,15.01,0,0.0,0,NONE
CP-0002309,2022-08-17,SIMULATED_HISTORY,Nairobi,AGO,WATCH,NORMAL,31137.23,2786.26,28350.97,10.18,1,16000.0,0,CREATE_PIPELINE_BATCH
CP-0002310,2022-08-23,SIMULATED_HISTORY,Nairobi,AGO,WATCH,NORMAL,30521.91,3177.48,27344.43,8.61,1,16000.0,0,CREATE_PIPELINE_BATCH
CP-0002311,2022-08-28,SIMULATED_HISTORY,Nairobi,AGO,WATCH,NORMAL,30672.74,2638.72,28034.02,10.62,1,16000.0,0,CREATE_PIPELINE_BATCH
CP-0002312,2022-09-03,SIMULATED_HISTORY,Nairobi,AGO,WATCH,NORMAL,29312.3,2721.74,26590.55,9.77,1,16000.0,0,CREATE_PIPELINE_BATCH
CP-0002313,2022-09-08,SIMULATED_HISTORY,Nairobi,AGO,WATCH,NORMAL,31426.87,2932.99,28493.89,9.71,1,16000.0,0,CREATE_PIPELINE_BATCH
CP-0002314,2022-09-14,SIMULATED_HISTORY,Nairobi,AGO,WATCH,NORMAL,30803.58,3035.87,27767.72,9.15,1,16000.0,0,CREATE_PIPELINE_BATCH
CP-0002315,2022-09-20,SIMULATED_HISTORY,Nairobi,AGO,WATCH,NORMAL,30348.62,2748.67,27599.95,10.04,1,16000.0,0,CREATE_PIPELINE_BATCH
CP-0002316,2022-09-26,SIMULATED_HISTORY,Nairobi,AGO,WATCH,NORMAL,29880.93,2738.91,27142.02,9.91,1,16000.0,0,CREATE_PIPELINE_BATCH
CP-0002317,2022-09-30,SIMULATED_HISTORY,Nairobi,AGO,HEALTHY,LOADING_BAY_OUTAGE,34392.35,2946.18,31446.17,10.67,0,0.0,0,NONE
CP-0002318,2022-10-02,SIMULATED_HISTORY,Nairobi,AGO,WATCH,NORMAL,28660.09,2942.18,25717.91,8.74,1,16000.0,0,CREATE_PIPELINE_BATCH
CP-0002319,2022-10-03,SIMULATED_HISTORY,Nairobi,AGO,HEALTHY,LOADING_BAY_OUTAGE,25717.91,3305.1,38412.81,11.62,0,0.0,0,NONE
CP-0002320,2022-10-07,SIMULATED_HISTORY,Nairobi,AGO,WATCH,NORMAL,28983.97,3655.59,25328.37,6.93,1,16000.0,0,CREATE_PIPELINE_BATCH
CP-0002321,2022-10-12,SIMULATED_HISTORY,Nairobi,AGO,WATCH,NORMAL,28722.33,3150.21,25572.12,8.12,1,16000.0,0,CREATE_PIPELINE_BATCH
CP-0002322,2022-10-17,SIMULATED_HISTORY,Nairobi,AGO,WATCH,NORMAL,29397.94,3372.62,26025.32,7.72,1,16000.0,0,CREATE_PIPELINE_BATCH
CP-0002323,2022-10-21,SIMULATED_HISTORY,Nairobi,AGO,WATCH,NORMAL,31546.13,3715.99,27830.15,7.49,1,16000.0,0,CREATE_PIPELINE_BATCH
CP-0002324,2022-10-26,SIMULATED_HISTORY,Nairobi,AGO,WATCH,NORMAL,31179.61,3346.66,27832.95,8.32,1,16000.0,0,CREATE_PIPELINE_BATCH
CP-0002325,2022-10-31,SIMULATED_HISTORY,Nairobi,AGO,WATCH,NORMAL,31671.15,3292.06,28379.09,8.62,1,16000.0,0,CREATE_PIPELINE_BATCH
CP-0002326,2022-11-06,SIMULATED_HISTORY,Nairobi,AGO,WATCH,NORMAL,30767.51,2456.89,28310.62,11.52,1,16000.0,0,CREATE_PIPELINE_BATCH
CP-0002327,2022-11-12,SIMULATED_HISTORY,Nairobi,AGO,WATCH,NORMAL,30132.06,2790.65,27341.41,9.8,1,16000.0,0,CREATE_PIPELINE_BATCH
CP-0002328,2022-11-13,SIMULATED_HISTORY,Nairobi,AGO,HEALTHY,LOADING_BAY_OUTAGE,27341.41,2361.54,40979.88,17.35,0,0.0,0,NONE
CP-0002329,2022-11-15,SIMULATED_HISTORY,Nairobi,AGO,HEALTHY,UNPLANNED_PUMP_FAILURE,38003.98,2797.38,35206.6,12.59,0,0.0,0,HOLD/RESCHEDULE_DUE_TO_OUTAGE
CP-0002330,2022-11-18,SIMULATED_HISTORY,Nairobi,AGO,WATCH,NORMAL,29928.28,2875.9,27052.38,9.41,1,16000.0,0,CREATE_PIPELINE_BATCH
CP-0002331,2022-11-23,SIMULATED_HISTORY,Nairobi,AGO,HEALTHY,LOADING_BAY_OUTAGE,32567.42,2688.04,29879.38,11.12,0,0.0,0,NONE
CP-0002332,2022-11-24,SIMULATED_HISTORY,Nairobi,AGO,WATCH,NORMAL,29879.38,2987.68,26891.69,9.0,1,16000.0,0,CREATE_PIPELINE_BATCH
CP-0002333,2022-11-30,SIMULATED_HISTORY,Nairobi,AGO,WATCH,NORMAL,29345.71,2975.75,26369.95,8.86,1,16000.0,0,CREATE_PIPELINE_BATCH
CP-0002334,2022-12-05,SIMULATED_HISTORY,Nairobi,AGO,WATCH,NORMAL,30670.78,2889.85,27780.93,9.61,1,16000.0,0,CREATE_PIPELINE_BATCH
CP-0002335,2022-12-11,SIMULATED_HISTORY,Nairobi,AGO,WATCH,NORMAL,29197.27,2548.79,26648.47,10.46,1,16000.0,0,CREATE_PIPELINE_BATCH
CP-0002336,2022-12-13,SIMULATED_HISTORY,Nairobi,AGO,HEALTHY,UNPLANNED_PUMP_FAILURE,39738.65,3173.58,36565.07,11.52,0,0.0,0,HOLD/RESCHEDULE_DUE_TO_OUTAGE
CP-0002337,2022-12-16,SIMULATED_HISTORY,Nairobi,AGO,WATCH,NORMAL,30247.09,3261.71,26985.39,8.27,1,16000.0,0,CREATE_PIPELINE_BATCH
CP-0002338,2022-12-22,SIMULATED_HISTORY,Nairobi,AGO,WATCH,NORMAL,28997.54,3077.84,25919.71,8.42,1,16000.0,0,CREATE_PIPELINE_BATCH
CP-0002339,2022-12-27,SIMULATED_HISTORY,Nairobi,AGO,WATCH,NORMAL,30748.74,2971.85,27776.89,9.35,1,16000.0,0,CREATE_PIPELINE_BATCH
CP-0002340,2023-01-02,SIMULATED_HISTORY,Nairobi,AGO,WATCH,NORMAL,29649.98,3118.32,26531.65,8.51,1,16000.0,0,CREATE_PIPELINE_BATCH
CP-0002341,2023-01-07,SIMULATED_HISTORY,Nairobi,AGO,WATCH,NORMAL,29917.57,2602.62,27314.94,10.5,1,16000.0,0,CREATE_PIPELINE_BATCH
CP-0002342,2023-01-13,SIMULATED_HISTORY,Nairobi,AGO,WATCH,NORMAL,28689.31,2955.65,25733.66,8.71,1,16000.0,0,CREATE_PIPELINE_BATCH
CP-0002343,2023-01-18,SIMULATED_HISTORY,Nairobi,AGO,WATCH,NORMAL,29889.42,3171.44,26717.98,8.42,1,16000.0,0,CREATE_PIPELINE_BATCH
CP-0002344,2023-01-21,SIMULATED_HISTORY,Nairobi,AGO,HEALTHY,DATA_LATENCY_INCIDENT,36418.87,3000.73,33418.13,11.14,0,0.0,0,NONE
CP-0002345,2023-01-23,SIMULATED_HISTORY,Nairobi,AGO,WATCH,NORMAL,31005.51,3394.8,27610.71,8.13,1,16000.0,0,CREATE_PIPELINE_BATCH
CP-0002346,2023-01-29,SIMULATED_HISTORY,Nairobi,AGO,WATCH,NORMAL,29169.27,2557.39,26611.87,10.41,1,16000.0,0,CREATE_PIPELINE_BATCH
CP-0002347,2023-02-03,SIMULATED_HISTORY,Nairobi,AGO,WATCH,NORMAL,31154.03,2919.91,28234.12,9.67,1,16000.0,0,CREATE_PIPELINE_BATCH
CP-0002348,2023-02-07,SIMULATED_HISTORY,Nairobi,AGO,HEALTHY,DATA_LATENCY_INCIDENT,37166.32,2658.57,34507.76,12.98,0,0.0,0,NONE
CP-0002349,2023-02-09,SIMULATED_HISTORY,Nairobi,AGO,WATCH,NORMAL,31744.89,3199.88,28545.01,8.92,1,16000.0,0,CREATE_PIPELINE_BATCH
CP-0002350,2023-02-15,SIMULATED_HISTORY,Nairobi,AGO,WATCH,NORMAL,31203.74,2891.81,28311.93,9.79,1,16000.0,0,CREATE_PIPELINE_BATCH
CP-0002351,2023-02-21,SIMULATED_HISTORY,Nairobi,AGO,WATCH,NORMAL,30917.28,2583.25,28334.02,10.97,1,16000.0,0,CREATE_PIPELINE_BATCH
CP-0002352,2023-02-27,SIMULATED_HISTORY,Nairobi,AGO,WATCH,NORMAL,31315.92,2706.2,28609.72,10.57,1,16000.0,0,CREATE_PIPELINE_BATCH
CP-0002353,2023-03-06,SIMULATED_HISTORY,Nairobi,AGO,WATCH,NORMAL,28785.21,2632.77,26152.44,9.93,1,16000.0,0,CREATE_PIPELINE_BATCH
CP-0002354,2023-03-11,SIMULATED_HISTORY,Nairobi,AGO,WATCH,NORMAL,30147.21,2560.11,27587.11,10.78,1,16000.0,0,CREATE_PIPELINE_BATCH
CP-0002355,2023-03-17,SIMULATED_HISTORY,Nairobi,AGO,WATCH,NORMAL,29609.88,3297.06,26312.83,7.98,1,16000.0,0,CREATE_PIPELINE_BATCH
CP-0002356,2023-03-22,SIMULATED_HISTORY,Nairobi,AGO,WATCH,NORMAL,31377.29,2928.66,28448.63,9.71,1,16000.0,0,CREATE_PIPELINE_BATCH
CP-0002357,2023-03-25,SIMULATED_HISTORY,Nairobi,AGO,HEALTHY,PLANNED_PIPELINE_MAINTENANCE,38451.17,2611.18,35840.0,13.73,0,0.0,0,HOLD/RESCHEDULE_DUE_TO_OUTAGE
CP-0002358,2023-03-28,SIMULATED_HISTORY,Nairobi,AGO,WATCH,NORMAL,30562.95,3032.44,27530.5,9.08,1,16000.0,0,CREATE_PIPELINE_BATCH
CP-0002359,2023-04-03,SIMULATED_HISTORY,Nairobi,AGO,WATCH,NORMAL,29588.86,2656.84,26932.02,10.14,1,16000.0,0,CREATE_PIPELINE_BATCH
CP-0002360,2023-04-09,SIMULATED_HISTORY,Nairobi,AGO,WATCH,NORMAL,29030.59,2545.43,26485.15,10.4,1,16000.0,0,CREATE_PIPELINE_BATCH
CP-0002361,2023-04-14,SIMULATED_HISTORY,Nairobi,AGO,WATCH,NORMAL,31077.35,3028.33,28049.01,9.26,1,16000.0,0,CREATE_PIPELINE_BATCH
CP-0002362,2023-04-20,SIMULATED_HISTORY,Nairobi,AGO,WATCH,NORMAL,30117.39,2985.87,27131.52,9.09,1,16000.0,0,CREATE_PIPELINE_BATCH
CP-0002363,2023-04-26,SIMULATED_HISTORY,Nairobi,AGO,WATCH,NORMAL,29185.55,2850.97,26334.58,9.24,1,16000.0,0,CREATE_PIPELINE_BATCH
CP-0002364,2023-05-02,SIMULATED_HISTORY,Nairobi,AGO,WATCH,LOADING_BAY_OUTAGE,28632.29,2993.0,25639.29,8.57,1,16000.0,0,CREATE_PIPELINE_BATCH
CP-0002365,2023-05-03,SIMULATED_HISTORY,Nairobi,AGO,WATCH,PLANNED_PIPELINE_MAINTENANCE,25639.29,2951.62,22687.67,7.69,0,0.0,0,HOLD/RESCHEDULE_DUE_TO_OUTAGE
CP-0002366,2023-05-07,SIMULATED_HISTORY,Nairobi,AGO,WATCH,NORMAL,30487.34,2372.73,28114.62,11.85,1,16000.0,0,CREATE_PIPELINE_BATCH
CP-0002367,2023-05-13,SIMULATED_HISTORY,Nairobi,AGO,WATCH,NORMAL,29840.65,2657.12,27183.53,10.23,1,16000.0,0,CREATE_PIPELINE_BATCH
CP-0002368,2023-05-18,SIMULATED_HISTORY,Nairobi,AGO,WATCH,NORMAL,31456.1,2984.93,28471.16,9.54,1,16000.0,0,CREATE_PIPELINE_BATCH
CP-0002369,2023-05-24,SIMULATED_HISTORY,Nairobi,AGO,WATCH,NORMAL,30084.52,2933.24,27151.28,9.26,1,16000.0,0,CREATE_PIPELINE_BATCH
CP-0002370,2023-05-30,SIMULATED_HISTORY,Nairobi,AGO,WATCH,UNPLANNED_PUMP_FAILURE,29809.29,2731.68,27077.61,9.91,1,16000.0,0,CREATE_PIPELINE_BATCH+OUTAGE
CP-0002371,2023-06-05,SIMULATED_HISTORY,Nairobi,AGO,WATCH,NORMAL,29965.14,2787.39,27177.75,9.75,1,16000.0,0,CREATE_PIPELINE_BATCH
CP-0002372,2023-06-11,SIMULATED_HISTORY,Nairobi,AGO,WATCH,NORMAL,29626.93,2377.14,27249.79,11.46,1,16000.0,0,CREATE_PIPELINE_BATCH
CP-0002373,2023-06-17,SIMULATED_HISTORY,Nairobi,AGO,WATCH,NORMAL,29387.48,2690.39,26697.1,9.92,1,16000.0,0,CREATE_PIPELINE_BATCH
CP-0002374,2023-06-23,SIMULATED_HISTORY,Nairobi,AGO,WATCH,NORMAL,29959.72,3098.49,26861.23,8.67,1,16000.0,0,CREATE_PIPELINE_BATCH
CP-0002375,2023-06-27,SIMULATED_HISTORY,Nairobi,AGO,HEALTHY,LOADING_BAY_OUTAGE,35229.19,2396.36,32832.83,13.7,0,0.0,0,NONE
CP-0002376,2023-06-29,SIMULATED_HISTORY,Nairobi,AGO,WATCH,NORMAL,30347.3,2810.76,27536.54,9.8,1,16000.0,0,CREATE_PIPELINE_BATCH
CP-0002377,2023-07-05,SIMULATED_HISTORY,Nairobi,AGO,WATCH,NORMAL,29571.37,2976.48,26594.89,8.94,1,16000.0,0,CREATE_PIPELINE_BATCH
CP-0002378,2023-07-11,SIMULATED_HISTORY,Nairobi,AGO,WATCH,LOADING_BAY_OUTAGE,29038.9,2894.33,26144.57,9.03,1,16000.0,0,CREATE_PIPELINE_BATCH
CP-0002379,2023-07-16,SIMULATED_HISTORY,Nairobi,AGO,WATCH,NORMAL,30672.97,2484.27,28188.71,11.35,1,16000.0,0,CREATE_PIPELINE_BATCH
CP-0002380,2023-07-22,SIMULATED_HISTORY,Nairobi,AGO,WATCH,NORMAL,29654.71,2488.36,27166.35,10.92,1,16000.0,0,CREATE_PIPELINE_BATCH
CP-0002381,2023-07-28,SIMULATED_HISTORY,Nairobi,AGO,WATCH,NORMAL,29004.93,2857.0,26147.93,9.15,1,16000.0,0,CREATE_PIPELINE_BATCH
CP-0002382,2023-08-02,SIMULATED_HISTORY,Nairobi,AGO,WATCH,NORMAL,31163.17,2708.07,28455.1,10.51,1,16000.0,0,CREATE_PIPELINE_BATCH
CP-0002383,2023-08-08,SIMULATED_HISTORY,Nairobi,AGO,WATCH,NORMAL,30365.43,2691.25,27674.18,10.28,1,16000.0,0,CREATE_PIPELINE_BATCH
CP-0002384,2023-08-14,SIMULATED_HISTORY,Nairobi,AGO,WATCH,NORMAL,30218.72,2906.73,27311.99,9.4,1,16000.0,0,CREATE_PIPELINE_BATCH
CP-0002385,2023-08-20,SIMULATED_HISTORY,Nairobi,AGO,WATCH,NORMAL,28913.09,2599.05,26314.04,10.12,1,16000.0,0,CREATE_PIPELINE_BATCH
CP-0002386,2023-08-25,SIMULATED_HISTORY,Nairobi,AGO,WATCH,NORMAL,30455.05,3146.88,27308.17,8.68,1,16000.0,0,CREATE_PIPELINE_BATCH
CP-0002387,2023-08-31,SIMULATED_HISTORY,Nairobi,AGO,WATCH,NORMAL,28849.71,3114.96,25734.75,8.26,1,16000.0,0,CREATE_PIPELINE_BATCH
CP-0002388,2023-09-01,SIMULATED_HISTORY,Nairobi,AGO,WATCH,UNPLANNED_PUMP_FAILURE,25734.75,2882.61,22852.14,7.93,0,0.0,0,HOLD/RESCHEDULE_DUE_TO_OUTAGE
CP-0002389,2023-09-05,SIMULATED_HISTORY,Nairobi,AGO,WATCH,NORMAL,31460.96,2953.64,28507.33,9.65,1,16000.0,0,CREATE_PIPELINE_BATCH
CP-0002390,2023-09-11,SIMULATED_HISTORY,Nairobi,AGO,WATCH,NORMAL,31086.92,2562.05,28524.87,11.13,1,16000.0,0,CREATE_PIPELINE_BATCH
CP-0002391,2023-09-13,SIMULATED_HISTORY,Nairobi,AGO,HEALTHY,LOADING_BAY_OUTAGE,41486.05,2774.64,38711.41,13.95,0,0.0,0,NONE
CP-0002392,2023-09-17,SIMULATED_HISTORY,Nairobi,AGO,WATCH,NORMAL,30126.05,2305.13,27820.91,12.07,1,16000.0,0,CREATE_PIPELINE_BATCH
CP-0002393,2023-09-23,SIMULATED_HISTORY,Nairobi,AGO,WATCH,NORMAL,29558.98,2336.51,27222.47,11.65,1,16000.0,0,CREATE_PIPELINE_BATCH
CP-0002394,2023-09-29,SIMULATED_HISTORY,Nairobi,AGO,WATCH,NORMAL,29918.08,3195.09,26722.99,8.36,1,16000.0,0,CREATE_PIPELINE_BATCH
CP-0002395,2023-10-04,SIMULATED_HISTORY,Nairobi,AGO,WATCH,NORMAL,31444.71,3073.98,28370.73,9.23,1,16000.0,0,CREATE_PIPELINE_BATCH
CP-0002396,2023-10-09,SIMULATED_HISTORY,Nairobi,AGO,WATCH,NORMAL,30896.43,3266.41,27630.01,8.46,1,16000.0,0,CREATE_PIPELINE_BATCH
CP-0002397,2023-10-11,SIMULATED_HISTORY,Nairobi,AGO,HEALTHY,LOADING_BAY_OUTAGE,40352.61,3305.98,37046.64,11.21,0,0.0,0,NONE
CP-0002398,2023-10-14,SIMULATED_HISTORY,Nairobi,AGO,WATCH,NORMAL,30685.35,3112.61,27572.74,8.86,1,16000.0,0,CREATE_PIPELINE_BATCH
CP-0002399,2023-10-19,SIMULATED_HISTORY,Nairobi,AGO,WATCH,NORMAL,31121.38,3167.57,27953.81,8.82,1,16000.0,0,CREATE_PIPELINE_BATCH
CP-0002400,2023-10-24,SIMULATED_HISTORY,Nairobi,AGO,WATCH,NORMAL,31727.01,3169.18,28557.84,9.01,1,16000.0,0,CREATE_PIPELINE_BATCH
CP-0002401,2023-10-30,SIMULATED_HISTORY,Nairobi,AGO,WATCH,NORMAL,29300.98,2974.69,26326.29,8.85,1,16000.0,0,CREATE_PIPELINE_BATCH
CP-0002402,2023-11-04,SIMULATED_HISTORY,Nairobi,AGO,WATCH,NORMAL,30972.8,2480.47,28492.33,11.49,1,16000.0,0,CREATE_PIPELINE_BATCH
CP-0002403,2023-11-10,SIMULATED_HISTORY,Nairobi,AGO,WATCH,NORMAL,31368.69,2999.46,28369.23,9.46,1,16000.0,0,CREATE_PIPELINE_BATCH
CP-0002404,2023-11-17,SIMULATED_HISTORY,Nairobi,AGO,WATCH,NORMAL,28905.7,3029.82,25875.88,8.54,1,16000.0,0,CREATE_PIPELINE_BATCH
CP-0002405,2023-11-23,SIMULATED_HISTORY,Nairobi,AGO,WATCH,NORMAL,28805.55,2739.93,26065.62,9.51,1,16000.0,0,CREATE_PIPELINE_BATCH
CP-0002406,2023-11-28,SIMULATED_HISTORY,Nairobi,AGO,WATCH,NORMAL,31288.38,2677.31,28611.06,10.69,1,16000.0,0,CREATE_PIPELINE_BATCH
CP-0002407,2023-12-04,SIMULATED_HISTORY,Nairobi,AGO,WATCH,NORMAL,31186.9,2712.67,28474.23,10.5,1,16000.0,0,CREATE_PIPELINE_BATCH
CP-0002408,2023-12-10,SIMULATED_HISTORY,Nairobi,AGO,WATCH,NORMAL,30058.68,2446.21,27612.47,11.29,1,16000.0,0,CREATE_PIPELINE_BATCH
CP-0002409,2023-12-12,SIMULATED_HISTORY,Nairobi,AGO,HEALTHY,UNPLANNED_PUMP_FAILURE,40650.95,2736.81,37914.14,13.85,0,0.0,0,HOLD/RESCHEDULE_DUE_TO_OUTAGE
CP-0002410,2023-12-16,SIMULATED_HISTORY,Nairobi,AGO,WATCH,NORMAL,29083.62,2699.03,26384.59,9.78,1,16000.0,0,CREATE_PIPELINE_BATCH
CP-0002411,2023-12-22,SIMULATED_HISTORY,Nairobi,AGO,WATCH,NORMAL,28756.85,2936.85,25820.0,8.79,1,16000.0,0,CREATE_PIPELINE_BATCH
CP-0002412,2023-12-28,SIMULATED_HISTORY,Nairobi,AGO,WATCH,NORMAL,28662.09,2900.68,25761.4,8.88,1,16000.0,0,CREATE_PIPELINE_BATCH
CP-0002413,2024-01-02,SIMULATED_HISTORY,Nairobi,AGO,WATCH,NORMAL,30692.19,2743.56,27948.63,10.19,1,16000.0,0,CREATE_PIPELINE_BATCH
CP-0002414,2024-01-08,SIMULATED_HISTORY,Nairobi,AGO,WATCH,NORMAL,29091.98,2937.94,26154.03,8.9,1,16000.0,0,CREATE_PIPELINE_BATCH
CP-0002415,2024-01-13,SIMULATED_HISTORY,Nairobi,AGO,WATCH,NORMAL,29693.91,2403.88,27290.03,11.35,1,16000.0,0,CREATE_PIPELINE_BATCH
CP-0002416,2024-01-19,SIMULATED_HISTORY,Nairobi,AGO,WATCH,NORMAL,29487.77,3161.81,26325.96,8.33,1,16000.0,0,CREATE_PIPELINE_BATCH
CP-0002417,2024-01-24,SIMULATED_HISTORY,Nairobi,AGO,WATCH,NORMAL,31487.06,3313.53,28173.53,8.5,1,16000.0,0,CREATE_PIPELINE_BATCH
CP-0002418,2024-01-30,SIMULATED_HISTORY,Nairobi,AGO,WATCH,NORMAL,30405.0,2839.22,27565.79,9.71,1,16000.0,0,CREATE_PIPELINE_BATCH
CP-0002419,2024-02-05,SIMULATED_HISTORY,Nairobi,AGO,WATCH,NORMAL,29945.81,2471.15,27474.65,11.12,1,16000.0,0,CREATE_PIPELINE_BATCH
CP-0002420,2024-02-11,SIMULATED_HISTORY,Nairobi,AGO,WATCH,NORMAL,29681.54,2436.62,27244.92,11.18,1,16000.0,0,CREATE_PIPELINE_BATCH
CP-0002421,2024-02-17,SIMULATED_HISTORY,Nairobi,AGO,WATCH,NORMAL,29950.89,2211.73,27739.17,12.54,1,16000.0,0,CREATE_PIPELINE_BATCH
CP-0002422,2024-02-24,SIMULATED_HISTORY,Nairobi,AGO,WATCH,NORMAL,28641.74,2172.34,26469.4,12.18,1,16000.0,0,CREATE_PIPELINE_BATCH
CP-0002423,2024-03-01,SIMULATED_HISTORY,Nairobi,AGO,WATCH,NORMAL,29472.42,2662.81,26809.61,10.07,1,16000.0,0,CREATE_PIPELINE_BATCH
CP-0002424,2024-03-06,SIMULATED_HISTORY,Nairobi,AGO,HEALTHY,LOADING_BAY_OUTAGE,32737.42,2741.79,29995.63,10.94,0,0.0,0,NONE
CP-0002425,2024-03-07,SIMULATED_HISTORY,Nairobi,AGO,WATCH,NORMAL,29995.63,2728.94,27266.69,9.99,1,16000.0,0,CREATE_PIPELINE_BATCH
CP-0002426,2024-03-13,SIMULATED_HISTORY,Nairobi,AGO,WATCH,NORMAL,30056.36,2909.65,27146.7,9.33,1,16000.0,0,CREATE_PIPELINE_BATCH
CP-0002427,2024-03-19,SIMULATED_HISTORY,Nairobi,AGO,WATCH,NORMAL,29275.63,2765.34,26510.29,9.59,1,16000.0,0,CREATE_PIPELINE_BATCH
CP-0002428,2024-03-25,SIMULATED_HISTORY,Nairobi,AGO,WATCH,NORMAL,29254.55,2506.45,26748.09,10.67,1,16000.0,0,CREATE_PIPELINE_BATCH
CP-0002429,2024-03-30,SIMULATED_HISTORY,Nairobi,AGO,WATCH,NORMAL,31158.4,2854.12,28304.29,9.92,1,16000.0,0,CREATE_PIPELINE_BATCH
CP-0002430,2024-04-05,SIMULATED_HISTORY,Nairobi,AGO,WATCH,NORMAL,30597.78,3291.17,27306.61,8.3,1,16000.0,0,CREATE_PIPELINE_BATCH
CP-0002431,2024-04-11,SIMULATED_HISTORY,Nairobi,AGO,WATCH,NORMAL,29940.3,2774.05,27166.25,9.79,1,16000.0,0,CREATE_PIPELINE_BATCH
CP-0002432,2024-04-17,SIMULATED_HISTORY,Nairobi,AGO,WATCH,NORMAL,29685.72,2851.58,26834.14,9.41,1,16000.0,0,CREATE_PIPELINE_BATCH
CP-0002433,2024-04-23,SIMULATED_HISTORY,Nairobi,AGO,WATCH,NORMAL,29598.73,2594.89,27003.84,10.41,1,16000.0,0,CREATE_PIPELINE_BATCH
CP-0002434,2024-04-29,SIMULATED_HISTORY,Nairobi,AGO,WATCH,NORMAL,28845.93,2665.02,26180.9,9.82,1,16000.0,0,CREATE_PIPELINE_BATCH
CP-0002435,2024-05-02,SIMULATED_HISTORY,Nairobi,AGO,HEALTHY,UNPLANNED_PUMP_FAILURE,36529.14,3008.73,33520.4,11.14,0,0.0,0,HOLD/RESCHEDULE_DUE_TO_OUTAGE
CP-0002436,2024-05-04,SIMULATED_HISTORY,Nairobi,AGO,WATCH,NORMAL,30531.15,2588.61,27942.54,10.79,1,16000.0,0,CREATE_PIPELINE_BATCH
CP-0002437,2024-05-06,SIMULATED_HISTORY,Nairobi,AGO,HEALTHY,UNPLANNED_PUMP_FAILURE,41476.97,3050.32,38426.65,12.6,0,0.0,0,HOLD/RESCHEDULE_DUE_TO_OUTAGE
CP-0002438,2024-05-10,SIMULATED_HISTORY,Nairobi,AGO,WATCH,NORMAL,30090.87,2895.38,27195.48,9.39,1,16000.0,0,CREATE_PIPELINE_BATCH
CP-0002439,2024-05-16,SIMULATED_HISTORY,Nairobi,AGO,WATCH,NORMAL,29451.3,2841.95,26609.35,9.36,1,16000.0,0,CREATE_PIPELINE_BATCH
CP-0002440,2024-05-21,SIMULATED_HISTORY,Nairobi,AGO,WATCH,NORMAL,31528.84,2953.19,28575.65,9.68,1,16000.0,0,CREATE_PIPELINE_BATCH
CP-0002441,2024-05-25,SIMULATED_HISTORY,Nairobi,AGO,HEALTHY,DATA_LATENCY_INCIDENT,35452.15,2398.37,33053.78,13.78,0,0.0,0,NONE
CP-0002442,2024-05-27,SIMULATED_HISTORY,Nairobi,AGO,WATCH,NORMAL,30727.76,2681.2,28046.56,10.46,1,16000.0,0,CREATE_PIPELINE_BATCH
CP-0002443,2024-06-02,SIMULATED_HISTORY,Nairobi,AGO,WATCH,NORMAL,30197.41,2294.65,27902.76,12.16,1,16000.0,0,CREATE_PIPELINE_BATCH
CP-0002444,2024-06-08,SIMULATED_HISTORY,Nairobi,AGO,WATCH,NORMAL,30846.22,2321.98,28524.24,12.28,1,16000.0,0,CREATE_PIPELINE_BATCH
CP-0002445,2024-06-15,SIMULATED_HISTORY,Nairobi,AGO,WATCH,NORMAL,28860.12,2369.68,26490.44,11.18,1,16000.0,0,CREATE_PIPELINE_BATCH
CP-0002446,2024-06-21,SIMULATED_HISTORY,Nairobi,AGO,WATCH,NORMAL,29801.36,2713.61,27087.75,9.98,1,16000.0,0,CREATE_PIPELINE_BATCH
CP-0002447,2024-06-27,SIMULATED_HISTORY,Nairobi,AGO,WATCH,NORMAL,30796.68,2653.8,28142.88,10.6,1,16000.0,0,CREATE_PIPELINE_BATCH
CP-0002448,2024-07-03,SIMULATED_HISTORY,Nairobi,AGO,WATCH,NORMAL,31352.4,2827.19,28525.21,10.09,1,16000.0,0,CREATE_PIPELINE_BATCH
CP-0002449,2024-07-10,SIMULATED_HISTORY,Nairobi,AGO,WATCH,NORMAL,28822.53,2769.72,26052.81,9.41,1,16000.0,0,CREATE_PIPELINE_BATCH
CP-0002450,2024-07-16,SIMULATED_HISTORY,Nairobi,AGO,WATCH,NORMAL,28681.46,2831.84,25849.62,9.13,1,16000.0,0,CREATE_PIPELINE_BATCH
CP-0002451,2024-07-17,SIMULATED_HISTORY,Nairobi,AGO,HEALTHY,LOADING_BAY_OUTAGE,25849.62,2949.21,38900.41,13.19,0,0.0,0,NONE
CP-0002452,2024-07-21,SIMULATED_HISTORY,Nairobi,AGO,WATCH,NORMAL,30342.97,2141.07,28201.89,13.17,1,16000.0,0,CREATE_PIPELINE_BATCH
CP-0002453,2024-07-27,SIMULATED_HISTORY,Nairobi,AGO,WATCH,NORMAL,29984.84,2618.55,27366.29,10.45,1,16000.0,0,CREATE_PIPELINE_BATCH
CP-0002454,2024-08-02,SIMULATED_HISTORY,Nairobi,AGO,WATCH,NORMAL,29370.93,3035.89,26335.04,8.67,1,16000.0,0,CREATE_PIPELINE_BATCH
CP-0002455,2024-08-08,SIMULATED_HISTORY,Nairobi,AGO,WATCH,NORMAL,29379.35,2897.51,26481.84,9.14,1,16000.0,0,CREATE_PIPELINE_BATCH
CP-0002456,2024-08-14,SIMULATED_HISTORY,Nairobi,AGO,WATCH,NORMAL,29493.89,2635.14,26858.75,10.19,1,16000.0,0,CREATE_PIPELINE_BATCH
CP-0002457,2024-08-20,SIMULATED_HISTORY,Nairobi,AGO,WATCH,NORMAL,29230.92,2721.89,26509.02,9.74,1,16000.0,0,CREATE_PIPELINE_BATCH
CP-0002458,2024-08-22,SIMULATED_HISTORY,Nairobi,AGO,WATCH,PLANNED_PIPELINE_MAINTENANCE,23720.01,2871.0,20849.01,7.26,0,0.0,0,HOLD/RESCHEDULE_DUE_TO_OUTAGE
CP-0002459,2024-08-26,SIMULATED_HISTORY,Nairobi,AGO,WATCH,NORMAL,29247.86,3045.52,26202.34,8.6,1,16000.0,0,CREATE_PIPELINE_BATCH
CP-0002460,2024-08-31,SIMULATED_HISTORY,Nairobi,AGO,WATCH,NORMAL,29573.57,2643.72,26929.85,10.19,1,16000.0,0,CREATE_PIPELINE_BATCH
CP-0002461,2024-09-06,SIMULATED_HISTORY,Nairobi,AGO,WATCH,NORMAL,29713.77,2904.16,26809.61,9.23,1,16000.0,0,CREATE_PIPELINE_BATCH
CP-0002462,2024-09-11,SIMULATED_HISTORY,Nairobi,AGO,HEALTHY,UNPLANNED_PUMP_FAILURE,32566.85,2824.31,29742.54,10.53,0,0.0,0,HOLD/RESCHEDULE_DUE_TO_OUTAGE
CP-0002463,2024-09-12,SIMULATED_HISTORY,Nairobi,AGO,WATCH,NORMAL,29742.54,2420.91,27321.64,11.29,1,16000.0,0,CREATE_PIPELINE_BATCH
CP-0002464,2024-09-18,SIMULATED_HISTORY,Nairobi,AGO,WATCH,NORMAL,31091.18,2649.91,28441.27,10.73,1,16000.0,0,CREATE_PIPELINE_BATCH
CP-0002465,2024-09-24,SIMULATED_HISTORY,Nairobi,AGO,WATCH,NORMAL,30901.15,2698.75,28202.4,10.45,1,16000.0,0,CREATE_PIPELINE_BATCH
CP-0002466,2024-09-28,SIMULATED_HISTORY,Nairobi,AGO,HEALTHY,DATA_LATENCY_INCIDENT,35657.13,2422.26,33234.87,13.72,0,0.0,0,NONE
CP-0002467,2024-09-30,SIMULATED_HISTORY,Nairobi,AGO,WATCH,LOADING_BAY_OUTAGE,30951.88,2548.74,28403.14,11.14,1,16000.0,0,CREATE_PIPELINE_BATCH
CP-0002468,2024-10-06,SIMULATED_HISTORY,Nairobi,AGO,WATCH,NORMAL,29323.08,2617.44,26705.65,10.2,1,16000.0,0,CREATE_PIPELINE_BATCH
CP-0002469,2024-10-11,SIMULATED_HISTORY,Nairobi,AGO,WATCH,NORMAL,30132.93,3353.14,26779.79,7.99,1,16000.0,0,CREATE_PIPELINE_BATCH
CP-0002470,2024-10-16,SIMULATED_HISTORY,Nairobi,AGO,WATCH,NORMAL,30603.52,3632.25,26971.27,7.43,1,16000.0,0,CREATE_PIPELINE_BATCH
CP-0002471,2024-10-21,SIMULATED_HISTORY,Nairobi,AGO,WATCH,NORMAL,30565.67,3196.06,27369.61,8.56,1,16000.0,0,CREATE_PIPELINE_BATCH
CP-0002472,2024-10-25,SIMULATED_HISTORY,Nairobi,AGO,HEALTHY,PLANNED_PIPELINE_MAINTENANCE,34250.65,3088.51,31162.14,10.09,0,0.0,0,HOLD/RESCHEDULE_DUE_TO_OUTAGE
CP-0002473,2024-10-26,SIMULATED_HISTORY,Nairobi,AGO,WATCH,PLANNED_PIPELINE_MAINTENANCE,31162.14,3086.66,28075.48,9.1,1,16000.0,0,CREATE_PIPELINE_BATCH+OUTAGE
CP-0002474,2024-11-01,SIMULATED_HISTORY,Nairobi,AGO,WATCH,NORMAL,28759.89,2842.8,25917.09,9.12,1,16000.0,0,CREATE_PIPELINE_BATCH
CP-0002475,2024-11-07,SIMULATED_HISTORY,Nairobi,AGO,WATCH,NORMAL,29045.79,2556.69,26489.1,10.36,1,16000.0,0,CREATE_PIPELINE_BATCH
CP-0002476,2024-11-13,SIMULATED_HISTORY,Nairobi,AGO,WATCH,LOADING_BAY_OUTAGE,29805.11,2733.55,27071.56,9.9,1,16000.0,0,CREATE_PIPELINE_BATCH
CP-0002477,2024-11-19,SIMULATED_HISTORY,Nairobi,AGO,WATCH,NORMAL,30313.04,2513.99,27799.05,11.06,1,16000.0,0,CREATE_PIPELINE_BATCH
CP-0002478,2024-11-25,SIMULATED_HISTORY,Nairobi,AGO,WATCH,NORMAL,30980.44,2785.11,28195.33,10.12,1,16000.0,0,CREATE_PIPELINE_BATCH
CP-0002479,2024-12-01,SIMULATED_HISTORY,Nairobi,AGO,WATCH,NORMAL,30878.16,2321.57,28556.59,12.3,1,16000.0,0,CREATE_PIPELINE_BATCH
CP-0002480,2024-12-07,SIMULATED_HISTORY,Nairobi,AGO,WATCH,NORMAL,30055.04,2797.34,27257.69,9.74,1,16000.0,0,CREATE_PIPELINE_BATCH
CP-0002481,2024-12-13,SIMULATED_HISTORY,Nairobi,AGO,WATCH,NORMAL,29411.21,3040.3,26370.91,8.67,1,16000.0,0,CREATE_PIPELINE_BATCH
CP-0002482,2024-12-14,SIMULATED_HISTORY,Nairobi,AGO,HEALTHY,LOADING_BAY_OUTAGE,26370.91,2632.93,39737.98,15.09,0,0.0,0,NONE
CP-0002483,2024-12-18,SIMULATED_HISTORY,Nairobi,AGO,WATCH,NORMAL,31160.43,2777.13,28383.3,10.22,1,16000.0,0,CREATE_PIPELINE_BATCH
CP-0002484,2024-12-24,SIMULATED_HISTORY,Nairobi,AGO,WATCH,NORMAL,30824.74,3101.94,27722.8,8.94,1,16000.0,0,CREATE_PIPELINE_BATCH
CP-0002485,2024-12-30,SIMULATED_HISTORY,Nairobi,AGO,WATCH,NORMAL,30375.26,2707.84,27667.42,10.22,1,16000.0,0,CREATE_PIPELINE_BATCH
CP-0002486,2025-01-04,SIMULATED_HISTORY,Nairobi,AGO,WATCH,NORMAL,31122.9,2894.71,28228.18,9.75,1,16000.0,0,CREATE_PIPELINE_BATCH
CP-0002487,2025-01-10,SIMULATED_HISTORY,Nairobi,AGO,WATCH,NORMAL,28931.18,3306.4,25624.78,7.75,1,16000.0,0,CREATE_PIPELINE_BATCH
CP-0002488,2025-01-15,SIMULATED_HISTORY,Nairobi,AGO,WATCH,NORMAL,29903.73,3212.25,26691.49,8.31,1,16000.0,0,CREATE_PIPELINE_BATCH
CP-0002489,2025-01-20,SIMULATED_HISTORY,Nairobi,AGO,WATCH,NORMAL,31515.6,2987.94,28527.66,9.55,1,16000.0,0,CREATE_PIPELINE_BATCH
CP-0002490,2025-01-24,SIMULATED_HISTORY,Nairobi,AGO,HEALTHY,LOADING_BAY_OUTAGE,35530.93,2889.0,32641.93,11.3,0,0.0,0,NONE
CP-0002491,2025-01-26,SIMULATED_HISTORY,Nairobi,AGO,WATCH,NORMAL,29693.2,2488.61,27204.59,10.93,1,16000.0,0,CREATE_PIPELINE_BATCH
CP-0002492,2025-01-31,SIMULATED_HISTORY,Nairobi,AGO,WATCH,NORMAL,30433.71,3078.98,27354.72,8.88,1,16000.0,0,CREATE_PIPELINE_BATCH
CP-0002493,2025-02-06,SIMULATED_HISTORY,Nairobi,AGO,WATCH,NORMAL,30050.65,3058.88,26991.77,8.82,1,16000.0,0,CREATE_PIPELINE_BATCH
CP-0002494,2025-02-12,SIMULATED_HISTORY,Nairobi,AGO,WATCH,NORMAL,29476.22,2930.67,26545.55,9.06,1,16000.0,0,CREATE_PIPELINE_BATCH
CP-0002495,2025-02-18,SIMULATED_HISTORY,Nairobi,AGO,WATCH,NORMAL,28961.77,3108.3,25853.47,8.32,1,16000.0,0,CREATE_PIPELINE_BATCH
CP-0002496,2025-02-19,SIMULATED_HISTORY,Nairobi,AGO,WATCH,LOADING_BAY_OUTAGE,25853.47,3002.41,22851.06,7.61,0,0.0,0,NONE
CP-0002497,2025-02-23,SIMULATED_HISTORY,Nairobi,AGO,WATCH,NORMAL,30508.06,2501.19,28006.87,11.2,1,16000.0,0,CREATE_PIPELINE_BATCH
CP-0002498,2025-03-01,SIMULATED_HISTORY,Nairobi,AGO,WATCH,NORMAL,29784.7,3004.41,26780.29,8.91,1,16000.0,0,CREATE_PIPELINE_BATCH
CP-0002499,2025-03-06,SIMULATED_HISTORY,Nairobi,AGO,WATCH,NORMAL,31306.6,2865.26,28441.34,9.93,1,16000.0,0,CREATE_PIPELINE_BATCH
CP-0002500,2025-03-12,SIMULATED_HISTORY,Nairobi,AGO,WATCH,NORMAL,30213.44,3114.56,27098.87,8.7,1,16000.0,0,CREATE_PIPELINE_BATCH
CP-0002501,2025-03-18,SIMULATED_HISTORY,Nairobi,AGO,WATCH,NORMAL,29008.64,2925.99,26082.65,8.91,1,16000.0,0,CREATE_PIPELINE_BATCH
CP-0002502,2025-03-23,SIMULATED_HISTORY,Nairobi,AGO,WATCH,NORMAL,30289.62,2546.74,27742.88,10.89,1,16000.0,0,CREATE_PIPELINE_BATCH
CP-0002503,2025-03-28,SIMULATED_HISTORY,Nairobi,AGO,WATCH,NORMAL,31878.72,3375.92,28502.8,8.44,1,16000.0,0,CREATE_PIPELINE_BATCH
CP-0002504,2025-04-01,SIMULATED_HISTORY,Nairobi,AGO,HEALTHY,UNPLANNED_PUMP_FAILURE,36169.52,2726.08,33443.44,12.27,0,0.0,0,HOLD/RESCHEDULE_DUE_TO_OUTAGE
CP-0002505,2025-04-03,SIMULATED_HISTORY,Nairobi,AGO,WATCH,NORMAL,30351.03,2981.01,27370.02,9.18,1,16000.0,0,CREATE_PIPELINE_BATCH
CP-0002506,2025-04-08,SIMULATED_HISTORY,Nairobi,AGO,WATCH,NORMAL,31299.42,2953.82,28345.6,9.6,1,16000.0,0,CREATE_PIPELINE_BATCH
CP-0002507,2025-04-14,SIMULATED_HISTORY,Nairobi,AGO,WATCH,NORMAL,29398.58,3070.53,26328.05,8.57,1,16000.0,0,CREATE_PIPELINE_BATCH
CP-0002508,2025-04-19,SIMULATED_HISTORY,Nairobi,AGO,WATCH,NORMAL,29962.19,2904.6,27057.59,9.32,1,16000.0,0,CREATE_PIPELINE_BATCH
CP-0002509,2025-04-24,SIMULATED_HISTORY,Nairobi,AGO,WATCH,NORMAL,31338.76,2853.32,28485.43,9.98,1,16000.0,0,CREATE_PIPELINE_BATCH
CP-0002510,2025-04-30,SIMULATED_HISTORY,Nairobi,AGO,WATCH,NORMAL,29877.01,3218.33,26658.69,8.28,1,16000.0,0,CREATE_PIPELINE_BATCH
CP-0002511,2025-05-01,SIMULATED_HISTORY,Nairobi,AGO,HEALTHY,LOADING_BAY_OUTAGE,26658.69,3425.61,39233.08,11.45,0,0.0,0,NONE
CP-0002512,2025-05-05,SIMULATED_HISTORY,Nairobi,AGO,WATCH,NORMAL,30424.73,2950.23,27474.49,9.31,1,16000.0,0,CREATE_PIPELINE_BATCH
CP-0002513,2025-05-10,SIMULATED_HISTORY,Nairobi,AGO,WATCH,NORMAL,29921.03,2913.86,27007.17,9.27,1,16000.0,0,CREATE_PIPELINE_BATCH
CP-0002514,2025-05-15,SIMULATED_HISTORY,Nairobi,AGO,WATCH,NORMAL,31155.85,3205.54,27950.31,8.72,1,16000.0,0,CREATE_PIPELINE_BATCH
CP-0002515,2025-05-21,SIMULATED_HISTORY,Nairobi,AGO,WATCH,PLANNED_PIPELINE_MAINTENANCE,28686.71,2823.17,25863.54,9.16,1,16000.0,0,CREATE_PIPELINE_BATCH+OUTAGE
CP-0002516,2025-05-26,SIMULATED_HISTORY,Nairobi,AGO,WATCH,NORMAL,30305.02,2900.78,27404.24,9.45,1,16000.0,0,CREATE_PIPELINE_BATCH
CP-0002517,2025-05-31,SIMULATED_HISTORY,Nairobi,AGO,WATCH,NORMAL,30692.53,2736.84,27955.69,10.21,1,16000.0,0,CREATE_PIPELINE_BATCH
CP-0002518,2025-06-06,SIMULATED_HISTORY,Nairobi,AGO,WATCH,NORMAL,30090.41,2918.27,27172.14,9.31,1,16000.0,0,CREATE_PIPELINE_BATCH
CP-0002519,2025-06-09,SIMULATED_HISTORY,Nairobi,AGO,HEALTHY,PLANNED_PIPELINE_MAINTENANCE,38457.43,2830.91,35626.52,12.58,0,0.0,0,HOLD/RESCHEDULE_DUE_TO_OUTAGE
CP-0002520,2025-06-10,SIMULATED_HISTORY,Nairobi,AGO,HEALTHY,PLANNED_PIPELINE_MAINTENANCE,35626.52,2743.87,32882.65,11.98,0,0.0,0,HOLD/RESCHEDULE_DUE_TO_OUTAGE
CP-0002521,2025-06-12,SIMULATED_HISTORY,Nairobi,AGO,WATCH,NORMAL,29735.34,3203.39,26531.95,8.28,1,16000.0,0,CREATE_PIPELINE_BATCH
CP-0002522,2025-06-17,SIMULATED_HISTORY,Nairobi,AGO,WATCH,NORMAL,31595.87,3124.42,28471.45,9.11,1,16000.0,0,CREATE_PIPELINE_BATCH
CP-0002523,2025-06-23,SIMULATED_HISTORY,Nairobi,AGO,WATCH,NORMAL,31012.6,2879.36,28133.24,9.77,1,16000.0,0,CREATE_PIPELINE_BATCH
CP-0002524,2025-06-29,SIMULATED_HISTORY,Nairobi,AGO,WATCH,NORMAL,30043.78,2523.9,27519.88,10.9,1,16000.0,0,CREATE_PIPELINE_BATCH
CP-0002525,2025-07-04,SIMULATED_HISTORY,Nairobi,AGO,WATCH,NORMAL,30844.3,3295.66,27548.64,8.36,1,16000.0,0,CREATE_PIPELINE_BATCH
CP-0002526,2025-07-10,SIMULATED_HISTORY,Nairobi,AGO,WATCH,NORMAL,29277.59,2895.97,26381.63,9.11,1,16000.0,0,CREATE_PIPELINE_BATCH
CP-0002527,2025-07-15,SIMULATED_HISTORY,Nairobi,AGO,WATCH,NORMAL,31133.34,3029.55,28103.79,9.28,1,16000.0,0,CREATE_PIPELINE_BATCH
CP-0002528,2025-07-21,SIMULATED_HISTORY,Nairobi,AGO,WATCH,NORMAL,29678.17,2899.21,26778.96,9.24,1,16000.0,0,CREATE_PIPELINE_BATCH
CP-0002529,2025-07-26,SIMULATED_HISTORY,Nairobi,AGO,WATCH,NORMAL,30882.48,2633.5,28248.99,10.73,1,16000.0,0,CREATE_PIPELINE_BATCH
CP-0002530,2025-08-01,SIMULATED_HISTORY,Nairobi,AGO,WATCH,NORMAL,29526.78,3361.68,26165.1,7.78,1,16000.0,0,CREATE_PIPELINE_BATCH
CP-0002531,2025-08-05,SIMULATED_HISTORY,Nairobi,AGO,HEALTHY,DATA_LATENCY_INCIDENT,34114.42,2976.33,31138.09,10.46,0,0.0,0,NONE
CP-0002532,2025-08-06,SIMULATED_HISTORY,Nairobi,AGO,WATCH,NORMAL,31138.09,2951.76,28186.33,9.55,1,16000.0,0,CREATE_PIPELINE_BATCH
CP-0002533,2025-08-12,SIMULATED_HISTORY,Nairobi,AGO,WATCH,NORMAL,29623.34,2855.13,26768.21,9.38,1,16000.0,0,CREATE_PIPELINE_BATCH
CP-0002534,2025-08-14,SIMULATED_HISTORY,Nairobi,AGO,HEALTHY,LOADING_BAY_OUTAGE;UNPLANNED_PUMP_FAILURE,39865.14,2965.98,36899.16,12.44,0,0.0,0,HOLD/RESCHEDULE_DUE_TO_OUTAGE
CP-0002535,2025-08-18,SIMULATED_HISTORY,Nairobi,AGO,WATCH,NORMAL,28776.18,3047.92,25728.26,8.44,1,16000.0,0,CREATE_PIPELINE_BATCH
CP-0002536,2025-08-23,SIMULATED_HISTORY,Nairobi,AGO,WATCH,NORMAL,29849.52,2849.13,27000.4,9.48,1,16000.0,0,CREATE_PIPELINE_BATCH
CP-0002537,2025-08-28,SIMULATED_HISTORY,Nairobi,AGO,WATCH,NORMAL,30820.93,3191.61,27629.32,8.66,1,16000.0,0,CREATE_PIPELINE_BATCH
CP-0002538,2025-09-03,SIMULATED_HISTORY,Nairobi,AGO,WATCH,NORMAL,28707.59,2831.25,25876.34,9.14,1,16000.0,0,CREATE_PIPELINE_BATCH
CP-0002539,2025-09-08,SIMULATED_HISTORY,Nairobi,AGO,WATCH,NORMAL,30579.87,3079.14,27500.74,8.93,1,16000.0,0,CREATE_PIPELINE_BATCH
CP-0002540,2025-09-13,SIMULATED_HISTORY,Nairobi,AGO,HEALTHY,DATA_LATENCY_INCIDENT,31311.24,2657.08,28654.16,10.78,0,0.0,0,NONE
CP-0002541,2025-09-14,SIMULATED_HISTORY,Nairobi,AGO,WATCH,NORMAL,28654.16,2287.39,26366.78,11.53,1,16000.0,0,CREATE_PIPELINE_BATCH
CP-0002542,2025-09-19,SIMULATED_HISTORY,Nairobi,AGO,WATCH,NORMAL,30702.61,3075.12,27627.48,8.98,1,16000.0,0,CREATE_PIPELINE_BATCH
CP-0002543,2025-09-25,SIMULATED_HISTORY,Nairobi,AGO,WATCH,NORMAL,29866.54,2558.06,27308.48,10.68,1,16000.0,0,CREATE_PIPELINE_BATCH
CP-0002544,2025-10-01,SIMULATED_HISTORY,Nairobi,AGO,WATCH,NORMAL,29820.76,3198.87,26621.89,8.32,1,16000.0,0,CREATE_PIPELINE_BATCH
CP-0002545,2025-10-06,SIMULATED_HISTORY,Nairobi,AGO,WATCH,NORMAL,29922.36,3221.62,26700.73,8.29,1,16000.0,0,CREATE_PIPELINE_BATCH
CP-0002546,2025-10-07,SIMULATED_HISTORY,Nairobi,AGO,HEALTHY,LOADING_BAY_OUTAGE,26700.73,3338.96,39361.78,11.79,0,0.0,0,NONE
CP-0002547,2025-10-11,SIMULATED_HISTORY,Nairobi,AGO,WATCH,NORMAL,29159.59,3057.94,26101.66,8.54,1,16000.0,0,CREATE_PIPELINE_BATCH
CP-0002548,2025-10-16,SIMULATED_HISTORY,Nairobi,AGO,WATCH,NORMAL,29823.07,3287.49,26535.58,8.07,1,16000.0,0,CREATE_PIPELINE_BATCH
CP-0002549,2025-10-21,SIMULATED_HISTORY,Nairobi,AGO,WATCH,NORMAL,29943.22,3085.41,26857.82,8.7,1,16000.0,0,CREATE_PIPELINE_BATCH
CP-0002550,2025-10-26,SIMULATED_HISTORY,Nairobi,AGO,WATCH,NORMAL,29628.7,2769.51,26859.19,9.7,1,16000.0,0,CREATE_PIPELINE_BATCH
CP-0002551,2025-10-31,SIMULATED_HISTORY,Nairobi,AGO,WATCH,NORMAL,29923.82,3349.21,26574.62,7.93,1,16000.0,0,CREATE_PIPELINE_BATCH
CP-0002552,2025-11-06,SIMULATED_HISTORY,Nairobi,AGO,WATCH,NORMAL,29071.29,2943.97,26127.31,8.87,1,16000.0,0,CREATE_PIPELINE_BATCH
CP-0002553,2025-11-11,SIMULATED_HISTORY,Nairobi,AGO,WATCH,UNPLANNED_PUMP_FAILURE,31258.33,2946.98,28311.35,9.61,1,16000.0,0,CREATE_PIPELINE_BATCH+OUTAGE
CP-0002554,2025-11-17,SIMULATED_HISTORY,Nairobi,AGO,WATCH,NORMAL,30355.4,2941.92,27413.48,9.32,1,16000.0,0,CREATE_PIPELINE_BATCH
CP-0002555,2025-11-23,SIMULATED_HISTORY,Nairobi,AGO,WATCH,NORMAL,28927.72,2163.6,26764.12,12.37,1,16000.0,0,CREATE_PIPELINE_BATCH
CP-0002556,2025-11-29,SIMULATED_HISTORY,Nairobi,AGO,WATCH,NORMAL,28617.21,2938.73,25678.48,8.74,1,16000.0,0,CREATE_PIPELINE_BATCH
CP-0002557,2025-12-04,SIMULATED_HISTORY,Nairobi,AGO,WATCH,NORMAL,30110.94,2812.25,27298.68,9.71,1,16000.0,0,CREATE_PIPELINE_BATCH
CP-0002558,2025-12-09,SIMULATED_HISTORY,Nairobi,AGO,WATCH,NORMAL,31428.99,3038.11,28390.88,9.34,1,16000.0,0,CREATE_PIPELINE_BATCH
CP-0002559,2025-12-15,SIMULATED_HISTORY,Nairobi,AGO,WATCH,NORMAL,29743.38,2722.96,27020.42,9.92,1,16000.0,0,CREATE_PIPELINE_BATCH
CP-0002560,2025-12-20,SIMULATED_HISTORY,Nairobi,AGO,WATCH,NORMAL,30540.26,2533.63,28006.63,11.05,1,16000.0,0,CREATE_PIPELINE_BATCH
CP-0002561,2025-12-25,SIMULATED_HISTORY,Nairobi,AGO,WATCH,NORMAL,31411.94,2964.97,28446.97,9.59,1,16000.0,0,CREATE_PIPELINE_BATCH
CP-0002562,2025-12-31,SIMULATED_HISTORY,Nairobi,AGO,WATCH,NORMAL,29618.27,3250.73,26367.54,8.11,1,16000.0,0,CREATE_PIPELINE_BATCH
CP-0002563,2026-01-05,SIMULATED_HISTORY,Nairobi,AGO,WATCH,NORMAL,29293.82,3384.56,25909.26,7.66,1,16000.0,0,CREATE_PIPELINE_BATCH
CP-0002564,2026-01-09,SIMULATED_HISTORY,Nairobi,AGO,WATCH,NORMAL,32023.53,3819.03,28204.5,7.39,1,16000.0,0,CREATE_PIPELINE_BATCH
CP-0002565,2026-01-14,SIMULATED_HISTORY,Nairobi,AGO,WATCH,NORMAL,31812.46,3474.35,28338.11,8.16,1,16000.0,0,CREATE_PIPELINE_BATCH
CP-0002566,2026-01-19,SIMULATED_HISTORY,Nairobi,AGO,WATCH,NORMAL,31704.2,3466.24,28237.97,8.15,1,16000.0,0,CREATE_PIPELINE_BATCH
CP-0002567,2026-01-24,SIMULATED_HISTORY,Nairobi,AGO,WATCH,NORMAL,30615.99,3018.35,27597.64,9.14,1,16000.0,0,CREATE_PIPELINE_BATCH
CP-0002568,2026-01-29,SIMULATED_HISTORY,Nairobi,AGO,WATCH,NORMAL,30954.43,3119.76,27834.67,8.92,1,16000.0,0,CREATE_PIPELINE_BATCH
CP-0002569,2026-02-03,SIMULATED_HISTORY,Nairobi,AGO,WATCH,NORMAL,31350.64,3201.48,28149.15,8.79,1,16000.0,0,CREATE_PIPELINE_BATCH
CP-0002570,2026-02-09,SIMULATED_HISTORY,Nairobi,AGO,WATCH,NORMAL,30070.42,2973.25,27097.17,9.11,1,16000.0,0,CREATE_PIPELINE_BATCH
CP-0002571,2026-02-11,SIMULATED_HISTORY,Nairobi,AGO,HEALTHY,LOADING_BAY_OUTAGE,40238.23,3211.2,37027.03,11.53,0,0.0,0,NONE
CP-0002572,2026-02-15,SIMULATED_HISTORY,Nairobi,AGO,WATCH,NORMAL,28638.63,2642.87,25995.76,9.84,1,16000.0,0,CREATE_PIPELINE_BATCH
CP-0002573,2026-02-20,SIMULATED_HISTORY,Nairobi,AGO,WATCH,NORMAL,29431.14,3194.32,26236.82,8.21,1,16000.0,0,CREATE_PIPELINE_BATCH
CP-0002574,2026-02-24,SIMULATED_HISTORY,Nairobi,AGO,HEALTHY,UNPLANNED_PUMP_FAILURE,33910.0,3074.99,30835.01,10.03,0,0.0,0,HOLD/RESCHEDULE_DUE_TO_OUTAGE
CP-0002575,2026-02-25,SIMULATED_HISTORY,Nairobi,AGO,WATCH,NORMAL,30835.01,2725.54,28109.47,10.31,1,16000.0,0,CREATE_PIPELINE_BATCH
CP-0002576,2026-03-02,SIMULATED_HISTORY,Nairobi,AGO,WATCH,NORMAL,32092.02,3557.91,28534.11,8.02,1,16000.0,0,CREATE_PIPELINE_BATCH
CP-0002577,2026-03-08,SIMULATED_HISTORY,Nairobi,AGO,WATCH,NORMAL,29102.74,2450.35,26652.4,10.88,1,16000.0,0,CREATE_PIPELINE_BATCH
CP-0002578,2026-03-13,SIMULATED_HISTORY,Nairobi,AGO,WATCH,NORMAL,30908.15,3508.7,27399.46,7.81,1,16000.0,0,CREATE_PIPELINE_BATCH
CP-0002579,2026-03-18,SIMULATED_HISTORY,Nairobi,AGO,WATCH,NORMAL,31454.1,3105.3,28348.8,9.13,1,16000.0,0,CREATE_PIPELINE_BATCH
CP-0002580,2026-03-24,SIMULATED_HISTORY,Nairobi,AGO,WATCH,NORMAL,28985.23,3134.24,25850.99,8.25,1,16000.0,0,CREATE_PIPELINE_BATCH
CP-0002581,2026-03-29,SIMULATED_HISTORY,Nairobi,AGO,WATCH,NORMAL,28641.16,2664.51,25976.65,9.75,1,16000.0,0,CREATE_PIPELINE_BATCH
CP-0002582,2026-04-03,SIMULATED_HISTORY,Nairobi,AGO,WATCH,NORMAL,29322.9,3513.83,25809.07,7.34,1,16000.0,0,CREATE_PIPELINE_BATCH
CP-0002583,2026-04-08,SIMULATED_HISTORY,Nairobi,AGO,WATCH,NORMAL,29381.96,2907.9,26474.06,9.1,1,16000.0,0,CREATE_PIPELINE_BATCH
CP-0002584,2026-04-11,SIMULATED_HISTORY,Nairobi,AGO,HEALTHY,LOADING_BAY_OUTAGE,35798.17,3082.86,32715.31,10.61,0,0.0,0,NONE
CP-0002585,2026-04-13,SIMULATED_HISTORY,Nairobi,AGO,WATCH,NORMAL,29740.46,3131.81,26608.65,8.5,1,16000.0,0,CREATE_PIPELINE_BATCH
CP-0002586,2026-04-18,SIMULATED_HISTORY,Nairobi,AGO,WATCH,NORMAL,29878.31,2852.4,27025.91,9.47,1,16000.0,0,CREATE_PIPELINE_BATCH
CP-0002587,2026-04-23,SIMULATED_HISTORY,Nairobi,AGO,WATCH,NORMAL,30973.36,3316.88,27656.48,8.34,1,16000.0,0,CREATE_PIPELINE_BATCH
CP-0002588,2026-04-28,SIMULATED_HISTORY,Nairobi,AGO,WATCH,NORMAL,31477.69,3182.26,28295.43,8.89,1,16000.0,0,CREATE_PIPELINE_BATCH
CP-0002589,2026-05-03,SIMULATED_HISTORY,Nairobi,AGO,WATCH,UNPLANNED_PUMP_FAILURE,30896.32,2851.62,28044.7,9.83,1,16000.0,0,CREATE_PIPELINE_BATCH+OUTAGE
CP-0002590,2026-05-08,SIMULATED_HISTORY,Nairobi,AGO,WATCH,NORMAL,31052.85,3418.6,27634.25,8.08,1,16000.0,0,CREATE_PIPELINE_BATCH
CP-0002591,2026-05-14,SIMULATED_HISTORY,Nairobi,AGO,WATCH,NORMAL,28743.65,3538.95,25204.69,7.12,1,16000.0,0,CREATE_PIPELINE_BATCH
CP-0002592,2026-05-19,SIMULATED_HISTORY,Nairobi,AGO,WATCH,NORMAL,29357.02,2864.22,26492.79,9.25,1,16000.0,0,CREATE_PIPELINE_BATCH
CP-0002593,2026-05-24,SIMULATED_HISTORY,Nairobi,AGO,WATCH,NORMAL,29429.6,2744.58,26685.01,9.72,1,16000.0,0,CREATE_PIPELINE_BATCH
CP-0002594,2026-05-29,SIMULATED_HISTORY,Nairobi,AGO,WATCH,NORMAL,29541.32,3400.28,26141.04,7.69,1,16000.0,0,CREATE_PIPELINE_BATCH
CP-0002595,2026-06-03,SIMULATED_HISTORY,Nairobi,AGO,WATCH,NORMAL,30588.59,2994.15,27594.45,9.22,1,16000.0,0,CREATE_PIPELINE_BATCH
CP-0002596,2026-06-08,SIMULATED_HISTORY,Nairobi,AGO,WATCH,NORMAL,31577.37,2987.96,28589.41,9.57,1,16000.0,0,CREATE_PIPELINE_BATCH
CP-0002597,2026-06-14,SIMULATED_HISTORY,Nairobi,AGO,WATCH,NORMAL,29521.4,2603.74,26917.66,10.34,1,16000.0,0,CREATE_PIPELINE_BATCH
CP-0002598,2026-06-16,SIMULATED_HISTORY,Nairobi,AGO,HEALTHY,UNPLANNED_PUMP_FAILURE,40004.02,3302.74,36701.28,11.11,0,0.0,0,HOLD/RESCHEDULE_DUE_TO_OUTAGE
CP-0002599,2026-06-19,SIMULATED_HISTORY,Nairobi,AGO,WATCH,NORMAL,30332.37,3409.86,26922.51,7.9,1,16000.0,0,CREATE_PIPELINE_BATCH
CP-0002600,2026-06-24,SIMULATED_HISTORY,Nairobi,AGO,WATCH,NORMAL,31528.54,3004.35,28524.18,9.49,1,16000.0,0,CREATE_PIPELINE_BATCH
CP-0002601,2026-06-25,SIMULATED_HISTORY,Nairobi,AGO,WATCH,PLANNED_PIPELINE_MAINTENANCE,28524.18,3042.46,25481.72,8.38,0,0.0,0,HOLD/RESCHEDULE_DUE_TO_OUTAGE
CP-0002602,2026-06-26,SIMULATED_HISTORY,Nairobi,AGO,WATCH,PLANNED_PIPELINE_MAINTENANCE,25481.72,3224.87,22256.85,6.9,0,0.0,0,HOLD/RESCHEDULE_DUE_TO_OUTAGE
CP-0002603,2026-06-30,SIMULATED_HISTORY,Nairobi,AGO,WATCH,NORMAL,30086.35,3060.57,27025.78,8.83,1,16000.0,0,CREATE_PIPELINE_BATCH
CP-0002604,2026-07-04,SIMULATED_HISTORY,Nairobi,AGO,HEALTHY,DATA_LATENCY_INCIDENT,33093.78,2885.33,30208.45,10.47,0,0.0,0,NONE
CP-0002605,2026-07-05,SIMULATED_HISTORY,Nairobi,AGO,WATCH,NORMAL,30208.45,2721.35,27487.11,10.1,1,16000.0,0,CREATE_PIPELINE_BATCH
CP-0002606,2026-07-10,SIMULATED_HISTORY,Nairobi,AGO,WATCH,NORMAL,30698.17,3245.67,27452.51,8.46,1,16000.0,0,CREATE_PIPELINE_BATCH
CP-0002607,2026-07-12,SIMULATED_HISTORY,Nairobi,AGO,HEALTHY,DATA_LATENCY_INCIDENT,40421.15,2730.22,37690.92,13.81,0,0.0,0,NONE
CP-0002608,2026-07-15,SIMULATED_HISTORY,Nairobi,AGO,WATCH,NORMAL,31251.87,3374.99,27876.88,8.26,1,16000.0,0,CREATE_PIPELINE_BATCH
CP-0002609,2026-07-20,SIMULATED_HISTORY,Nairobi,AGO,WATCH,NORMAL,31541.07,3184.66,28356.41,8.9,1,16000.0,0,CREATE_PIPELINE_BATCH
CP-0002610,2026-07-23,SIMULATED_HISTORY,Nairobi,AGO,HEALTHY,PLANNED_PIPELINE_MAINTENANCE,38103.14,3341.47,34761.67,10.4,0,0.0,0,HOLD/RESCHEDULE_DUE_TO_OUTAGE
CP-0002611,2026-07-25,SIMULATED_HISTORY,Nairobi,AGO,WATCH,NORMAL,31027.77,2837.84,28189.93,9.93,1,16000.0,0,CREATE_PIPELINE_BATCH
CP-0002612,2026-07-30,SIMULATED_HISTORY,Nairobi,AGO,WATCH,NORMAL,31906.62,3437.28,28469.34,8.28,1,16000.0,0,CREATE_PIPELINE_BATCH
CP-0002613,2026-08-05,SIMULATED_HISTORY,Nairobi,AGO,WATCH,NORMAL,28852.88,3305.27,25547.62,7.73,1,16000.0,0,CREATE_PIPELINE_BATCH
CP-0002614,2026-08-10,SIMULATED_HISTORY,Nairobi,AGO,WATCH,NORMAL,29331.35,2881.6,26449.75,9.18,1,16000.0,0,CREATE_PIPELINE_BATCH
CP-0002615,2026-08-15,SIMULATED_HISTORY,Nairobi,AGO,WATCH,NORMAL,29170.03,2760.46,26409.57,9.57,1,16000.0,0,CREATE_PIPELINE_BATCH
CP-0002616,2026-08-20,SIMULATED_HISTORY,Nairobi,AGO,WATCH,NORMAL,30062.33,3366.23,26696.11,7.93,1,16000.0,0,CREATE_PIPELINE_BATCH
CP-0002617,2026-08-25,SIMULATED_HISTORY,Nairobi,AGO,WATCH,NORMAL,30137.67,3403.77,26733.89,7.85,1,16000.0,0,CREATE_PIPELINE_BATCH
CP-0002618,2026-08-30,SIMULATED_HISTORY,Nairobi,AGO,WATCH,NORMAL,28899.27,2506.09,26393.18,10.53,1,16000.0,0,CREATE_PIPELINE_BATCH
CP-0002619,2026-09-04,SIMULATED_HISTORY,Nairobi,AGO,WATCH,NORMAL,30155.72,3363.65,26792.07,7.97,1,16000.0,0,CREATE_PIPELINE_BATCH
CP-0002620,2026-09-10,SIMULATED_HISTORY,Nairobi,AGO,WATCH,NORMAL,29050.9,2983.27,26067.63,8.74,1,16000.0,0,CREATE_PIPELINE_BATCH
CP-0002621,2026-09-15,SCENARIO_FUTURE,Nairobi,AGO,WATCH,NORMAL,30245.93,3149.48,27096.44,8.6,1,16000.0,0,CREATE_PIPELINE_BATCH
CP-0002622,2026-09-16,SCENARIO_FUTURE,Nairobi,AGO,HEALTHY,LOADING_BAY_OUTAGE,27096.44,2838.18,40258.26,14.18,0,0.0,0,NONE
CP-0002623,2026-09-20,SCENARIO_FUTURE,Nairobi,AGO,WATCH,NORMAL,30745.76,2817.03,27928.73,9.91,1,16000.0,0,CREATE_PIPELINE_BATCH
CP-0002624,2026-09-25,SCENARIO_FUTURE,Nairobi,AGO,WATCH,NORMAL,31732.44,3360.15,28372.29,8.44,1,16000.0,0,CREATE_PIPELINE_BATCH
CP-0002625,2026-09-28,SCENARIO_FUTURE,Nairobi,AGO,HEALTHY,LOADING_BAY_OUTAGE,39120.68,2908.94,36211.74,12.45,0,0.0,0,NONE
CP-0002626,2026-10-01,SCENARIO_FUTURE,Nairobi,AGO,WATCH,NORMAL,30359.18,3766.71,26592.48,7.06,1,16000.0,0,CREATE_PIPELINE_BATCH
CP-0002627,2026-10-06,SCENARIO_FUTURE,Nairobi,AGO,WATCH,NORMAL,28852.4,3558.14,25294.26,7.11,1,16000.0,0,CREATE_PIPELINE_BATCH
CP-0002628,2026-10-10,SCENARIO_FUTURE,Nairobi,AGO,WATCH,NORMAL,30468.46,3643.92,26824.54,7.36,1,16000.0,0,CREATE_PIPELINE_BATCH
CP-0002629,2026-10-15,SCENARIO_FUTURE,Nairobi,AGO,WATCH,NORMAL,29122.74,3669.47,25453.27,6.94,1,16000.0,0,CREATE_PIPELINE_BATCH
CP-0002630,2026-10-19,SCENARIO_FUTURE,Nairobi,AGO,WATCH,NORMAL,31638.99,3542.38,28096.61,7.93,1,16000.0,0,CREATE_PIPELINE_BATCH
CP-0002631,2026-10-21,SCENARIO_FUTURE,Nairobi,AGO,HEALTHY,LOADING_BAY_OUTAGE,40401.17,3662.87,36738.3,10.03,0,0.0,0,NONE
CP-0002632,2026-10-24,SCENARIO_FUTURE,Nairobi,AGO,WATCH,NORMAL,29531.41,3591.3,25940.11,7.22,1,16000.0,0,CREATE_PIPELINE_BATCH
CP-0002633,2026-10-28,SCENARIO_FUTURE,Nairobi,AGO,WATCH,NORMAL,31862.43,3863.26,27999.17,7.25,1,16000.0,0,CREATE_PIPELINE_BATCH
CP-0002634,2026-11-02,SCENARIO_FUTURE,Nairobi,AGO,WATCH,NORMAL,30477.74,2917.73,27560.02,9.45,1,16000.0,0,CREATE_PIPELINE_BATCH
CP-0002635,2026-11-07,SCENARIO_FUTURE,Nairobi,AGO,WATCH,NORMAL,31294.29,2906.95,28387.34,9.77,1,16000.0,0,CREATE_PIPELINE_BATCH
CP-0002636,2026-11-13,SCENARIO_FUTURE,Nairobi,AGO,WATCH,NORMAL,29845.98,3281.01,26564.96,8.1,1,16000.0,0,CREATE_PIPELINE_BATCH
CP-0002637,2026-11-18,SCENARIO_FUTURE,Nairobi,AGO,WATCH,NORMAL,31213.43,3399.39,27814.04,8.18,1,16000.0,0,CREATE_PIPELINE_BATCH
CP-0002638,2026-11-24,SCENARIO_FUTURE,Nairobi,AGO,WATCH,NORMAL,29291.91,3212.84,26079.07,8.12,1,16000.0,0,CREATE_PIPELINE_BATCH
CP-0002639,2026-11-29,SCENARIO_FUTURE,Nairobi,AGO,WATCH,NORMAL,29818.95,2695.36,27123.59,10.06,1,16000.0,0,CREATE_PIPELINE_BATCH
CP-0002640,2026-12-04,SCENARIO_FUTURE,Nairobi,AGO,WATCH,NORMAL,30484.32,3338.64,27145.69,8.13,1,16000.0,0,CREATE_PIPELINE_BATCH
CP-0002641,2026-12-09,SCENARIO_FUTURE,Nairobi,AGO,WATCH,NORMAL,30652.65,3356.17,27296.48,8.13,1,16000.0,0,CREATE_PIPELINE_BATCH
CP-0002642,2026-12-14,SCENARIO_FUTURE,Nairobi,AGO,WATCH,NORMAL,31203.26,3325.24,27878.02,8.38,1,16000.0,0,CREATE_PIPELINE_BATCH
CP-0002643,2026-12-19,SCENARIO_FUTURE,Nairobi,AGO,WATCH,NORMAL,30620.0,3032.37,27587.63,9.1,1,16000.0,0,CREATE_PIPELINE_BATCH
CP-0002644,2026-12-24,SCENARIO_FUTURE,Nairobi,AGO,WATCH,NORMAL,31794.78,3245.86,28548.91,8.8,1,16000.0,0,CREATE_PIPELINE_BATCH
CP-0002645,2026-12-30,SCENARIO_FUTURE,Nairobi,AGO,WATCH,NORMAL,28650.43,3042.54,25607.89,8.42,1,16000.0,0,CREATE_PIPELINE_BATCH
CP-0002646,2021-01-19,SIMULATED_HISTORY,Nairobi,DPK,HEALTHY,LOADING_BAY_OUTAGE,35573.47,67.45,35506.02,526.44,0,0.0,0,NONE
CP-0002647,2021-01-20,SIMULATED_HISTORY,Nairobi,DPK,HEALTHY,DATA_LATENCY_INCIDENT,35506.02,71.28,35434.74,497.1,0,0.0,0,NONE
CP-0002648,2021-01-24,SIMULATED_HISTORY,Nairobi,DPK,HEALTHY,LOADING_BAY_OUTAGE,35227.66,58.22,35169.44,604.12,0,0.0,0,NONE
CP-0002649,2021-05-02,SIMULATED_HISTORY,Nairobi,DPK,HEALTHY,UNPLANNED_PUMP_FAILURE,28629.24,52.89,28576.34,540.26,0,0.0,0,HOLD/RESCHEDULE_DUE_TO_OUTAGE
CP-0002650,2021-05-04,SIMULATED_HISTORY,Nairobi,DPK,HEALTHY,DATA_LATENCY_INCIDENT,28504.67,72.69,28431.98,391.15,0,0.0,0,NONE
CP-0002651,2021-05-19,SIMULATED_HISTORY,Nairobi,DPK,HEALTHY,PLANNED_PIPELINE_MAINTENANCE,27456.58,74.96,27381.62,365.27,0,0.0,0,HOLD/RESCHEDULE_DUE_TO_OUTAGE
CP-0002652,2021-05-20,SIMULATED_HISTORY,Nairobi,DPK,HEALTHY,PLANNED_PIPELINE_MAINTENANCE,27381.62,70.74,27310.87,386.05,0,0.0,0,HOLD/RESCHEDULE_DUE_TO_OUTAGE
CP-0002653,2021-06-28,SIMULATED_HISTORY,Nairobi,DPK,WATCH,NORMAL,24620.08,74.73,24545.35,328.45,1,16000.0,0,CREATE_PIPELINE_BATCH
CP-0002654,2021-07-28,SIMULATED_HISTORY,Nairobi,DPK,HEALTHY,LOADING_BAY_OUTAGE,38371.3,78.87,38292.42,485.49,0,0.0,0,NONE
CP-0002655,2021-08-02,SIMULATED_HISTORY,Nairobi,DPK,HEALTHY,UNPLANNED_PUMP_FAILURE,37989.06,64.0,37925.06,592.58,0,0.0,0,HOLD/RESCHEDULE_DUE_TO_OUTAGE
CP-0002656,2021-09-05,SIMULATED_HISTORY,Nairobi,DPK,HEALTHY,UNPLANNED_PUMP_FAILURE,35692.9,58.16,35634.75,612.74,0,0.0,0,HOLD/RESCHEDULE_DUE_TO_OUTAGE
CP-0002657,2021-11-20,SIMULATED_HISTORY,Nairobi,DPK,HEALTHY,LOADING_BAY_OUTAGE,30667.62,58.69,30608.93,521.53,0,0.0,0,NONE
CP-0002658,2021-12-09,SIMULATED_HISTORY,Nairobi,DPK,HEALTHY,LOADING_BAY_OUTAGE,29432.5,71.62,29360.88,409.98,0,0.0,0,NONE
CP-0002659,2021-12-12,SIMULATED_HISTORY,Nairobi,DPK,HEALTHY,PLANNED_PIPELINE_MAINTENANCE,29227.07,58.45,29168.62,499.05,0,0.0,0,HOLD/RESCHEDULE_DUE_TO_OUTAGE
CP-0002660,2022-02-13,SIMULATED_HISTORY,Nairobi,DPK,HEALTHY,PLANNED_PIPELINE_MAINTENANCE,24809.22,57.07,24752.16,433.74,0,0.0,0,HOLD/RESCHEDULE_DUE_TO_OUTAGE
CP-0002661,2022-02-16,SIMULATED_HISTORY,Nairobi,DPK,WATCH,NORMAL,24611.82,68.78,24543.04,356.83,1,16000.0,0,CREATE_PIPELINE_BATCH
CP-0002662,2022-03-10,SIMULATED_HISTORY,Nairobi,DPK,HEALTHY,DATA_LATENCY_INCIDENT,39108.02,71.36,39036.66,547.01,0,0.0,0,NONE
CP-0002663,2022-05-28,SIMULATED_HISTORY,Nairobi,DPK,HEALTHY,LOADING_BAY_OUTAGE,33532.68,65.24,33467.44,513.01,0,0.0,0,NONE
CP-0002664,2022-07-17,SIMULATED_HISTORY,Nairobi,DPK,HEALTHY,PLANNED_PIPELINE_MAINTENANCE,29701.21,67.92,29633.28,436.27,0,0.0,0,HOLD/RESCHEDULE_DUE_TO_OUTAGE
CP-0002665,2022-07-18,SIMULATED_HISTORY,Nairobi,DPK,HEALTHY,PLANNED_PIPELINE_MAINTENANCE,29633.28,75.53,29557.75,391.35,0,0.0,0,HOLD/RESCHEDULE_DUE_TO_OUTAGE
CP-0002666,2022-08-13,SIMULATED_HISTORY,Nairobi,DPK,HEALTHY,DATA_LATENCY_INCIDENT,27647.34,64.75,27582.59,425.96,0,0.0,0,NONE
CP-0002667,2022-09-26,SIMULATED_HISTORY,Nairobi,DPK,WATCH,NORMAL,24592.16,68.09,24524.07,360.17,1,16000.0,0,CREATE_PIPELINE_BATCH
CP-0002668,2022-09-30,SIMULATED_HISTORY,Nairobi,DPK,HEALTHY,LOADING_BAY_OUTAGE,40324.7,82.68,40242.02,486.7,0,0.0,0,NONE
CP-0002669,2022-10-03,SIMULATED_HISTORY,Nairobi,DPK,HEALTHY,LOADING_BAY_OUTAGE,40107.53,75.93,40031.61,527.24,0,0.0,0,NONE
CP-0002670,2022-11-13,SIMULATED_HISTORY,Nairobi,DPK,HEALTHY,LOADING_BAY_OUTAGE,37218.01,62.15,37155.86,597.83,0,0.0,0,NONE
CP-0002671,2022-11-15,SIMULATED_HISTORY,Nairobi,DPK,HEALTHY,UNPLANNED_PUMP_FAILURE,37088.52,72.64,37015.88,509.58,0,0.0,0,HOLD/RESCHEDULE_DUE_TO_OUTAGE
CP-0002672,2022-11-23,SIMULATED_HISTORY,Nairobi,DPK,HEALTHY,LOADING_BAY_OUTAGE,36540.88,66.74,36474.14,546.54,0,0.0,0,NONE
CP-0002673,2022-12-13,SIMULATED_HISTORY,Nairobi,DPK,HEALTHY,UNPLANNED_PUMP_FAILURE,35147.76,75.78,35071.99,462.84,0,0.0,0,HOLD/RESCHEDULE_DUE_TO_OUTAGE
CP-0002674,2023-01-21,SIMULATED_HISTORY,Nairobi,DPK,HEALTHY,DATA_LATENCY_INCIDENT,32323.3,65.8,32257.5,490.2,0,0.0,0,NONE
CP-0002675,2023-02-07,SIMULATED_HISTORY,Nairobi,DPK,HEALTHY,DATA_LATENCY_INCIDENT,31168.24,69.26,31098.98,448.99,0,0.0,0,NONE
CP-0002676,2023-03-25,SIMULATED_HISTORY,Nairobi,DPK,HEALTHY,PLANNED_PIPELINE_MAINTENANCE,28039.69,58.78,27980.91,476.04,0,0.0,0,HOLD/RESCHEDULE_DUE_TO_OUTAGE
CP-0002677,2023-05-02,SIMULATED_HISTORY,Nairobi,DPK,HEALTHY,LOADING_BAY_OUTAGE,25414.24,73.7,25340.55,343.85,0,0.0,0,NONE
CP-0002678,2023-05-03,SIMULATED_HISTORY,Nairobi,DPK,HEALTHY,PLANNED_PIPELINE_MAINTENANCE,25340.55,73.35,25267.2,344.47,0,0.0,0,HOLD/RESCHEDULE_DUE_TO_OUTAGE
CP-0002679,2023-05-13,SIMULATED_HISTORY,Nairobi,DPK,WATCH,NORMAL,24644.65,65.71,24578.94,374.07,1,16000.0,0,CREATE_PIPELINE_BATCH
CP-0002680,2023-05-30,SIMULATED_HISTORY,Nairobi,DPK,HEALTHY,UNPLANNED_PUMP_FAILURE,39470.31,74.78,39395.53,526.82,0,0.0,0,HOLD/RESCHEDULE_DUE_TO_OUTAGE
CP-0002681,2023-06-27,SIMULATED_HISTORY,Nairobi,DPK,HEALTHY,LOADING_BAY_OUTAGE,37433.98,76.11,37357.88,490.86,0,0.0,0,NONE
CP-0002682,2023-07-11,SIMULATED_HISTORY,Nairobi,DPK,HEALTHY,LOADING_BAY_OUTAGE,36382.3,80.11,36302.19,453.16,0,0.0,0,NONE
CP-0002683,2023-09-01,SIMULATED_HISTORY,Nairobi,DPK,HEALTHY,UNPLANNED_PUMP_FAILURE,32660.4,69.43,32590.97,469.41,0,0.0,0,HOLD/RESCHEDULE_DUE_TO_OUTAGE
CP-0002684,2023-09-13,SIMULATED_HISTORY,Nairobi,DPK,HEALTHY,LOADING_BAY_OUTAGE,31866.69,62.79,31803.91,506.55,0,0.0,0,NONE
CP-0002685,2023-10-11,SIMULATED_HISTORY,Nairobi,DPK,HEALTHY,LOADING_BAY_OUTAGE,29989.32,64.23,29925.09,465.91,0,0.0,0,NONE
CP-0002686,2023-12-12,SIMULATED_HISTORY,Nairobi,DPK,HEALTHY,UNPLANNED_PUMP_FAILURE,25769.76,72.39,25697.37,354.98,0,0.0,0,HOLD/RESCHEDULE_DUE_TO_OUTAGE
CP-0002687,2023-12-28,SIMULATED_HISTORY,Nairobi,DPK,WATCH,NORMAL,24644.85,76.08,24568.77,322.94,1,16000.0,0,CREATE_PIPELINE_BATCH
CP-0002688,2024-03-06,SIMULATED_HISTORY,Nairobi,DPK,HEALTHY,LOADING_BAY_OUTAGE,36050.14,66.14,35984.0,544.04,0,0.0,0,NONE
CP-0002689,2024-05-02,SIMULATED_HISTORY,Nairobi,DPK,HEALTHY,UNPLANNED_PUMP_FAILURE,32197.17,75.51,32121.66,425.39,0,0.0,0,HOLD/RESCHEDULE_DUE_TO_OUTAGE
CP-0002690,2024-05-06,SIMULATED_HISTORY,Nairobi,DPK,HEALTHY,UNPLANNED_PUMP_FAILURE,31914.26,68.41,31845.85,465.53,0,0.0,0,HOLD/RESCHEDULE_DUE_TO_OUTAGE
CP-0002691,2024-05-25,SIMULATED_HISTORY,Nairobi,DPK,HEALTHY,DATA_LATENCY_INCIDENT,30622.92,64.48,30558.43,473.89,0,0.0,0,NONE
CP-0002692,2024-07-17,SIMULATED_HISTORY,Nairobi,DPK,HEALTHY,LOADING_BAY_OUTAGE,26778.39,79.61,26698.78,335.37,0,0.0,0,NONE
CP-0002693,2024-08-17,SIMULATED_HISTORY,Nairobi,DPK,WATCH,NORMAL,24591.07,61.76,24529.31,397.15,1,16000.0,0,CREATE_PIPELINE_BATCH
CP-0002694,2024-08-22,SIMULATED_HISTORY,Nairobi,DPK,HEALTHY,PLANNED_PIPELINE_MAINTENANCE,40260.56,74.73,40185.83,537.74,0,0.0,0,HOLD/RESCHEDULE_DUE_TO_OUTAGE
CP-0002695,2024-09-11,SIMULATED_HISTORY,Nairobi,DPK,HEALTHY,UNPLANNED_PUMP_FAILURE,38929.76,68.89,38860.87,564.1,0,0.0,0,HOLD/RESCHEDULE_DUE_TO_OUTAGE
CP-0002696,2024-09-28,SIMULATED_HISTORY,Nairobi,DPK,HEALTHY,DATA_LATENCY_INCIDENT,37812.38,65.49,37746.89,576.38,0,0.0,0,NONE
CP-0002697,2024-09-30,SIMULATED_HISTORY,Nairobi,DPK,HEALTHY,LOADING_BAY_OUTAGE,37691.62,64.15,37627.48,586.57,0,0.0,0,NONE
CP-0002698,2024-10-25,SIMULATED_HISTORY,Nairobi,DPK,HEALTHY,PLANNED_PIPELINE_MAINTENANCE,35982.03,72.09,35909.94,498.14,0,0.0,0,HOLD/RESCHEDULE_DUE_TO_OUTAGE
CP-0002699,2024-10-26,SIMULATED_HISTORY,Nairobi,DPK,HEALTHY,PLANNED_PIPELINE_MAINTENANCE,35909.94,67.17,35842.77,533.61,0,0.0,0,HOLD/RESCHEDULE_DUE_TO_OUTAGE
CP-0002700,2024-11-13,SIMULATED_HISTORY,Nairobi,DPK,HEALTHY,LOADING_BAY_OUTAGE,34764.15,62.61,34701.54,554.24,0,0.0,0,NONE
CP-0002701,2024-12-14,SIMULATED_HISTORY,Nairobi,DPK,HEALTHY,LOADING_BAY_OUTAGE,32712.15,62.74,32649.41,520.42,0,0.0,0,NONE
CP-0002702,2025-01-24,SIMULATED_HISTORY,Nairobi,DPK,HEALTHY,LOADING_BAY_OUTAGE,29828.81,80.97,29747.84,367.41,0,0.0,0,NONE
CP-0002703,2025-02-19,SIMULATED_HISTORY,Nairobi,DPK,HEALTHY,LOADING_BAY_OUTAGE,28003.69,73.01,27930.68,382.56,0,0.0,0,NONE
CP-0002704,2025-04-01,SIMULATED_HISTORY,Nairobi,DPK,HEALTHY,UNPLANNED_PUMP_FAILURE,25061.88,73.63,24988.26,339.39,0,0.0,0,HOLD/RESCHEDULE_DUE_TO_OUTAGE
CP-0002705,2025-04-07,SIMULATED_HISTORY,Nairobi,DPK,WATCH,NORMAL,24633.93,75.87,24558.06,323.67,1,16000.0,0,CREATE_PIPELINE_BATCH
CP-0002706,2025-05-01,SIMULATED_HISTORY,Nairobi,DPK,HEALTHY,LOADING_BAY_OUTAGE,38857.1,65.79,38791.31,589.61,0,0.0,0,NONE
CP-0002707,2025-05-21,SIMULATED_HISTORY,Nairobi,DPK,HEALTHY,PLANNED_PIPELINE_MAINTENANCE,37407.26,69.43,37337.83,537.77,0,0.0,0,HOLD/RESCHEDULE_DUE_TO_OUTAGE
CP-0002708,2025-06-09,SIMULATED_HISTORY,Nairobi,DPK,HEALTHY,PLANNED_PIPELINE_MAINTENANCE,35991.19,77.26,35913.93,464.86,0,0.0,0,HOLD/RESCHEDULE_DUE_TO_OUTAGE
CP-0002709,2025-06-10,SIMULATED_HISTORY,Nairobi,DPK,HEALTHY,PLANNED_PIPELINE_MAINTENANCE,35913.93,79.75,35834.18,449.34,0,0.0,0,HOLD/RESCHEDULE_DUE_TO_OUTAGE
CP-0002710,2025-08-05,SIMULATED_HISTORY,Nairobi,DPK,HEALTHY,DATA_LATENCY_INCIDENT,31561.15,72.55,31488.6,434.05,0,0.0,0,NONE
CP-0002711,2025-08-14,SIMULATED_HISTORY,Nairobi,DPK,HEALTHY,LOADING_BAY_OUTAGE;UNPLANNED_PUMP_FAILURE,30911.15,78.29,30832.86,393.83,0,0.0,0,HOLD/RESCHEDULE_DUE_TO_OUTAGE
CP-0002712,2025-09-13,SIMULATED_HISTORY,Nairobi,DPK,HEALTHY,DATA_LATENCY_INCIDENT,28785.18,67.71,28717.47,424.1,0,0.0,0,NONE
CP-0002713,2025-10-07,SIMULATED_HISTORY,Nairobi,DPK,HEALTHY,LOADING_BAY_OUTAGE,27132.11,70.91,27061.2,381.63,0,0.0,0,NONE
CP-0002714,2025-11-11,SIMULATED_HISTORY,Nairobi,DPK,WATCH,UNPLANNED_PUMP_FAILURE,24627.47,72.55,24554.92,338.47,1,16000.0,0,CREATE_PIPELINE_BATCH+OUTAGE
CP-0002715,2026-02-11,SIMULATED_HISTORY,Nairobi,DPK,HEALTHY,LOADING_BAY_OUTAGE,33739.43,73.21,33666.22,459.85,0,0.0,0,NONE
CP-0002716,2026-02-24,SIMULATED_HISTORY,Nairobi,DPK,HEALTHY,UNPLANNED_PUMP_FAILURE,32800.38,72.18,32728.19,453.41,0,0.0,0,HOLD/RESCHEDULE_DUE_TO_OUTAGE
CP-0002717,2026-04-11,SIMULATED_HISTORY,Nairobi,DPK,HEALTHY,LOADING_BAY_OUTAGE,29260.16,69.66,29190.5,419.06,0,0.0,0,NONE
CP-0002718,2026-05-03,SIMULATED_HISTORY,Nairobi,DPK,HEALTHY,UNPLANNED_PUMP_FAILURE,27558.39,65.4,27492.98,420.35,0,0.0,0,HOLD/RESCHEDULE_DUE_TO_OUTAGE
CP-0002719,2026-06-09,SIMULATED_HISTORY,Nairobi,DPK,WATCH,NORMAL,24646.94,88.57,24558.37,277.28,1,16000.0,0,CREATE_PIPELINE_BATCH
CP-0002720,2026-06-16,SIMULATED_HISTORY,Nairobi,DPK,HEALTHY,UNPLANNED_PUMP_FAILURE,40064.92,80.75,39984.17,495.16,0,0.0,0,HOLD/RESCHEDULE_DUE_TO_OUTAGE
CP-0002721,2026-06-25,SIMULATED_HISTORY,Nairobi,DPK,HEALTHY,PLANNED_PIPELINE_MAINTENANCE,39304.79,93.18,39211.61,420.79,0,0.0,0,HOLD/RESCHEDULE_DUE_TO_OUTAGE
CP-0002722,2026-06-26,SIMULATED_HISTORY,Nairobi,DPK,HEALTHY,PLANNED_PIPELINE_MAINTENANCE,39211.61,86.03,39125.58,454.78,0,0.0,0,HOLD/RESCHEDULE_DUE_TO_OUTAGE
CP-0002723,2026-07-04,SIMULATED_HISTORY,Nairobi,DPK,HEALTHY,DATA_LATENCY_INCIDENT,38559.41,83.74,38475.67,459.47,0,0.0,0,NONE
CP-0002724,2026-07-12,SIMULATED_HISTORY,Nairobi,DPK,HEALTHY,DATA_LATENCY_INCIDENT,37881.82,69.7,37812.13,542.53,0,0.0,0,NONE
CP-0002725,2026-07-23,SIMULATED_HISTORY,Nairobi,DPK,HEALTHY,PLANNED_PIPELINE_MAINTENANCE,36949.1,84.92,36864.18,434.1,0,0.0,0,HOLD/RESCHEDULE_DUE_TO_OUTAGE
CP-0002726,2026-09-16,SCENARIO_FUTURE,Nairobi,DPK,HEALTHY,LOADING_BAY_OUTAGE,32714.07,73.55,32640.53,443.8,0,0.0,0,NONE
CP-0002727,2026-09-28,SCENARIO_FUTURE,Nairobi,DPK,HEALTHY,LOADING_BAY_OUTAGE,31823.28,74.29,31748.99,427.34,0,0.0,0,NONE
CP-0002728,2026-10-21,SCENARIO_FUTURE,Nairobi,DPK,HEALTHY,LOADING_BAY_OUTAGE,30076.92,78.34,29998.58,382.91,0,0.0,0,NONE
CP-0002729,2021-01-18,SIMULATED_HISTORY,Nairobi,JET_A1,WATCH,NORMAL,16387.93,535.9,15852.03,29.58,1,13159.99,0,CREATE_PIPELINE_BATCH
CP-0002730,2021-01-19,SIMULATED_HISTORY,Nairobi,JET_A1,HEALTHY,LOADING_BAY_OUTAGE,15852.03,551.4,28460.61,51.61,0,0.0,0,NONE
CP-0002731,2021-01-20,SIMULATED_HISTORY,Nairobi,JET_A1,HEALTHY,DATA_LATENCY_INCIDENT,28460.61,554.57,27906.04,50.32,0,0.0,0,NONE
CP-0002732,2021-01-24,SIMULATED_HISTORY,Nairobi,JET_A1,HEALTHY,LOADING_BAY_OUTAGE,26189.57,477.75,25711.82,53.82,0,0.0,0,NONE
CP-0002733,2021-02-12,SIMULATED_HISTORY,Nairobi,JET_A1,WATCH,NORMAL,16448.66,584.4,15864.26,27.15,1,13220.51,0,CREATE_PIPELINE_BATCH
CP-0002734,2021-03-11,SIMULATED_HISTORY,Nairobi,JET_A1,WATCH,NORMAL,16025.8,524.13,15501.66,29.58,1,13492.7,0,CREATE_PIPELINE_BATCH
CP-0002735,2021-04-06,SIMULATED_HISTORY,Nairobi,JET_A1,WATCH,NORMAL,16145.48,474.59,15670.88,33.02,1,13249.17,0,CREATE_PIPELINE_BATCH
CP-0002736,2021-05-01,SIMULATED_HISTORY,Nairobi,JET_A1,WATCH,NORMAL,16254.17,522.78,15731.4,30.09,1,13260.93,0,CREATE_PIPELINE_BATCH
CP-0002737,2021-05-02,SIMULATED_HISTORY,Nairobi,JET_A1,WATCH,UNPLANNED_PUMP_FAILURE,15731.4,456.17,15275.23,33.49,0,0.0,0,HOLD/RESCHEDULE_DUE_TO_OUTAGE
CP-0002738,2021-05-04,SIMULATED_HISTORY,Nairobi,JET_A1,HEALTHY,DATA_LATENCY_INCIDENT,28054.19,508.45,27545.75,54.18,0,0.0,0,NONE
CP-0002739,2021-05-19,SIMULATED_HISTORY,Nairobi,JET_A1,HEALTHY,PLANNED_PIPELINE_MAINTENANCE,20322.69,509.74,19812.95,38.87,0,0.0,0,HOLD/RESCHEDULE_DUE_TO_OUTAGE
CP-0002740,2021-05-20,SIMULATED_HISTORY,Nairobi,JET_A1,HEALTHY,PLANNED_PIPELINE_MAINTENANCE,19812.95,519.31,19293.64,37.15,0,0.0,0,HOLD/RESCHEDULE_DUE_TO_OUTAGE
CP-0002741,2021-05-27,SIMULATED_HISTORY,Nairobi,JET_A1,WATCH,NORMAL,16089.31,511.24,15578.07,30.47,1,13396.95,0,CREATE_PIPELINE_BATCH
CP-0002742,2021-06-22,SIMULATED_HISTORY,Nairobi,JET_A1,WATCH,NORMAL,16360.21,510.9,15849.31,31.02,1,13125.21,0,CREATE_PIPELINE_BATCH
CP-0002743,2021-07-18,SIMULATED_HISTORY,Nairobi,JET_A1,WATCH,NORMAL,16259.61,411.28,15848.33,38.53,1,12976.75,0,CREATE_PIPELINE_BATCH
CP-0002744,2021-07-28,SIMULATED_HISTORY,Nairobi,JET_A1,HEALTHY,LOADING_BAY_OUTAGE,24149.14,550.43,23598.71,42.87,0,0.0,0,NONE
CP-0002745,2021-08-02,SIMULATED_HISTORY,Nairobi,JET_A1,HEALTHY,UNPLANNED_PUMP_FAILURE,21596.37,536.29,21060.07,39.27,0,0.0,0,HOLD/RESCHEDULE_DUE_TO_OUTAGE
CP-0002746,2021-08-12,SIMULATED_HISTORY,Nairobi,JET_A1,WATCH,NORMAL,16301.89,479.22,15822.67,33.02,1,13104.32,0,CREATE_PIPELINE_BATCH
CP-0002747,2021-09-05,SIMULATED_HISTORY,Nairobi,JET_A1,HEALTHY,UNPLANNED_PUMP_FAILURE,17739.5,450.24,17289.26,38.4,0,0.0,0,HOLD/RESCHEDULE_DUE_TO_OUTAGE
CP-0002748,2021-09-08,SIMULATED_HISTORY,Nairobi,JET_A1,WATCH,NORMAL,16234.11,521.81,15712.3,30.11,1,13278.58,0,CREATE_PIPELINE_BATCH
CP-0002749,2021-10-05,SIMULATED_HISTORY,Nairobi,JET_A1,WATCH,NORMAL,16192.06,497.45,15694.62,31.55,1,13259.71,0,CREATE_PIPELINE_BATCH
CP-0002750,2021-10-30,SIMULATED_HISTORY,Nairobi,JET_A1,WATCH,NORMAL,16382.82,478.08,15904.74,33.27,1,13020.55,0,CREATE_PIPELINE_BATCH
CP-0002751,2021-11-20,SIMULATED_HISTORY,Nairobi,JET_A1,HEALTHY,LOADING_BAY_OUTAGE,19214.21,485.6,18728.6,38.57,0,0.0,0,NONE
CP-0002752,2021-11-26,SIMULATED_HISTORY,Nairobi,JET_A1,WATCH,NORMAL,16276.16,528.96,15747.2,29.77,1,13254.39,0,CREATE_PIPELINE_BATCH
CP-0002753,2021-12-09,SIMULATED_HISTORY,Nairobi,JET_A1,HEALTHY,LOADING_BAY_OUTAGE,22403.21,569.77,21833.44,38.32,0,0.0,0,NONE
CP-0002754,2021-12-12,SIMULATED_HISTORY,Nairobi,JET_A1,HEALTHY,PLANNED_PIPELINE_MAINTENANCE,20707.12,484.11,20223.01,41.77,0,0.0,0,HOLD/RESCHEDULE_DUE_TO_OUTAGE
CP-0002755,2021-12-20,SIMULATED_HISTORY,Nairobi,JET_A1,WATCH,NORMAL,16197.03,535.58,15661.45,29.24,1,13350.09,0,CREATE_PIPELINE_BATCH
CP-0002756,2022-01-12,SIMULATED_HISTORY,Nairobi,JET_A1,WATCH,NORMAL,16588.17,631.86,15956.31,25.25,1,13199.65,0,CREATE_PIPELINE_BATCH
CP-0002757,2022-02-06,SIMULATED_HISTORY,Nairobi,JET_A1,WATCH,NORMAL,15997.44,493.9,15503.54,31.39,1,13445.46,0,CREATE_PIPELINE_BATCH
CP-0002758,2022-02-13,SIMULATED_HISTORY,Nairobi,JET_A1,HEALTHY,PLANNED_PIPELINE_MAINTENANCE,25876.08,423.09,25452.99,60.16,0,0.0,0,HOLD/RESCHEDULE_DUE_TO_OUTAGE
CP-0002759,2022-03-04,SIMULATED_HISTORY,Nairobi,JET_A1,WATCH,NORMAL,16208.23,587.53,15620.7,26.59,1,13468.75,0,CREATE_PIPELINE_BATCH
CP-0002760,2022-03-10,SIMULATED_HISTORY,Nairobi,JET_A1,HEALTHY,DATA_LATENCY_INCIDENT,26527.21,523.61,26003.6,49.66,0,0.0,0,NONE
CP-0002761,2022-03-29,SIMULATED_HISTORY,Nairobi,JET_A1,WATCH,NORMAL,16298.61,559.34,15739.27,28.14,1,13307.9,0,CREATE_PIPELINE_BATCH
CP-0002762,2022-04-22,SIMULATED_HISTORY,Nairobi,JET_A1,WATCH,NORMAL,16458.88,624.08,15834.8,25.37,1,13309.49,0,CREATE_PIPELINE_BATCH
CP-0002763,2022-05-17,SIMULATED_HISTORY,Nairobi,JET_A1,WATCH,NORMAL,16253.35,543.3,15710.05,28.92,1,13313.06,0,CREATE_PIPELINE_BATCH
CP-0002764,2022-05-28,SIMULATED_HISTORY,Nairobi,JET_A1,HEALTHY,LOADING_BAY_OUTAGE,23627.96,527.33,23100.63,43.81,0,0.0,0,NONE
CP-0002765,2022-06-11,SIMULATED_HISTORY,Nairobi,JET_A1,WATCH,NORMAL,16287.82,483.66,15804.16,32.68,1,13129.49,0,CREATE_PIPELINE_BATCH
CP-0002766,2022-07-07,SIMULATED_HISTORY,Nairobi,JET_A1,WATCH,NORMAL,16023.29,596.96,15426.33,25.84,1,13677.27,0,CREATE_PIPELINE_BATCH
CP-0002767,2022-07-17,SIMULATED_HISTORY,Nairobi,JET_A1,HEALTHY,PLANNED_PIPELINE_MAINTENANCE,24392.19,437.44,23954.74,54.76,0,0.0,0,HOLD/RESCHEDULE_DUE_TO_OUTAGE
CP-0002768,2022-07-18,SIMULATED_HISTORY,Nairobi,JET_A1,HEALTHY,PLANNED_PIPELINE_MAINTENANCE,23954.74,518.13,23436.61,45.23,0,0.0,0,HOLD/RESCHEDULE_DUE_TO_OUTAGE
CP-0002769,2022-08-01,SIMULATED_HISTORY,Nairobi,JET_A1,WATCH,NORMAL,16432.07,547.01,15885.07,29.04,1,13143.6,0,CREATE_PIPELINE_BATCH
CP-0002770,2022-08-13,SIMULATED_HISTORY,Nairobi,JET_A1,HEALTHY,DATA_LATENCY_INCIDENT,23014.89,478.58,22536.31,47.09,0,0.0,0,NONE
CP-0002771,2022-08-26,SIMULATED_HISTORY,Nairobi,JET_A1,WATCH,NORMAL,16143.38,512.54,15630.84,30.5,1,13346.14,0,CREATE_PIPELINE_BATCH
CP-0002772,2022-09-20,SIMULATED_HISTORY,Nairobi,JET_A1,WATCH,NORMAL,16327.82,575.4,15752.42,27.38,1,13318.85,0,CREATE_PIPELINE_BATCH
CP-0002773,2022-09-30,SIMULATED_HISTORY,Nairobi,JET_A1,HEALTHY,LOADING_BAY_OUTAGE,24363.52,548.96,23814.56,43.38,0,0.0,0,NONE
CP-0002774,2022-10-03,SIMULATED_HISTORY,Nairobi,JET_A1,HEALTHY,LOADING_BAY_OUTAGE,22765.65,530.29,22235.36,41.93,0,0.0,0,NONE
CP-0002775,2022-10-15,SIMULATED_HISTORY,Nairobi,JET_A1,WATCH,NORMAL,16037.55,475.02,15562.54,32.76,1,13358.15,0,CREATE_PIPELINE_BATCH
CP-0002776,2022-11-09,SIMULATED_HISTORY,Nairobi,JET_A1,WATCH,NORMAL,16194.09,569.43,15624.66,27.44,1,13437.65,0,CREATE_PIPELINE_BATCH
CP-0002777,2022-11-13,SIMULATED_HISTORY,Nairobi,JET_A1,HEALTHY,LOADING_BAY_OUTAGE,27425.1,423.83,27001.28,63.71,0,0.0,0,NONE
CP-0002778,2022-11-15,SIMULATED_HISTORY,Nairobi,JET_A1,HEALTHY,UNPLANNED_PUMP_FAILURE,26470.56,508.5,25962.06,51.06,0,0.0,0,HOLD/RESCHEDULE_DUE_TO_OUTAGE
CP-0002779,2022-11-23,SIMULATED_HISTORY,Nairobi,JET_A1,HEALTHY,LOADING_BAY_OUTAGE,22475.69,553.08,21922.61,39.64,0,0.0,0,NONE
CP-0002780,2022-12-05,SIMULATED_HISTORY,Nairobi,JET_A1,WATCH,NORMAL,16027.04,617.46,15409.58,24.96,1,13724.78,0,CREATE_PIPELINE_BATCH
CP-0002781,2022-12-13,SIMULATED_HISTORY,Nairobi,JET_A1,HEALTHY,UNPLANNED_PUMP_FAILURE,24857.5,628.94,24228.55,38.52,0,0.0,0,HOLD/RESCHEDULE_DUE_TO_OUTAGE
CP-0002782,2022-12-27,SIMULATED_HISTORY,Nairobi,JET_A1,WATCH,NORMAL,16497.32,558.87,15938.45,28.52,1,13108.02,0,CREATE_PIPELINE_BATCH
CP-0002783,2023-01-20,SIMULATED_HISTORY,Nairobi,JET_A1,WATCH,NORMAL,16204.5,591.9,15612.6,26.38,1,13483.42,0,CREATE_PIPELINE_BATCH
CP-0002784,2023-01-21,SIMULATED_HISTORY,Nairobi,JET_A1,HEALTHY,DATA_LATENCY_INCIDENT,15612.6,494.24,28601.78,57.87,0,0.0,0,NONE
CP-0002785,2023-02-07,SIMULATED_HISTORY,Nairobi,JET_A1,HEALTHY,DATA_LATENCY_INCIDENT,20437.33,480.21,19957.12,41.56,0,0.0,0,NONE
CP-0002786,2023-02-15,SIMULATED_HISTORY,Nairobi,JET_A1,WATCH,NORMAL,16423.18,498.01,15925.18,31.98,1,13029.99,0,CREATE_PIPELINE_BATCH
CP-0002787,2023-03-13,SIMULATED_HISTORY,Nairobi,JET_A1,WATCH,NORMAL,16289.67,541.66,15748.01,29.07,1,13272.65,0,CREATE_PIPELINE_BATCH
CP-0002788,2023-03-25,SIMULATED_HISTORY,Nairobi,JET_A1,HEALTHY,PLANNED_PIPELINE_MAINTENANCE,23227.5,522.03,22705.47,43.49,0,0.0,0,HOLD/RESCHEDULE_DUE_TO_OUTAGE
CP-0002789,2023-04-07,SIMULATED_HISTORY,Nairobi,JET_A1,WATCH,NORMAL,16540.83,665.36,15875.47,23.86,1,13330.74,0,CREATE_PIPELINE_BATCH
CP-0002790,2023-05-02,SIMULATED_HISTORY,Nairobi,JET_A1,WATCH,LOADING_BAY_OUTAGE,16373.79,547.62,15826.17,28.9,1,13203.43,0,CREATE_PIPELINE_BATCH
CP-0002791,2023-05-03,SIMULATED_HISTORY,Nairobi,JET_A1,WATCH,PLANNED_PIPELINE_MAINTENANCE,15826.17,521.52,15304.65,29.35,0,0.0,0,HOLD/RESCHEDULE_DUE_TO_OUTAGE
CP-0002792,2023-05-27,SIMULATED_HISTORY,Nairobi,JET_A1,WATCH,NORMAL,16364.03,490.18,15873.85,32.38,1,13069.58,0,CREATE_PIPELINE_BATCH
CP-0002793,2023-05-30,SIMULATED_HISTORY,Nairobi,JET_A1,HEALTHY,UNPLANNED_PUMP_FAILURE,27923.25,540.18,27383.07,50.69,0,0.0,0,HOLD/RESCHEDULE_DUE_TO_OUTAGE
CP-0002794,2023-06-22,SIMULATED_HISTORY,Nairobi,JET_A1,WATCH,NORMAL,16450.59,520.45,15930.14,30.61,1,13058.7,0,CREATE_PIPELINE_BATCH
CP-0002795,2023-06-27,SIMULATED_HISTORY,Nairobi,JET_A1,HEALTHY,LOADING_BAY_OUTAGE,27036.23,548.01,26488.22,48.34,0,0.0,0,NONE
CP-0002796,2023-07-11,SIMULATED_HISTORY,Nairobi,JET_A1,HEALTHY,LOADING_BAY_OUTAGE,19780.75,518.15,19262.6,37.18,0,0.0,0,NONE
CP-0002797,2023-07-18,SIMULATED_HISTORY,Nairobi,JET_A1,WATCH,NORMAL,16263.04,633.62,15629.42,24.67,1,13529.18,0,CREATE_PIPELINE_BATCH
CP-0002798,2023-08-13,SIMULATED_HISTORY,Nairobi,JET_A1,WATCH,NORMAL,16066.86,491.91,15574.94,31.66,1,13371.09,0,CREATE_PIPELINE_BATCH
CP-0002799,2023-09-01,SIMULATED_HISTORY,Nairobi,JET_A1,HEALTHY,UNPLANNED_PUMP_FAILURE,19679.08,547.06,19132.03,34.97,0,0.0,0,HOLD/RESCHEDULE_DUE_TO_OUTAGE
CP-0002800,2023-09-08,SIMULATED_HISTORY,Nairobi,JET_A1,WATCH,NORMAL,16215.31,546.21,15669.1,28.69,1,13358.38,0,CREATE_PIPELINE_BATCH
CP-0002801,2023-09-13,SIMULATED_HISTORY,Nairobi,JET_A1,HEALTHY,LOADING_BAY_OUTAGE,27020.11,493.75,26526.36,53.72,0,0.0,0,NONE
CP-0002802,2023-10-04,SIMULATED_HISTORY,Nairobi,JET_A1,WATCH,NORMAL,16411.7,560.99,15850.72,28.26,1,13198.92,0,CREATE_PIPELINE_BATCH
CP-0002803,2023-10-11,SIMULATED_HISTORY,Nairobi,JET_A1,HEALTHY,LOADING_BAY_OUTAGE,25877.71,533.29,25344.42,47.52,0,0.0,0,NONE
CP-0002804,2023-10-29,SIMULATED_HISTORY,Nairobi,JET_A1,WATCH,NORMAL,16234.71,440.75,15793.96,35.83,1,13075.33,0,CREATE_PIPELINE_BATCH
CP-0002805,2023-11-24,SIMULATED_HISTORY,Nairobi,JET_A1,WATCH,NORMAL,16377.96,532.18,15845.78,29.78,1,13160.64,0,CREATE_PIPELINE_BATCH
CP-0002806,2023-12-12,SIMULATED_HISTORY,Nairobi,JET_A1,HEALTHY,UNPLANNED_PUMP_FAILURE,19684.71,628.7,19056.01,30.31,0,0.0,0,HOLD/RESCHEDULE_DUE_TO_OUTAGE
CP-0002807,2023-12-18,SIMULATED_HISTORY,Nairobi,JET_A1,WATCH,NORMAL,16141.25,571.63,15569.62,27.24,1,13495.98,0,CREATE_PIPELINE_BATCH
CP-0002808,2024-01-11,SIMULATED_HISTORY,Nairobi,JET_A1,WATCH,NORMAL,16258.96,574.98,15683.98,27.28,1,13386.65,0,CREATE_PIPELINE_BATCH
CP-0002809,2024-02-06,SIMULATED_HISTORY,Nairobi,JET_A1,WATCH,NORMAL,16297.19,504.76,15792.44,31.29,1,13172.85,0,CREATE_PIPELINE_BATCH
CP-0002810,2024-03-04,SIMULATED_HISTORY,Nairobi,JET_A1,WATCH,NORMAL,16424.53,528.87,15895.66,30.06,1,13105.81,0,CREATE_PIPELINE_BATCH
CP-0002811,2024-03-06,SIMULATED_HISTORY,Nairobi,JET_A1,HEALTHY,LOADING_BAY_OUTAGE,28505.84,545.33,27960.51,51.27,0,0.0,0,NONE
CP-0002812,2024-03-30,SIMULATED_HISTORY,Nairobi,JET_A1,WATCH,NORMAL,16030.57,499.7,15530.87,31.08,1,13426.84,0,CREATE_PIPELINE_BATCH
CP-0002813,2024-04-25,SIMULATED_HISTORY,Nairobi,JET_A1,WATCH,NORMAL,16211.77,545.61,15666.16,28.71,1,13360.41,0,CREATE_PIPELINE_BATCH
CP-0002814,2024-05-02,SIMULATED_HISTORY,Nairobi,JET_A1,HEALTHY,UNPLANNED_PUMP_FAILURE,26015.18,527.21,25487.96,48.34,0,0.0,0,HOLD/RESCHEDULE_DUE_TO_OUTAGE
CP-0002815,2024-05-06,SIMULATED_HISTORY,Nairobi,JET_A1,HEALTHY,UNPLANNED_PUMP_FAILURE,24012.49,538.09,23474.4,43.63,0,0.0,0,HOLD/RESCHEDULE_DUE_TO_OUTAGE
CP-0002816,2024-05-21,SIMULATED_HISTORY,Nairobi,JET_A1,WATCH,NORMAL,16385.39,533.37,15852.03,29.72,1,13156.19,0,CREATE_PIPELINE_BATCH
CP-0002817,2024-05-25,SIMULATED_HISTORY,Nairobi,JET_A1,HEALTHY,DATA_LATENCY_INCIDENT,27354.22,513.14,26841.08,52.31,0,0.0,0,NONE
CP-0002818,2024-06-16,SIMULATED_HISTORY,Nairobi,JET_A1,WATCH,NORMAL,16241.66,374.92,15866.74,42.32,1,12903.8,0,CREATE_PIPELINE_BATCH
CP-0002819,2024-07-12,SIMULATED_HISTORY,Nairobi,JET_A1,WATCH,NORMAL,16308.09,539.87,15768.22,29.21,1,13249.75,0,CREATE_PIPELINE_BATCH
CP-0002820,2024-07-17,SIMULATED_HISTORY,Nairobi,JET_A1,HEALTHY,LOADING_BAY_OUTAGE,26998.74,539.8,26458.94,49.02,0,0.0,0,NONE
CP-0002821,2024-08-07,SIMULATED_HISTORY,Nairobi,JET_A1,WATCH,NORMAL,16204.95,493.35,15711.6,31.85,1,13236.59,0,CREATE_PIPELINE_BATCH
CP-0002822,2024-08-22,SIMULATED_HISTORY,Nairobi,JET_A1,HEALTHY,PLANNED_PIPELINE_MAINTENANCE,21846.07,540.52,21305.55,39.42,0,0.0,0,HOLD/RESCHEDULE_DUE_TO_OUTAGE
CP-0002823,2024-09-02,SIMULATED_HISTORY,Nairobi,JET_A1,WATCH,NORMAL,16295.8,507.52,15788.28,31.11,1,13181.16,0,CREATE_PIPELINE_BATCH
CP-0002824,2024-09-11,SIMULATED_HISTORY,Nairobi,JET_A1,HEALTHY,UNPLANNED_PUMP_FAILURE,25030.93,504.64,24526.29,48.6,0,0.0,0,HOLD/RESCHEDULE_DUE_TO_OUTAGE
CP-0002825,2024-09-28,SIMULATED_HISTORY,Nairobi,JET_A1,HEALTHY,DATA_LATENCY_INCIDENT,16679.45,486.38,16193.07,33.29,0,0.0,0,NONE
CP-0002826,2024-09-29,SIMULATED_HISTORY,Nairobi,JET_A1,WATCH,NORMAL,16193.07,426.29,15766.78,36.99,1,13080.81,0,CREATE_PIPELINE_BATCH
CP-0002827,2024-09-30,SIMULATED_HISTORY,Nairobi,JET_A1,HEALTHY,LOADING_BAY_OUTAGE,15766.78,542.46,28305.14,52.18,0,0.0,0,NONE
CP-0002828,2024-10-24,SIMULATED_HISTORY,Nairobi,JET_A1,WATCH,NORMAL,16402.97,522.47,15880.5,30.4,1,13111.36,0,CREATE_PIPELINE_BATCH
CP-0002829,2024-10-25,SIMULATED_HISTORY,Nairobi,JET_A1,WATCH,PLANNED_PIPELINE_MAINTENANCE,15880.5,511.97,15368.53,30.02,0,0.0,0,HOLD/RESCHEDULE_DUE_TO_OUTAGE
CP-0002830,2024-10-26,SIMULATED_HISTORY,Nairobi,JET_A1,WATCH,PLANNED_PIPELINE_MAINTENANCE,15368.53,469.97,14898.56,31.7,0,0.0,0,HOLD/RESCHEDULE_DUE_TO_OUTAGE
CP-0002831,2024-11-13,SIMULATED_HISTORY,Nairobi,JET_A1,HEALTHY,LOADING_BAY_OUTAGE,19629.53,428.91,19200.62,44.77,0,0.0,0,NONE
CP-0002832,2024-11-20,SIMULATED_HISTORY,Nairobi,JET_A1,WATCH,NORMAL,16338.19,530.93,15807.26,29.77,1,13197.29,0,CREATE_PIPELINE_BATCH
CP-0002833,2024-12-14,SIMULATED_HISTORY,Nairobi,JET_A1,HEALTHY,LOADING_BAY_OUTAGE,16662.14,556.62,16105.52,28.93,0,0.0,0,NONE
CP-0002834,2024-12-15,SIMULATED_HISTORY,Nairobi,JET_A1,WATCH,NORMAL,16105.52,455.17,15650.34,34.38,1,13240.58,0,CREATE_PIPELINE_BATCH
CP-0002835,2025-01-07,SIMULATED_HISTORY,Nairobi,JET_A1,WATCH,NORMAL,16142.03,555.75,15586.27,28.05,1,13455.52,0,CREATE_PIPELINE_BATCH
CP-0002836,2025-01-24,SIMULATED_HISTORY,Nairobi,JET_A1,HEALTHY,LOADING_BAY_OUTAGE,19799.03,626.6,19172.43,30.6,0,0.0,0,NONE
CP-0002837,2025-01-30,SIMULATED_HISTORY,Nairobi,JET_A1,WATCH,NORMAL,16433.2,537.8,15895.4,29.56,1,13119.46,0,CREATE_PIPELINE_BATCH
CP-0002838,2025-02-19,SIMULATED_HISTORY,Nairobi,JET_A1,HEALTHY,LOADING_BAY_OUTAGE,19081.03,558.29,18522.74,33.18,0,0.0,0,NONE
CP-0002839,2025-02-24,SIMULATED_HISTORY,Nairobi,JET_A1,WATCH,NORMAL,16465.0,528.24,15936.76,30.17,1,13063.75,0,CREATE_PIPELINE_BATCH
CP-0002840,2025-03-21,SIMULATED_HISTORY,Nairobi,JET_A1,WATCH,NORMAL,15969.61,605.38,15364.23,25.38,1,13752.0,0,CREATE_PIPELINE_BATCH
CP-0002841,2025-04-01,SIMULATED_HISTORY,Nairobi,JET_A1,HEALTHY,UNPLANNED_PUMP_FAILURE,23762.61,543.22,23219.39,42.74,0,0.0,0,HOLD/RESCHEDULE_DUE_TO_OUTAGE
CP-0002842,2025-04-15,SIMULATED_HISTORY,Nairobi,JET_A1,WATCH,NORMAL,16079.09,530.79,15548.29,29.29,1,13456.05,0,CREATE_PIPELINE_BATCH
CP-0002843,2025-05-01,SIMULATED_HISTORY,Nairobi,JET_A1,HEALTHY,LOADING_BAY_OUTAGE,20689.06,609.11,20079.94,32.97,0,0.0,0,NONE
CP-0002844,2025-05-09,SIMULATED_HISTORY,Nairobi,JET_A1,WATCH,NORMAL,16236.65,572.7,15663.95,27.35,1,13403.27,0,CREATE_PIPELINE_BATCH
CP-0002845,2025-05-21,SIMULATED_HISTORY,Nairobi,JET_A1,HEALTHY,PLANNED_PIPELINE_MAINTENANCE,23313.86,618.23,22695.63,36.71,0,0.0,0,HOLD/RESCHEDULE_DUE_TO_OUTAGE
CP-0002846,2025-06-03,SIMULATED_HISTORY,Nairobi,JET_A1,WATCH,NORMAL,16080.15,573.3,15506.85,27.05,1,13561.26,0,CREATE_PIPELINE_BATCH
CP-0002847,2025-06-09,SIMULATED_HISTORY,Nairobi,JET_A1,HEALTHY,PLANNED_PIPELINE_MAINTENANCE,26456.96,523.5,25933.46,49.54,0,0.0,0,HOLD/RESCHEDULE_DUE_TO_OUTAGE
CP-0002848,2025-06-10,SIMULATED_HISTORY,Nairobi,JET_A1,HEALTHY,PLANNED_PIPELINE_MAINTENANCE,25933.46,544.9,25388.57,46.59,0,0.0,0,HOLD/RESCHEDULE_DUE_TO_OUTAGE
CP-0002849,2025-06-28,SIMULATED_HISTORY,Nairobi,JET_A1,WATCH,NORMAL,16292.17,457.14,15835.03,34.64,1,13058.84,0,CREATE_PIPELINE_BATCH
CP-0002850,2025-07-22,SIMULATED_HISTORY,Nairobi,JET_A1,WATCH,NORMAL,16391.49,545.73,15845.76,29.04,1,13181.0,0,CREATE_PIPELINE_BATCH
CP-0002851,2025-08-05,SIMULATED_HISTORY,Nairobi,JET_A1,HEALTHY,DATA_LATENCY_INCIDENT,21886.59,542.48,21344.1,39.35,0,0.0,0,NONE
CP-0002852,2025-08-14,SIMULATED_HISTORY,Nairobi,JET_A1,HEALTHY,LOADING_BAY_OUTAGE;UNPLANNED_PUMP_FAILURE,17068.12,508.64,16559.49,32.56,0,0.0,0,HOLD/RESCHEDULE_DUE_TO_OUTAGE
CP-0002853,2025-08-16,SIMULATED_HISTORY,Nairobi,JET_A1,WATCH,NORMAL,16022.23,525.98,15496.25,29.46,1,13500.89,0,CREATE_PIPELINE_BATCH
CP-0002854,2025-09-10,SIMULATED_HISTORY,Nairobi,JET_A1,WATCH,NORMAL,16197.69,528.66,15669.03,29.64,1,13332.11,0,CREATE_PIPELINE_BATCH
CP-0002855,2025-09-13,SIMULATED_HISTORY,Nairobi,JET_A1,HEALTHY,DATA_LATENCY_INCIDENT,27836.26,497.72,27338.54,54.93,0,0.0,0,NONE
CP-0002856,2025-10-05,SIMULATED_HISTORY,Nairobi,JET_A1,WATCH,NORMAL,16260.8,493.52,15767.29,31.95,1,13181.15,0,CREATE_PIPELINE_BATCH
CP-0002857,2025-10-07,SIMULATED_HISTORY,Nairobi,JET_A1,HEALTHY,LOADING_BAY_OUTAGE,28416.35,621.63,27794.71,44.71,0,0.0,0,NONE
CP-0002858,2025-10-29,SIMULATED_HISTORY,Nairobi,JET_A1,WATCH,NORMAL,16273.9,591.08,15682.82,26.53,1,13411.97,0,CREATE_PIPELINE_BATCH
CP-0002859,2025-11-11,SIMULATED_HISTORY,Nairobi,JET_A1,HEALTHY,UNPLANNED_PUMP_FAILURE,22879.23,544.28,22334.94,41.04,0,0.0,0,HOLD/RESCHEDULE_DUE_TO_OUTAGE
CP-0002860,2025-11-24,SIMULATED_HISTORY,Nairobi,JET_A1,WATCH,NORMAL,16073.93,533.55,15540.38,29.13,1,13468.1,0,CREATE_PIPELINE_BATCH
CP-0002861,2025-12-17,SIMULATED_HISTORY,Nairobi,JET_A1,WATCH,NORMAL,16059.49,680.61,15378.88,22.6,1,13850.19,0,CREATE_PIPELINE_BATCH
CP-0002862,2025-12-19,SIMULATED_HISTORY,Nairobi,JET_A1,HEALTHY,NORMAL;DEMAND_SPIKE,28586.92,892.33,27694.59,31.04,0,0.0,0,NONE
CP-0002863,2026-01-08,SIMULATED_HISTORY,Nairobi,JET_A1,WATCH,NORMAL,16235.3,583.3,15652.0,26.83,1,13431.11,0,CREATE_PIPELINE_BATCH
CP-0002864,2026-01-31,SIMULATED_HISTORY,Nairobi,JET_A1,WATCH,NORMAL,16001.24,577.25,15424.0,26.72,1,13650.03,0,CREATE_PIPELINE_BATCH
CP-0002865,2026-02-11,SIMULATED_HISTORY,Nairobi,JET_A1,HEALTHY,LOADING_BAY_OUTAGE,23383.57,534.1,22849.46,42.78,0,0.0,0,NONE
CP-0002866,2026-02-24,SIMULATED_HISTORY,Nairobi,JET_A1,WATCH,UNPLANNED_PUMP_FAILURE,16243.24,629.02,15614.22,24.82,1,13537.47,0,CREATE_PIPELINE_BATCH+OUTAGE
CP-0002867,2026-03-19,SIMULATED_HISTORY,Nairobi,JET_A1,WATCH,NORMAL,16538.86,622.07,15916.8,25.59,1,13224.46,0,CREATE_PIPELINE_BATCH
CP-0002868,2026-04-11,SIMULATED_HISTORY,Nairobi,JET_A1,WATCH,LOADING_BAY_OUTAGE,16227.63,588.42,15639.22,26.58,1,13451.56,0,CREATE_PIPELINE_BATCH
CP-0002869,2026-05-03,SIMULATED_HISTORY,Nairobi,JET_A1,HEALTHY,UNPLANNED_PUMP_FAILURE,16742.31,485.93,16256.39,33.45,0,0.0,0,HOLD/RESCHEDULE_DUE_TO_OUTAGE
CP-0002870,2026-05-04,SIMULATED_HISTORY,Nairobi,JET_A1,WATCH,NORMAL,16256.39,611.92,15644.47,25.57,1,13481.56,0,CREATE_PIPELINE_BATCH
CP-0002871,2026-05-27,SIMULATED_HISTORY,Nairobi,JET_A1,WATCH,NORMAL,16115.1,542.97,15572.13,28.68,1,13450.48,0,CREATE_PIPELINE_BATCH
CP-0002872,2026-06-16,SIMULATED_HISTORY,Nairobi,JET_A1,HEALTHY,UNPLANNED_PUMP_FAILURE,18305.25,607.51,17697.75,29.13,0,0.0,0,HOLD/RESCHEDULE_DUE_TO_OUTAGE
CP-0002873,2026-06-20,SIMULATED_HISTORY,Nairobi,JET_A1,WATCH,NORMAL,16024.78,588.11,15436.67,26.25,1,13653.65,0,CREATE_PIPELINE_BATCH
CP-0002874,2026-06-25,SIMULATED_HISTORY,Nairobi,JET_A1,HEALTHY,PLANNED_PIPELINE_MAINTENANCE,26926.88,585.25,26341.63,45.01,0,0.0,0,HOLD/RESCHEDULE_DUE_TO_OUTAGE
CP-0002875,2026-06-26,SIMULATED_HISTORY,Nairobi,JET_A1,HEALTHY,PLANNED_PIPELINE_MAINTENANCE,26341.63,684.42,25657.21,37.49,0,0.0,0,HOLD/RESCHEDULE_DUE_TO_OUTAGE
CP-0002876,2026-07-04,SIMULATED_HISTORY,Nairobi,JET_A1,HEALTHY,DATA_LATENCY_INCIDENT,21466.94,514.39,20952.55,40.73,0,0.0,0,NONE
CP-0002877,2026-07-12,SIMULATED_HISTORY,Nairobi,JET_A1,HEALTHY,DATA_LATENCY_INCIDENT,16774.19,557.59,16216.6,29.08,0,0.0,0,NONE
CP-0002878,2026-07-13,SIMULATED_HISTORY,Nairobi,JET_A1,WATCH,NORMAL,16216.6,588.11,15628.5,26.57,1,13461.82,0,CREATE_PIPELINE_BATCH
CP-0002879,2026-07-23,SIMULATED_HISTORY,Nairobi,JET_A1,HEALTHY,PLANNED_PIPELINE_MAINTENANCE,23972.25,591.18,23381.08,39.55,0,0.0,0,HOLD/RESCHEDULE_DUE_TO_OUTAGE
CP-0002880,2026-08-05,SIMULATED_HISTORY,Nairobi,JET_A1,WATCH,NORMAL,16515.35,603.16,15912.2,26.38,1,13200.7,0,CREATE_PIPELINE_BATCH
CP-0002881,2026-08-28,SIMULATED_HISTORY,Nairobi,JET_A1,WATCH,NORMAL,16330.87,570.89,15759.98,27.61,1,13304.51,0,CREATE_PIPELINE_BATCH
CP-0002882,2026-09-16,SCENARIO_FUTURE,Nairobi,JET_A1,HEALTHY,LOADING_BAY_OUTAGE,19078.03,576.96,18501.07,32.07,0,0.0,0,NONE
CP-0002883,2026-09-21,SCENARIO_FUTURE,Nairobi,JET_A1,WATCH,NORMAL,16350.83,617.63,15733.19,25.47,1,13401.42,0,CREATE_PIPELINE_BATCH
CP-0002884,2026-09-28,SCENARIO_FUTURE,Nairobi,JET_A1,HEALTHY,LOADING_BAY_OUTAGE,25812.31,542.37,25269.94,46.59,0,0.0,0,NONE
CP-0002885,2026-10-14,SCENARIO_FUTURE,Nairobi,JET_A1,WATCH,NORMAL,16555.57,655.39,15900.17,24.26,1,13291.08,0,CREATE_PIPELINE_BATCH
CP-0002886,2026-10-21,SCENARIO_FUTURE,Nairobi,JET_A1,HEALTHY,LOADING_BAY_OUTAGE,25639.06,590.32,25048.73,42.43,0,0.0,0,NONE
CP-0002887,2026-11-06,SCENARIO_FUTURE,Nairobi,JET_A1,WATCH,NORMAL,16229.1,585.86,15643.24,26.7,1,13443.7,0,CREATE_PIPELINE_BATCH
CP-0002888,2026-12-01,SCENARIO_FUTURE,Nairobi,JET_A1,WATCH,NORMAL,15968.77,642.99,15325.78,23.84,1,13846.86,0,CREATE_PIPELINE_BATCH
CP-0002889,2026-12-22,SCENARIO_FUTURE,Nairobi,JET_A1,WATCH,NORMAL,16217.44,713.88,15503.56,21.72,1,13775.42,0,CREATE_PIPELINE_BATCH
CP-0002890,2021-01-06,SIMULATED_HISTORY,Nairobi,PMS,WATCH,NORMAL,31580.42,2793.54,28786.88,10.3,1,16000.0,0,CREATE_PIPELINE_BATCH
CP-0002891,2021-01-12,SIMULATED_HISTORY,Nairobi,PMS,WATCH,NORMAL,31015.29,2723.07,28292.22,10.39,1,16000.0,0,CREATE_PIPELINE_BATCH
CP-0002892,2021-01-17,SIMULATED_HISTORY,Nairobi,PMS,WATCH,NORMAL,32865.95,2241.78,30624.17,13.66,1,16000.0,0,CREATE_PIPELINE_BATCH
CP-0002893,2021-01-19,SIMULATED_HISTORY,Nairobi,PMS,HEALTHY,LOADING_BAY_OUTAGE,27770.01,2870.2,40899.81,14.25,0,0.0,0,NONE
CP-0002894,2021-01-20,SIMULATED_HISTORY,Nairobi,PMS,HEALTHY,DATA_LATENCY_INCIDENT,40899.81,2802.09,38097.72,13.6,0,0.0,0,NONE
CP-0002895,2021-01-23,SIMULATED_HISTORY,Nairobi,PMS,WATCH,NORMAL,31976.06,2478.52,29497.54,11.9,1,16000.0,0,CREATE_PIPELINE_BATCH
CP-0002896,2021-01-24,SIMULATED_HISTORY,Nairobi,PMS,HEALTHY,LOADING_BAY_OUTAGE,29497.54,2219.66,43277.88,19.5,0,0.0,0,NONE
CP-0002897,2021-01-29,SIMULATED_HISTORY,Nairobi,PMS,WATCH,NORMAL,31698.58,2866.55,28832.03,10.06,1,16000.0,0,CREATE_PIPELINE_BATCH
CP-0002898,2021-02-04,SIMULATED_HISTORY,Nairobi,PMS,WATCH,NORMAL,31869.17,2767.45,29101.72,10.52,1,16000.0,0,CREATE_PIPELINE_BATCH
CP-0002899,2021-02-10,SIMULATED_HISTORY,Nairobi,PMS,WATCH,NORMAL,32749.33,2649.54,30099.8,11.36,1,16000.0,0,CREATE_PIPELINE_BATCH
CP-0002900,2021-02-16,SIMULATED_HISTORY,Nairobi,PMS,WATCH,NORMAL,33580.76,2794.36,30786.4,11.02,1,16000.0,0,CREATE_PIPELINE_BATCH
CP-0002901,2021-02-23,SIMULATED_HISTORY,Nairobi,PMS,WATCH,NORMAL,31900.42,2882.78,29017.64,10.07,1,16000.0,0,CREATE_PIPELINE_BATCH
CP-0002902,2021-03-01,SIMULATED_HISTORY,Nairobi,PMS,WATCH,NORMAL,32819.98,2764.42,30055.55,10.87,1,16000.0,0,CREATE_PIPELINE_BATCH
CP-0002903,2021-03-07,SIMULATED_HISTORY,Nairobi,PMS,WATCH,NORMAL,32587.91,2129.6,30458.31,14.3,1,16000.0,0,CREATE_PIPELINE_BATCH
CP-0002904,2021-03-13,SIMULATED_HISTORY,Nairobi,PMS,WATCH,NORMAL,32429.96,2500.9,29929.06,11.97,1,16000.0,0,CREATE_PIPELINE_BATCH
CP-0002905,2021-03-19,SIMULATED_HISTORY,Nairobi,PMS,WATCH,NORMAL,32839.42,2766.06,30073.36,10.87,1,16000.0,0,CREATE_PIPELINE_BATCH
CP-0002906,2021-03-25,SIMULATED_HISTORY,Nairobi,PMS,WATCH,NORMAL,33169.21,2927.59,30241.62,10.33,1,16000.0,0,CREATE_PIPELINE_BATCH
CP-0002907,2021-03-31,SIMULATED_HISTORY,Nairobi,PMS,WATCH,NORMAL,33487.34,2687.33,30800.01,11.46,1,16000.0,0,CREATE_PIPELINE_BATCH
CP-0002908,2021-04-06,SIMULATED_HISTORY,Nairobi,PMS,WATCH,NORMAL,33182.55,2759.94,30422.61,11.02,1,16000.0,0,CREATE_PIPELINE_BATCH
CP-0002909,2021-04-12,SIMULATED_HISTORY,Nairobi,PMS,WATCH,NORMAL,33076.65,2844.32,30232.33,10.63,1,16000.0,0,CREATE_PIPELINE_BATCH
CP-0002910,2021-04-18,SIMULATED_HISTORY,Nairobi,PMS,WATCH,NORMAL,32560.17,2332.07,30228.1,12.96,1,16000.0,0,CREATE_PIPELINE_BATCH
CP-0002911,2021-04-24,SIMULATED_HISTORY,Nairobi,PMS,WATCH,NORMAL,32370.59,2667.72,29702.87,11.13,1,16000.0,0,CREATE_PIPELINE_BATCH
CP-0002912,2021-04-30,SIMULATED_HISTORY,Nairobi,PMS,WATCH,NORMAL,32344.53,2724.53,29620.0,10.87,1,16000.0,0,CREATE_PIPELINE_BATCH
CP-0002913,2021-05-02,SIMULATED_HISTORY,Nairobi,PMS,HEALTHY,UNPLANNED_PUMP_FAILURE,42669.48,2468.92,40200.56,16.28,0,0.0,0,HOLD/RESCHEDULE_DUE_TO_OUTAGE
CP-0002914,2021-05-04,SIMULATED_HISTORY,Nairobi,PMS,HEALTHY,DATA_LATENCY_INCIDENT,37307.8,2974.1,34333.71,11.54,0,0.0,0,NONE
CP-0002915,2021-05-06,SIMULATED_HISTORY,Nairobi,PMS,WATCH,NORMAL,31516.29,3037.16,28479.13,9.38,1,16000.0,0,CREATE_PIPELINE_BATCH
CP-0002916,2021-05-12,SIMULATED_HISTORY,Nairobi,PMS,WATCH,NORMAL,31094.63,2927.45,28167.18,9.62,1,16000.0,0,CREATE_PIPELINE_BATCH
CP-0002917,2021-05-18,SIMULATED_HISTORY,Nairobi,PMS,WATCH,NORMAL,31099.68,2773.42,28326.26,10.21,1,16000.0,0,CREATE_PIPELINE_BATCH
CP-0002918,2021-05-19,SIMULATED_HISTORY,Nairobi,PMS,WATCH,PLANNED_PIPELINE_MAINTENANCE,28326.26,2723.68,25602.58,9.4,0,0.0,0,HOLD/RESCHEDULE_DUE_TO_OUTAGE
CP-0002919,2021-05-20,SIMULATED_HISTORY,Nairobi,PMS,WATCH,PLANNED_PIPELINE_MAINTENANCE,25602.58,2762.97,22839.61,8.27,0,0.0,0,HOLD/RESCHEDULE_DUE_TO_OUTAGE
CP-0002920,2021-05-24,SIMULATED_HISTORY,Nairobi,PMS,WATCH,NORMAL,31205.88,2651.41,28554.47,10.77,1,16000.0,0,CREATE_PIPELINE_BATCH
CP-0002921,2021-05-29,SIMULATED_HISTORY,Nairobi,PMS,WATCH,NORMAL,33007.52,2609.11,30398.41,11.65,1,16000.0,0,CREATE_PIPELINE_BATCH
CP-0002922,2021-06-04,SIMULATED_HISTORY,Nairobi,PMS,WATCH,NORMAL,32901.76,2982.51,29919.24,10.03,1,16000.0,0,CREATE_PIPELINE_BATCH
CP-0002923,2021-06-10,SIMULATED_HISTORY,Nairobi,PMS,WATCH,NORMAL,33120.93,2706.81,30414.12,11.24,1,16000.0,0,CREATE_PIPELINE_BATCH
CP-0002924,2021-06-16,SIMULATED_HISTORY,Nairobi,PMS,WATCH,NORMAL,33040.99,2609.14,30431.86,11.66,1,16000.0,0,CREATE_PIPELINE_BATCH
CP-0002925,2021-06-23,SIMULATED_HISTORY,Nairobi,PMS,WATCH,NORMAL,30902.4,2811.77,28090.64,9.99,1,16000.0,0,CREATE_PIPELINE_BATCH
CP-0002926,2021-06-29,SIMULATED_HISTORY,Nairobi,PMS,WATCH,NORMAL,31715.98,2896.37,28819.61,9.95,1,16000.0,0,CREATE_PIPELINE_BATCH
CP-0002927,2021-07-05,SIMULATED_HISTORY,Nairobi,PMS,WATCH,NORMAL,31562.98,2689.05,28873.93,10.74,1,16000.0,0,CREATE_PIPELINE_BATCH
CP-0002928,2021-07-11,SIMULATED_HISTORY,Nairobi,PMS,WATCH,NORMAL,31621.24,2528.97,29092.27,11.5,1,16000.0,0,CREATE_PIPELINE_BATCH
CP-0002929,2021-07-17,SIMULATED_HISTORY,Nairobi,PMS,WATCH,NORMAL,31479.32,2426.71,29052.61,11.97,1,16000.0,0,CREATE_PIPELINE_BATCH
CP-0002930,2021-07-23,SIMULATED_HISTORY,Nairobi,PMS,WATCH,NORMAL,31276.61,2764.22,28512.39,10.31,1,16000.0,0,CREATE_PIPELINE_BATCH
CP-0002931,2021-07-28,SIMULATED_HISTORY,Nairobi,PMS,HEALTHY,LOADING_BAY_OUTAGE,34237.68,2653.85,31583.83,11.9,0,0.0,0,NONE
CP-0002932,2021-07-29,SIMULATED_HISTORY,Nairobi,PMS,WATCH,NORMAL,31583.83,2695.79,28888.04,10.72,1,16000.0,0,CREATE_PIPELINE_BATCH
CP-0002933,2021-08-02,SIMULATED_HISTORY,Nairobi,PMS,HEALTHY,UNPLANNED_PUMP_FAILURE,36810.18,2656.93,34153.26,12.85,0,0.0,0,HOLD/RESCHEDULE_DUE_TO_OUTAGE
CP-0002934,2021-08-04,SIMULATED_HISTORY,Nairobi,PMS,WATCH,NORMAL,31318.88,2584.65,28734.24,11.12,1,16000.0,0,CREATE_PIPELINE_BATCH
CP-0002935,2021-08-10,SIMULATED_HISTORY,Nairobi,PMS,WATCH,NORMAL,31656.94,2708.62,28948.32,10.69,1,16000.0,0,CREATE_PIPELINE_BATCH
CP-0002936,2021-08-16,SIMULATED_HISTORY,Nairobi,PMS,WATCH,NORMAL,31442.08,2811.91,28630.17,10.18,1,16000.0,0,CREATE_PIPELINE_BATCH
CP-0002937,2021-08-22,SIMULATED_HISTORY,Nairobi,PMS,WATCH,NORMAL,31017.64,2314.07,28703.58,12.4,1,16000.0,0,CREATE_PIPELINE_BATCH
CP-0002938,2021-08-27,SIMULATED_HISTORY,Nairobi,PMS,WATCH,NORMAL,32847.11,3178.99,29668.11,9.33,1,16000.0,0,CREATE_PIPELINE_BATCH
CP-0002939,2021-09-02,SIMULATED_HISTORY,Nairobi,PMS,WATCH,NORMAL,32100.05,2735.79,29364.26,10.73,1,16000.0,0,CREATE_PIPELINE_BATCH
CP-0002940,2021-09-05,SIMULATED_HISTORY,Nairobi,PMS,HEALTHY,UNPLANNED_PUMP_FAILURE,40196.39,2239.0,37957.39,16.95,0,0.0,0,HOLD/RESCHEDULE_DUE_TO_OUTAGE
CP-0002941,2021-09-08,SIMULATED_HISTORY,Nairobi,PMS,WATCH,NORMAL,32437.14,2623.77,29813.37,11.36,1,16000.0,0,CREATE_PIPELINE_BATCH
CP-0002942,2021-09-14,SIMULATED_HISTORY,Nairobi,PMS,WATCH,NORMAL,32896.76,2704.66,30192.1,11.16,1,16000.0,0,CREATE_PIPELINE_BATCH
CP-0002943,2021-09-20,SIMULATED_HISTORY,Nairobi,PMS,WATCH,NORMAL,33046.32,2796.27,30250.04,10.82,1,16000.0,0,CREATE_PIPELINE_BATCH
CP-0002944,2021-09-26,SIMULATED_HISTORY,Nairobi,PMS,WATCH,NORMAL,32742.82,2096.69,30646.13,14.62,1,16000.0,0,CREATE_PIPELINE_BATCH
CP-0002945,2021-10-02,SIMULATED_HISTORY,Nairobi,PMS,WATCH,NORMAL,32831.55,2580.3,30251.26,11.72,1,16000.0,0,CREATE_PIPELINE_BATCH
CP-0002946,2021-10-08,SIMULATED_HISTORY,Nairobi,PMS,WATCH,NORMAL,31645.21,2966.55,28678.66,9.67,1,16000.0,0,CREATE_PIPELINE_BATCH
CP-0002947,2021-10-14,SIMULATED_HISTORY,Nairobi,PMS,WATCH,NORMAL,31327.43,2614.44,28712.99,10.98,1,16000.0,0,CREATE_PIPELINE_BATCH
CP-0002948,2021-10-20,SIMULATED_HISTORY,Nairobi,PMS,WATCH,NORMAL,31714.72,3074.23,28640.49,9.32,1,16000.0,0,CREATE_PIPELINE_BATCH
CP-0002949,2021-10-26,SIMULATED_HISTORY,Nairobi,PMS,WATCH,NORMAL,31037.1,2965.32,28071.78,9.47,1,16000.0,0,CREATE_PIPELINE_BATCH
CP-0002950,2021-10-31,SIMULATED_HISTORY,Nairobi,PMS,WATCH,NORMAL,32849.72,2342.5,30507.22,13.02,1,16000.0,0,CREATE_PIPELINE_BATCH
CP-0002951,2021-11-06,SIMULATED_HISTORY,Nairobi,PMS,WATCH,NORMAL,32827.54,2397.1,30430.44,12.69,1,16000.0,0,CREATE_PIPELINE_BATCH
CP-0002952,2021-11-13,SIMULATED_HISTORY,Nairobi,PMS,WATCH,NORMAL,31093.88,2361.69,28732.19,12.17,1,16000.0,0,CREATE_PIPELINE_BATCH
CP-0002953,2021-11-19,SIMULATED_HISTORY,Nairobi,PMS,WATCH,NORMAL,31749.64,2621.68,29127.96,11.11,1,16000.0,0,CREATE_PIPELINE_BATCH
CP-0002954,2021-11-20,SIMULATED_HISTORY,Nairobi,PMS,HEALTHY,LOADING_BAY_OUTAGE,29127.96,2361.07,42766.89,18.11,0,0.0,0,NONE
CP-0002955,2021-11-25,SIMULATED_HISTORY,Nairobi,PMS,WATCH,NORMAL,32983.04,2603.71,30379.33,11.67,1,16000.0,0,CREATE_PIPELINE_BATCH
CP-0002956,2021-12-01,SIMULATED_HISTORY,Nairobi,PMS,WATCH,NORMAL,33791.06,3343.3,30447.76,9.11,1,16000.0,0,CREATE_PIPELINE_BATCH
CP-0002957,2021-12-06,SIMULATED_HISTORY,Nairobi,PMS,WATCH,NORMAL,33962.05,3311.85,30650.2,9.25,1,16000.0,0,CREATE_PIPELINE_BATCH
CP-0002958,2021-12-09,SIMULATED_HISTORY,Nairobi,PMS,HEALTHY,LOADING_BAY_OUTAGE,40813.59,3433.26,37380.33,10.89,0,0.0,0,NONE
CP-0002959,2021-12-12,SIMULATED_HISTORY,Nairobi,PMS,WATCH,PLANNED_PIPELINE_MAINTENANCE,31247.37,2802.74,28444.64,10.15,1,16000.0,0,CREATE_PIPELINE_BATCH+OUTAGE
CP-0002960,2021-12-17,SIMULATED_HISTORY,Nairobi,PMS,WATCH,NORMAL,31158.1,3720.14,27437.96,7.38,1,16000.0,0,CREATE_PIPELINE_BATCH
CP-0002961,2021-12-22,SIMULATED_HISTORY,Nairobi,PMS,WATCH,NORMAL,31602.73,3237.46,28365.27,8.76,1,16000.0,0,CREATE_PIPELINE_BATCH
CP-0002962,2021-12-27,SIMULATED_HISTORY,Nairobi,PMS,WATCH,NORMAL,31576.77,3173.35,28403.42,8.95,1,16000.0,0,CREATE_PIPELINE_BATCH
CP-0002963,2021-12-31,SIMULATED_HISTORY,Nairobi,PMS,WATCH,NORMAL,34274.29,3502.46,30771.83,8.79,1,16000.0,0,CREATE_PIPELINE_BATCH
CP-0002964,2022-01-05,SIMULATED_HISTORY,Nairobi,PMS,WATCH,NORMAL,33869.49,3689.21,30180.27,8.18,1,16000.0,0,CREATE_PIPELINE_BATCH
CP-0002965,2022-01-10,SIMULATED_HISTORY,Nairobi,PMS,WATCH,NORMAL,33888.72,3093.91,30794.81,9.95,1,16000.0,0,CREATE_PIPELINE_BATCH
CP-0002966,2022-01-16,SIMULATED_HISTORY,Nairobi,PMS,WATCH,NORMAL,31729.09,2609.52,29119.57,11.16,1,16000.0,0,CREATE_PIPELINE_BATCH
CP-0002967,2022-01-21,SIMULATED_HISTORY,Nairobi,PMS,WATCH,NORMAL,32685.85,3033.67,29652.18,9.77,1,16000.0,0,CREATE_PIPELINE_BATCH
CP-0002968,2022-01-27,SIMULATED_HISTORY,Nairobi,PMS,WATCH,NORMAL,31191.76,3049.95,28141.81,9.23,1,16000.0,0,CREATE_PIPELINE_BATCH
CP-0002969,2022-02-01,SIMULATED_HISTORY,Nairobi,PMS,WATCH,NORMAL,33363.24,2894.05,30469.19,10.53,1,16000.0,0,CREATE_PIPELINE_BATCH
CP-0002970,2022-02-08,SIMULATED_HISTORY,Nairobi,PMS,WATCH,NORMAL,31042.16,2650.64,28391.52,10.71,1,16000.0,0,CREATE_PIPELINE_BATCH
CP-0002971,2022-02-13,SIMULATED_HISTORY,Nairobi,PMS,HEALTHY,PLANNED_PIPELINE_MAINTENANCE,33434.45,2356.57,31077.88,13.19,0,0.0,0,HOLD/RESCHEDULE_DUE_TO_OUTAGE
CP-0002972,2022-02-14,SIMULATED_HISTORY,Nairobi,PMS,WATCH,NORMAL,31077.88,2926.41,28151.46,9.62,1,16000.0,0,CREATE_PIPELINE_BATCH
CP-0002973,2022-02-19,SIMULATED_HISTORY,Nairobi,PMS,WATCH,NORMAL,32883.25,2552.13,30331.12,11.88,1,16000.0,0,CREATE_PIPELINE_BATCH
CP-0002974,2022-02-25,SIMULATED_HISTORY,Nairobi,PMS,WATCH,NORMAL,32506.55,2876.06,29630.49,10.3,1,16000.0,0,CREATE_PIPELINE_BATCH
CP-0002975,2022-03-03,SIMULATED_HISTORY,Nairobi,PMS,WATCH,NORMAL,32736.28,2865.5,29870.78,10.42,1,16000.0,0,CREATE_PIPELINE_BATCH
CP-0002976,2022-03-09,SIMULATED_HISTORY,Nairobi,PMS,WATCH,NORMAL,32035.13,3301.55,28733.58,8.7,1,16000.0,0,CREATE_PIPELINE_BATCH
CP-0002977,2022-03-10,SIMULATED_HISTORY,Nairobi,PMS,HEALTHY,DATA_LATENCY_INCIDENT,28733.58,2951.01,41782.57,14.16,0,0.0,0,NONE
CP-0002978,2022-03-15,SIMULATED_HISTORY,Nairobi,PMS,WATCH,NORMAL,31388.11,2774.6,28613.52,10.31,1,16000.0,0,CREATE_PIPELINE_BATCH
CP-0002979,2022-03-20,SIMULATED_HISTORY,Nairobi,PMS,WATCH,NORMAL,33057.27,2401.92,30655.34,12.76,1,16000.0,0,CREATE_PIPELINE_BATCH
CP-0002980,2022-03-26,SIMULATED_HISTORY,Nairobi,PMS,WATCH,NORMAL,31955.84,2664.67,29291.17,10.99,1,16000.0,0,CREATE_PIPELINE_BATCH
CP-0002981,2022-04-01,SIMULATED_HISTORY,Nairobi,PMS,WATCH,NORMAL,31560.24,3078.06,28482.19,9.25,1,16000.0,0,CREATE_PIPELINE_BATCH
CP-0002982,2022-04-07,SIMULATED_HISTORY,Nairobi,PMS,WATCH,NORMAL,30895.29,2716.33,28178.97,10.37,1,16000.0,0,CREATE_PIPELINE_BATCH
CP-0002983,2022-04-12,SIMULATED_HISTORY,Nairobi,PMS,WATCH,NORMAL,33224.88,2803.32,30421.56,10.85,1,16000.0,0,CREATE_PIPELINE_BATCH
CP-0002984,2022-04-18,SIMULATED_HISTORY,Nairobi,PMS,WATCH,NORMAL,32320.87,3426.24,28894.63,8.43,1,16000.0,0,CREATE_PIPELINE_BATCH
CP-0002985,2022-04-23,SIMULATED_HISTORY,Nairobi,PMS,WATCH,NORMAL,33247.45,2834.96,30412.49,10.73,1,16000.0,0,CREATE_PIPELINE_BATCH
CP-0002986,2022-04-29,SIMULATED_HISTORY,Nairobi,PMS,WATCH,NORMAL,32223.24,3110.97,29112.27,9.36,1,16000.0,0,CREATE_PIPELINE_BATCH
CP-0002987,2022-05-04,SIMULATED_HISTORY,Nairobi,PMS,WATCH,NORMAL,33177.63,2725.76,30451.88,11.17,1,16000.0,0,CREATE_PIPELINE_BATCH
CP-0002988,2022-05-10,SIMULATED_HISTORY,Nairobi,PMS,WATCH,NORMAL,31638.81,3189.41,28449.4,8.92,1,16000.0,0,CREATE_PIPELINE_BATCH
CP-0002989,2022-05-15,SIMULATED_HISTORY,Nairobi,PMS,WATCH,NORMAL,32695.93,2542.89,30153.03,11.86,1,16000.0,0,CREATE_PIPELINE_BATCH
CP-0002990,2022-05-21,SIMULATED_HISTORY,Nairobi,PMS,WATCH,NORMAL,31923.08,2608.33,29314.75,11.24,1,16000.0,0,CREATE_PIPELINE_BATCH
CP-0002991,2022-05-27,SIMULATED_HISTORY,Nairobi,PMS,WATCH,NORMAL,31960.47,2991.57,28968.9,9.68,1,16000.0,0,CREATE_PIPELINE_BATCH
CP-0002992,2022-05-28,SIMULATED_HISTORY,Nairobi,PMS,HEALTHY,LOADING_BAY_OUTAGE,28968.9,2530.96,42437.94,16.77,0,0.0,0,NONE
CP-0002993,2022-06-02,SIMULATED_HISTORY,Nairobi,PMS,WATCH,NORMAL,31075.68,2996.78,28078.9,9.37,1,16000.0,0,CREATE_PIPELINE_BATCH
CP-0002994,2022-06-07,SIMULATED_HISTORY,Nairobi,PMS,WATCH,NORMAL,33167.65,2881.49,30286.17,10.51,1,16000.0,0,CREATE_PIPELINE_BATCH
CP-0002995,2022-06-13,SIMULATED_HISTORY,Nairobi,PMS,WATCH,NORMAL,33019.63,2486.86,30532.78,12.28,1,16000.0,0,CREATE_PIPELINE_BATCH
CP-0002996,2022-06-19,SIMULATED_HISTORY,Nairobi,PMS,WATCH,NORMAL,32967.9,2312.84,30655.06,13.25,1,16000.0,0,CREATE_PIPELINE_BATCH
CP-0002997,2022-06-25,SIMULATED_HISTORY,Nairobi,PMS,WATCH,NORMAL,33182.28,2481.52,30700.76,12.37,1,16000.0,0,CREATE_PIPELINE_BATCH
CP-0002998,2022-07-01,SIMULATED_HISTORY,Nairobi,PMS,WATCH,NORMAL,33496.77,2838.48,30658.29,10.8,1,16000.0,0,CREATE_PIPELINE_BATCH
CP-0002999,2022-07-07,SIMULATED_HISTORY,Nairobi,PMS,WATCH,NORMAL,32672.5,2887.96,29784.54,10.31,1,16000.0,0,CREATE_PIPELINE_BATCH
CP-0003000,2022-07-13,SIMULATED_HISTORY,Nairobi,PMS,WATCH,NORMAL,31715.99,2817.83,28898.15,10.26,1,16000.0,0,CREATE_PIPELINE_BATCH
CP-0003001,2022-07-17,SIMULATED_HISTORY,Nairobi,PMS,HEALTHY,PLANNED_PIPELINE_MAINTENANCE,36135.62,2521.37,33614.25,13.33,0,0.0,0,HOLD/RESCHEDULE_DUE_TO_OUTAGE
CP-0003002,2022-07-18,SIMULATED_HISTORY,Nairobi,PMS,HEALTHY,PLANNED_PIPELINE_MAINTENANCE,33614.25,2713.1,30901.15,11.39,0,0.0,0,HOLD/RESCHEDULE_DUE_TO_OUTAGE
CP-0003003,2022-07-19,SIMULATED_HISTORY,Nairobi,PMS,WATCH,NORMAL,30901.15,2859.82,28041.32,9.81,1,16000.0,0,CREATE_PIPELINE_BATCH
CP-0003004,2022-07-24,SIMULATED_HISTORY,Nairobi,PMS,WATCH,NORMAL,32604.83,2467.84,30136.99,12.21,1,16000.0,0,CREATE_PIPELINE_BATCH
CP-0003005,2022-07-30,SIMULATED_HISTORY,Nairobi,PMS,WATCH,NORMAL,31087.8,2559.61,28528.19,11.15,1,16000.0,0,CREATE_PIPELINE_BATCH
CP-0003006,2022-08-04,SIMULATED_HISTORY,Nairobi,PMS,WATCH,NORMAL,33277.45,3134.43,30143.02,9.62,1,16000.0,0,CREATE_PIPELINE_BATCH
CP-0003007,2022-08-10,SIMULATED_HISTORY,Nairobi,PMS,WATCH,NORMAL,32689.6,3065.1,29624.5,9.67,1,16000.0,0,CREATE_PIPELINE_BATCH
CP-0003008,2022-08-13,SIMULATED_HISTORY,Nairobi,PMS,HEALTHY,DATA_LATENCY_INCIDENT,39445.12,2518.49,36926.64,14.66,0,0.0,0,NONE
CP-0003009,2022-08-16,SIMULATED_HISTORY,Nairobi,PMS,WATCH,NORMAL,31824.72,3146.16,28678.56,9.12,1,16000.0,0,CREATE_PIPELINE_BATCH
CP-0003010,2022-08-21,SIMULATED_HISTORY,Nairobi,PMS,WATCH,NORMAL,32819.58,2576.46,30243.12,11.74,1,16000.0,0,CREATE_PIPELINE_BATCH
CP-0003011,2022-08-27,SIMULATED_HISTORY,Nairobi,PMS,WATCH,NORMAL,31607.05,2711.47,28895.58,10.66,1,16000.0,0,CREATE_PIPELINE_BATCH
CP-0003012,2022-09-01,SIMULATED_HISTORY,Nairobi,PMS,WATCH,NORMAL,33462.14,2920.12,30542.03,10.46,1,16000.0,0,CREATE_PIPELINE_BATCH
CP-0003013,2022-09-07,SIMULATED_HISTORY,Nairobi,PMS,WATCH,NORMAL,33098.42,3033.7,30064.73,9.91,1,16000.0,0,CREATE_PIPELINE_BATCH
CP-0003014,2022-09-13,SIMULATED_HISTORY,Nairobi,PMS,WATCH,NORMAL,32670.38,2897.23,29773.14,10.28,1,16000.0,0,CREATE_PIPELINE_BATCH
CP-0003015,2022-09-19,SIMULATED_HISTORY,Nairobi,PMS,WATCH,NORMAL,32836.67,2577.78,30258.89,11.74,1,16000.0,0,CREATE_PIPELINE_BATCH
CP-0003016,2022-09-25,SIMULATED_HISTORY,Nairobi,PMS,WATCH,NORMAL,31848.39,2177.95,29670.45,13.62,1,16000.0,0,CREATE_PIPELINE_BATCH
CP-0003017,2022-09-30,SIMULATED_HISTORY,Nairobi,PMS,HEALTHY,LOADING_BAY_OUTAGE,33959.12,2959.33,30999.8,10.48,0,0.0,0,NONE
CP-0003018,2022-10-01,SIMULATED_HISTORY,Nairobi,PMS,WATCH,NORMAL,30999.8,2744.26,28255.53,10.3,1,16000.0,0,CREATE_PIPELINE_BATCH
CP-0003019,2022-10-03,SIMULATED_HISTORY,Nairobi,PMS,HEALTHY,LOADING_BAY_OUTAGE,41786.93,2709.42,39077.5,14.42,0,0.0,0,NONE
CP-0003020,2022-10-06,SIMULATED_HISTORY,Nairobi,PMS,WATCH,NORMAL,33708.64,2940.56,30768.08,10.46,1,16000.0,0,CREATE_PIPELINE_BATCH
CP-0003021,2022-10-12,SIMULATED_HISTORY,Nairobi,PMS,WATCH,NORMAL,32347.37,2858.95,29488.42,10.31,1,16000.0,0,CREATE_PIPELINE_BATCH
CP-0003022,2022-10-18,SIMULATED_HISTORY,Nairobi,PMS,WATCH,NORMAL,31816.47,3063.18,28753.29,9.39,1,16000.0,0,CREATE_PIPELINE_BATCH
CP-0003023,2022-10-23,SIMULATED_HISTORY,Nairobi,PMS,WATCH,NORMAL,32712.19,2393.97,30318.22,12.66,1,16000.0,0,CREATE_PIPELINE_BATCH
CP-0003024,2022-10-29,SIMULATED_HISTORY,Nairobi,PMS,WATCH,NORMAL,31775.27,2763.23,29012.04,10.5,1,16000.0,0,CREATE_PIPELINE_BATCH
CP-0003025,2022-11-04,SIMULATED_HISTORY,Nairobi,PMS,WATCH,NORMAL,30882.27,2819.92,28062.35,9.95,1,16000.0,0,CREATE_PIPELINE_BATCH
CP-0003026,2022-11-10,SIMULATED_HISTORY,Nairobi,PMS,WATCH,NORMAL,30867.84,2953.45,27914.39,9.45,1,16000.0,0,CREATE_PIPELINE_BATCH
CP-0003027,2022-11-13,SIMULATED_HISTORY,Nairobi,PMS,HEALTHY,LOADING_BAY_OUTAGE,38687.87,2344.27,36343.6,15.5,0,0.0,0,NONE
CP-0003028,2022-11-15,SIMULATED_HISTORY,Nairobi,PMS,WATCH,UNPLANNED_PUMP_FAILURE,33441.62,2650.29,30791.33,11.62,1,16000.0,0,CREATE_PIPELINE_BATCH+OUTAGE
CP-0003029,2022-11-21,SIMULATED_HISTORY,Nairobi,PMS,WATCH,NORMAL,33465.61,2808.77,30656.84,10.91,1,16000.0,0,CREATE_PIPELINE_BATCH
CP-0003030,2022-11-23,SIMULATED_HISTORY,Nairobi,PMS,HEALTHY,LOADING_BAY_OUTAGE,43664.68,3032.32,40632.36,13.4,0,0.0,0,NONE
CP-0003031,2022-11-27,SIMULATED_HISTORY,Nairobi,PMS,WATCH,NORMAL,32488.24,2264.25,30223.99,13.35,1,16000.0,0,CREATE_PIPELINE_BATCH
CP-0003032,2022-12-02,SIMULATED_HISTORY,Nairobi,PMS,WATCH,NORMAL,34512.84,3864.38,30648.45,7.93,1,16000.0,0,CREATE_PIPELINE_BATCH
CP-0003033,2022-12-07,SIMULATED_HISTORY,Nairobi,PMS,WATCH,NORMAL,33840.64,3450.49,30390.14,8.81,1,16000.0,0,CREATE_PIPELINE_BATCH
CP-0003034,2022-12-12,SIMULATED_HISTORY,Nairobi,PMS,WATCH,NORMAL,33612.46,3526.81,30085.65,8.53,1,16000.0,0,CREATE_PIPELINE_BATCH
CP-0003035,2022-12-13,SIMULATED_HISTORY,Nairobi,PMS,WATCH,UNPLANNED_PUMP_FAILURE,30085.65,3157.88,26927.77,8.53,0,0.0,0,HOLD/RESCHEDULE_DUE_TO_OUTAGE
CP-0003036,2022-12-17,SIMULATED_HISTORY,Nairobi,PMS,WATCH,NORMAL,32722.41,2852.27,29870.14,10.47,1,16000.0,0,CREATE_PIPELINE_BATCH
CP-0003037,2022-12-22,SIMULATED_HISTORY,Nairobi,PMS,WATCH,NORMAL,33073.93,3580.6,29493.34,8.24,1,16000.0,0,CREATE_PIPELINE_BATCH
CP-0003038,2022-12-27,SIMULATED_HISTORY,Nairobi,PMS,WATCH,NORMAL,32659.67,3117.92,29541.74,9.47,1,16000.0,0,CREATE_PIPELINE_BATCH
CP-0003039,2023-01-01,SIMULATED_HISTORY,Nairobi,PMS,WATCH,NORMAL,32305.04,2835.37,29469.66,10.39,1,16000.0,0,CREATE_PIPELINE_BATCH
CP-0003040,2023-01-06,SIMULATED_HISTORY,Nairobi,PMS,WATCH,NORMAL,31974.71,3157.44,28817.27,9.13,1,16000.0,0,CREATE_PIPELINE_BATCH
CP-0003041,2023-01-12,SIMULATED_HISTORY,Nairobi,PMS,WATCH,NORMAL,31286.77,2839.33,28447.44,10.02,1,16000.0,0,CREATE_PIPELINE_BATCH
CP-0003042,2023-01-17,SIMULATED_HISTORY,Nairobi,PMS,WATCH,NORMAL,33152.83,2973.35,30179.49,10.15,1,16000.0,0,CREATE_PIPELINE_BATCH
CP-0003043,2023-01-21,SIMULATED_HISTORY,Nairobi,PMS,HEALTHY,DATA_LATENCY_INCIDENT,37324.79,2449.01,34875.78,14.24,0,0.0,0,NONE
CP-0003044,2023-01-23,SIMULATED_HISTORY,Nairobi,PMS,WATCH,NORMAL,32556.84,2853.35,29703.49,10.41,1,16000.0,0,CREATE_PIPELINE_BATCH
CP-0003045,2023-01-29,SIMULATED_HISTORY,Nairobi,PMS,WATCH,NORMAL,31083.15,2277.37,28805.78,12.65,1,16000.0,0,CREATE_PIPELINE_BATCH
CP-0003046,2023-02-04,SIMULATED_HISTORY,Nairobi,PMS,WATCH,NORMAL,31060.68,2438.63,28622.05,11.74,1,16000.0,0,CREATE_PIPELINE_BATCH
CP-0003047,2023-02-07,SIMULATED_HISTORY,Nairobi,PMS,HEALTHY,DATA_LATENCY_INCIDENT,39657.17,2780.29,36876.87,13.26,0,0.0,0,NONE
CP-0003048,2023-02-10,SIMULATED_HISTORY,Nairobi,PMS,WATCH,NORMAL,31413.02,2843.2,28569.82,10.05,1,16000.0,0,CREATE_PIPELINE_BATCH
CP-0003049,2023-02-16,SIMULATED_HISTORY,Nairobi,PMS,WATCH,NORMAL,32437.26,2934.79,29502.47,10.05,1,16000.0,0,CREATE_PIPELINE_BATCH
CP-0003050,2023-02-22,SIMULATED_HISTORY,Nairobi,PMS,WATCH,NORMAL,32905.82,2595.11,30310.71,11.68,1,16000.0,0,CREATE_PIPELINE_BATCH
CP-0003051,2023-02-28,SIMULATED_HISTORY,Nairobi,PMS,WATCH,NORMAL,33475.67,2750.53,30725.14,11.17,1,16000.0,0,CREATE_PIPELINE_BATCH
CP-0003052,2023-03-06,SIMULATED_HISTORY,Nairobi,PMS,WATCH,NORMAL,32932.95,3129.21,29803.74,9.52,1,16000.0,0,CREATE_PIPELINE_BATCH
CP-0003053,2023-03-12,SIMULATED_HISTORY,Nairobi,PMS,WATCH,NORMAL,31743.9,2387.08,29356.82,12.3,1,16000.0,0,CREATE_PIPELINE_BATCH
CP-0003054,2023-03-18,SIMULATED_HISTORY,Nairobi,PMS,WATCH,NORMAL,31097.46,2503.78,28593.68,11.42,1,16000.0,0,CREATE_PIPELINE_BATCH
CP-0003055,2023-03-24,SIMULATED_HISTORY,Nairobi,PMS,WATCH,NORMAL,30850.57,2864.22,27986.35,9.77,1,16000.0,0,CREATE_PIPELINE_BATCH
CP-0003056,2023-03-25,SIMULATED_HISTORY,Nairobi,PMS,WATCH,PLANNED_PIPELINE_MAINTENANCE,27986.35,2441.67,25544.68,10.46,0,0.0,0,HOLD/RESCHEDULE_DUE_TO_OUTAGE
CP-0003057,2023-03-30,SIMULATED_HISTORY,Nairobi,PMS,WATCH,NORMAL,30903.53,2841.93,28061.6,9.87,1,16000.0,0,CREATE_PIPELINE_BATCH
CP-0003058,2023-04-04,SIMULATED_HISTORY,Nairobi,PMS,WATCH,NORMAL,33141.87,2661.37,30480.5,11.45,1,16000.0,0,CREATE_PIPELINE_BATCH
CP-0003059,2023-04-10,SIMULATED_HISTORY,Nairobi,PMS,WATCH,NORMAL,32269.96,3365.38,28904.58,8.59,1,16000.0,0,CREATE_PIPELINE_BATCH
CP-0003060,2023-04-15,SIMULATED_HISTORY,Nairobi,PMS,WATCH,NORMAL,33309.25,2738.06,30571.19,11.17,1,16000.0,0,CREATE_PIPELINE_BATCH
CP-0003061,2023-04-21,SIMULATED_HISTORY,Nairobi,PMS,WATCH,NORMAL,32619.97,3060.19,29559.78,9.66,1,16000.0,0,CREATE_PIPELINE_BATCH
CP-0003062,2023-04-27,SIMULATED_HISTORY,Nairobi,PMS,WATCH,NORMAL,31494.03,2841.05,28652.98,10.09,1,16000.0,0,CREATE_PIPELINE_BATCH
CP-0003063,2023-05-02,SIMULATED_HISTORY,Nairobi,PMS,WATCH,LOADING_BAY_OUTAGE,33671.25,2989.99,30681.27,10.26,1,16000.0,0,CREATE_PIPELINE_BATCH
CP-0003064,2023-05-03,SIMULATED_HISTORY,Nairobi,PMS,WATCH,PLANNED_PIPELINE_MAINTENANCE,30681.27,3243.71,27437.56,8.46,0,0.0,0,HOLD/RESCHEDULE_DUE_TO_OUTAGE
CP-0003065,2023-05-08,SIMULATED_HISTORY,Nairobi,PMS,WATCH,NORMAL,31961.03,2838.5,29122.52,10.26,1,16000.0,0,CREATE_PIPELINE_BATCH
CP-0003066,2023-05-13,SIMULATED_HISTORY,Nairobi,PMS,WATCH,NORMAL,33385.79,2698.75,30687.04,11.37,1,16000.0,0,CREATE_PIPELINE_BATCH
CP-0003067,2023-05-19,SIMULATED_HISTORY,Nairobi,PMS,WATCH,NORMAL,33139.98,2971.55,30168.43,10.15,1,16000.0,0,CREATE_PIPELINE_BATCH
CP-0003068,2023-05-25,SIMULATED_HISTORY,Nairobi,PMS,WATCH,NORMAL,32154.46,2791.52,29362.94,10.52,1,16000.0,0,CREATE_PIPELINE_BATCH
CP-0003069,2023-05-30,SIMULATED_HISTORY,Nairobi,PMS,HEALTHY,UNPLANNED_PUMP_FAILURE,34075.37,2849.34,31226.03,10.96,0,0.0,0,HOLD/RESCHEDULE_DUE_TO_OUTAGE
CP-0003070,2023-05-31,SIMULATED_HISTORY,Nairobi,PMS,WATCH,NORMAL,31226.03,2855.53,28370.5,9.94,1,16000.0,0,CREATE_PIPELINE_BATCH
CP-0003071,2023-06-06,SIMULATED_HISTORY,Nairobi,PMS,WATCH,NORMAL,31298.36,2590.57,28707.79,11.08,1,16000.0,0,CREATE_PIPELINE_BATCH
CP-0003072,2023-06-12,SIMULATED_HISTORY,Nairobi,PMS,WATCH,NORMAL,31622.0,2946.71,28675.29,9.73,1,16000.0,0,CREATE_PIPELINE_BATCH
CP-0003073,2023-06-18,SIMULATED_HISTORY,Nairobi,PMS,WATCH,NORMAL,31963.82,2133.74,29830.08,13.98,1,16000.0,0,CREATE_PIPELINE_BATCH
CP-0003074,2023-06-24,SIMULATED_HISTORY,Nairobi,PMS,WATCH,NORMAL,31539.6,2175.51,29364.08,13.5,1,16000.0,0,CREATE_PIPELINE_BATCH
CP-0003075,2023-06-27,SIMULATED_HISTORY,Nairobi,PMS,HEALTHY,LOADING_BAY_OUTAGE,40390.47,2566.48,37823.99,14.74,0,0.0,0,NONE
CP-0003076,2023-06-30,SIMULATED_HISTORY,Nairobi,PMS,WATCH,NORMAL,32074.67,2891.13,29183.53,10.09,1,16000.0,0,CREATE_PIPELINE_BATCH
CP-0003077,2023-07-06,SIMULATED_HISTORY,Nairobi,PMS,WATCH,NORMAL,31615.59,2843.31,28772.28,10.12,1,16000.0,0,CREATE_PIPELINE_BATCH
CP-0003078,2023-07-11,SIMULATED_HISTORY,Nairobi,PMS,HEALTHY,LOADING_BAY_OUTAGE,34323.39,2705.26,31618.13,11.69,0,0.0,0,NONE
CP-0003079,2023-07-12,SIMULATED_HISTORY,Nairobi,PMS,WATCH,NORMAL,31618.13,2908.08,28710.05,9.87,1,16000.0,0,CREATE_PIPELINE_BATCH
CP-0003080,2023-07-18,SIMULATED_HISTORY,Nairobi,PMS,WATCH,NORMAL,30929.99,3047.9,27882.09,9.15,1,16000.0,0,CREATE_PIPELINE_BATCH
CP-0003081,2023-07-23,SIMULATED_HISTORY,Nairobi,PMS,WATCH,NORMAL,32407.27,2573.07,29834.2,11.59,1,16000.0,0,CREATE_PIPELINE_BATCH
CP-0003082,2023-07-29,SIMULATED_HISTORY,Nairobi,PMS,WATCH,NORMAL,31432.9,2542.15,28890.75,11.36,1,16000.0,0,CREATE_PIPELINE_BATCH
CP-0003083,2023-08-04,SIMULATED_HISTORY,Nairobi,PMS,WATCH,NORMAL,31492.73,2873.19,28619.54,9.96,1,16000.0,0,CREATE_PIPELINE_BATCH
CP-0003084,2023-08-10,SIMULATED_HISTORY,Nairobi,PMS,WATCH,NORMAL,31658.7,2791.9,28866.81,10.34,1,16000.0,0,CREATE_PIPELINE_BATCH
CP-0003085,2023-08-16,SIMULATED_HISTORY,Nairobi,PMS,WATCH,NORMAL,31279.31,2921.27,28358.04,9.71,1,16000.0,0,CREATE_PIPELINE_BATCH
CP-0003086,2023-08-21,SIMULATED_HISTORY,Nairobi,PMS,WATCH,NORMAL,33376.63,2754.8,30621.83,11.12,1,16000.0,0,CREATE_PIPELINE_BATCH
CP-0003087,2023-08-27,SIMULATED_HISTORY,Nairobi,PMS,WATCH,NORMAL,32497.56,2664.57,29832.99,11.2,1,16000.0,0,CREATE_PIPELINE_BATCH
CP-0003088,2023-09-01,SIMULATED_HISTORY,Nairobi,PMS,HEALTHY,UNPLANNED_PUMP_FAILURE,34432.73,2824.15,31608.58,11.19,0,0.0,0,HOLD/RESCHEDULE_DUE_TO_OUTAGE
CP-0003089,2023-09-02,SIMULATED_HISTORY,Nairobi,PMS,WATCH,NORMAL,31608.58,2706.52,28902.06,10.68,1,16000.0,0,CREATE_PIPELINE_BATCH
CP-0003090,2023-09-08,SIMULATED_HISTORY,Nairobi,PMS,WATCH,NORMAL,32263.94,2632.45,29631.49,11.26,1,16000.0,0,CREATE_PIPELINE_BATCH
CP-0003091,2023-09-13,SIMULATED_HISTORY,Nairobi,PMS,HEALTHY,LOADING_BAY_OUTAGE,35033.7,2567.21,32466.5,12.65,0,0.0,0,NONE
CP-0003092,2023-09-14,SIMULATED_HISTORY,Nairobi,PMS,WATCH,NORMAL,32466.5,2652.28,29814.21,11.24,1,16000.0,0,CREATE_PIPELINE_BATCH
CP-0003093,2023-09-20,SIMULATED_HISTORY,Nairobi,PMS,WATCH,NORMAL,32908.71,2628.96,30279.75,11.52,1,16000.0,0,CREATE_PIPELINE_BATCH
CP-0003094,2023-09-27,SIMULATED_HISTORY,Nairobi,PMS,WATCH,NORMAL,31022.83,2528.49,28494.34,11.27,1,16000.0,0,CREATE_PIPELINE_BATCH
CP-0003095,2023-10-03,SIMULATED_HISTORY,Nairobi,PMS,WATCH,NORMAL,31582.05,3094.97,28487.07,9.2,1,16000.0,0,CREATE_PIPELINE_BATCH
CP-0003096,2023-10-08,SIMULATED_HISTORY,Nairobi,PMS,WATCH,NORMAL,33129.93,2306.03,30823.9,13.37,1,16000.0,0,CREATE_PIPELINE_BATCH
CP-0003097,2023-10-11,SIMULATED_HISTORY,Nairobi,PMS,HEALTHY,LOADING_BAY_OUTAGE,41105.65,2714.49,38391.16,14.14,0,0.0,0,NONE
CP-0003098,2023-10-14,SIMULATED_HISTORY,Nairobi,PMS,WATCH,NORMAL,32273.98,2744.47,29529.51,10.76,1,16000.0,0,CREATE_PIPELINE_BATCH
CP-0003099,2023-10-20,SIMULATED_HISTORY,Nairobi,PMS,WATCH,NORMAL,31869.0,3078.21,28790.79,9.35,1,16000.0,0,CREATE_PIPELINE_BATCH
CP-0003100,2023-10-26,SIMULATED_HISTORY,Nairobi,PMS,WATCH,NORMAL,30873.4,2771.31,28102.09,10.14,1,16000.0,0,CREATE_PIPELINE_BATCH
CP-0003101,2023-10-31,SIMULATED_HISTORY,Nairobi,PMS,WATCH,NORMAL,33002.32,2833.93,30168.39,10.65,1,16000.0,0,CREATE_PIPELINE_BATCH
CP-0003102,2023-11-06,SIMULATED_HISTORY,Nairobi,PMS,WATCH,NORMAL,33608.62,2805.85,30802.77,10.98,1,16000.0,0,CREATE_PIPELINE_BATCH
CP-0003103,2023-11-13,SIMULATED_HISTORY,Nairobi,PMS,WATCH,NORMAL,31568.28,2502.91,29065.37,11.61,1,16000.0,0,CREATE_PIPELINE_BATCH
CP-0003104,2023-11-19,SIMULATED_HISTORY,Nairobi,PMS,WATCH,NORMAL,32050.87,2162.5,29888.37,13.82,1,16000.0,0,CREATE_PIPELINE_BATCH
CP-0003105,2023-11-25,SIMULATED_HISTORY,Nairobi,PMS,WATCH,NORMAL,31996.15,2484.6,29511.55,11.88,1,16000.0,0,CREATE_PIPELINE_BATCH
CP-0003106,2023-12-01,SIMULATED_HISTORY,Nairobi,PMS,WATCH,NORMAL,32423.72,3185.2,29238.53,9.18,1,16000.0,0,CREATE_PIPELINE_BATCH
CP-0003107,2023-12-06,SIMULATED_HISTORY,Nairobi,PMS,WATCH,NORMAL,33322.68,3419.57,29903.11,8.74,1,16000.0,0,CREATE_PIPELINE_BATCH
CP-0003108,2023-12-11,SIMULATED_HISTORY,Nairobi,PMS,WATCH,NORMAL,33524.41,2953.53,30570.88,10.35,1,16000.0,0,CREATE_PIPELINE_BATCH
CP-0003109,2023-12-12,SIMULATED_HISTORY,Nairobi,PMS,WATCH,UNPLANNED_PUMP_FAILURE,30570.88,3373.92,27196.97,8.06,0,0.0,0,HOLD/RESCHEDULE_DUE_TO_OUTAGE
CP-0003110,2023-12-17,SIMULATED_HISTORY,Nairobi,PMS,WATCH,NORMAL,31024.12,2710.7,28313.42,10.45,1,16000.0,0,CREATE_PIPELINE_BATCH
CP-0003111,2023-12-22,SIMULATED_HISTORY,Nairobi,PMS,WATCH,NORMAL;DEMAND_SPIKE,31072.87,4595.95,26476.92,5.76,1,16000.0,0,CREATE_PIPELINE_BATCH
CP-0003112,2023-12-26,SIMULATED_HISTORY,Nairobi,PMS,WATCH,NORMAL,33454.62,3532.47,29922.15,8.47,1,16000.0,0,CREATE_PIPELINE_BATCH
CP-0003113,2023-12-31,SIMULATED_HISTORY,Nairobi,PMS,WATCH,NORMAL,32709.97,2749.19,29960.78,10.9,1,16000.0,0,CREATE_PIPELINE_BATCH
CP-0003114,2024-01-05,SIMULATED_HISTORY,Nairobi,PMS,WATCH,NORMAL,32146.31,3133.85,29012.46,9.26,1,16000.0,0,CREATE_PIPELINE_BATCH
CP-0003115,2024-01-11,SIMULATED_HISTORY,Nairobi,PMS,WATCH,NORMAL,31558.95,2826.35,28732.6,10.17,1,16000.0,0,CREATE_PIPELINE_BATCH
CP-0003116,2024-01-16,SIMULATED_HISTORY,Nairobi,PMS,WATCH,NORMAL,33871.51,3052.23,30819.29,10.1,1,16000.0,0,CREATE_PIPELINE_BATCH
CP-0003117,2024-01-22,SIMULATED_HISTORY,Nairobi,PMS,WATCH,NORMAL,33514.65,2806.24,30708.42,10.94,1,16000.0,0,CREATE_PIPELINE_BATCH
CP-0003118,2024-01-28,SIMULATED_HISTORY,Nairobi,PMS,WATCH,NORMAL,33133.07,2373.82,30759.26,12.96,1,16000.0,0,CREATE_PIPELINE_BATCH
CP-0003119,2024-02-03,SIMULATED_HISTORY,Nairobi,PMS,WATCH,NORMAL,33153.01,2464.37,30688.64,12.45,1,16000.0,0,CREATE_PIPELINE_BATCH
CP-0003120,2024-02-10,SIMULATED_HISTORY,Nairobi,PMS,WATCH,NORMAL,31522.45,2531.86,28990.59,11.45,1,16000.0,0,CREATE_PIPELINE_BATCH
CP-0003121,2024-02-16,SIMULATED_HISTORY,Nairobi,PMS,WATCH,NORMAL,31915.46,2869.81,29045.65,10.12,1,16000.0,0,CREATE_PIPELINE_BATCH
CP-0003122,2024-02-22,SIMULATED_HISTORY,Nairobi,PMS,WATCH,NORMAL,33056.47,2503.33,30553.14,12.21,1,16000.0,0,CREATE_PIPELINE_BATCH
CP-0003123,2024-02-29,SIMULATED_HISTORY,Nairobi,PMS,WATCH,NORMAL,31057.4,2721.94,28335.47,10.41,1,16000.0,0,CREATE_PIPELINE_BATCH
CP-0003124,2024-03-06,SIMULATED_HISTORY,Nairobi,PMS,WATCH,LOADING_BAY_OUTAGE,31286.46,2773.0,28513.46,10.28,1,16000.0,0,CREATE_PIPELINE_BATCH
CP-0003125,2024-03-11,SIMULATED_HISTORY,Nairobi,PMS,WATCH,NORMAL,34003.26,3214.6,30788.67,9.58,1,16000.0,0,CREATE_PIPELINE_BATCH
CP-0003126,2024-03-17,SIMULATED_HISTORY,Nairobi,PMS,WATCH,NORMAL,32477.44,2060.03,30417.42,14.77,1,16000.0,0,CREATE_PIPELINE_BATCH
CP-0003127,2024-03-23,SIMULATED_HISTORY,Nairobi,PMS,WATCH,NORMAL,32146.61,2561.72,29584.89,11.55,1,16000.0,0,CREATE_PIPELINE_BATCH
CP-0003128,2024-03-29,SIMULATED_HISTORY,Nairobi,PMS,WATCH,NORMAL,32529.51,3351.26,29178.25,8.71,1,16000.0,0,CREATE_PIPELINE_BATCH
CP-0003129,2024-04-04,SIMULATED_HISTORY,Nairobi,PMS,WATCH,NORMAL,30960.16,2833.72,28126.44,9.93,1,16000.0,0,CREATE_PIPELINE_BATCH
CP-0003130,2024-04-10,SIMULATED_HISTORY,Nairobi,PMS,WATCH,NORMAL,31061.06,2916.77,28144.29,9.65,1,16000.0,0,CREATE_PIPELINE_BATCH
CP-0003131,2024-04-15,SIMULATED_HISTORY,Nairobi,PMS,WATCH,NORMAL,32981.96,2570.28,30411.68,11.83,1,16000.0,0,CREATE_PIPELINE_BATCH
CP-0003132,2024-04-21,SIMULATED_HISTORY,Nairobi,PMS,WATCH,NORMAL,32175.71,2473.61,29702.09,12.01,1,16000.0,0,CREATE_PIPELINE_BATCH
CP-0003133,2024-04-27,SIMULATED_HISTORY,Nairobi,PMS,WATCH,NORMAL,31535.87,2546.63,28989.24,11.38,1,16000.0,0,CREATE_PIPELINE_BATCH
CP-0003134,2024-05-02,SIMULATED_HISTORY,Nairobi,PMS,HEALTHY,UNPLANNED_PUMP_FAILURE,33892.3,2783.98,31108.33,11.17,0,0.0,0,HOLD/RESCHEDULE_DUE_TO_OUTAGE
CP-0003135,2024-05-03,SIMULATED_HISTORY,Nairobi,PMS,WATCH,NORMAL,31108.33,2889.33,28219.0,9.77,1,16000.0,0,CREATE_PIPELINE_BATCH
CP-0003136,2024-05-06,SIMULATED_HISTORY,Nairobi,PMS,HEALTHY,UNPLANNED_PUMP_FAILURE,38949.65,2833.98,36115.66,12.74,0,0.0,0,HOLD/RESCHEDULE_DUE_TO_OUTAGE
CP-0003137,2024-05-08,SIMULATED_HISTORY,Nairobi,PMS,WATCH,NORMAL,32874.8,2858.22,30016.58,10.5,1,16000.0,0,CREATE_PIPELINE_BATCH
CP-0003138,2024-05-14,SIMULATED_HISTORY,Nairobi,PMS,WATCH,NORMAL,32721.25,2589.27,30131.98,11.64,1,16000.0,0,CREATE_PIPELINE_BATCH
CP-0003139,2024-05-20,SIMULATED_HISTORY,Nairobi,PMS,WATCH,NORMAL,32623.04,2823.37,29799.67,10.55,1,16000.0,0,CREATE_PIPELINE_BATCH
CP-0003140,2024-05-25,SIMULATED_HISTORY,Nairobi,PMS,HEALTHY,DATA_LATENCY_INCIDENT,34587.75,2516.88,32070.87,12.74,0,0.0,0,NONE
CP-0003141,2024-05-26,SIMULATED_HISTORY,Nairobi,PMS,WATCH,NORMAL,32070.87,2193.54,29877.33,13.62,1,16000.0,0,CREATE_PIPELINE_BATCH
CP-0003142,2024-06-01,SIMULATED_HISTORY,Nairobi,PMS,WATCH,NORMAL,32204.38,2794.41,29409.96,10.52,1,16000.0,0,CREATE_PIPELINE_BATCH
CP-0003143,2024-06-07,SIMULATED_HISTORY,Nairobi,PMS,WATCH,NORMAL,33089.96,2762.92,30327.04,10.98,1,16000.0,0,CREATE_PIPELINE_BATCH
CP-0003144,2024-06-14,SIMULATED_HISTORY,Nairobi,PMS,WATCH,NORMAL,31330.7,2957.98,28372.72,9.59,1,16000.0,0,CREATE_PIPELINE_BATCH
CP-0003145,2024-06-20,SIMULATED_HISTORY,Nairobi,PMS,WATCH,NORMAL,31647.2,2625.9,29021.3,11.05,1,16000.0,0,CREATE_PIPELINE_BATCH
CP-0003146,2024-06-26,SIMULATED_HISTORY,Nairobi,PMS,WATCH,NORMAL,32515.31,2770.47,29744.84,10.74,1,16000.0,0,CREATE_PIPELINE_BATCH
CP-0003147,2024-07-02,SIMULATED_HISTORY,Nairobi,PMS,WATCH,NORMAL,33100.96,2528.18,30572.78,12.09,1,16000.0,0,CREATE_PIPELINE_BATCH
CP-0003148,2024-07-08,SIMULATED_HISTORY,Nairobi,PMS,WATCH,NORMAL,33114.07,2777.62,30336.45,10.92,1,16000.0,0,CREATE_PIPELINE_BATCH
CP-0003149,2024-07-14,SIMULATED_HISTORY,Nairobi,PMS,WATCH,NORMAL,32697.43,2425.97,30271.46,12.48,1,16000.0,0,CREATE_PIPELINE_BATCH
CP-0003150,2024-07-17,SIMULATED_HISTORY,Nairobi,PMS,HEALTHY,LOADING_BAY_OUTAGE,41046.05,2700.95,38345.1,14.2,0,0.0,0,NONE
CP-0003151,2024-07-20,SIMULATED_HISTORY,Nairobi,PMS,WATCH,NORMAL,32880.91,2356.19,30524.73,12.96,1,16000.0,0,CREATE_PIPELINE_BATCH
CP-0003152,2024-07-26,SIMULATED_HISTORY,Nairobi,PMS,WATCH,NORMAL,32635.43,2827.58,29807.85,10.54,1,16000.0,0,CREATE_PIPELINE_BATCH
CP-0003153,2024-08-01,SIMULATED_HISTORY,Nairobi,PMS,WATCH,NORMAL,32834.12,2801.27,30032.85,10.72,1,16000.0,0,CREATE_PIPELINE_BATCH
CP-0003154,2024-08-07,SIMULATED_HISTORY,Nairobi,PMS,WATCH,NORMAL,32768.06,2769.54,29998.52,10.83,1,16000.0,0,CREATE_PIPELINE_BATCH
CP-0003155,2024-08-13,SIMULATED_HISTORY,Nairobi,PMS,WATCH,NORMAL,33363.94,2779.53,30584.41,11.0,1,16000.0,0,CREATE_PIPELINE_BATCH
CP-0003156,2024-08-19,SIMULATED_HISTORY,Nairobi,PMS,WATCH,NORMAL,33231.35,2897.55,30333.8,10.47,1,16000.0,0,CREATE_PIPELINE_BATCH
CP-0003157,2024-08-22,SIMULATED_HISTORY,Nairobi,PMS,HEALTHY,PLANNED_PIPELINE_MAINTENANCE,40991.41,2786.31,38205.1,13.71,0,0.0,0,HOLD/RESCHEDULE_DUE_TO_OUTAGE
CP-0003158,2024-08-25,SIMULATED_HISTORY,Nairobi,PMS,WATCH,NORMAL,32880.09,2633.7,30246.39,11.48,1,16000.0,0,CREATE_PIPELINE_BATCH
CP-0003159,2024-08-31,SIMULATED_HISTORY,Nairobi,PMS,WATCH,NORMAL,31681.5,2791.44,28890.07,10.35,1,16000.0,0,CREATE_PIPELINE_BATCH
CP-0003160,2024-09-06,SIMULATED_HISTORY,Nairobi,PMS,WATCH,NORMAL,31772.1,2808.55,28963.55,10.31,1,16000.0,0,CREATE_PIPELINE_BATCH
CP-0003161,2024-09-11,SIMULATED_HISTORY,Nairobi,PMS,HEALTHY,UNPLANNED_PUMP_FAILURE,35187.02,2489.15,32697.87,13.14,0,0.0,0,HOLD/RESCHEDULE_DUE_TO_OUTAGE
CP-0003162,2024-09-12,SIMULATED_HISTORY,Nairobi,PMS,WATCH,NORMAL,32697.87,2463.93,30233.94,12.27,1,16000.0,0,CREATE_PIPELINE_BATCH
CP-0003163,2024-09-18,SIMULATED_HISTORY,Nairobi,PMS,WATCH,NORMAL,33549.07,2881.08,30667.99,10.64,1,16000.0,0,CREATE_PIPELINE_BATCH
CP-0003164,2024-09-25,SIMULATED_HISTORY,Nairobi,PMS,WATCH,NORMAL,31555.71,2691.86,28863.85,10.72,1,16000.0,0,CREATE_PIPELINE_BATCH
CP-0003165,2024-09-28,SIMULATED_HISTORY,Nairobi,PMS,HEALTHY,DATA_LATENCY_INCIDENT,39456.6,2499.2,36957.4,14.79,0,0.0,0,NONE
CP-0003166,2024-09-30,SIMULATED_HISTORY,Nairobi,PMS,HEALTHY,LOADING_BAY_OUTAGE,34847.49,2559.78,32287.71,12.61,0,0.0,0,NONE
CP-0003167,2024-10-01,SIMULATED_HISTORY,Nairobi,PMS,WATCH,NORMAL,32287.71,2942.43,29345.28,9.97,1,16000.0,0,CREATE_PIPELINE_BATCH
CP-0003168,2024-10-07,SIMULATED_HISTORY,Nairobi,PMS,WATCH,NORMAL,32155.52,2882.66,29272.86,10.15,1,16000.0,0,CREATE_PIPELINE_BATCH
CP-0003169,2024-10-13,SIMULATED_HISTORY,Nairobi,PMS,WATCH,NORMAL,31260.68,2327.77,28932.9,12.43,1,16000.0,0,CREATE_PIPELINE_BATCH
CP-0003170,2024-10-18,SIMULATED_HISTORY,Nairobi,PMS,WATCH,NORMAL,33284.25,3082.23,30202.02,9.8,1,16000.0,0,CREATE_PIPELINE_BATCH
CP-0003171,2024-10-24,SIMULATED_HISTORY,Nairobi,PMS,WATCH,NORMAL,32211.32,2760.31,29451.01,10.67,1,16000.0,0,CREATE_PIPELINE_BATCH
CP-0003172,2024-10-25,SIMULATED_HISTORY,Nairobi,PMS,WATCH,PLANNED_PIPELINE_MAINTENANCE,29451.01,2699.17,26751.84,9.91,0,0.0,0,HOLD/RESCHEDULE_DUE_TO_OUTAGE
CP-0003173,2024-10-26,SIMULATED_HISTORY,Nairobi,PMS,WATCH,PLANNED_PIPELINE_MAINTENANCE,26751.84,2517.56,24234.28,9.63,0,0.0,0,HOLD/RESCHEDULE_DUE_TO_OUTAGE
CP-0003174,2024-10-30,SIMULATED_HISTORY,Nairobi,PMS,WATCH,NORMAL,33066.95,2784.33,30282.62,10.88,1,16000.0,0,CREATE_PIPELINE_BATCH
CP-0003175,2024-11-06,SIMULATED_HISTORY,Nairobi,PMS,WATCH,NORMAL,31345.1,2447.43,28897.66,11.81,1,16000.0,0,CREATE_PIPELINE_BATCH
CP-0003176,2024-11-12,SIMULATED_HISTORY,Nairobi,PMS,WATCH,NORMAL,32681.52,2626.82,30054.7,11.44,1,16000.0,0,CREATE_PIPELINE_BATCH
CP-0003177,2024-11-13,SIMULATED_HISTORY,Nairobi,PMS,HEALTHY,LOADING_BAY_OUTAGE,30054.7,2841.76,43212.94,15.21,0,0.0,0,NONE
CP-0003178,2024-11-18,SIMULATED_HISTORY,Nairobi,PMS,WATCH,NORMAL,33242.1,2707.35,30534.75,11.28,1,16000.0,0,CREATE_PIPELINE_BATCH
CP-0003179,2024-11-25,SIMULATED_HISTORY,Nairobi,PMS,WATCH,NORMAL,31227.06,2408.09,28818.97,11.97,1,16000.0,0,CREATE_PIPELINE_BATCH
CP-0003180,2024-12-01,SIMULATED_HISTORY,Nairobi,PMS,WATCH,NORMAL,31924.68,2830.63,29094.06,10.28,1,16000.0,0,CREATE_PIPELINE_BATCH
CP-0003181,2024-12-06,SIMULATED_HISTORY,Nairobi,PMS,WATCH,NORMAL,32649.54,3148.99,29500.54,9.37,1,16000.0,0,CREATE_PIPELINE_BATCH
CP-0003182,2024-12-11,SIMULATED_HISTORY,Nairobi,PMS,WATCH,NORMAL,33656.7,2981.69,30675.01,10.29,1,16000.0,0,CREATE_PIPELINE_BATCH
CP-0003183,2024-12-14,SIMULATED_HISTORY,Nairobi,PMS,HEALTHY,LOADING_BAY_OUTAGE,39890.04,2814.79,37075.24,13.17,0,0.0,0,NONE
CP-0003184,2024-12-17,SIMULATED_HISTORY,Nairobi,PMS,WATCH,NORMAL,31639.96,2965.71,28674.25,9.67,1,16000.0,0,CREATE_PIPELINE_BATCH
CP-0003185,2024-12-22,SIMULATED_HISTORY,Nairobi,PMS,WATCH,NORMAL,31951.8,2498.56,29453.24,11.79,1,16000.0,0,CREATE_PIPELINE_BATCH
CP-0003186,2024-12-27,SIMULATED_HISTORY,Nairobi,PMS,WATCH,NORMAL,32498.56,3403.14,29095.41,8.55,1,16000.0,0,CREATE_PIPELINE_BATCH
CP-0003187,2025-01-01,SIMULATED_HISTORY,Nairobi,PMS,WATCH,NORMAL,33840.13,3501.95,30338.18,8.66,1,16000.0,0,CREATE_PIPELINE_BATCH
CP-0003188,2025-01-06,SIMULATED_HISTORY,Nairobi,PMS,WATCH,NORMAL,32038.06,3187.51,28850.54,9.05,1,16000.0,0,CREATE_PIPELINE_BATCH
CP-0003189,2025-01-11,SIMULATED_HISTORY,Nairobi,PMS,WATCH,NORMAL,32029.41,2692.88,29336.54,10.89,1,16000.0,0,CREATE_PIPELINE_BATCH
CP-0003190,2025-01-16,SIMULATED_HISTORY,Nairobi,PMS,WATCH,NORMAL,33698.64,3226.89,30471.75,9.44,1,16000.0,0,CREATE_PIPELINE_BATCH
CP-0003191,2025-01-22,SIMULATED_HISTORY,Nairobi,PMS,WATCH,NORMAL,31519.8,2892.31,28627.48,9.9,1,16000.0,0,CREATE_PIPELINE_BATCH
CP-0003192,2025-01-24,SIMULATED_HISTORY,Nairobi,PMS,HEALTHY,LOADING_BAY_OUTAGE,41573.79,2878.38,38695.41,13.44,0,0.0,0,NONE
CP-0003193,2025-01-27,SIMULATED_HISTORY,Nairobi,PMS,WATCH,NORMAL,33560.18,2872.05,30688.12,10.69,1,16000.0,0,CREATE_PIPELINE_BATCH
CP-0003194,2025-02-02,SIMULATED_HISTORY,Nairobi,PMS,WATCH,NORMAL,32227.09,2504.7,29722.39,11.87,1,16000.0,0,CREATE_PIPELINE_BATCH
CP-0003195,2025-02-07,SIMULATED_HISTORY,Nairobi,PMS,WATCH,NORMAL,34008.73,3228.2,30780.54,9.53,1,16000.0,0,CREATE_PIPELINE_BATCH
CP-0003196,2025-02-14,SIMULATED_HISTORY,Nairobi,PMS,WATCH,NORMAL,31271.57,2727.87,28543.69,10.46,1,16000.0,0,CREATE_PIPELINE_BATCH
CP-0003197,2025-02-19,SIMULATED_HISTORY,Nairobi,PMS,HEALTHY,LOADING_BAY_OUTAGE,34451.11,2751.8,31699.31,11.52,0,0.0,0,NONE
CP-0003198,2025-02-20,SIMULATED_HISTORY,Nairobi,PMS,WATCH,NORMAL,31699.31,3132.5,28566.81,9.12,1,16000.0,0,CREATE_PIPELINE_BATCH
CP-0003199,2025-02-26,SIMULATED_HISTORY,Nairobi,PMS,WATCH,NORMAL,31214.58,2907.36,28307.22,9.74,1,16000.0,0,CREATE_PIPELINE_BATCH
CP-0003200,2025-03-03,SIMULATED_HISTORY,Nairobi,PMS,WATCH,NORMAL,33736.59,3016.04,30720.55,10.19,1,16000.0,0,CREATE_PIPELINE_BATCH
CP-0003201,2025-03-09,SIMULATED_HISTORY,Nairobi,PMS,WATCH,NORMAL,32138.68,2574.32,29564.35,11.48,1,16000.0,0,CREATE_PIPELINE_BATCH
CP-0003202,2025-03-14,SIMULATED_HISTORY,Nairobi,PMS,WATCH,NORMAL,33856.01,3195.18,30660.84,9.6,1,16000.0,0,CREATE_PIPELINE_BATCH
CP-0003203,2025-03-20,SIMULATED_HISTORY,Nairobi,PMS,WATCH,NORMAL,32661.52,2784.05,29877.47,10.73,1,16000.0,0,CREATE_PIPELINE_BATCH
CP-0003204,2025-03-26,SIMULATED_HISTORY,Nairobi,PMS,WATCH,NORMAL,31921.34,3013.53,28907.81,9.59,1,16000.0,0,CREATE_PIPELINE_BATCH
CP-0003205,2025-04-01,SIMULATED_HISTORY,Nairobi,PMS,WATCH,UNPLANNED_PUMP_FAILURE,31012.61,2953.58,28059.03,9.5,1,16000.0,0,CREATE_PIPELINE_BATCH+OUTAGE
CP-0003206,2025-04-06,SIMULATED_HISTORY,Nairobi,PMS,WATCH,NORMAL,31619.63,2714.92,28904.71,10.65,1,16000.0,0,CREATE_PIPELINE_BATCH
CP-0003207,2025-04-11,SIMULATED_HISTORY,Nairobi,PMS,WATCH,NORMAL,33255.6,3147.03,30108.57,9.57,1,16000.0,0,CREATE_PIPELINE_BATCH
CP-0003208,2025-04-17,SIMULATED_HISTORY,Nairobi,PMS,WATCH,NORMAL,31761.47,2842.35,28919.12,10.17,1,16000.0,0,CREATE_PIPELINE_BATCH
CP-0003209,2025-04-22,SIMULATED_HISTORY,Nairobi,PMS,WATCH,NORMAL,33062.2,2825.32,30236.88,10.7,1,16000.0,0,CREATE_PIPELINE_BATCH
CP-0003210,2025-04-28,SIMULATED_HISTORY,Nairobi,PMS,WATCH,NORMAL,32190.58,2632.58,29558.0,11.23,1,16000.0,0,CREATE_PIPELINE_BATCH
CP-0003211,2025-05-01,SIMULATED_HISTORY,Nairobi,PMS,HEALTHY,LOADING_BAY_OUTAGE,39602.63,3402.15,36200.48,10.64,0,0.0,0,NONE
CP-0003212,2025-05-03,SIMULATED_HISTORY,Nairobi,PMS,WATCH,NORMAL,32970.01,3032.27,29937.74,9.87,1,16000.0,0,CREATE_PIPELINE_BATCH
CP-0003213,2025-05-08,SIMULATED_HISTORY,Nairobi,PMS,WATCH,NORMAL,33901.25,3067.08,30834.18,10.05,1,16000.0,0,CREATE_PIPELINE_BATCH
CP-0003214,2025-05-14,SIMULATED_HISTORY,Nairobi,PMS,WATCH,NORMAL,33173.55,3039.68,30133.87,9.91,1,16000.0,0,CREATE_PIPELINE_BATCH
CP-0003215,2025-05-20,SIMULATED_HISTORY,Nairobi,PMS,WATCH,NORMAL,31683.14,2946.85,28736.29,9.75,1,16000.0,0,CREATE_PIPELINE_BATCH
CP-0003216,2025-05-21,SIMULATED_HISTORY,Nairobi,PMS,WATCH,PLANNED_PIPELINE_MAINTENANCE,28736.29,2964.26,25772.03,8.69,0,0.0,0,HOLD/RESCHEDULE_DUE_TO_OUTAGE
CP-0003217,2025-05-25,SIMULATED_HISTORY,Nairobi,PMS,WATCH,NORMAL,32843.35,2212.2,30631.15,13.85,1,16000.0,0,CREATE_PIPELINE_BATCH
CP-0003218,2025-05-31,SIMULATED_HISTORY,Nairobi,PMS,WATCH,NORMAL,31894.39,2783.4,29110.99,10.46,1,16000.0,0,CREATE_PIPELINE_BATCH
CP-0003219,2025-06-06,SIMULATED_HISTORY,Nairobi,PMS,WATCH,NORMAL,31490.87,3119.5,28371.37,9.09,1,16000.0,0,CREATE_PIPELINE_BATCH
CP-0003220,2025-06-09,SIMULATED_HISTORY,Nairobi,PMS,HEALTHY,PLANNED_PIPELINE_MAINTENANCE,39742.76,2956.08,36786.68,12.44,0,0.0,0,HOLD/RESCHEDULE_DUE_TO_OUTAGE
CP-0003221,2025-06-10,SIMULATED_HISTORY,Nairobi,PMS,HEALTHY,PLANNED_PIPELINE_MAINTENANCE,36786.68,2876.47,33910.21,11.79,0,0.0,0,HOLD/RESCHEDULE_DUE_TO_OUTAGE
CP-0003222,2025-06-11,SIMULATED_HISTORY,Nairobi,PMS,WATCH,NORMAL,33910.21,3131.91,30778.3,9.83,1,16000.0,0,CREATE_PIPELINE_BATCH
CP-0003223,2025-06-17,SIMULATED_HISTORY,Nairobi,PMS,WATCH,NORMAL,32847.49,3079.31,29768.18,9.67,1,16000.0,0,CREATE_PIPELINE_BATCH
CP-0003224,2025-06-23,SIMULATED_HISTORY,Nairobi,PMS,WATCH,NORMAL,31600.64,2789.91,28810.73,10.33,1,16000.0,0,CREATE_PIPELINE_BATCH
CP-0003225,2025-06-28,SIMULATED_HISTORY,Nairobi,PMS,WATCH,NORMAL,33096.41,2740.11,30356.31,11.08,1,16000.0,0,CREATE_PIPELINE_BATCH
CP-0003226,2025-07-04,SIMULATED_HISTORY,Nairobi,PMS,WATCH,NORMAL,32582.54,2968.56,29613.98,9.98,1,16000.0,0,CREATE_PIPELINE_BATCH
CP-0003227,2025-07-10,SIMULATED_HISTORY,Nairobi,PMS,WATCH,NORMAL,31756.66,2772.97,28983.69,10.45,1,16000.0,0,CREATE_PIPELINE_BATCH
CP-0003228,2025-07-15,SIMULATED_HISTORY,Nairobi,PMS,WATCH,NORMAL,33900.7,3142.76,30757.94,9.79,1,16000.0,0,CREATE_PIPELINE_BATCH
CP-0003229,2025-07-21,SIMULATED_HISTORY,Nairobi,PMS,WATCH,NORMAL,32304.1,2771.81,29532.29,10.65,1,16000.0,0,CREATE_PIPELINE_BATCH
CP-0003230,2025-07-27,SIMULATED_HISTORY,Nairobi,PMS,WATCH,NORMAL,31037.94,2322.19,28715.76,12.37,1,16000.0,0,CREATE_PIPELINE_BATCH
CP-0003231,2025-08-01,SIMULATED_HISTORY,Nairobi,PMS,WATCH,NORMAL,32846.94,3031.56,29815.38,9.83,1,16000.0,0,CREATE_PIPELINE_BATCH
CP-0003232,2025-08-05,SIMULATED_HISTORY,Nairobi,PMS,HEALTHY,DATA_LATENCY_INCIDENT,37878.72,3002.71,34876.01,11.61,0,0.0,0,NONE
CP-0003233,2025-08-07,SIMULATED_HISTORY,Nairobi,PMS,WATCH,NORMAL,32001.17,2935.07,29066.09,9.9,1,16000.0,0,CREATE_PIPELINE_BATCH
CP-0003234,2025-08-12,SIMULATED_HISTORY,Nairobi,PMS,WATCH,NORMAL,33933.14,3135.91,30797.23,9.82,1,16000.0,0,CREATE_PIPELINE_BATCH
CP-0003235,2025-08-14,SIMULATED_HISTORY,Nairobi,PMS,HEALTHY,LOADING_BAY_OUTAGE;UNPLANNED_PUMP_FAILURE,43797.16,2671.61,41125.55,15.39,0,0.0,0,HOLD/RESCHEDULE_DUE_TO_OUTAGE
CP-0003236,2025-08-18,SIMULATED_HISTORY,Nairobi,PMS,WATCH,NORMAL,33024.05,2943.25,30080.81,10.22,1,16000.0,0,CREATE_PIPELINE_BATCH
CP-0003237,2025-08-24,SIMULATED_HISTORY,Nairobi,PMS,WATCH,NORMAL,31157.38,2658.36,28499.02,10.72,1,16000.0,0,CREATE_PIPELINE_BATCH
CP-0003238,2025-08-29,SIMULATED_HISTORY,Nairobi,PMS,WATCH,NORMAL,32211.82,3092.59,29119.23,9.42,1,16000.0,0,CREATE_PIPELINE_BATCH
CP-0003239,2025-09-04,SIMULATED_HISTORY,Nairobi,PMS,WATCH,NORMAL,31721.3,2640.04,29081.26,11.02,1,16000.0,0,CREATE_PIPELINE_BATCH
CP-0003240,2025-09-10,SIMULATED_HISTORY,Nairobi,PMS,WATCH,NORMAL,31347.21,2955.32,28391.9,9.61,1,16000.0,0,CREATE_PIPELINE_BATCH
CP-0003241,2025-09-13,SIMULATED_HISTORY,Nairobi,PMS,HEALTHY,DATA_LATENCY_INCIDENT,38149.56,2536.43,35613.13,14.04,0,0.0,0,NONE
CP-0003242,2025-09-15,SIMULATED_HISTORY,Nairobi,PMS,WATCH,NORMAL,33270.48,2927.94,30342.54,10.36,1,16000.0,0,CREATE_PIPELINE_BATCH
CP-0003243,2025-09-21,SIMULATED_HISTORY,Nairobi,PMS,WATCH,NORMAL,32154.49,2472.95,29681.54,12.0,1,16000.0,0,CREATE_PIPELINE_BATCH
CP-0003244,2025-09-27,SIMULATED_HISTORY,Nairobi,PMS,WATCH,NORMAL,30991.64,2631.5,28360.14,10.78,1,16000.0,0,CREATE_PIPELINE_BATCH
CP-0003245,2025-10-02,SIMULATED_HISTORY,Nairobi,PMS,WATCH,NORMAL,33858.61,3042.81,30815.79,10.13,1,16000.0,0,CREATE_PIPELINE_BATCH
CP-0003246,2025-10-07,SIMULATED_HISTORY,Nairobi,PMS,HEALTHY,LOADING_BAY_OUTAGE,35296.86,3101.64,32195.22,10.38,0,0.0,0,NONE
CP-0003247,2025-10-08,SIMULATED_HISTORY,Nairobi,PMS,WATCH,NORMAL,32195.22,2820.38,29374.84,10.42,1,16000.0,0,CREATE_PIPELINE_BATCH
CP-0003248,2025-10-13,SIMULATED_HISTORY,Nairobi,PMS,WATCH,NORMAL,33932.44,3102.15,30830.29,9.94,1,16000.0,0,CREATE_PIPELINE_BATCH
CP-0003249,2025-10-19,SIMULATED_HISTORY,Nairobi,PMS,WATCH,NORMAL,32088.98,2675.11,29413.87,11.0,1,16000.0,0,CREATE_PIPELINE_BATCH
CP-0003250,2025-10-24,SIMULATED_HISTORY,Nairobi,PMS,WATCH,NORMAL,33493.01,3251.29,30241.72,9.3,1,16000.0,0,CREATE_PIPELINE_BATCH
CP-0003251,2025-10-30,SIMULATED_HISTORY,Nairobi,PMS,WATCH,NORMAL,31409.22,3033.17,28376.05,9.36,1,16000.0,0,CREATE_PIPELINE_BATCH
CP-0003252,2025-11-04,SIMULATED_HISTORY,Nairobi,PMS,WATCH,NORMAL,33066.58,2900.65,30165.93,10.4,1,16000.0,0,CREATE_PIPELINE_BATCH
CP-0003253,2025-11-10,SIMULATED_HISTORY,Nairobi,PMS,WATCH,NORMAL,32362.05,2978.13,29383.92,9.87,1,16000.0,0,CREATE_PIPELINE_BATCH
CP-0003254,2025-11-11,SIMULATED_HISTORY,Nairobi,PMS,WATCH,UNPLANNED_PUMP_FAILURE,29383.92,2744.37,26639.55,9.71,0,0.0,0,HOLD/RESCHEDULE_DUE_TO_OUTAGE
CP-0003255,2025-11-16,SIMULATED_HISTORY,Nairobi,PMS,WATCH,NORMAL,31490.84,2571.33,28919.52,11.25,1,16000.0,0,CREATE_PIPELINE_BATCH
CP-0003256,2025-11-22,SIMULATED_HISTORY,Nairobi,PMS,WATCH,NORMAL,31019.27,2400.86,28618.41,11.92,1,16000.0,0,CREATE_PIPELINE_BATCH
CP-0003257,2025-11-28,SIMULATED_HISTORY,Nairobi,PMS,WATCH,NORMAL,31132.99,2892.28,28240.71,9.76,1,16000.0,0,CREATE_PIPELINE_BATCH
CP-0003258,2025-12-03,SIMULATED_HISTORY,Nairobi,PMS,WATCH,NORMAL,32836.72,3257.68,29579.04,9.08,1,16000.0,0,CREATE_PIPELINE_BATCH
CP-0003259,2025-12-08,SIMULATED_HISTORY,Nairobi,PMS,WATCH,NORMAL,31951.14,3025.94,28925.19,9.56,1,16000.0,0,CREATE_PIPELINE_BATCH
CP-0003260,2025-12-13,SIMULATED_HISTORY,Nairobi,PMS,WATCH,NORMAL,31233.85,3032.79,28201.06,9.3,1,16000.0,0,CREATE_PIPELINE_BATCH
CP-0003261,2025-12-18,SIMULATED_HISTORY,Nairobi,PMS,WATCH,NORMAL,31281.47,3206.62,28074.85,8.76,1,16000.0,0,CREATE_PIPELINE_BATCH
CP-0003262,2025-12-23,SIMULATED_HISTORY,Nairobi,PMS,WATCH,NORMAL,31109.08,3223.0,27886.08,8.65,1,16000.0,0,CREATE_PIPELINE_BATCH
CP-0003263,2025-12-27,SIMULATED_HISTORY,Nairobi,PMS,WATCH,NORMAL,32905.02,3019.02,29885.99,9.9,1,16000.0,0,CREATE_PIPELINE_BATCH
CP-0003264,2026-01-01,SIMULATED_HISTORY,Nairobi,PMS,WATCH,NORMAL,33130.59,3916.45,29214.13,7.46,1,16000.0,0,CREATE_PIPELINE_BATCH
CP-0003265,2026-01-05,SIMULATED_HISTORY,Nairobi,PMS,WATCH,NORMAL,34487.07,4035.15,30451.92,7.55,1,16000.0,0,CREATE_PIPELINE_BATCH
CP-0003266,2026-01-10,SIMULATED_HISTORY,Nairobi,PMS,WATCH,NORMAL,33524.28,3076.82,30447.45,9.9,1,16000.0,0,CREATE_PIPELINE_BATCH
CP-0003267,2026-01-15,SIMULATED_HISTORY,Nairobi,PMS,WATCH,NORMAL,33887.83,3136.03,30751.8,9.81,1,16000.0,0,CREATE_PIPELINE_BATCH
CP-0003268,2026-01-20,SIMULATED_HISTORY,Nairobi,PMS,WATCH,NORMAL,34141.39,3439.13,30702.26,8.93,1,16000.0,0,CREATE_PIPELINE_BATCH
CP-0003269,2026-01-26,SIMULATED_HISTORY,Nairobi,PMS,WATCH,NORMAL,31320.11,3274.35,28045.76,8.57,1,16000.0,0,CREATE_PIPELINE_BATCH
CP-0003270,2026-01-30,SIMULATED_HISTORY,Nairobi,PMS,WATCH,NORMAL,34186.05,3499.45,30686.6,8.77,1,16000.0,0,CREATE_PIPELINE_BATCH
CP-0003271,2026-02-05,SIMULATED_HISTORY,Nairobi,PMS,WATCH,NORMAL,32112.38,3183.52,28928.86,9.09,1,16000.0,0,CREATE_PIPELINE_BATCH
CP-0003272,2026-02-11,SIMULATED_HISTORY,Nairobi,PMS,WATCH,LOADING_BAY_OUTAGE,31026.14,2948.27,28077.86,9.52,1,16000.0,0,CREATE_PIPELINE_BATCH
CP-0003273,2026-02-16,SIMULATED_HISTORY,Nairobi,PMS,WATCH,NORMAL,32915.29,2657.68,30257.61,11.38,1,16000.0,0,CREATE_PIPELINE_BATCH
CP-0003274,2026-02-22,SIMULATED_HISTORY,Nairobi,PMS,WATCH,NORMAL,31325.26,2538.5,28786.77,11.34,1,16000.0,0,CREATE_PIPELINE_BATCH
CP-0003275,2026-02-24,SIMULATED_HISTORY,Nairobi,PMS,HEALTHY,UNPLANNED_PUMP_FAILURE,41738.75,2966.1,38772.65,13.07,0,0.0,0,HOLD/RESCHEDULE_DUE_TO_OUTAGE
CP-0003276,2026-02-27,SIMULATED_HISTORY,Nairobi,PMS,WATCH,NORMAL,32744.9,3083.72,29661.18,9.62,1,16000.0,0,CREATE_PIPELINE_BATCH
CP-0003277,2026-03-05,SIMULATED_HISTORY,Nairobi,PMS,WATCH,NORMAL,31166.49,3126.1,28040.4,8.97,1,16000.0,0,CREATE_PIPELINE_BATCH
CP-0003278,2026-03-10,SIMULATED_HISTORY,Nairobi,PMS,WATCH,NORMAL,32280.87,3390.77,28890.1,8.52,1,16000.0,0,CREATE_PIPELINE_BATCH
CP-0003279,2026-03-15,SIMULATED_HISTORY,Nairobi,PMS,WATCH,NORMAL,32085.33,2497.99,29587.35,11.84,1,16000.0,0,CREATE_PIPELINE_BATCH
CP-0003280,2026-03-20,SIMULATED_HISTORY,Nairobi,PMS,WATCH,NORMAL,33005.88,3196.98,29808.9,9.32,1,16000.0,0,CREATE_PIPELINE_BATCH
CP-0003281,2026-03-26,SIMULATED_HISTORY,Nairobi,PMS,WATCH,NORMAL,30856.09,3526.99,27329.1,7.75,1,16000.0,0,CREATE_PIPELINE_BATCH
CP-0003282,2026-03-31,SIMULATED_HISTORY,Nairobi,PMS,WATCH,NORMAL,31336.82,3080.12,28256.7,9.17,1,16000.0,0,CREATE_PIPELINE_BATCH
CP-0003283,2026-04-05,SIMULATED_HISTORY,Nairobi,PMS,WATCH,NORMAL,31395.53,2817.21,28578.32,10.14,1,16000.0,0,CREATE_PIPELINE_BATCH
CP-0003284,2026-04-10,SIMULATED_HISTORY,Nairobi,PMS,WATCH,NORMAL,31669.96,3339.15,28330.81,8.48,1,16000.0,0,CREATE_PIPELINE_BATCH
CP-0003285,2026-04-11,SIMULATED_HISTORY,Nairobi,PMS,HEALTHY,LOADING_BAY_OUTAGE,28330.81,2996.2,41334.6,13.8,0,0.0,0,NONE
CP-0003286,2026-04-15,SIMULATED_HISTORY,Nairobi,PMS,WATCH,NORMAL,32656.79,3059.64,29597.15,9.67,1,16000.0,0,CREATE_PIPELINE_BATCH
CP-0003287,2026-04-20,SIMULATED_HISTORY,Nairobi,PMS,WATCH,NORMAL,33407.43,3087.05,30320.39,9.82,1,16000.0,0,CREATE_PIPELINE_BATCH
CP-0003288,2026-04-25,SIMULATED_HISTORY,Nairobi,PMS,WATCH,NORMAL,33511.88,2842.2,30669.68,10.79,1,16000.0,0,CREATE_PIPELINE_BATCH
CP-0003289,2026-04-30,SIMULATED_HISTORY,Nairobi,PMS,WATCH,NORMAL,34092.53,3417.77,30674.76,8.98,1,16000.0,0,CREATE_PIPELINE_BATCH
CP-0003290,2026-05-03,SIMULATED_HISTORY,Nairobi,PMS,HEALTHY,UNPLANNED_PUMP_FAILURE,39517.15,2854.24,36662.91,12.85,0,0.0,0,HOLD/RESCHEDULE_DUE_TO_OUTAGE
CP-0003291,2026-05-05,SIMULATED_HISTORY,Nairobi,PMS,WATCH,NORMAL,33699.8,3267.22,30432.58,9.31,1,16000.0,0,CREATE_PIPELINE_BATCH
CP-0003292,2026-05-10,SIMULATED_HISTORY,Nairobi,PMS,WATCH,NORMAL,33321.33,2608.75,30712.58,11.77,1,16000.0,0,CREATE_PIPELINE_BATCH
CP-0003293,2026-05-16,SIMULATED_HISTORY,Nairobi,PMS,WATCH,NORMAL,31094.19,2589.23,28504.97,11.01,1,16000.0,0,CREATE_PIPELINE_BATCH
CP-0003294,2026-05-21,SIMULATED_HISTORY,Nairobi,PMS,WATCH,NORMAL,32265.48,3158.61,29106.87,9.22,1,16000.0,0,CREATE_PIPELINE_BATCH
CP-0003295,2026-05-26,SIMULATED_HISTORY,Nairobi,PMS,WATCH,NORMAL,32841.74,3129.91,29711.83,9.49,1,16000.0,0,CREATE_PIPELINE_BATCH
CP-0003296,2026-05-31,SIMULATED_HISTORY,Nairobi,PMS,WATCH,NORMAL,33317.99,2811.65,30506.35,10.85,1,16000.0,0,CREATE_PIPELINE_BATCH
CP-0003297,2026-06-05,SIMULATED_HISTORY,Nairobi,PMS,WATCH,NORMAL,33925.96,3344.33,30581.64,9.14,1,16000.0,0,CREATE_PIPELINE_BATCH
CP-0003298,2026-06-11,SIMULATED_HISTORY,Nairobi,PMS,WATCH,NORMAL,32083.6,2939.58,29144.02,9.91,1,16000.0,0,CREATE_PIPELINE_BATCH
CP-0003299,2026-06-16,SIMULATED_HISTORY,Nairobi,PMS,HEALTHY,UNPLANNED_PUMP_FAILURE,34180.74,3138.76,31041.98,9.89,0,0.0,0,HOLD/RESCHEDULE_DUE_TO_OUTAGE
CP-0003300,2026-06-17,SIMULATED_HISTORY,Nairobi,PMS,WATCH,NORMAL,31041.98,3347.34,27694.64,8.27,1,16000.0,0,CREATE_PIPELINE_BATCH
CP-0003301,2026-06-22,SIMULATED_HISTORY,Nairobi,PMS,WATCH,NORMAL,32037.76,3024.74,29013.01,9.59,1,16000.0,0,CREATE_PIPELINE_BATCH
CP-0003302,2026-06-25,SIMULATED_HISTORY,Nairobi,PMS,HEALTHY,PLANNED_PIPELINE_MAINTENANCE,39191.63,2961.36,36230.27,12.23,0,0.0,0,HOLD/RESCHEDULE_DUE_TO_OUTAGE
CP-0003303,2026-06-26,SIMULATED_HISTORY,Nairobi,PMS,HEALTHY,PLANNED_PIPELINE_MAINTENANCE,36230.27,2981.52,33248.75,11.15,0,0.0,0,HOLD/RESCHEDULE_DUE_TO_OUTAGE
CP-0003304,2026-06-27,SIMULATED_HISTORY,Nairobi,PMS,WATCH,NORMAL,33248.75,2588.87,30659.88,11.84,1,16000.0,0,CREATE_PIPELINE_BATCH
CP-0003305,2026-07-03,SIMULATED_HISTORY,Nairobi,PMS,WATCH,NORMAL,31316.46,3176.69,28139.77,8.86,1,16000.0,0,CREATE_PIPELINE_BATCH
CP-0003306,2026-07-04,SIMULATED_HISTORY,Nairobi,PMS,HEALTHY,DATA_LATENCY_INCIDENT,28139.77,2601.54,41538.24,15.97,0,0.0,0,NONE
CP-0003307,2026-07-08,SIMULATED_HISTORY,Nairobi,PMS,WATCH,NORMAL,32444.19,3062.67,29381.52,9.59,1,16000.0,0,CREATE_PIPELINE_BATCH
CP-0003308,2026-07-12,SIMULATED_HISTORY,Nairobi,PMS,HEALTHY,DATA_LATENCY_INCIDENT,36463.47,2576.08,33887.38,13.15,0,0.0,0,NONE
CP-0003309,2026-07-14,SIMULATED_HISTORY,Nairobi,PMS,WATCH,NORMAL,30874.47,3398.48,27476.0,8.08,1,16000.0,0,CREATE_PIPELINE_BATCH
CP-0003310,2026-07-19,SIMULATED_HISTORY,Nairobi,PMS,WATCH,NORMAL,31254.79,2596.98,28657.8,11.04,1,16000.0,0,CREATE_PIPELINE_BATCH
CP-0003311,2026-07-23,SIMULATED_HISTORY,Nairobi,PMS,HEALTHY,PLANNED_PIPELINE_MAINTENANCE,35040.66,3098.73,31941.93,10.31,0,0.0,0,HOLD/RESCHEDULE_DUE_TO_OUTAGE
CP-0003312,2026-07-24,SIMULATED_HISTORY,Nairobi,PMS,WATCH,NORMAL,31941.93,3080.36,28861.57,9.37,1,16000.0,0,CREATE_PIPELINE_BATCH
CP-0003313,2026-07-29,SIMULATED_HISTORY,Nairobi,PMS,WATCH,NORMAL,33695.17,3669.07,30026.1,8.18,1,16000.0,0,CREATE_PIPELINE_BATCH
CP-0003314,2026-08-04,SIMULATED_HISTORY,Nairobi,PMS,WATCH,NORMAL,31104.2,3040.59,28063.61,9.23,1,16000.0,0,CREATE_PIPELINE_BATCH
CP-0003315,2026-08-09,SIMULATED_HISTORY,Nairobi,PMS,WATCH,NORMAL,31844.46,2666.34,29178.11,10.94,1,16000.0,0,CREATE_PIPELINE_BATCH
CP-0003316,2026-08-14,SIMULATED_HISTORY,Nairobi,PMS,WATCH,NORMAL,32928.37,3285.04,29643.33,9.02,1,16000.0,0,CREATE_PIPELINE_BATCH
CP-0003317,2026-08-20,SIMULATED_HISTORY,Nairobi,PMS,WATCH,NORMAL,31204.72,2963.22,28241.5,9.53,1,16000.0,0,CREATE_PIPELINE_BATCH
CP-0003318,2026-08-25,SIMULATED_HISTORY,Nairobi,PMS,WATCH,NORMAL,32316.63,2834.05,29482.58,10.4,1,16000.0,0,CREATE_PIPELINE_BATCH
CP-0003319,2026-08-30,SIMULATED_HISTORY,Nairobi,PMS,WATCH,NORMAL,32734.31,2430.79,30303.52,12.47,1,16000.0,0,CREATE_PIPELINE_BATCH
CP-0003320,2026-09-05,SIMULATED_HISTORY,Nairobi,PMS,WATCH,NORMAL,30874.24,2779.05,28095.19,10.11,1,16000.0,0,CREATE_PIPELINE_BATCH
CP-0003321,2026-09-10,SIMULATED_HISTORY,Nairobi,PMS,WATCH,NORMAL,31916.74,3139.79,28776.95,9.17,1,16000.0,0,CREATE_PIPELINE_BATCH
CP-0003322,2026-09-15,SCENARIO_FUTURE,Nairobi,PMS,WATCH,NORMAL,33579.91,2908.37,30671.54,10.55,1,16000.0,0,CREATE_PIPELINE_BATCH
CP-0003323,2026-09-16,SCENARIO_FUTURE,Nairobi,PMS,HEALTHY,LOADING_BAY_OUTAGE,30671.54,3079.54,43592.0,14.16,0,0.0,0,NONE
CP-0003324,2026-09-21,SCENARIO_FUTURE,Nairobi,PMS,WATCH,NORMAL,32363.51,3205.86,29157.64,9.1,1,16000.0,0,CREATE_PIPELINE_BATCH
CP-0003325,2026-09-26,SCENARIO_FUTURE,Nairobi,PMS,WATCH,NORMAL,32326.79,2638.81,29687.98,11.25,1,16000.0,0,CREATE_PIPELINE_BATCH
CP-0003326,2026-09-28,SCENARIO_FUTURE,Nairobi,PMS,HEALTHY,LOADING_BAY_OUTAGE,43083.59,3320.22,39763.37,11.98,0,0.0,0,NONE
CP-0003327,2026-10-01,SCENARIO_FUTURE,Nairobi,PMS,WATCH,NORMAL,33020.21,3212.94,29807.26,9.28,1,16000.0,0,CREATE_PIPELINE_BATCH
CP-0003328,2026-10-06,SCENARIO_FUTURE,Nairobi,PMS,WATCH,NORMAL,33485.58,3185.12,30300.46,9.51,1,16000.0,0,CREATE_PIPELINE_BATCH
CP-0003329,2026-10-12,SCENARIO_FUTURE,Nairobi,PMS,WATCH,NORMAL,31043.56,3060.24,27983.31,9.14,1,16000.0,0,CREATE_PIPELINE_BATCH
CP-0003330,2026-10-17,SCENARIO_FUTURE,Nairobi,PMS,WATCH,NORMAL,31206.11,3039.88,28166.24,9.27,1,16000.0,0,CREATE_PIPELINE_BATCH
CP-0003331,2026-10-21,SCENARIO_FUTURE,Nairobi,PMS,HEALTHY,LOADING_BAY_OUTAGE,34985.85,3206.57,31779.28,9.91,0,0.0,0,NONE
CP-0003332,2026-10-22,SCENARIO_FUTURE,Nairobi,PMS,WATCH,NORMAL,31779.28,3386.92,28392.36,8.38,1,16000.0,0,CREATE_PIPELINE_BATCH
CP-0003333,2026-10-27,SCENARIO_FUTURE,Nairobi,PMS,WATCH,NORMAL,32031.78,3187.76,28844.02,9.05,1,16000.0,0,CREATE_PIPELINE_BATCH
CP-0003334,2026-11-01,SCENARIO_FUTURE,Nairobi,PMS,WATCH,NORMAL,31670.42,2462.32,29208.1,11.86,1,16000.0,0,CREATE_PIPELINE_BATCH
CP-0003335,2026-11-06,SCENARIO_FUTURE,Nairobi,PMS,WATCH,NORMAL,32570.61,2993.78,29576.84,9.88,1,16000.0,0,CREATE_PIPELINE_BATCH
CP-0003336,2026-11-12,SCENARIO_FUTURE,Nairobi,PMS,WATCH,NORMAL,31067.31,3407.88,27659.43,8.12,1,16000.0,0,CREATE_PIPELINE_BATCH
CP-0003337,2026-11-17,SCENARIO_FUTURE,Nairobi,PMS,WATCH,NORMAL,32404.35,3234.09,29170.26,9.02,1,16000.0,0,CREATE_PIPELINE_BATCH
CP-0003338,2026-11-23,SCENARIO_FUTURE,Nairobi,PMS,WATCH,NORMAL,31015.13,3012.69,28002.44,9.29,1,16000.0,0,CREATE_PIPELINE_BATCH
CP-0003339,2026-11-28,SCENARIO_FUTURE,Nairobi,PMS,WATCH,NORMAL,32147.11,2752.17,29394.94,10.68,1,16000.0,0,CREATE_PIPELINE_BATCH
CP-0003340,2026-12-03,SCENARIO_FUTURE,Nairobi,PMS,WATCH,NORMAL,33540.1,3444.71,30095.38,8.74,1,16000.0,0,CREATE_PIPELINE_BATCH
CP-0003341,2026-12-08,SCENARIO_FUTURE,Nairobi,PMS,WATCH,NORMAL,32892.31,3511.38,29380.93,8.37,1,16000.0,0,CREATE_PIPELINE_BATCH
CP-0003342,2026-12-12,SCENARIO_FUTURE,Nairobi,PMS,WATCH,NORMAL,34339.5,3554.32,30785.19,8.66,1,16000.0,0,CREATE_PIPELINE_BATCH
CP-0003343,2026-12-17,SCENARIO_FUTURE,Nairobi,PMS,WATCH,NORMAL,32910.23,3530.95,29379.28,8.32,1,16000.0,0,CREATE_PIPELINE_BATCH
CP-0003344,2026-12-20,SCENARIO_FUTURE,Nairobi,PMS,HEALTHY,NORMAL;DEMAND_SPIKE,37751.25,3625.64,34125.61,9.41,0,0.0,0,NONE
CP-0003345,2026-12-21,SCENARIO_FUTURE,Nairobi,PMS,WATCH,NORMAL,34125.61,3552.41,30573.2,8.61,1,16000.0,0,CREATE_PIPELINE_BATCH
CP-0003346,2026-12-26,SCENARIO_FUTURE,Nairobi,PMS,WATCH,NORMAL,31624.91,3346.21,28278.7,8.45,1,16000.0,0,CREATE_PIPELINE_BATCH
CP-0003347,2026-12-30,SCENARIO_FUTURE,Nairobi,PMS,WATCH,NORMAL,33791.94,3685.17,30106.77,8.17,1,16000.0,0,CREATE_PIPELINE_BATCH
CP-0003348,2021-01-07,SIMULATED_HISTORY,Nakuru,AGO,WATCH,NORMAL,7152.83,604.71,6548.12,10.83,1,6292.47,0,CREATE_PIPELINE_BATCH
CP-0003349,2021-01-18,SIMULATED_HISTORY,Nakuru,AGO,WATCH,NORMAL,7110.72,589.41,6521.31,11.06,1,6296.33,0,CREATE_PIPELINE_BATCH
CP-0003350,2021-01-29,SIMULATED_HISTORY,Nakuru,AGO,WATCH,NORMAL,7101.84,635.08,6466.76,10.18,1,6419.39,0,CREATE_PIPELINE_BATCH
CP-0003351,2021-01-30,SIMULATED_HISTORY,Nakuru,AGO,WATCH,UNPLANNED_PUMP_FAILURE,6466.76,544.4,5922.36,10.88,0,0.0,0,HOLD/RESCHEDULE_DUE_TO_OUTAGE
CP-0003352,2021-02-10,SIMULATED_HISTORY,Nakuru,AGO,WATCH,NORMAL,6861.28,538.0,6323.27,11.75,1,6417.25,0,CREATE_PIPELINE_BATCH
CP-0003353,2021-02-22,SIMULATED_HISTORY,Nakuru,AGO,WATCH,NORMAL,7160.06,555.01,6605.05,11.9,1,6160.98,0,CREATE_PIPELINE_BATCH
CP-0003354,2021-03-06,SIMULATED_HISTORY,Nakuru,AGO,WATCH,NORMAL,6919.77,489.54,6430.23,13.14,1,6237.59,0,CREATE_PIPELINE_BATCH
CP-0003355,2021-03-17,SIMULATED_HISTORY,Nakuru,AGO,WATCH,NORMAL,7113.13,560.98,6552.15,11.68,1,6222.85,0,CREATE_PIPELINE_BATCH
CP-0003356,2021-03-29,SIMULATED_HISTORY,Nakuru,AGO,WATCH,NORMAL,6764.77,580.52,6184.26,10.65,1,6620.04,0,CREATE_PIPELINE_BATCH
CP-0003357,2021-04-03,SIMULATED_HISTORY,Nakuru,AGO,HEALTHY,PLANNED_PIPELINE_MAINTENANCE,10451.69,506.41,9945.28,19.64,0,0.0,0,HOLD/RESCHEDULE_DUE_TO_OUTAGE
CP-0003358,2021-04-04,SIMULATED_HISTORY,Nakuru,AGO,HEALTHY,PLANNED_PIPELINE_MAINTENANCE,9945.28,514.29,9431.0,18.34,0,0.0,0,HOLD/RESCHEDULE_DUE_TO_OUTAGE
CP-0003359,2021-04-09,SIMULATED_HISTORY,Nakuru,AGO,WATCH,NORMAL,7134.59,594.88,6539.71,10.99,1,6286.13,0,CREATE_PIPELINE_BATCH
CP-0003360,2021-04-16,SIMULATED_HISTORY,Nakuru,AGO,HEALTHY,DATA_LATENCY_INCIDENT,9557.14,601.96,8955.18,14.88,0,0.0,0,NONE
CP-0003361,2021-04-21,SIMULATED_HISTORY,Nakuru,AGO,WATCH,NORMAL,6768.91,621.56,6147.35,9.89,1,6718.51,0,CREATE_PIPELINE_BATCH
CP-0003362,2021-05-02,SIMULATED_HISTORY,Nakuru,AGO,WATCH,NORMAL,7181.15,532.22,6648.93,12.49,1,6082.92,0,CREATE_PIPELINE_BATCH
CP-0003363,2021-05-12,SIMULATED_HISTORY,Nakuru,AGO,HEALTHY,UNPLANNED_PUMP_FAILURE,7520.72,568.34,6952.38,12.23,0,0.0,0,HOLD/RESCHEDULE_DUE_TO_OUTAGE
CP-0003364,2021-05-13,SIMULATED_HISTORY,Nakuru,AGO,WATCH,NORMAL,6952.38,565.23,6387.15,11.3,1,6394.22,0,CREATE_PIPELINE_BATCH
CP-0003365,2021-05-25,SIMULATED_HISTORY,Nakuru,AGO,WATCH,NORMAL,6988.12,547.87,6440.25,11.76,1,6315.07,0,CREATE_PIPELINE_BATCH
CP-0003366,2021-06-06,SIMULATED_HISTORY,Nakuru,AGO,WATCH,NORMAL,6779.05,444.18,6334.87,14.26,1,6264.92,0,CREATE_PIPELINE_BATCH
CP-0003367,2021-06-10,SIMULATED_HISTORY,Nakuru,AGO,HEALTHY,PLANNED_PIPELINE_MAINTENANCE,10913.43,538.59,10374.83,19.26,0,0.0,0,HOLD/RESCHEDULE_DUE_TO_OUTAGE
CP-0003368,2021-06-11,SIMULATED_HISTORY,Nakuru,AGO,HEALTHY,PLANNED_PIPELINE_MAINTENANCE,10374.83,573.14,9801.69,17.1,0,0.0,0,HOLD/RESCHEDULE_DUE_TO_OUTAGE
CP-0003369,2021-06-18,SIMULATED_HISTORY,Nakuru,AGO,WATCH,NORMAL,6783.73,553.8,6229.93,11.25,1,6534.29,0,CREATE_PIPELINE_BATCH
CP-0003370,2021-06-30,SIMULATED_HISTORY,Nakuru,AGO,WATCH,NORMAL,7235.9,519.63,6716.27,12.93,1,5996.7,0,CREATE_PIPELINE_BATCH
CP-0003371,2021-07-01,SIMULATED_HISTORY,Nakuru,AGO,HEALTHY,LOADING_BAY_OUTAGE,6716.27,585.31,12127.65,20.72,0,0.0,0,NONE
CP-0003372,2021-07-11,SIMULATED_HISTORY,Nakuru,AGO,WATCH,LOADING_BAY_OUTAGE,7161.96,449.43,6712.53,14.94,1,5895.14,0,CREATE_PIPELINE_BATCH
CP-0003373,2021-07-22,SIMULATED_HISTORY,Nakuru,AGO,WATCH,NORMAL,7117.76,555.49,6562.27,11.81,1,6204.49,0,CREATE_PIPELINE_BATCH
CP-0003374,2021-08-02,SIMULATED_HISTORY,Nakuru,AGO,HEALTHY,UNPLANNED_PUMP_FAILURE,7409.94,539.85,6870.08,12.73,0,0.0,0,HOLD/RESCHEDULE_DUE_TO_OUTAGE
CP-0003375,2021-08-03,SIMULATED_HISTORY,Nakuru,AGO,WATCH,NORMAL,6870.08,591.28,6278.81,10.62,1,6541.63,0,CREATE_PIPELINE_BATCH
CP-0003376,2021-08-15,SIMULATED_HISTORY,Nakuru,AGO,WATCH,NORMAL,6826.8,456.55,6370.24,13.95,1,6248.1,0,CREATE_PIPELINE_BATCH
CP-0003377,2021-08-26,SIMULATED_HISTORY,Nakuru,AGO,WATCH,NORMAL,7136.64,694.17,6442.47,9.28,1,6532.32,0,CREATE_PIPELINE_BATCH
CP-0003378,2021-09-07,SIMULATED_HISTORY,Nakuru,AGO,WATCH,LOADING_BAY_OUTAGE,6937.34,600.43,6336.9,10.55,1,6497.26,0,CREATE_PIPELINE_BATCH
CP-0003379,2021-09-12,SIMULATED_HISTORY,Nakuru,AGO,HEALTHY,DATA_LATENCY_INCIDENT,10687.26,427.08,10260.18,24.02,0,0.0,0,NONE
CP-0003380,2021-09-17,SIMULATED_HISTORY,Nakuru,AGO,HEALTHY,LOADING_BAY_OUTAGE,8026.05,618.78,7407.28,11.97,0,0.0,0,NONE
CP-0003381,2021-09-19,SIMULATED_HISTORY,Nakuru,AGO,WATCH,NORMAL,6877.81,465.26,6412.56,13.78,1,6218.85,0,CREATE_PIPELINE_BATCH
CP-0003382,2021-09-30,SIMULATED_HISTORY,Nakuru,AGO,WATCH,NORMAL,7300.62,549.15,6751.47,12.29,1,6005.77,0,CREATE_PIPELINE_BATCH
CP-0003383,2021-10-11,SIMULATED_HISTORY,Nakuru,AGO,WATCH,NORMAL,6899.09,617.32,6281.77,10.18,1,6577.73,0,CREATE_PIPELINE_BATCH
CP-0003384,2021-10-21,SIMULATED_HISTORY,Nakuru,AGO,WATCH,NORMAL,7365.31,665.23,6700.09,10.07,1,6231.27,0,CREATE_PIPELINE_BATCH
CP-0003385,2021-11-01,SIMULATED_HISTORY,Nakuru,AGO,WATCH,NORMAL,6857.47,522.55,6334.91,12.12,1,6382.43,0,CREATE_PIPELINE_BATCH
CP-0003386,2021-11-02,SIMULATED_HISTORY,Nakuru,AGO,HEALTHY,LOADING_BAY_OUTAGE,6334.91,552.19,12165.16,22.03,0,0.0,0,NONE
CP-0003387,2021-11-13,SIMULATED_HISTORY,Nakuru,AGO,WATCH,NORMAL,6939.55,499.0,6440.55,12.91,1,6241.48,0,CREATE_PIPELINE_BATCH
CP-0003388,2021-11-25,SIMULATED_HISTORY,Nakuru,AGO,WATCH,NORMAL,6844.34,534.83,6309.51,11.8,1,6426.26,0,CREATE_PIPELINE_BATCH
CP-0003389,2021-12-07,SIMULATED_HISTORY,Nakuru,AGO,WATCH,NORMAL,6803.42,572.98,6230.43,10.87,1,6562.56,0,CREATE_PIPELINE_BATCH
CP-0003390,2021-12-18,SIMULATED_HISTORY,Nakuru,AGO,WATCH,NORMAL,7066.35,535.83,6530.52,12.19,1,6206.75,0,CREATE_PIPELINE_BATCH
CP-0003391,2021-12-29,SIMULATED_HISTORY,Nakuru,AGO,WATCH,NORMAL,7157.56,572.82,6584.74,11.5,1,6208.02,0,CREATE_PIPELINE_BATCH
CP-0003392,2022-01-09,SIMULATED_HISTORY,Nakuru,AGO,WATCH,NORMAL,6757.84,569.13,6188.71,10.87,1,6598.51,0,CREATE_PIPELINE_BATCH
CP-0003393,2022-01-16,SIMULATED_HISTORY,Nakuru,AGO,HEALTHY,UNPLANNED_PUMP_FAILURE,9101.37,535.27,8566.1,16.0,0,0.0,0,HOLD/RESCHEDULE_DUE_TO_OUTAGE
CP-0003394,2022-01-20,SIMULATED_HISTORY,Nakuru,AGO,WATCH,NORMAL,6806.51,616.11,6190.4,10.05,1,6667.28,0,CREATE_PIPELINE_BATCH
CP-0003395,2022-01-31,SIMULATED_HISTORY,Nakuru,AGO,WATCH,NORMAL,7008.44,630.47,6377.97,10.12,1,6501.25,0,CREATE_PIPELINE_BATCH
CP-0003396,2022-02-12,SIMULATED_HISTORY,Nakuru,AGO,WATCH,NORMAL,6888.24,508.6,6379.64,12.54,1,6316.77,0,CREATE_PIPELINE_BATCH
CP-0003397,2022-02-24,SIMULATED_HISTORY,Nakuru,AGO,WATCH,NORMAL,6960.48,582.07,6378.41,10.96,1,6428.21,0,CREATE_PIPELINE_BATCH
CP-0003398,2022-03-07,SIMULATED_HISTORY,Nakuru,AGO,WATCH,NORMAL,7188.42,575.7,6612.71,11.49,1,6184.36,0,CREATE_PIPELINE_BATCH
CP-0003399,2022-03-18,SIMULATED_HISTORY,Nakuru,AGO,WATCH,NORMAL,6925.42,702.81,6222.61,8.85,1,6765.12,0,CREATE_PIPELINE_BATCH
CP-0003400,2022-03-29,SIMULATED_HISTORY,Nakuru,AGO,WATCH,NORMAL,7250.76,605.04,6645.73,10.98,1,6195.35,0,CREATE_PIPELINE_BATCH
CP-0003401,2022-04-09,SIMULATED_HISTORY,Nakuru,AGO,WATCH,NORMAL,6965.33,586.3,6379.03,10.88,1,6433.94,0,CREATE_PIPELINE_BATCH
CP-0003402,2022-04-20,SIMULATED_HISTORY,Nakuru,AGO,WATCH,NORMAL,7119.24,523.48,6595.77,12.6,1,6122.97,0,CREATE_PIPELINE_BATCH
CP-0003403,2022-04-25,SIMULATED_HISTORY,Nakuru,AGO,HEALTHY,DATA_LATENCY_INCIDENT,10287.4,604.21,9683.19,16.03,0,0.0,0,NONE
CP-0003404,2022-04-30,SIMULATED_HISTORY,Nakuru,AGO,WATCH,NORMAL,7231.1,525.59,6705.51,12.76,1,6016.39,0,CREATE_PIPELINE_BATCH
CP-0003405,2022-05-11,SIMULATED_HISTORY,Nakuru,AGO,WATCH,NORMAL,6769.23,625.95,6143.27,9.81,1,6729.18,0,CREATE_PIPELINE_BATCH
CP-0003406,2022-05-22,SIMULATED_HISTORY,Nakuru,AGO,WATCH,NORMAL,7066.83,511.22,6555.61,12.82,1,6144.74,0,CREATE_PIPELINE_BATCH
CP-0003407,2022-06-02,SIMULATED_HISTORY,Nakuru,AGO,WATCH,NORMAL,6817.52,579.73,6237.79,10.76,1,6565.32,0,CREATE_PIPELINE_BATCH
CP-0003408,2022-06-14,SIMULATED_HISTORY,Nakuru,AGO,WATCH,NORMAL,6868.16,556.67,6311.49,11.34,1,6457.03,0,CREATE_PIPELINE_BATCH
CP-0003409,2022-06-25,SIMULATED_HISTORY,Nakuru,AGO,WATCH,NORMAL,7212.74,570.0,6642.74,11.65,1,6145.78,0,CREATE_PIPELINE_BATCH
CP-0003410,2022-07-06,SIMULATED_HISTORY,Nakuru,AGO,WATCH,NORMAL,7211.44,590.92,6620.52,11.2,1,6199.37,0,CREATE_PIPELINE_BATCH
CP-0003411,2022-07-07,SIMULATED_HISTORY,Nakuru,AGO,HEALTHY,LOADING_BAY_OUTAGE,6620.52,605.81,12214.08,20.16,0,0.0,0,NONE
CP-0003412,2022-07-17,SIMULATED_HISTORY,Nakuru,AGO,WATCH,NORMAL,7127.56,441.95,6685.6,15.13,1,5910.85,0,CREATE_PIPELINE_BATCH
CP-0003413,2022-07-22,SIMULATED_HISTORY,Nakuru,AGO,HEALTHY,DATA_LATENCY_INCIDENT,10394.42,605.22,9789.2,16.17,0,0.0,0,NONE
CP-0003414,2022-07-28,SIMULATED_HISTORY,Nakuru,AGO,WATCH,NORMAL,7086.14,549.34,6536.8,11.9,1,6220.72,0,CREATE_PIPELINE_BATCH
CP-0003415,2022-08-08,SIMULATED_HISTORY,Nakuru,AGO,WATCH,NORMAL,7101.12,549.02,6552.09,11.93,1,6204.96,0,CREATE_PIPELINE_BATCH
CP-0003416,2022-08-19,SIMULATED_HISTORY,Nakuru,AGO,WATCH,NORMAL,7012.06,672.27,6339.79,9.43,1,6602.14,0,CREATE_PIPELINE_BATCH
CP-0003417,2022-08-30,SIMULATED_HISTORY,Nakuru,AGO,WATCH,NORMAL,7044.35,619.1,6425.24,10.38,1,6436.93,0,CREATE_PIPELINE_BATCH
CP-0003418,2022-09-09,SIMULATED_HISTORY,Nakuru,AGO,HEALTHY,LOADING_BAY_OUTAGE,7844.7,538.18,7306.52,13.58,0,0.0,0,NONE
CP-0003419,2022-09-11,SIMULATED_HISTORY,Nakuru,AGO,WATCH,NORMAL,6785.58,468.6,6316.97,13.48,1,6319.45,0,CREATE_PIPELINE_BATCH
CP-0003420,2022-09-22,SIMULATED_HISTORY,Nakuru,AGO,WATCH,NORMAL,7255.42,593.22,6662.2,11.23,1,6161.16,0,CREATE_PIPELINE_BATCH
CP-0003421,2022-10-03,SIMULATED_HISTORY,Nakuru,AGO,WATCH,NORMAL,7103.04,646.78,6456.26,9.98,1,6447.43,0,CREATE_PIPELINE_BATCH
CP-0003422,2022-10-04,SIMULATED_HISTORY,Nakuru,AGO,WATCH,UNPLANNED_PUMP_FAILURE,6456.26,668.16,5788.1,8.66,0,0.0,0,HOLD/RESCHEDULE_DUE_TO_OUTAGE
CP-0003423,2022-10-07,SIMULATED_HISTORY,Nakuru,AGO,HEALTHY,LOADING_BAY_OUTAGE,10857.48,695.24,10162.23,14.62,0,0.0,0,NONE
CP-0003424,2022-10-13,SIMULATED_HISTORY,Nakuru,AGO,WATCH,PLANNED_PIPELINE_MAINTENANCE,7027.14,737.68,6289.46,8.53,1,6750.59,0,CREATE_PIPELINE_BATCH+OUTAGE
CP-0003425,2022-10-22,SIMULATED_HISTORY,Nakuru,AGO,HEALTHY,LOADING_BAY_OUTAGE,7834.31,620.01,7214.3,11.64,0,0.0,0,NONE
CP-0003426,2022-10-23,SIMULATED_HISTORY,Nakuru,AGO,WATCH,NORMAL,7214.3,541.38,6672.92,12.33,1,6072.68,0,CREATE_PIPELINE_BATCH
CP-0003427,2022-10-26,SIMULATED_HISTORY,Nakuru,AGO,HEALTHY,LOADING_BAY_OUTAGE,11401.38,677.1,10724.28,15.84,0,0.0,0,NONE
CP-0003428,2022-11-02,SIMULATED_HISTORY,Nakuru,AGO,WATCH,NORMAL,6802.8,564.91,6237.89,11.04,1,6543.0,0,CREATE_PIPELINE_BATCH
CP-0003429,2022-11-14,SIMULATED_HISTORY,Nakuru,AGO,WATCH,NORMAL,6952.89,569.04,6383.85,11.22,1,6403.23,0,CREATE_PIPELINE_BATCH
CP-0003430,2022-11-25,SIMULATED_HISTORY,Nakuru,AGO,WATCH,NORMAL,7287.25,567.15,6720.1,11.85,1,6064.15,0,CREATE_PIPELINE_BATCH
CP-0003431,2022-11-28,SIMULATED_HISTORY,Nakuru,AGO,HEALTHY,UNPLANNED_PUMP_FAILURE,11761.76,535.23,11226.53,20.97,0,0.0,0,HOLD/RESCHEDULE_DUE_TO_OUTAGE
CP-0003432,2022-12-06,SIMULATED_HISTORY,Nakuru,AGO,WATCH,PLANNED_PIPELINE_MAINTENANCE,7183.45,601.08,6582.37,10.95,1,6252.78,0,CREATE_PIPELINE_BATCH+OUTAGE
CP-0003433,2022-12-17,SIMULATED_HISTORY,Nakuru,AGO,WATCH,NORMAL,6948.52,629.08,6319.44,10.05,1,6557.71,0,CREATE_PIPELINE_BATCH
CP-0003434,2022-12-28,SIMULATED_HISTORY,Nakuru,AGO,WATCH,NORMAL,7167.18,577.6,6589.58,11.41,1,6210.35,0,CREATE_PIPELINE_BATCH
CP-0003435,2023-01-08,SIMULATED_HISTORY,Nakuru,AGO,WATCH,NORMAL,6852.96,566.0,6286.96,11.11,1,6495.56,0,CREATE_PIPELINE_BATCH
CP-0003436,2023-01-19,SIMULATED_HISTORY,Nakuru,AGO,WATCH,NORMAL,7067.84,645.72,6422.12,9.95,1,6479.97,0,CREATE_PIPELINE_BATCH
CP-0003437,2023-01-30,SIMULATED_HISTORY,Nakuru,AGO,WATCH,NORMAL,7212.62,607.22,6605.4,10.88,1,6238.94,0,CREATE_PIPELINE_BATCH
CP-0003438,2023-02-06,SIMULATED_HISTORY,Nakuru,AGO,HEALTHY,LOADING_BAY_OUTAGE,9655.2,582.72,9072.48,15.57,0,0.0,0,NONE
CP-0003439,2023-02-11,SIMULATED_HISTORY,Nakuru,AGO,WATCH,NORMAL,6853.37,529.37,6324.0,11.95,1,6403.56,0,CREATE_PIPELINE_BATCH
CP-0003440,2023-02-23,SIMULATED_HISTORY,Nakuru,AGO,WATCH,NORMAL,6881.08,540.12,6340.96,11.74,1,6402.73,0,CREATE_PIPELINE_BATCH
CP-0003441,2023-02-26,SIMULATED_HISTORY,Nakuru,AGO,HEALTHY,LOADING_BAY_OUTAGE,11737.84,472.98,11264.87,23.82,0,0.0,0,NONE
CP-0003442,2023-02-28,SIMULATED_HISTORY,Nakuru,AGO,HEALTHY,UNPLANNED_PUMP_FAILURE,10731.6,515.25,10216.35,19.83,0,0.0,0,HOLD/RESCHEDULE_DUE_TO_OUTAGE
CP-0003443,2023-03-07,SIMULATED_HISTORY,Nakuru,AGO,WATCH,NORMAL,6990.6,567.54,6423.06,11.32,1,6361.76,0,CREATE_PIPELINE_BATCH
CP-0003444,2023-03-18,SIMULATED_HISTORY,Nakuru,AGO,WATCH,NORMAL,7022.57,519.69,6502.89,12.51,1,6210.16,0,CREATE_PIPELINE_BATCH
CP-0003445,2023-03-29,SIMULATED_HISTORY,Nakuru,AGO,WATCH,NORMAL,7044.92,539.39,6505.53,12.06,1,6237.08,0,CREATE_PIPELINE_BATCH
CP-0003446,2023-04-09,SIMULATED_HISTORY,Nakuru,AGO,WATCH,NORMAL,7064.25,507.59,6556.66,12.92,1,6138.24,0,CREATE_PIPELINE_BATCH
CP-0003447,2023-04-20,SIMULATED_HISTORY,Nakuru,AGO,WATCH,NORMAL,6923.66,651.52,6272.14,9.63,1,6638.66,0,CREATE_PIPELINE_BATCH
CP-0003448,2023-05-01,SIMULATED_HISTORY,Nakuru,AGO,WATCH,NORMAL,7213.82,594.56,6619.26,11.13,1,6206.1,0,CREATE_PIPELINE_BATCH
CP-0003449,2023-05-12,SIMULATED_HISTORY,Nakuru,AGO,WATCH,NORMAL,6929.99,655.66,6274.32,9.57,1,6642.69,0,CREATE_PIPELINE_BATCH
CP-0003450,2023-05-23,SIMULATED_HISTORY,Nakuru,AGO,WATCH,NORMAL,7126.2,615.13,6511.07,10.58,1,6345.15,0,CREATE_PIPELINE_BATCH
CP-0003451,2023-05-31,SIMULATED_HISTORY,Nakuru,AGO,HEALTHY,DATA_LATENCY_INCIDENT,8888.12,560.95,8327.17,14.84,0,0.0,0,NONE
CP-0003452,2023-06-03,SIMULATED_HISTORY,Nakuru,AGO,WATCH,NORMAL,7210.56,508.69,6701.87,13.17,1,5994.69,0,CREATE_PIPELINE_BATCH
CP-0003453,2023-06-14,SIMULATED_HISTORY,Nakuru,AGO,WATCH,NORMAL,7290.84,562.45,6728.39,11.96,1,6048.81,0,CREATE_PIPELINE_BATCH
CP-0003454,2023-06-19,SIMULATED_HISTORY,Nakuru,AGO,HEALTHY,LOADING_BAY_OUTAGE,10639.51,533.04,10106.47,18.96,0,0.0,0,NONE
CP-0003455,2023-06-26,SIMULATED_HISTORY,Nakuru,AGO,WATCH,NORMAL,7026.06,533.68,6492.38,12.17,1,6241.66,0,CREATE_PIPELINE_BATCH
CP-0003456,2023-07-07,SIMULATED_HISTORY,Nakuru,AGO,WATCH,NORMAL,7104.05,607.11,6496.93,10.7,1,6347.25,0,CREATE_PIPELINE_BATCH
CP-0003457,2023-07-08,SIMULATED_HISTORY,Nakuru,AGO,HEALTHY,LOADING_BAY_OUTAGE,6496.93,538.64,12305.55,22.85,0,0.0,0,NONE
CP-0003458,2023-07-16,SIMULATED_HISTORY,Nakuru,AGO,HEALTHY,LOADING_BAY_OUTAGE,8484.97,481.55,8003.42,16.62,0,0.0,0,NONE
CP-0003459,2023-07-19,SIMULATED_HISTORY,Nakuru,AGO,WATCH,NORMAL,6871.3,509.43,6361.87,12.49,1,6335.8,0,CREATE_PIPELINE_BATCH
CP-0003460,2023-07-30,SIMULATED_HISTORY,Nakuru,AGO,WATCH,PLANNED_PIPELINE_MAINTENANCE,7032.33,436.77,6595.55,15.1,1,5993.12,0,CREATE_PIPELINE_BATCH+OUTAGE
CP-0003461,2023-07-31,SIMULATED_HISTORY,Nakuru,AGO,WATCH,PLANNED_PIPELINE_MAINTENANCE,6595.55,567.58,6027.97,10.62,0,0.0,0,HOLD/RESCHEDULE_DUE_TO_OUTAGE
CP-0003462,2023-08-10,SIMULATED_HISTORY,Nakuru,AGO,WATCH,NORMAL,7248.34,596.05,6652.28,11.16,1,6175.32,0,CREATE_PIPELINE_BATCH
CP-0003463,2023-08-22,SIMULATED_HISTORY,Nakuru,AGO,WATCH,NORMAL,6847.98,544.35,6303.62,11.58,1,6446.43,0,CREATE_PIPELINE_BATCH
CP-0003464,2023-09-02,SIMULATED_HISTORY,Nakuru,AGO,WATCH,NORMAL,6877.03,475.24,6401.79,13.47,1,6244.59,0,CREATE_PIPELINE_BATCH
CP-0003465,2023-09-05,SIMULATED_HISTORY,Nakuru,AGO,HEALTHY,UNPLANNED_PUMP_FAILURE,11607.28,511.97,11095.31,21.67,0,0.0,0,HOLD/RESCHEDULE_DUE_TO_OUTAGE
CP-0003466,2023-09-14,SIMULATED_HISTORY,Nakuru,AGO,WATCH,NORMAL,6943.75,556.65,6387.1,11.47,1,6381.4,0,CREATE_PIPELINE_BATCH
CP-0003467,2023-09-26,SIMULATED_HISTORY,Nakuru,AGO,WATCH,NORMAL,6806.46,525.26,6281.19,11.96,1,6440.22,0,CREATE_PIPELINE_BATCH
CP-0003468,2023-09-29,SIMULATED_HISTORY,Nakuru,AGO,HEALTHY,DATA_LATENCY_INCIDENT,11653.04,579.7,11073.33,19.1,0,0.0,0,NONE
CP-0003469,2023-10-07,SIMULATED_HISTORY,Nakuru,AGO,WATCH,NORMAL,6800.2,585.11,6215.09,10.62,1,6596.09,0,CREATE_PIPELINE_BATCH
CP-0003470,2023-10-17,SIMULATED_HISTORY,Nakuru,AGO,WATCH,NORMAL,7129.97,581.64,6548.33,11.26,1,6257.65,0,CREATE_PIPELINE_BATCH
CP-0003471,2023-10-27,SIMULATED_HISTORY,Nakuru,AGO,WATCH,NORMAL,7084.3,643.29,6441.01,10.01,1,6457.44,0,CREATE_PIPELINE_BATCH
CP-0003472,2023-11-07,SIMULATED_HISTORY,Nakuru,AGO,WATCH,NORMAL,7332.0,625.39,6706.61,10.72,1,6165.0,0,CREATE_PIPELINE_BATCH
CP-0003473,2023-11-17,SIMULATED_HISTORY,Nakuru,AGO,HEALTHY,PLANNED_PIPELINE_MAINTENANCE,8025.81,556.48,7469.33,13.42,0,0.0,0,HOLD/RESCHEDULE_DUE_TO_OUTAGE
CP-0003474,2023-11-19,SIMULATED_HISTORY,Nakuru,AGO,WATCH,NORMAL,6992.18,470.66,6521.52,13.86,1,6118.0,0,CREATE_PIPELINE_BATCH
CP-0003475,2023-11-30,SIMULATED_HISTORY,Nakuru,AGO,WATCH,NORMAL,7176.67,565.28,6611.39,11.7,1,6170.04,0,CREATE_PIPELINE_BATCH
CP-0003476,2023-12-05,SIMULATED_HISTORY,Nakuru,AGO,HEALTHY,UNPLANNED_PUMP_FAILURE,10636.09,506.77,10129.32,19.99,0,0.0,0,HOLD/RESCHEDULE_DUE_TO_OUTAGE
CP-0003477,2023-12-12,SIMULATED_HISTORY,Nakuru,AGO,WATCH,NORMAL,6821.85,585.34,6236.52,10.65,1,6575.01,0,CREATE_PIPELINE_BATCH
CP-0003478,2023-12-23,SIMULATED_HISTORY,Nakuru,AGO,WATCH,NORMAL,7019.98,488.13,6531.84,13.38,1,6133.87,0,CREATE_PIPELINE_BATCH
CP-0003479,2024-01-03,SIMULATED_HISTORY,Nakuru,AGO,WATCH,NORMAL,7235.55,603.47,6632.09,10.99,1,6206.63,0,CREATE_PIPELINE_BATCH
CP-0003480,2024-01-14,SIMULATED_HISTORY,Nakuru,AGO,WATCH,NORMAL,7002.32,477.83,6524.49,13.65,1,6125.78,0,CREATE_PIPELINE_BATCH
CP-0003481,2024-01-25,SIMULATED_HISTORY,Nakuru,AGO,WATCH,NORMAL,7070.34,634.87,6435.47,10.14,1,6450.35,0,CREATE_PIPELINE_BATCH
CP-0003482,2024-02-06,SIMULATED_HISTORY,Nakuru,AGO,WATCH,NORMAL,6841.82,557.89,6283.93,11.26,1,6486.42,0,CREATE_PIPELINE_BATCH
CP-0003483,2024-02-12,SIMULATED_HISTORY,Nakuru,AGO,HEALTHY,PLANNED_PIPELINE_MAINTENANCE,10209.95,464.83,9745.12,20.97,0,0.0,0,HOLD/RESCHEDULE_DUE_TO_OUTAGE
CP-0003484,2024-02-18,SIMULATED_HISTORY,Nakuru,AGO,WATCH,NORMAL,7114.45,458.03,6656.41,14.53,1,5964.16,0,CREATE_PIPELINE_BATCH
CP-0003485,2024-02-27,SIMULATED_HISTORY,Nakuru,AGO,HEALTHY,LOADING_BAY_OUTAGE,8466.57,511.5,7955.07,15.55,0,0.0,0,NONE
CP-0003486,2024-03-01,SIMULATED_HISTORY,Nakuru,AGO,WATCH,NORMAL,6898.82,648.8,6250.02,9.63,1,6656.7,0,CREATE_PIPELINE_BATCH
CP-0003487,2024-03-13,SIMULATED_HISTORY,Nakuru,AGO,WATCH,NORMAL,6994.47,588.81,6405.66,10.88,1,6411.08,0,CREATE_PIPELINE_BATCH
CP-0003488,2024-03-24,SIMULATED_HISTORY,Nakuru,AGO,WATCH,LOADING_BAY_OUTAGE,7206.8,495.46,6711.34,13.55,1,5965.37,0,CREATE_PIPELINE_BATCH
CP-0003489,2024-03-29,SIMULATED_HISTORY,Nakuru,AGO,HEALTHY,LOADING_BAY_OUTAGE,10385.71,582.81,9802.9,16.82,0,0.0,0,NONE
CP-0003490,2024-04-04,SIMULATED_HISTORY,Nakuru,AGO,WATCH,NORMAL,7094.82,602.26,6492.56,10.78,1,6344.36,0,CREATE_PIPELINE_BATCH
CP-0003491,2024-04-15,SIMULATED_HISTORY,Nakuru,AGO,HEALTHY,LOADING_BAY_OUTAGE,7402.95,560.39,6842.56,12.21,0,0.0,0,NONE
CP-0003492,2024-04-16,SIMULATED_HISTORY,Nakuru,AGO,WATCH,NORMAL,6842.56,579.04,6263.52,10.82,1,6538.57,0,CREATE_PIPELINE_BATCH
CP-0003493,2024-04-20,SIMULATED_HISTORY,Nakuru,AGO,HEALTHY,UNPLANNED_PUMP_FAILURE,11126.75,492.38,10634.38,21.6,0,0.0,0,HOLD/RESCHEDULE_DUE_TO_OUTAGE
CP-0003494,2024-04-24,SIMULATED_HISTORY,Nakuru,AGO,HEALTHY,DATA_LATENCY_INCIDENT,9058.75,555.3,8503.45,15.31,0,0.0,0,NONE
CP-0003495,2024-04-28,SIMULATED_HISTORY,Nakuru,AGO,WATCH,NORMAL,6782.82,497.32,6285.5,12.64,1,6394.0,0,CREATE_PIPELINE_BATCH
CP-0003496,2024-04-29,SIMULATED_HISTORY,Nakuru,AGO,HEALTHY,DATA_LATENCY_INCIDENT,6285.5,625.56,12053.94,19.27,0,0.0,0,NONE
CP-0003497,2024-05-09,SIMULATED_HISTORY,Nakuru,AGO,WATCH,NORMAL,6807.36,558.55,6248.81,11.19,1,6522.54,0,CREATE_PIPELINE_BATCH
CP-0003498,2024-05-21,SIMULATED_HISTORY,Nakuru,AGO,WATCH,NORMAL,6905.01,570.21,6334.8,11.11,1,6454.04,0,CREATE_PIPELINE_BATCH
CP-0003499,2024-06-01,SIMULATED_HISTORY,Nakuru,AGO,WATCH,NORMAL,7230.82,532.74,6698.09,12.57,1,6034.54,0,CREATE_PIPELINE_BATCH
CP-0003500,2024-06-13,SIMULATED_HISTORY,Nakuru,AGO,WATCH,NORMAL,6968.96,528.7,6440.26,12.18,1,6286.31,0,CREATE_PIPELINE_BATCH
CP-0003501,2024-06-25,SIMULATED_HISTORY,Nakuru,AGO,WATCH,NORMAL,6973.16,528.66,6444.5,12.19,1,6282.01,0,CREATE_PIPELINE_BATCH
CP-0003502,2024-07-07,SIMULATED_HISTORY,Nakuru,AGO,WATCH,NORMAL,6925.19,457.91,6467.27,14.12,1,6153.12,0,CREATE_PIPELINE_BATCH
CP-0003503,2024-07-18,SIMULATED_HISTORY,Nakuru,AGO,WATCH,NORMAL,7157.48,560.54,6596.94,11.77,1,6177.39,0,CREATE_PIPELINE_BATCH
CP-0003504,2024-07-24,SIMULATED_HISTORY,Nakuru,AGO,HEALTHY,PLANNED_PIPELINE_MAINTENANCE,10080.36,606.68,9473.69,15.62,0,0.0,0,HOLD/RESCHEDULE_DUE_TO_OUTAGE
CP-0003505,2024-07-30,SIMULATED_HISTORY,Nakuru,AGO,WATCH,NORMAL,6827.41,541.9,6285.51,11.6,1,6460.86,0,CREATE_PIPELINE_BATCH
CP-0003506,2024-08-11,SIMULATED_HISTORY,Nakuru,AGO,WATCH,NORMAL,6808.84,449.93,6358.91,14.13,1,6249.51,0,CREATE_PIPELINE_BATCH
CP-0003507,2024-08-22,SIMULATED_HISTORY,Nakuru,AGO,WATCH,NORMAL,7244.64,542.78,6701.87,12.35,1,6045.82,0,CREATE_PIPELINE_BATCH
CP-0003508,2024-09-03,SIMULATED_HISTORY,Nakuru,AGO,WATCH,NORMAL,6825.97,545.44,6280.54,11.51,1,6471.14,0,CREATE_PIPELINE_BATCH
CP-0003509,2024-09-15,SIMULATED_HISTORY,Nakuru,AGO,WATCH,NORMAL,6873.38,438.64,6434.74,14.67,1,6156.74,0,CREATE_PIPELINE_BATCH
CP-0003510,2024-09-26,SIMULATED_HISTORY,Nakuru,AGO,WATCH,NORMAL,7241.15,522.39,6718.76,12.86,1,5998.35,0,CREATE_PIPELINE_BATCH
CP-0003511,2024-10-07,SIMULATED_HISTORY,Nakuru,AGO,WATCH,NORMAL,6971.77,628.72,6343.05,10.09,1,6533.55,0,CREATE_PIPELINE_BATCH
CP-0003512,2024-10-10,SIMULATED_HISTORY,Nakuru,AGO,HEALTHY,LOADING_BAY_OUTAGE,11688.58,610.08,11078.5,18.16,0,0.0,0,NONE
CP-0003513,2024-10-14,SIMULATED_HISTORY,Nakuru,AGO,HEALTHY,UNPLANNED_PUMP_FAILURE,9343.37,588.67,8754.7,14.87,0,0.0,0,HOLD/RESCHEDULE_DUE_TO_OUTAGE
CP-0003514,2024-10-18,SIMULATED_HISTORY,Nakuru,AGO,WATCH,NORMAL,6909.55,626.66,6282.89,10.03,1,6590.61,0,CREATE_PIPELINE_BATCH
CP-0003515,2024-10-29,SIMULATED_HISTORY,Nakuru,AGO,WATCH,NORMAL,6833.47,686.64,6146.83,8.95,1,6816.65,0,CREATE_PIPELINE_BATCH
CP-0003516,2024-10-31,SIMULATED_HISTORY,Nakuru,AGO,HEALTHY,UNPLANNED_PUMP_FAILURE,12308.28,662.07,11646.21,17.59,0,0.0,0,HOLD/RESCHEDULE_DUE_TO_OUTAGE
CP-0003517,2024-11-10,SIMULATED_HISTORY,Nakuru,AGO,WATCH,NORMAL,6898.99,455.62,6443.37,14.14,1,6173.57,0,CREATE_PIPELINE_BATCH
CP-0003518,2024-11-22,SIMULATED_HISTORY,Nakuru,AGO,WATCH,NORMAL,6808.74,542.21,6266.53,11.56,1,6480.3,0,CREATE_PIPELINE_BATCH
CP-0003519,2024-12-04,SIMULATED_HISTORY,Nakuru,AGO,WATCH,NORMAL,7118.22,567.63,6550.59,11.54,1,6234.37,0,CREATE_PIPELINE_BATCH
CP-0003520,2024-12-16,SIMULATED_HISTORY,Nakuru,AGO,WATCH,NORMAL,6764.53,570.53,6194.0,10.86,1,6595.32,0,CREATE_PIPELINE_BATCH
CP-0003521,2024-12-27,SIMULATED_HISTORY,Nakuru,AGO,WATCH,NORMAL,7287.04,645.86,6641.19,10.28,1,6261.12,0,CREATE_PIPELINE_BATCH
CP-0003522,2025-01-07,SIMULATED_HISTORY,Nakuru,AGO,WATCH,NORMAL,7177.59,664.46,6513.13,9.8,1,6417.09,0,CREATE_PIPELINE_BATCH
CP-0003523,2025-01-18,SIMULATED_HISTORY,Nakuru,AGO,WATCH,NORMAL,6846.38,555.83,6290.55,11.32,1,6476.72,0,CREATE_PIPELINE_BATCH
CP-0003524,2025-01-28,SIMULATED_HISTORY,Nakuru,AGO,WATCH,NORMAL,7360.19,649.91,6710.28,10.33,1,6198.09,0,CREATE_PIPELINE_BATCH
CP-0003525,2025-02-08,SIMULATED_HISTORY,Nakuru,AGO,WATCH,NORMAL,6963.67,562.59,6401.08,11.38,1,6376.33,0,CREATE_PIPELINE_BATCH
CP-0003526,2025-02-19,SIMULATED_HISTORY,Nakuru,AGO,WATCH,DATA_LATENCY_INCIDENT,7204.44,618.91,6585.53,10.64,1,6276.35,0,CREATE_PIPELINE_BATCH
CP-0003527,2025-03-02,SIMULATED_HISTORY,Nakuru,AGO,WATCH,NORMAL,7231.32,490.88,6740.43,13.73,1,5929.41,0,CREATE_PIPELINE_BATCH
CP-0003528,2025-03-13,SIMULATED_HISTORY,Nakuru,AGO,WATCH,NORMAL,6954.06,582.92,6371.14,10.93,1,6436.76,0,CREATE_PIPELINE_BATCH
CP-0003529,2025-03-24,SIMULATED_HISTORY,Nakuru,AGO,WATCH,NORMAL,6915.53,570.32,6345.21,11.13,1,6443.79,0,CREATE_PIPELINE_BATCH
CP-0003530,2025-04-04,SIMULATED_HISTORY,Nakuru,AGO,WATCH,NORMAL,6888.17,668.51,6219.66,9.3,1,6716.63,0,CREATE_PIPELINE_BATCH
CP-0003531,2025-04-15,SIMULATED_HISTORY,Nakuru,AGO,WATCH,NORMAL,7042.5,633.06,6409.45,10.12,1,6473.66,0,CREATE_PIPELINE_BATCH
CP-0003532,2025-04-26,SIMULATED_HISTORY,Nakuru,AGO,WATCH,NORMAL,6873.73,549.04,6324.69,11.52,1,6432.39,0,CREATE_PIPELINE_BATCH
CP-0003533,2025-05-07,SIMULATED_HISTORY,Nakuru,AGO,WATCH,NORMAL,6901.08,624.38,6276.7,10.05,1,6593.38,0,CREATE_PIPELINE_BATCH
CP-0003534,2025-05-15,SIMULATED_HISTORY,Nakuru,AGO,HEALTHY,DATA_LATENCY_INCIDENT,8701.12,602.43,8098.69,13.44,0,0.0,0,NONE
CP-0003535,2025-05-18,SIMULATED_HISTORY,Nakuru,AGO,WATCH,NORMAL,6922.78,494.57,6428.21,13.0,1,6247.16,0,CREATE_PIPELINE_BATCH
CP-0003536,2025-05-27,SIMULATED_HISTORY,Nakuru,AGO,HEALTHY,UNPLANNED_PUMP_FAILURE,7872.08,626.12,7245.96,11.57,0,0.0,0,HOLD/RESCHEDULE_DUE_TO_OUTAGE
CP-0003537,2025-05-28,SIMULATED_HISTORY,Nakuru,AGO,WATCH,NORMAL,7245.96,679.09,6566.87,9.67,1,6385.28,0,CREATE_PIPELINE_BATCH
CP-0003538,2025-06-05,SIMULATED_HISTORY,Nakuru,AGO,HEALTHY,LOADING_BAY_OUTAGE,8887.14,615.62,8271.53,13.44,0,0.0,0,NONE
CP-0003539,2025-06-08,SIMULATED_HISTORY,Nakuru,AGO,WATCH,NORMAL,7086.02,505.76,6580.27,13.01,1,6111.88,0,CREATE_PIPELINE_BATCH
CP-0003540,2025-06-19,SIMULATED_HISTORY,Nakuru,AGO,WATCH,NORMAL,6977.93,538.97,6438.97,11.95,1,6303.0,0,CREATE_PIPELINE_BATCH
CP-0003541,2025-06-30,SIMULATED_HISTORY,Nakuru,AGO,WATCH,NORMAL,7182.05,570.03,6612.02,11.6,1,6176.54,0,CREATE_PIPELINE_BATCH
CP-0003542,2025-07-11,SIMULATED_HISTORY,Nakuru,AGO,WATCH,NORMAL,6799.95,630.51,6169.44,9.78,1,6709.84,0,CREATE_PIPELINE_BATCH
CP-0003543,2025-07-22,SIMULATED_HISTORY,Nakuru,AGO,WATCH,NORMAL,7262.09,550.1,6711.98,12.2,1,6046.7,0,CREATE_PIPELINE_BATCH
CP-0003544,2025-08-02,SIMULATED_HISTORY,Nakuru,AGO,WATCH,LOADING_BAY_OUTAGE,7017.28,524.54,6492.74,12.38,1,6227.59,0,CREATE_PIPELINE_BATCH
CP-0003545,2025-08-13,SIMULATED_HISTORY,Nakuru,AGO,WATCH,NORMAL,6948.16,631.49,6316.67,10.0,1,6564.09,0,CREATE_PIPELINE_BATCH
CP-0003546,2025-08-24,SIMULATED_HISTORY,Nakuru,AGO,WATCH,NORMAL,7023.51,495.65,6527.85,13.17,1,6149.15,0,CREATE_PIPELINE_BATCH
CP-0003547,2025-09-03,SIMULATED_HISTORY,Nakuru,AGO,WATCH,NORMAL,7309.06,560.77,6748.29,12.03,1,6026.39,0,CREATE_PIPELINE_BATCH
CP-0003548,2025-09-14,SIMULATED_HISTORY,Nakuru,AGO,WATCH,NORMAL,7134.98,457.77,6677.21,14.59,1,5942.96,0,CREATE_PIPELINE_BATCH
CP-0003549,2025-09-25,SIMULATED_HISTORY,Nakuru,AGO,WATCH,NORMAL,6932.62,556.24,6376.38,11.46,1,6391.5,0,CREATE_PIPELINE_BATCH
CP-0003550,2025-09-29,SIMULATED_HISTORY,Nakuru,AGO,HEALTHY,LOADING_BAY_OUTAGE,11100.61,558.48,10542.14,18.88,0,0.0,0,NONE
CP-0003551,2025-10-06,SIMULATED_HISTORY,Nakuru,AGO,WATCH,NORMAL,6842.17,688.64,6153.53,8.94,1,6812.95,0,CREATE_PIPELINE_BATCH
CP-0003552,2025-10-12,SIMULATED_HISTORY,Nakuru,AGO,HEALTHY,UNPLANNED_PUMP_FAILURE,9611.52,543.24,9068.28,16.69,0,0.0,0,HOLD/RESCHEDULE_DUE_TO_OUTAGE
CP-0003553,2025-10-16,SIMULATED_HISTORY,Nakuru,AGO,WATCH,NORMAL,6990.58,677.65,6312.93,9.32,1,6637.07,0,CREATE_PIPELINE_BATCH
CP-0003554,2025-10-17,SIMULATED_HISTORY,Nakuru,AGO,WATCH,PLANNED_PIPELINE_MAINTENANCE,6312.93,710.67,5602.26,7.88,0,0.0,0,HOLD/RESCHEDULE_DUE_TO_OUTAGE
CP-0003555,2025-10-26,SIMULATED_HISTORY,Nakuru,AGO,WATCH,NORMAL,7066.01,532.3,6533.71,12.27,1,6198.26,0,CREATE_PIPELINE_BATCH
CP-0003556,2025-11-05,SIMULATED_HISTORY,Nakuru,AGO,WATCH,NORMAL,7348.98,607.14,6741.84,11.1,1,6102.39,0,CREATE_PIPELINE_BATCH
CP-0003557,2025-11-14,SIMULATED_HISTORY,Nakuru,AGO,HEALTHY,LOADING_BAY_OUTAGE,8316.47,594.88,7721.59,12.98,0,0.0,0,NONE
CP-0003558,2025-11-17,SIMULATED_HISTORY,Nakuru,AGO,WATCH,NORMAL,6753.54,585.07,6168.47,10.54,1,6642.66,0,CREATE_PIPELINE_BATCH
CP-0003559,2025-11-28,SIMULATED_HISTORY,Nakuru,AGO,WATCH,NORMAL,7141.24,613.4,6527.84,10.64,1,6325.79,0,CREATE_PIPELINE_BATCH
CP-0003560,2025-12-07,SIMULATED_HISTORY,Nakuru,AGO,HEALTHY,LOADING_BAY_OUTAGE,8142.88,537.51,7605.37,14.15,0,0.0,0,NONE
CP-0003561,2025-12-09,SIMULATED_HISTORY,Nakuru,AGO,WATCH,NORMAL,6970.73,645.54,6325.19,9.8,1,6576.63,0,CREATE_PIPELINE_BATCH
CP-0003562,2025-12-14,SIMULATED_HISTORY,Nakuru,AGO,HEALTHY,PLANNED_PIPELINE_MAINTENANCE;UNPLANNED_PUMP_FAILURE,10428.85,484.2,9944.65,20.54,0,0.0,0,HOLD/RESCHEDULE_DUE_TO_OUTAGE
CP-0003563,2025-12-20,SIMULATED_HISTORY,Nakuru,AGO,WATCH,NORMAL,6930.3,522.33,6407.97,12.27,1,6309.06,0,CREATE_PIPELINE_BATCH
CP-0003564,2025-12-31,SIMULATED_HISTORY,Nakuru,AGO,WATCH,NORMAL,6874.86,567.24,6307.62,11.12,1,6476.77,0,CREATE_PIPELINE_BATCH
CP-0003565,2026-01-09,SIMULATED_HISTORY,Nakuru,AGO,WATCH,NORMAL,7458.32,718.88,6739.44,9.37,1,6272.39,0,CREATE_PIPELINE_BATCH
CP-0003566,2026-01-19,SIMULATED_HISTORY,Nakuru,AGO,WATCH,NORMAL,7401.85,661.2,6740.65,10.19,1,6184.67,0,CREATE_PIPELINE_BATCH
CP-0003567,2026-01-29,SIMULATED_HISTORY,Nakuru,AGO,WATCH,NORMAL,6989.39,622.52,6366.87,10.23,1,6500.43,0,CREATE_PIPELINE_BATCH
CP-0003568,2026-02-08,SIMULATED_HISTORY,Nakuru,AGO,WATCH,NORMAL,7182.02,473.68,6708.34,14.16,1,5935.7,0,CREATE_PIPELINE_BATCH
CP-0003569,2026-02-19,SIMULATED_HISTORY,Nakuru,AGO,WATCH,NORMAL,6825.05,719.84,6105.2,8.48,1,6908.08,0,CREATE_PIPELINE_BATCH
CP-0003570,2026-03-02,SIMULATED_HISTORY,Nakuru,AGO,WATCH,NORMAL,7148.05,641.66,6506.39,10.14,1,6389.61,0,CREATE_PIPELINE_BATCH
CP-0003571,2026-03-12,SIMULATED_HISTORY,Nakuru,AGO,WATCH,NORMAL,7343.7,663.54,6680.16,10.07,1,6248.66,0,CREATE_PIPELINE_BATCH
CP-0003572,2026-03-17,SIMULATED_HISTORY,Nakuru,AGO,HEALTHY,PLANNED_PIPELINE_MAINTENANCE,10616.71,654.34,9962.36,15.22,0,0.0,0,HOLD/RESCHEDULE_DUE_TO_OUTAGE
CP-0003573,2026-03-23,SIMULATED_HISTORY,Nakuru,AGO,WATCH,NORMAL,6890.76,618.17,6272.59,10.15,1,6588.18,0,CREATE_PIPELINE_BATCH
CP-0003574,2026-04-02,SIMULATED_HISTORY,Nakuru,AGO,WATCH,NORMAL,7360.97,619.75,6741.22,10.88,1,6121.92,0,CREATE_PIPELINE_BATCH
CP-0003575,2026-04-12,SIMULATED_HISTORY,Nakuru,AGO,WATCH,NORMAL,7081.26,485.31,6595.96,13.59,1,6065.53,0,CREATE_PIPELINE_BATCH
CP-0003576,2026-04-22,SIMULATED_HISTORY,Nakuru,AGO,WATCH,NORMAL,6795.86,628.26,6167.59,9.82,1,6708.32,0,CREATE_PIPELINE_BATCH
CP-0003577,2026-05-02,SIMULATED_HISTORY,Nakuru,AGO,WATCH,NORMAL,7060.23,640.61,6419.62,10.02,1,6474.81,0,CREATE_PIPELINE_BATCH
CP-0003578,2026-05-11,SIMULATED_HISTORY,Nakuru,AGO,HEALTHY,LOADING_BAY_OUTAGE,7576.59,598.56,6978.03,11.66,0,0.0,0,NONE
CP-0003579,2026-05-12,SIMULATED_HISTORY,Nakuru,AGO,WATCH,NORMAL,6978.03,761.07,6216.95,8.17,1,6858.18,0,CREATE_PIPELINE_BATCH
CP-0003580,2026-05-22,SIMULATED_HISTORY,Nakuru,AGO,WATCH,NORMAL,7401.47,727.01,6674.46,9.18,1,6349.56,0,CREATE_PIPELINE_BATCH
CP-0003581,2026-05-26,SIMULATED_HISTORY,Nakuru,AGO,HEALTHY,UNPLANNED_PUMP_FAILURE,11312.77,644.19,10668.58,16.56,0,0.0,0,HOLD/RESCHEDULE_DUE_TO_OUTAGE
CP-0003582,2026-06-02,SIMULATED_HISTORY,Nakuru,AGO,WATCH,NORMAL,6976.51,564.43,6412.07,11.36,1,6368.09,0,CREATE_PIPELINE_BATCH
CP-0003583,2026-06-12,SIMULATED_HISTORY,Nakuru,AGO,WATCH,NORMAL,7305.48,589.18,6716.3,11.4,1,6100.99,0,CREATE_PIPELINE_BATCH
CP-0003584,2026-06-23,SIMULATED_HISTORY,Nakuru,AGO,WATCH,NORMAL,6998.25,635.96,6362.29,10.0,1,6525.17,0,CREATE_PIPELINE_BATCH
CP-0003585,2026-07-04,SIMULATED_HISTORY,Nakuru,AGO,WATCH,NORMAL,6768.74,586.2,6182.54,10.55,1,6630.27,0,CREATE_PIPELINE_BATCH
CP-0003586,2026-07-07,SIMULATED_HISTORY,Nakuru,AGO,HEALTHY,LOADING_BAY_OUTAGE,11598.18,666.49,10931.69,16.4,0,0.0,0,NONE
CP-0003587,2026-07-14,SIMULATED_HISTORY,Nakuru,AGO,WATCH,NORMAL,7212.48,660.63,6551.85,9.92,1,6372.61,0,CREATE_PIPELINE_BATCH
CP-0003588,2026-07-25,SIMULATED_HISTORY,Nakuru,AGO,WATCH,NORMAL,6752.19,568.54,6183.66,10.88,1,6602.67,0,CREATE_PIPELINE_BATCH
CP-0003589,2026-08-04,SIMULATED_HISTORY,Nakuru,AGO,WATCH,NORMAL,7342.6,664.03,6678.57,10.06,1,6250.99,0,CREATE_PIPELINE_BATCH
CP-0003590,2026-08-14,SIMULATED_HISTORY,Nakuru,AGO,WATCH,NORMAL,7343.74,672.07,6671.67,9.93,1,6269.96,0,CREATE_PIPELINE_BATCH
CP-0003591,2026-08-25,SIMULATED_HISTORY,Nakuru,AGO,WATCH,NORMAL,6792.03,640.85,6151.18,9.6,1,6743.61,0,CREATE_PIPELINE_BATCH
CP-0003592,2026-08-29,SIMULATED_HISTORY,Nakuru,AGO,HEALTHY,PLANNED_PIPELINE_MAINTENANCE,10714.13,572.16,10141.97,17.73,0,0.0,0,HOLD/RESCHEDULE_DUE_TO_OUTAGE
CP-0003593,2026-09-03,SIMULATED_HISTORY,Nakuru,AGO,HEALTHY,LOADING_BAY_OUTAGE,7824.46,596.79,7227.67,12.11,0,0.0,0,NONE
CP-0003594,2026-09-04,SIMULATED_HISTORY,Nakuru,AGO,WATCH,NORMAL,7227.67,595.3,6632.38,11.14,1,6194.09,0,CREATE_PIPELINE_BATCH
CP-0003595,2026-09-15,SCENARIO_FUTURE,Nakuru,AGO,WATCH,UNPLANNED_PUMP_FAILURE,6855.34,640.24,6215.09,9.71,1,6678.79,0,CREATE_PIPELINE_BATCH+OUTAGE
CP-0003596,2026-09-23,SCENARIO_FUTURE,Nakuru,AGO,HEALTHY,DATA_LATENCY_INCIDENT,8665.79,617.57,8048.23,13.03,0,0.0,0,NONE
CP-0003597,2026-09-25,SCENARIO_FUTURE,Nakuru,AGO,WATCH,NORMAL,7431.98,685.03,6746.95,9.85,1,6214.11,0,CREATE_PIPELINE_BATCH
CP-0003598,2026-10-05,SCENARIO_FUTURE,Nakuru,AGO,WATCH,NORMAL,7448.79,698.99,6749.8,9.66,1,6232.21,0,CREATE_PIPELINE_BATCH
CP-0003599,2026-10-14,SCENARIO_FUTURE,Nakuru,AGO,WATCH,NORMAL,7498.79,760.96,6737.84,8.85,1,6337.12,0,CREATE_PIPELINE_BATCH
CP-0003600,2026-10-22,SCENARIO_FUTURE,Nakuru,AGO,HEALTHY,UNPLANNED_PUMP_FAILURE,8227.86,730.6,7497.26,10.26,0,0.0,0,HOLD/RESCHEDULE_DUE_TO_OUTAGE
CP-0003601,2026-10-23,SCENARIO_FUTURE,Nakuru,AGO,WATCH,NORMAL,7497.26,781.78,6715.48,8.59,1,6390.72,0,CREATE_PIPELINE_BATCH
CP-0003602,2026-11-02,SCENARIO_FUTURE,Nakuru,AGO,WATCH,NORMAL,6843.81,611.74,6232.07,10.19,1,6619.06,0,CREATE_PIPELINE_BATCH
CP-0003603,2026-11-11,SCENARIO_FUTURE,Nakuru,AGO,HEALTHY,LOADING_BAY_OUTAGE,8111.79,608.15,7503.64,12.34,0,0.0,0,NONE
CP-0003604,2026-11-13,SCENARIO_FUTURE,Nakuru,AGO,WATCH,NORMAL,6855.98,611.09,6244.89,10.22,1,6605.26,0,CREATE_PIPELINE_BATCH
CP-0003605,2026-11-24,SCENARIO_FUTURE,Nakuru,AGO,WATCH,NORMAL,7107.15,668.04,6439.1,9.64,1,6496.48,0,CREATE_PIPELINE_BATCH
CP-0003606,2026-11-28,SCENARIO_FUTURE,Nakuru,AGO,HEALTHY,LOADING_BAY_OUTAGE,11117.31,522.91,10594.4,20.26,0,0.0,0,NONE
CP-0003607,2026-12-05,SCENARIO_FUTURE,Nakuru,AGO,WATCH,NORMAL,6848.69,629.29,6219.4,9.88,1,6658.05,0,CREATE_PIPELINE_BATCH
CP-0003608,2026-12-13,SCENARIO_FUTURE,Nakuru,AGO,HEALTHY,DATA_LATENCY_INCIDENT,8504.32,554.28,7950.04,14.34,0,0.0,0,NONE
CP-0003609,2026-12-15,SCENARIO_FUTURE,Nakuru,AGO,WATCH,NORMAL,7370.66,659.55,6711.12,10.18,1,6211.72,0,CREATE_PIPELINE_BATCH
CP-0003610,2026-12-25,SCENARIO_FUTURE,Nakuru,AGO,WATCH,NORMAL,7359.89,673.42,6686.47,9.93,1,6257.17,0,CREATE_PIPELINE_BATCH
CP-0003611,2021-01-30,SIMULATED_HISTORY,Nakuru,DPK,HEALTHY,UNPLANNED_PUMP_FAILURE,1302.82,5.44,1297.39,238.57,0,0.0,0,HOLD/RESCHEDULE_DUE_TO_OUTAGE
CP-0003612,2021-02-24,SIMULATED_HISTORY,Nakuru,DPK,WATCH,NORMAL,1152.92,6.44,1146.49,178.16,1,890.85,0,CREATE_PIPELINE_BATCH
CP-0003613,2021-04-03,SIMULATED_HISTORY,Nakuru,DPK,HEALTHY,PLANNED_PIPELINE_MAINTENANCE,1806.48,5.98,1800.5,300.85,0,0.0,0,HOLD/RESCHEDULE_DUE_TO_OUTAGE
CP-0003614,2021-04-04,SIMULATED_HISTORY,Nakuru,DPK,HEALTHY,PLANNED_PIPELINE_MAINTENANCE,1800.5,5.66,1794.84,317.12,0,0.0,0,HOLD/RESCHEDULE_DUE_TO_OUTAGE
CP-0003615,2021-04-16,SIMULATED_HISTORY,Nakuru,DPK,HEALTHY,DATA_LATENCY_INCIDENT,1724.07,6.42,1717.65,267.53,0,0.0,0,NONE
CP-0003616,2021-05-12,SIMULATED_HISTORY,Nakuru,DPK,HEALTHY,UNPLANNED_PUMP_FAILURE,1561.65,6.76,1554.89,230.03,0,0.0,0,HOLD/RESCHEDULE_DUE_TO_OUTAGE
CP-0003617,2021-06-10,SIMULATED_HISTORY,Nakuru,DPK,HEALTHY,PLANNED_PIPELINE_MAINTENANCE,1373.26,7.33,1365.93,186.43,0,0.0,0,HOLD/RESCHEDULE_DUE_TO_OUTAGE
CP-0003618,2021-06-11,SIMULATED_HISTORY,Nakuru,DPK,HEALTHY,PLANNED_PIPELINE_MAINTENANCE,1365.93,7.25,1358.68,187.4,0,0.0,0,HOLD/RESCHEDULE_DUE_TO_OUTAGE
CP-0003619,2021-07-01,SIMULATED_HISTORY,Nakuru,DPK,HEALTHY,LOADING_BAY_OUTAGE,1231.76,6.78,1224.98,180.59,0,0.0,0,NONE
CP-0003620,2021-07-11,SIMULATED_HISTORY,Nakuru,DPK,HEALTHY,LOADING_BAY_OUTAGE,1162.48,5.79,1156.69,199.69,0,0.0,0,NONE
CP-0003621,2021-07-13,SIMULATED_HISTORY,Nakuru,DPK,WATCH,NORMAL,1149.81,6.84,1142.97,167.14,1,894.97,0,CREATE_PIPELINE_BATCH
CP-0003622,2021-08-02,SIMULATED_HISTORY,Nakuru,DPK,HEALTHY,UNPLANNED_PUMP_FAILURE,1908.03,6.5,1901.53,292.71,0,0.0,0,HOLD/RESCHEDULE_DUE_TO_OUTAGE
CP-0003623,2021-09-07,SIMULATED_HISTORY,Nakuru,DPK,HEALTHY,LOADING_BAY_OUTAGE,1686.59,5.81,1680.79,289.37,0,0.0,0,NONE
CP-0003624,2021-09-12,SIMULATED_HISTORY,Nakuru,DPK,HEALTHY,DATA_LATENCY_INCIDENT,1656.36,5.49,1650.87,300.79,0,0.0,0,NONE
CP-0003625,2021-09-17,SIMULATED_HISTORY,Nakuru,DPK,HEALTHY,LOADING_BAY_OUTAGE,1625.34,5.97,1619.36,271.21,0,0.0,0,NONE
CP-0003626,2021-11-02,SIMULATED_HISTORY,Nakuru,DPK,HEALTHY,LOADING_BAY_OUTAGE,1341.67,6.29,1335.38,212.38,0,0.0,0,NONE
CP-0003627,2021-12-04,SIMULATED_HISTORY,Nakuru,DPK,WATCH,NORMAL,1148.37,6.12,1142.25,186.75,1,894.6,0,CREATE_PIPELINE_BATCH
CP-0003628,2022-01-16,SIMULATED_HISTORY,Nakuru,DPK,HEALTHY,UNPLANNED_PUMP_FAILURE,1764.5,6.41,1758.08,274.24,0,0.0,0,HOLD/RESCHEDULE_DUE_TO_OUTAGE
CP-0003629,2022-04-20,SIMULATED_HISTORY,Nakuru,DPK,WATCH,NORMAL,1153.6,6.57,1147.04,174.66,1,890.49,0,CREATE_PIPELINE_BATCH
CP-0003630,2022-04-25,SIMULATED_HISTORY,Nakuru,DPK,HEALTHY,DATA_LATENCY_INCIDENT,2011.92,6.77,2005.16,296.2,0,0.0,0,NONE
CP-0003631,2022-07-07,SIMULATED_HISTORY,Nakuru,DPK,HEALTHY,LOADING_BAY_OUTAGE,1512.84,7.67,1505.17,196.22,0,0.0,0,NONE
CP-0003632,2022-07-22,SIMULATED_HISTORY,Nakuru,DPK,HEALTHY,DATA_LATENCY_INCIDENT,1405.73,7.3,1398.42,191.49,0,0.0,0,NONE
CP-0003633,2022-08-29,SIMULATED_HISTORY,Nakuru,DPK,WATCH,NORMAL,1152.6,7.16,1145.44,160.0,1,892.97,0,CREATE_PIPELINE_BATCH
CP-0003634,2022-09-09,SIMULATED_HISTORY,Nakuru,DPK,HEALTHY,LOADING_BAY_OUTAGE,1976.02,6.67,1969.35,295.38,0,0.0,0,NONE
CP-0003635,2022-10-04,SIMULATED_HISTORY,Nakuru,DPK,HEALTHY,UNPLANNED_PUMP_FAILURE,1818.54,7.01,1811.54,258.56,0,0.0,0,HOLD/RESCHEDULE_DUE_TO_OUTAGE
CP-0003636,2022-10-07,SIMULATED_HISTORY,Nakuru,DPK,HEALTHY,LOADING_BAY_OUTAGE,1796.58,7.85,1788.73,227.84,0,0.0,0,NONE
CP-0003637,2022-10-13,SIMULATED_HISTORY,Nakuru,DPK,HEALTHY,PLANNED_PIPELINE_MAINTENANCE,1756.35,6.9,1749.44,253.36,0,0.0,0,HOLD/RESCHEDULE_DUE_TO_OUTAGE
CP-0003638,2022-10-22,SIMULATED_HISTORY,Nakuru,DPK,HEALTHY,LOADING_BAY_OUTAGE,1696.22,6.77,1689.45,249.37,0,0.0,0,NONE
CP-0003639,2022-10-26,SIMULATED_HISTORY,Nakuru,DPK,HEALTHY,LOADING_BAY_OUTAGE,1669.55,6.63,1662.91,250.73,0,0.0,0,NONE
CP-0003640,2022-11-28,SIMULATED_HISTORY,Nakuru,DPK,HEALTHY,UNPLANNED_PUMP_FAILURE,1464.4,6.25,1458.15,233.37,0,0.0,0,HOLD/RESCHEDULE_DUE_TO_OUTAGE
CP-0003641,2022-12-06,SIMULATED_HISTORY,Nakuru,DPK,HEALTHY,PLANNED_PIPELINE_MAINTENANCE,1412.86,7.08,1405.78,198.52,0,0.0,0,HOLD/RESCHEDULE_DUE_TO_OUTAGE
CP-0003642,2023-01-14,SIMULATED_HISTORY,Nakuru,DPK,WATCH,NORMAL,1152.4,6.01,1146.39,190.87,1,890.3,0,CREATE_PIPELINE_BATCH
CP-0003643,2023-02-06,SIMULATED_HISTORY,Nakuru,DPK,HEALTHY,LOADING_BAY_OUTAGE,1897.26,6.54,1890.72,289.16,0,0.0,0,NONE
CP-0003644,2023-02-26,SIMULATED_HISTORY,Nakuru,DPK,HEALTHY,LOADING_BAY_OUTAGE,1775.63,5.02,1770.61,352.51,0,0.0,0,NONE
CP-0003645,2023-02-28,SIMULATED_HISTORY,Nakuru,DPK,HEALTHY,UNPLANNED_PUMP_FAILURE,1764.55,6.81,1757.74,257.97,0,0.0,0,HOLD/RESCHEDULE_DUE_TO_OUTAGE
CP-0003646,2023-05-31,SIMULATED_HISTORY,Nakuru,DPK,HEALTHY,DATA_LATENCY_INCIDENT,1178.59,7.08,1171.51,165.49,0,0.0,0,NONE
CP-0003647,2023-06-04,SIMULATED_HISTORY,Nakuru,DPK,WATCH,NORMAL,1150.52,5.52,1145.0,207.3,1,890.96,0,CREATE_PIPELINE_BATCH
CP-0003648,2023-06-19,SIMULATED_HISTORY,Nakuru,DPK,HEALTHY,LOADING_BAY_OUTAGE,1939.88,7.33,1932.55,263.69,0,0.0,0,NONE
CP-0003649,2023-07-08,SIMULATED_HISTORY,Nakuru,DPK,HEALTHY,LOADING_BAY_OUTAGE,1807.66,7.06,1800.59,254.89,0,0.0,0,NONE
CP-0003650,2023-07-16,SIMULATED_HISTORY,Nakuru,DPK,HEALTHY,LOADING_BAY_OUTAGE,1751.14,6.51,1744.63,268.0,0,0.0,0,NONE
CP-0003651,2023-07-30,SIMULATED_HISTORY,Nakuru,DPK,HEALTHY,PLANNED_PIPELINE_MAINTENANCE,1652.89,6.34,1646.55,259.84,0,0.0,0,HOLD/RESCHEDULE_DUE_TO_OUTAGE
CP-0003652,2023-07-31,SIMULATED_HISTORY,Nakuru,DPK,HEALTHY,PLANNED_PIPELINE_MAINTENANCE,1646.55,7.43,1639.13,220.73,0,0.0,0,HOLD/RESCHEDULE_DUE_TO_OUTAGE
CP-0003653,2023-09-05,SIMULATED_HISTORY,Nakuru,DPK,HEALTHY,UNPLANNED_PUMP_FAILURE,1419.2,6.72,1412.48,210.18,0,0.0,0,HOLD/RESCHEDULE_DUE_TO_OUTAGE
CP-0003654,2023-09-29,SIMULATED_HISTORY,Nakuru,DPK,HEALTHY,DATA_LATENCY_INCIDENT,1271.97,7.5,1264.47,168.57,0,0.0,0,NONE
CP-0003655,2023-10-18,SIMULATED_HISTORY,Nakuru,DPK,WATCH,NORMAL,1150.23,6.39,1143.84,178.87,1,893.43,0,CREATE_PIPELINE_BATCH
CP-0003656,2023-11-17,SIMULATED_HISTORY,Nakuru,DPK,HEALTHY,PLANNED_PIPELINE_MAINTENANCE,1854.5,6.32,1848.18,292.58,0,0.0,0,HOLD/RESCHEDULE_DUE_TO_OUTAGE
CP-0003657,2023-12-05,SIMULATED_HISTORY,Nakuru,DPK,HEALTHY,UNPLANNED_PUMP_FAILURE,1745.46,6.82,1738.64,254.78,0,0.0,0,HOLD/RESCHEDULE_DUE_TO_OUTAGE
CP-0003658,2024-02-12,SIMULATED_HISTORY,Nakuru,DPK,HEALTHY,PLANNED_PIPELINE_MAINTENANCE,1307.48,6.29,1301.19,206.87,0,0.0,0,HOLD/RESCHEDULE_DUE_TO_OUTAGE
CP-0003659,2024-02-27,SIMULATED_HISTORY,Nakuru,DPK,HEALTHY,LOADING_BAY_OUTAGE,1218.9,6.3,1212.59,192.37,0,0.0,0,NONE
CP-0003660,2024-03-09,SIMULATED_HISTORY,Nakuru,DPK,WATCH,NORMAL,1149.84,5.92,1143.91,193.14,1,892.65,0,CREATE_PIPELINE_BATCH
CP-0003661,2024-03-24,SIMULATED_HISTORY,Nakuru,DPK,HEALTHY,LOADING_BAY_OUTAGE,1950.21,5.43,1944.77,357.87,0,0.0,0,NONE
CP-0003662,2024-03-29,SIMULATED_HISTORY,Nakuru,DPK,HEALTHY,LOADING_BAY_OUTAGE,1919.49,7.19,1912.29,265.82,0,0.0,0,NONE
CP-0003663,2024-04-15,SIMULATED_HISTORY,Nakuru,DPK,HEALTHY,LOADING_BAY_OUTAGE,1813.21,6.15,1807.06,293.61,0,0.0,0,NONE
CP-0003664,2024-04-20,SIMULATED_HISTORY,Nakuru,DPK,HEALTHY,UNPLANNED_PUMP_FAILURE,1781.45,5.47,1775.98,324.9,0,0.0,0,HOLD/RESCHEDULE_DUE_TO_OUTAGE
CP-0003665,2024-04-24,SIMULATED_HISTORY,Nakuru,DPK,HEALTHY,DATA_LATENCY_INCIDENT,1757.02,6.32,1750.7,277.13,0,0.0,0,NONE
CP-0003666,2024-04-29,SIMULATED_HISTORY,Nakuru,DPK,HEALTHY,DATA_LATENCY_INCIDENT,1726.47,6.39,1720.08,269.19,0,0.0,0,NONE
CP-0003667,2024-07-24,SIMULATED_HISTORY,Nakuru,DPK,HEALTHY,PLANNED_PIPELINE_MAINTENANCE,1161.6,7.03,1154.57,164.17,0,0.0,0,HOLD/RESCHEDULE_DUE_TO_OUTAGE
CP-0003668,2024-07-26,SIMULATED_HISTORY,Nakuru,DPK,WATCH,NORMAL,1147.52,8.09,1139.43,140.77,1,900.39,0,CREATE_PIPELINE_BATCH
CP-0003669,2024-10-10,SIMULATED_HISTORY,Nakuru,DPK,HEALTHY,LOADING_BAY_OUTAGE,1577.73,6.54,1571.19,240.29,0,0.0,0,NONE
CP-0003670,2024-10-14,SIMULATED_HISTORY,Nakuru,DPK,HEALTHY,UNPLANNED_PUMP_FAILURE,1553.14,6.38,1546.76,242.53,0,0.0,0,HOLD/RESCHEDULE_DUE_TO_OUTAGE
CP-0003671,2024-10-31,SIMULATED_HISTORY,Nakuru,DPK,HEALTHY,UNPLANNED_PUMP_FAILURE,1446.96,6.71,1440.26,214.75,0,0.0,0,HOLD/RESCHEDULE_DUE_TO_OUTAGE
CP-0003672,2024-12-19,SIMULATED_HISTORY,Nakuru,DPK,WATCH,NORMAL,1149.94,5.79,1144.16,197.74,1,892.2,0,CREATE_PIPELINE_BATCH
CP-0003673,2025-02-19,SIMULATED_HISTORY,Nakuru,DPK,HEALTHY,DATA_LATENCY_INCIDENT,1640.14,6.37,1633.77,256.66,0,0.0,0,NONE
CP-0003674,2025-05-04,SIMULATED_HISTORY,Nakuru,DPK,WATCH,NORMAL,1147.28,6.29,1140.99,181.47,1,896.12,0,CREATE_PIPELINE_BATCH
CP-0003675,2025-05-15,SIMULATED_HISTORY,Nakuru,DPK,HEALTHY,DATA_LATENCY_INCIDENT,1969.74,7.68,1962.06,255.63,0,0.0,0,NONE
CP-0003676,2025-05-27,SIMULATED_HISTORY,Nakuru,DPK,HEALTHY,UNPLANNED_PUMP_FAILURE,1889.34,6.58,1882.76,285.97,0,0.0,0,HOLD/RESCHEDULE_DUE_TO_OUTAGE
CP-0003677,2025-06-05,SIMULATED_HISTORY,Nakuru,DPK,HEALTHY,LOADING_BAY_OUTAGE,1827.96,7.06,1820.9,258.09,0,0.0,0,NONE
CP-0003678,2025-08-02,SIMULATED_HISTORY,Nakuru,DPK,HEALTHY,LOADING_BAY_OUTAGE,1404.3,6.04,1398.26,231.42,0,0.0,0,NONE
CP-0003679,2025-09-10,SIMULATED_HISTORY,Nakuru,DPK,WATCH,NORMAL,1151.28,6.3,1144.98,181.73,1,892.15,0,CREATE_PIPELINE_BATCH
CP-0003680,2025-09-29,SIMULATED_HISTORY,Nakuru,DPK,HEALTHY,LOADING_BAY_OUTAGE,1920.67,6.53,1914.13,293.07,0,0.0,0,NONE
CP-0003681,2025-10-12,SIMULATED_HISTORY,Nakuru,DPK,HEALTHY,UNPLANNED_PUMP_FAILURE,1832.4,6.13,1826.26,297.91,0,0.0,0,HOLD/RESCHEDULE_DUE_TO_OUTAGE
CP-0003682,2025-10-17,SIMULATED_HISTORY,Nakuru,DPK,HEALTHY,PLANNED_PIPELINE_MAINTENANCE,1798.67,6.93,1791.74,258.53,0,0.0,0,HOLD/RESCHEDULE_DUE_TO_OUTAGE
CP-0003683,2025-11-14,SIMULATED_HISTORY,Nakuru,DPK,HEALTHY,LOADING_BAY_OUTAGE,1615.99,7.18,1608.81,224.18,0,0.0,0,NONE
CP-0003684,2025-12-07,SIMULATED_HISTORY,Nakuru,DPK,HEALTHY,LOADING_BAY_OUTAGE,1468.32,5.89,1462.43,248.39,0,0.0,0,NONE
CP-0003685,2025-12-14,SIMULATED_HISTORY,Nakuru,DPK,HEALTHY,PLANNED_PIPELINE_MAINTENANCE;UNPLANNED_PUMP_FAILURE,1420.75,5.55,1415.2,254.79,0,0.0,0,HOLD/RESCHEDULE_DUE_TO_OUTAGE
CP-0003686,2026-01-22,SIMULATED_HISTORY,Nakuru,DPK,WATCH,NORMAL,1147.8,7.44,1140.36,153.19,1,898.49,0,CREATE_PIPELINE_BATCH
CP-0003687,2026-03-17,SIMULATED_HISTORY,Nakuru,DPK,HEALTHY,PLANNED_PIPELINE_MAINTENANCE,1673.97,7.5,1666.48,222.3,0,0.0,0,HOLD/RESCHEDULE_DUE_TO_OUTAGE
CP-0003688,2026-05-11,SIMULATED_HISTORY,Nakuru,DPK,HEALTHY,LOADING_BAY_OUTAGE,1283.65,7.21,1276.44,176.98,0,0.0,0,NONE
CP-0003689,2026-05-26,SIMULATED_HISTORY,Nakuru,DPK,HEALTHY,UNPLANNED_PUMP_FAILURE,1173.33,7.31,1166.02,159.51,0,0.0,0,HOLD/RESCHEDULE_DUE_TO_OUTAGE
CP-0003690,2026-05-29,SIMULATED_HISTORY,Nakuru,DPK,WATCH,NORMAL,1151.08,7.15,1143.93,160.04,1,894.47,0,CREATE_PIPELINE_BATCH
CP-0003691,2026-07-07,SIMULATED_HISTORY,Nakuru,DPK,HEALTHY,LOADING_BAY_OUTAGE,1752.36,9.04,1743.32,192.83,0,0.0,0,NONE
CP-0003692,2026-08-29,SIMULATED_HISTORY,Nakuru,DPK,HEALTHY,PLANNED_PIPELINE_MAINTENANCE,1353.29,6.72,1346.57,200.42,0,0.0,0,HOLD/RESCHEDULE_DUE_TO_OUTAGE
CP-0003693,2026-09-03,SIMULATED_HISTORY,Nakuru,DPK,HEALTHY,LOADING_BAY_OUTAGE,1318.92,7.62,1311.31,172.18,0,0.0,0,NONE
CP-0003694,2026-09-15,SCENARIO_FUTURE,Nakuru,DPK,HEALTHY,UNPLANNED_PUMP_FAILURE,1236.42,6.58,1229.83,186.78,0,0.0,0,HOLD/RESCHEDULE_DUE_TO_OUTAGE
CP-0003695,2026-09-23,SCENARIO_FUTURE,Nakuru,DPK,HEALTHY,DATA_LATENCY_INCIDENT,1181.51,7.09,1174.42,165.67,0,0.0,0,NONE
CP-0003696,2026-09-28,SCENARIO_FUTURE,Nakuru,DPK,WATCH,NORMAL,1148.47,7.14,1141.33,159.94,1,897.05,0,CREATE_PIPELINE_BATCH
CP-0003697,2026-10-22,SCENARIO_FUTURE,Nakuru,DPK,HEALTHY,UNPLANNED_PUMP_FAILURE,1872.75,8.22,1864.53,226.72,0,0.0,0,HOLD/RESCHEDULE_DUE_TO_OUTAGE
CP-0003698,2026-11-11,SCENARIO_FUTURE,Nakuru,DPK,HEALTHY,LOADING_BAY_OUTAGE,1733.72,6.66,1727.05,259.23,0,0.0,0,NONE
CP-0003699,2026-11-28,SCENARIO_FUTURE,Nakuru,DPK,HEALTHY,LOADING_BAY_OUTAGE,1619.32,6.64,1612.67,242.81,0,0.0,0,NONE
CP-0003700,2026-12-13,SCENARIO_FUTURE,Nakuru,DPK,HEALTHY,DATA_LATENCY_INCIDENT,1511.94,5.92,1506.02,254.52,0,0.0,0,NONE
CP-0003701,2021-01-03,SIMULATED_HISTORY,Nakuru,PMS,WATCH,NORMAL,5602.86,518.07,5084.8,9.81,1,4936.18,0,CREATE_PIPELINE_BATCH
CP-0003702,2021-01-12,SIMULATED_HISTORY,Nakuru,PMS,WATCH,NORMAL,5473.34,536.0,4937.34,9.21,1,5110.54,0,CREATE_PIPELINE_BATCH
CP-0003703,2021-01-22,SIMULATED_HISTORY,Nakuru,PMS,WATCH,NORMAL,5410.8,592.36,4818.44,8.13,1,5313.98,0,CREATE_PIPELINE_BATCH
CP-0003704,2021-01-30,SIMULATED_HISTORY,Nakuru,PMS,HEALTHY,UNPLANNED_PUMP_FAILURE,6260.05,461.23,5798.82,12.57,0,0.0,0,HOLD/RESCHEDULE_DUE_TO_OUTAGE
CP-0003705,2021-02-01,SIMULATED_HISTORY,Nakuru,PMS,WATCH,NORMAL,5305.69,546.06,4759.63,8.72,1,5303.34,0,CREATE_PIPELINE_BATCH
CP-0003706,2021-02-12,SIMULATED_HISTORY,Nakuru,PMS,WATCH,NORMAL,5297.77,532.15,4765.62,8.96,1,5276.48,0,CREATE_PIPELINE_BATCH
CP-0003707,2021-02-22,SIMULATED_HISTORY,Nakuru,PMS,WATCH,NORMAL,5679.52,479.02,5200.5,10.86,1,4761.92,0,CREATE_PIPELINE_BATCH
CP-0003708,2021-03-04,SIMULATED_HISTORY,Nakuru,PMS,WATCH,NORMAL,5643.13,528.57,5114.56,9.68,1,4922.18,0,CREATE_PIPELINE_BATCH
CP-0003709,2021-03-14,SIMULATED_HISTORY,Nakuru,PMS,WATCH,NORMAL,5389.14,431.73,4957.41,11.48,1,4934.06,0,CREATE_PIPELINE_BATCH
CP-0003710,2021-03-24,SIMULATED_HISTORY,Nakuru,PMS,WATCH,NORMAL,5332.76,527.97,4804.79,9.1,1,5231.04,0,CREATE_PIPELINE_BATCH
CP-0003711,2021-04-03,SIMULATED_HISTORY,Nakuru,PMS,WATCH,PLANNED_PIPELINE_MAINTENANCE,5310.15,502.5,4807.65,9.57,1,5189.99,0,CREATE_PIPELINE_BATCH+OUTAGE
CP-0003712,2021-04-04,SIMULATED_HISTORY,Nakuru,PMS,WATCH,PLANNED_PIPELINE_MAINTENANCE,4807.65,449.85,4357.8,9.69,0,0.0,0,HOLD/RESCHEDULE_DUE_TO_OUTAGE
CP-0003713,2021-04-13,SIMULATED_HISTORY,Nakuru,PMS,WATCH,NORMAL,5301.64,537.24,4764.4,8.87,1,5285.33,0,CREATE_PIPELINE_BATCH
CP-0003714,2021-04-16,SIMULATED_HISTORY,Nakuru,PMS,HEALTHY,DATA_LATENCY_INCIDENT,8964.57,508.97,8455.6,16.61,0,0.0,0,NONE
CP-0003715,2021-04-23,SIMULATED_HISTORY,Nakuru,PMS,WATCH,NORMAL,5342.88,552.91,4789.98,8.66,1,5283.27,0,CREATE_PIPELINE_BATCH
CP-0003716,2021-05-03,SIMULATED_HISTORY,Nakuru,PMS,WATCH,NORMAL,5472.53,549.11,4923.42,8.97,1,5144.13,0,CREATE_PIPELINE_BATCH
CP-0003717,2021-05-12,SIMULATED_HISTORY,Nakuru,PMS,HEALTHY,UNPLANNED_PUMP_FAILURE,5857.57,515.02,5342.55,10.37,0,0.0,0,HOLD/RESCHEDULE_DUE_TO_OUTAGE
CP-0003718,2021-05-13,SIMULATED_HISTORY,Nakuru,PMS,WATCH,NORMAL,5342.55,526.01,4816.54,9.16,1,5216.35,0,CREATE_PIPELINE_BATCH
CP-0003719,2021-05-22,SIMULATED_HISTORY,Nakuru,PMS,WATCH,NORMAL,5722.03,511.09,5210.94,10.2,1,4799.58,0,CREATE_PIPELINE_BATCH
CP-0003720,2021-06-01,SIMULATED_HISTORY,Nakuru,PMS,WATCH,NORMAL,5432.51,491.92,4940.59,10.04,1,5041.17,0,CREATE_PIPELINE_BATCH
CP-0003721,2021-06-10,SIMULATED_HISTORY,Nakuru,PMS,HEALTHY,PLANNED_PIPELINE_MAINTENANCE,6001.8,497.51,5504.29,11.06,0,0.0,0,HOLD/RESCHEDULE_DUE_TO_OUTAGE
CP-0003722,2021-06-11,SIMULATED_HISTORY,Nakuru,PMS,WATCH,PLANNED_PIPELINE_MAINTENANCE,5504.29,544.34,4959.95,9.11,1,5100.44,0,CREATE_PIPELINE_BATCH+OUTAGE
CP-0003723,2021-06-22,SIMULATED_HISTORY,Nakuru,PMS,WATCH,NORMAL,5297.33,574.76,4722.57,8.22,1,5383.45,0,CREATE_PIPELINE_BATCH
CP-0003724,2021-07-01,SIMULATED_HISTORY,Nakuru,PMS,HEALTHY,LOADING_BAY_OUTAGE,6151.63,530.03,5621.6,10.61,0,0.0,0,NONE
CP-0003725,2021-07-02,SIMULATED_HISTORY,Nakuru,PMS,WATCH,NORMAL,5621.6,486.09,5135.51,10.56,1,4837.51,0,CREATE_PIPELINE_BATCH
CP-0003726,2021-07-11,SIMULATED_HISTORY,Nakuru,PMS,HEALTHY,LOADING_BAY_OUTAGE,5867.65,468.79,5398.85,11.52,0,0.0,0,NONE
CP-0003727,2021-07-12,SIMULATED_HISTORY,Nakuru,PMS,WATCH,NORMAL,5398.85,515.76,4883.1,9.47,1,5134.42,0,CREATE_PIPELINE_BATCH
CP-0003728,2021-07-22,SIMULATED_HISTORY,Nakuru,PMS,WATCH,NORMAL,5584.75,565.47,5019.27,8.88,1,5072.81,0,CREATE_PIPELINE_BATCH
CP-0003729,2021-08-01,SIMULATED_HISTORY,Nakuru,PMS,WATCH,NORMAL,5539.44,437.12,5102.32,11.67,1,4797.24,0,CREATE_PIPELINE_BATCH
CP-0003730,2021-08-02,SIMULATED_HISTORY,Nakuru,PMS,WATCH,UNPLANNED_PUMP_FAILURE,5102.32,547.01,4555.31,8.33,0,0.0,0,HOLD/RESCHEDULE_DUE_TO_OUTAGE
CP-0003731,2021-08-11,SIMULATED_HISTORY,Nakuru,PMS,WATCH,NORMAL,5354.98,533.55,4821.43,9.04,1,5222.77,0,CREATE_PIPELINE_BATCH
CP-0003732,2021-08-21,SIMULATED_HISTORY,Nakuru,PMS,WATCH,NORMAL,5501.47,431.5,5069.97,11.75,1,4821.16,0,CREATE_PIPELINE_BATCH
CP-0003733,2021-08-30,SIMULATED_HISTORY,Nakuru,PMS,WATCH,NORMAL,5752.33,540.74,5211.59,9.64,1,4843.4,0,CREATE_PIPELINE_BATCH
CP-0003734,2021-09-07,SIMULATED_HISTORY,Nakuru,PMS,HEALTHY,LOADING_BAY_OUTAGE,6604.21,524.64,6079.57,11.59,0,0.0,0,NONE
CP-0003735,2021-09-09,SIMULATED_HISTORY,Nakuru,PMS,WATCH,NORMAL,5560.73,515.1,5045.63,9.8,1,4970.9,0,CREATE_PIPELINE_BATCH
CP-0003736,2021-09-12,SIMULATED_HISTORY,Nakuru,PMS,HEALTHY,DATA_LATENCY_INCIDENT,9063.5,418.63,8644.87,20.65,0,0.0,0,NONE
CP-0003737,2021-09-17,SIMULATED_HISTORY,Nakuru,PMS,HEALTHY,LOADING_BAY_OUTAGE,6566.29,519.15,6047.14,11.65,0,0.0,0,NONE
CP-0003738,2021-09-19,SIMULATED_HISTORY,Nakuru,PMS,WATCH,NORMAL,5555.95,442.23,5113.72,11.56,1,4793.51,0,CREATE_PIPELINE_BATCH
CP-0003739,2021-09-29,SIMULATED_HISTORY,Nakuru,PMS,WATCH,NORMAL,5360.1,467.26,4892.84,10.47,1,5051.93,0,CREATE_PIPELINE_BATCH
CP-0003740,2021-10-09,SIMULATED_HISTORY,Nakuru,PMS,WATCH,NORMAL,5303.31,505.1,4798.21,9.5,1,5203.32,0,CREATE_PIPELINE_BATCH
CP-0003741,2021-10-19,SIMULATED_HISTORY,Nakuru,PMS,WATCH,NORMAL,5262.47,549.26,4713.21,8.58,1,5354.56,0,CREATE_PIPELINE_BATCH
CP-0003742,2021-10-29,SIMULATED_HISTORY,Nakuru,PMS,WATCH,NORMAL,5368.03,563.22,4804.82,8.53,1,5283.89,0,CREATE_PIPELINE_BATCH
CP-0003743,2021-11-02,SIMULATED_HISTORY,Nakuru,PMS,HEALTHY,LOADING_BAY_OUTAGE,8662.4,552.93,8109.47,14.67,0,0.0,0,NONE
CP-0003744,2021-11-08,SIMULATED_HISTORY,Nakuru,PMS,WATCH,NORMAL,5668.9,490.6,5178.31,10.56,1,4801.47,0,CREATE_PIPELINE_BATCH
CP-0003745,2021-11-18,SIMULATED_HISTORY,Nakuru,PMS,WATCH,NORMAL,5662.84,492.03,5170.82,10.51,1,4811.1,0,CREATE_PIPELINE_BATCH
CP-0003746,2021-11-28,SIMULATED_HISTORY,Nakuru,PMS,WATCH,NORMAL,5512.58,464.25,5048.33,10.87,1,4891.92,0,CREATE_PIPELINE_BATCH
CP-0003747,2021-12-07,SIMULATED_HISTORY,Nakuru,PMS,WATCH,NORMAL,5349.52,613.26,4736.26,7.72,1,5427.5,0,CREATE_PIPELINE_BATCH
CP-0003748,2021-12-16,SIMULATED_HISTORY,Nakuru,PMS,WATCH,NORMAL,5431.33,561.17,4870.16,8.68,1,5215.47,0,CREATE_PIPELINE_BATCH
CP-0003749,2021-12-25,SIMULATED_HISTORY,Nakuru,PMS,WATCH,NORMAL,5418.5,612.24,4806.26,7.85,1,5355.99,0,CREATE_PIPELINE_BATCH
CP-0003750,2022-01-03,SIMULATED_HISTORY,Nakuru,PMS,WATCH,NORMAL,5447.89,664.73,4783.16,7.2,1,5457.81,0,CREATE_PIPELINE_BATCH
CP-0003751,2022-01-12,SIMULATED_HISTORY,Nakuru,PMS,WATCH,NORMAL,5613.44,611.87,5001.56,8.17,1,5160.13,0,CREATE_PIPELINE_BATCH
CP-0003752,2022-01-16,SIMULATED_HISTORY,Nakuru,PMS,HEALTHY,UNPLANNED_PUMP_FAILURE,8487.73,430.14,8057.59,18.73,0,0.0,0,HOLD/RESCHEDULE_DUE_TO_OUTAGE
CP-0003753,2022-01-21,SIMULATED_HISTORY,Nakuru,PMS,WATCH,NORMAL,5806.24,601.38,5204.87,8.65,1,4941.08,0,CREATE_PIPELINE_BATCH
CP-0003754,2022-01-31,SIMULATED_HISTORY,Nakuru,PMS,WATCH,NORMAL,5238.37,578.31,4660.06,8.06,1,5451.28,0,CREATE_PIPELINE_BATCH
CP-0003755,2022-02-10,SIMULATED_HISTORY,Nakuru,PMS,WATCH,NORMAL,5531.94,514.28,5017.66,9.76,1,4997.65,0,CREATE_PIPELINE_BATCH
CP-0003756,2022-02-20,SIMULATED_HISTORY,Nakuru,PMS,WATCH,NORMAL,5516.6,396.3,5120.3,12.92,1,4718.02,0,CREATE_PIPELINE_BATCH
CP-0003757,2022-03-02,SIMULATED_HISTORY,Nakuru,PMS,WATCH,NORMAL,5246.85,547.16,4699.69,8.59,1,5364.94,0,CREATE_PIPELINE_BATCH
CP-0003758,2022-03-11,SIMULATED_HISTORY,Nakuru,PMS,WATCH,NORMAL,5706.19,604.54,5101.65,8.44,1,5049.03,0,CREATE_PIPELINE_BATCH
CP-0003759,2022-03-21,SIMULATED_HISTORY,Nakuru,PMS,WATCH,NORMAL,5343.23,582.52,4760.7,8.17,1,5356.96,0,CREATE_PIPELINE_BATCH
CP-0003760,2022-03-30,SIMULATED_HISTORY,Nakuru,PMS,WATCH,NORMAL,5797.71,595.72,5201.99,8.73,1,4935.47,0,CREATE_PIPELINE_BATCH
CP-0003761,2022-04-09,SIMULATED_HISTORY,Nakuru,PMS,WATCH,NORMAL,5361.79,504.4,4857.39,9.63,1,5143.1,0,CREATE_PIPELINE_BATCH
CP-0003762,2022-04-18,SIMULATED_HISTORY,Nakuru,PMS,WATCH,NORMAL,5731.97,606.96,5125.01,8.44,1,5029.31,0,CREATE_PIPELINE_BATCH
CP-0003763,2022-04-25,SIMULATED_HISTORY,Nakuru,PMS,HEALTHY,DATA_LATENCY_INCIDENT,6841.14,531.83,6309.31,11.86,0,0.0,0,NONE
CP-0003764,2022-04-28,SIMULATED_HISTORY,Nakuru,PMS,WATCH,NORMAL,5270.32,567.0,4703.32,8.3,1,5391.06,0,CREATE_PIPELINE_BATCH
CP-0003765,2022-05-07,SIMULATED_HISTORY,Nakuru,PMS,WATCH,NORMAL,5410.35,575.28,4835.07,8.4,1,5271.74,0,CREATE_PIPELINE_BATCH
CP-0003766,2022-05-17,SIMULATED_HISTORY,Nakuru,PMS,WATCH,NORMAL,5320.6,613.84,4706.77,7.67,1,5457.87,0,CREATE_PIPELINE_BATCH
CP-0003767,2022-05-26,SIMULATED_HISTORY,Nakuru,PMS,WATCH,NORMAL,5757.16,548.08,5209.08,9.5,1,4856.93,0,CREATE_PIPELINE_BATCH
CP-0003768,2022-06-04,SIMULATED_HISTORY,Nakuru,PMS,WATCH,NORMAL,5697.72,495.14,5202.57,10.51,1,4784.02,0,CREATE_PIPELINE_BATCH
CP-0003769,2022-06-14,SIMULATED_HISTORY,Nakuru,PMS,WATCH,NORMAL,5463.42,506.56,4956.86,9.79,1,5046.86,0,CREATE_PIPELINE_BATCH
CP-0003770,2022-06-24,SIMULATED_HISTORY,Nakuru,PMS,WATCH,NORMAL,5412.31,562.72,4849.59,8.62,1,5238.38,0,CREATE_PIPELINE_BATCH
CP-0003771,2022-07-04,SIMULATED_HISTORY,Nakuru,PMS,WATCH,NORMAL,5636.22,537.34,5098.88,9.49,1,4951.01,0,CREATE_PIPELINE_BATCH
CP-0003772,2022-07-07,SIMULATED_HISTORY,Nakuru,PMS,HEALTHY,LOADING_BAY_OUTAGE,8913.35,510.68,8402.67,16.45,0,0.0,0,NONE
CP-0003773,2022-07-14,SIMULATED_HISTORY,Nakuru,PMS,WATCH,NORMAL,5269.53,540.24,4729.29,8.75,1,5324.94,0,CREATE_PIPELINE_BATCH
CP-0003774,2022-07-22,SIMULATED_HISTORY,Nakuru,PMS,HEALTHY,DATA_LATENCY_INCIDENT,6404.46,577.07,5827.39,10.1,0,0.0,0,NONE
CP-0003775,2022-07-24,SIMULATED_HISTORY,Nakuru,PMS,WATCH,NORMAL,5387.09,439.17,4947.92,11.27,1,4954.73,0,CREATE_PIPELINE_BATCH
CP-0003776,2022-08-02,SIMULATED_HISTORY,Nakuru,PMS,WATCH,NORMAL,5540.63,565.81,4974.82,8.79,1,5117.76,0,CREATE_PIPELINE_BATCH
CP-0003777,2022-08-11,SIMULATED_HISTORY,Nakuru,PMS,WATCH,NORMAL,5800.02,574.55,5225.46,9.09,1,4880.25,0,CREATE_PIPELINE_BATCH
CP-0003778,2022-08-21,SIMULATED_HISTORY,Nakuru,PMS,WATCH,NORMAL,5356.29,449.77,4906.52,10.91,1,5012.02,0,CREATE_PIPELINE_BATCH
CP-0003779,2022-08-30,SIMULATED_HISTORY,Nakuru,PMS,WATCH,NORMAL,5467.96,617.44,4850.52,7.86,1,5319.52,0,CREATE_PIPELINE_BATCH
CP-0003780,2022-09-09,SIMULATED_HISTORY,Nakuru,PMS,WATCH,LOADING_BAY_OUTAGE,5420.52,537.75,4882.77,9.08,1,5167.74,0,CREATE_PIPELINE_BATCH
CP-0003781,2022-09-19,SIMULATED_HISTORY,Nakuru,PMS,WATCH,NORMAL,5508.34,470.65,5037.7,10.7,1,4912.16,0,CREATE_PIPELINE_BATCH
CP-0003782,2022-09-29,SIMULATED_HISTORY,Nakuru,PMS,WATCH,NORMAL,5268.22,598.08,4670.15,7.81,1,5470.85,0,CREATE_PIPELINE_BATCH
CP-0003783,2022-10-04,SIMULATED_HISTORY,Nakuru,PMS,HEALTHY,UNPLANNED_PUMP_FAILURE,8098.3,535.15,7563.15,14.13,0,0.0,0,HOLD/RESCHEDULE_DUE_TO_OUTAGE
CP-0003784,2022-10-07,SIMULATED_HISTORY,Nakuru,PMS,HEALTHY,LOADING_BAY_OUTAGE,6423.71,580.72,5842.99,10.06,0,0.0,0,NONE
CP-0003785,2022-10-09,SIMULATED_HISTORY,Nakuru,PMS,WATCH,NORMAL,5314.86,475.15,4839.71,10.19,1,5116.9,0,CREATE_PIPELINE_BATCH
CP-0003786,2022-10-13,SIMULATED_HISTORY,Nakuru,PMS,HEALTHY,PLANNED_PIPELINE_MAINTENANCE,8298.18,533.67,7764.52,14.55,0,0.0,0,HOLD/RESCHEDULE_DUE_TO_OUTAGE
CP-0003787,2022-10-18,SIMULATED_HISTORY,Nakuru,PMS,WATCH,NORMAL,5721.44,536.24,5185.2,9.67,1,4863.04,0,CREATE_PIPELINE_BATCH
CP-0003788,2022-10-22,SIMULATED_HISTORY,Nakuru,PMS,HEALTHY,LOADING_BAY_OUTAGE,8235.06,558.97,7676.09,13.73,0,0.0,0,NONE
CP-0003789,2022-10-26,SIMULATED_HISTORY,Nakuru,PMS,HEALTHY,LOADING_BAY_OUTAGE,6062.37,578.36,5484.01,9.48,0,0.0,0,NONE
CP-0003790,2022-10-27,SIMULATED_HISTORY,Nakuru,PMS,WATCH,NORMAL,5484.01,560.35,4923.66,8.79,1,5160.74,0,CREATE_PIPELINE_BATCH
CP-0003791,2022-11-06,SIMULATED_HISTORY,Nakuru,PMS,WATCH,NORMAL,5371.71,421.71,4950.0,11.74,1,4926.45,0,CREATE_PIPELINE_BATCH
CP-0003792,2022-11-15,SIMULATED_HISTORY,Nakuru,PMS,WATCH,NORMAL,5732.32,517.61,5214.72,10.07,1,4805.58,0,CREATE_PIPELINE_BATCH
CP-0003793,2022-11-25,SIMULATED_HISTORY,Nakuru,PMS,WATCH,NORMAL,5416.99,585.43,4831.56,8.25,1,5290.47,0,CREATE_PIPELINE_BATCH
CP-0003794,2022-11-28,SIMULATED_HISTORY,Nakuru,PMS,HEALTHY,UNPLANNED_PUMP_FAILURE,9218.5,512.58,8705.92,16.98,0,0.0,0,HOLD/RESCHEDULE_DUE_TO_OUTAGE
CP-0003795,2022-12-05,SIMULATED_HISTORY,Nakuru,PMS,WATCH,NORMAL,5256.1,554.65,4701.46,8.48,1,5374.39,0,CREATE_PIPELINE_BATCH
CP-0003796,2022-12-06,SIMULATED_HISTORY,Nakuru,PMS,WATCH,PLANNED_PIPELINE_MAINTENANCE,4701.46,663.9,4037.56,6.08,0,0.0,0,HOLD/RESCHEDULE_DUE_TO_OUTAGE
CP-0003797,2022-12-13,SIMULATED_HISTORY,Nakuru,PMS,WATCH,NORMAL,5731.96,586.43,5145.53,8.77,1,4978.0,0,CREATE_PIPELINE_BATCH
CP-0003798,2022-12-22,SIMULATED_HISTORY,Nakuru,PMS,WATCH,NORMAL,5299.03,678.48,4620.55,6.81,1,5641.05,0,CREATE_PIPELINE_BATCH
CP-0003799,2022-12-30,SIMULATED_HISTORY,Nakuru,PMS,WATCH,NORMAL,5797.45,662.68,5134.77,7.75,1,5103.13,0,CREATE_PIPELINE_BATCH
CP-0003800,2023-01-08,SIMULATED_HISTORY,Nakuru,PMS,WATCH,NORMAL,5330.64,510.92,4819.72,9.43,1,5190.55,0,CREATE_PIPELINE_BATCH
CP-0003801,2023-01-18,SIMULATED_HISTORY,Nakuru,PMS,WATCH,NORMAL,5309.3,567.01,4742.29,8.36,1,5352.11,0,CREATE_PIPELINE_BATCH
CP-0003802,2023-01-27,SIMULATED_HISTORY,Nakuru,PMS,WATCH,NORMAL,5753.34,611.57,5141.76,8.41,1,5019.48,0,CREATE_PIPELINE_BATCH
CP-0003803,2023-02-06,SIMULATED_HISTORY,Nakuru,PMS,WATCH,LOADING_BAY_OUTAGE,5667.7,450.34,5217.36,11.59,1,4702.03,0,CREATE_PIPELINE_BATCH
CP-0003804,2023-02-16,SIMULATED_HISTORY,Nakuru,PMS,WATCH,NORMAL,5443.41,542.9,4900.51,9.03,1,5157.73,0,CREATE_PIPELINE_BATCH
CP-0003805,2023-02-26,SIMULATED_HISTORY,Nakuru,PMS,WATCH,LOADING_BAY_OUTAGE,5600.05,482.21,5117.83,10.61,1,4849.37,0,CREATE_PIPELINE_BATCH
CP-0003806,2023-02-28,SIMULATED_HISTORY,Nakuru,PMS,HEALTHY,UNPLANNED_PUMP_FAILURE,9439.3,507.45,8931.84,17.6,0,0.0,0,HOLD/RESCHEDULE_DUE_TO_OUTAGE
CP-0003807,2023-03-08,SIMULATED_HISTORY,Nakuru,PMS,WATCH,NORMAL,5246.45,558.13,4688.33,8.4,1,5392.75,0,CREATE_PIPELINE_BATCH
CP-0003808,2023-03-17,SIMULATED_HISTORY,Nakuru,PMS,WATCH,NORMAL,5836.43,615.95,5220.48,8.48,1,4947.32,0,CREATE_PIPELINE_BATCH
CP-0003809,2023-03-27,SIMULATED_HISTORY,Nakuru,PMS,WATCH,NORMAL,5619.03,526.78,5092.25,9.67,1,4941.79,0,CREATE_PIPELINE_BATCH
CP-0003810,2023-04-05,SIMULATED_HISTORY,Nakuru,PMS,WATCH,NORMAL,5731.66,520.67,5210.99,10.01,1,4813.89,0,CREATE_PIPELINE_BATCH
CP-0003811,2023-04-14,SIMULATED_HISTORY,Nakuru,PMS,WATCH,NORMAL,5751.11,584.49,5166.61,8.84,1,4954.0,0,CREATE_PIPELINE_BATCH
CP-0003812,2023-04-24,SIMULATED_HISTORY,Nakuru,PMS,WATCH,NORMAL,5579.99,545.39,5034.6,9.23,1,5027.36,0,CREATE_PIPELINE_BATCH
CP-0003813,2023-05-03,SIMULATED_HISTORY,Nakuru,PMS,WATCH,NORMAL,5694.15,542.55,5151.6,9.5,1,4906.11,0,CREATE_PIPELINE_BATCH
CP-0003814,2023-05-12,SIMULATED_HISTORY,Nakuru,PMS,WATCH,NORMAL,5669.01,539.86,5129.16,9.5,1,4924.51,0,CREATE_PIPELINE_BATCH
CP-0003815,2023-05-22,SIMULATED_HISTORY,Nakuru,PMS,WATCH,NORMAL,5303.19,563.09,4740.1,8.42,1,5348.41,0,CREATE_PIPELINE_BATCH
CP-0003816,2023-05-31,SIMULATED_HISTORY,Nakuru,PMS,HEALTHY,DATA_LATENCY_INCIDENT,5999.95,553.34,5446.62,9.84,0,0.0,0,NONE
CP-0003817,2023-06-01,SIMULATED_HISTORY,Nakuru,PMS,WATCH,NORMAL,5446.62,593.04,4853.58,8.18,1,5279.86,0,CREATE_PIPELINE_BATCH
CP-0003818,2023-06-11,SIMULATED_HISTORY,Nakuru,PMS,WATCH,NORMAL,5589.85,377.94,5211.91,13.79,1,4598.88,0,CREATE_PIPELINE_BATCH
CP-0003819,2023-06-19,SIMULATED_HISTORY,Nakuru,PMS,HEALTHY,LOADING_BAY_OUTAGE,6289.83,515.16,5774.67,11.21,0,0.0,0,NONE
CP-0003820,2023-06-21,SIMULATED_HISTORY,Nakuru,PMS,WATCH,NORMAL,5259.27,464.09,4795.18,10.33,1,5144.83,0,CREATE_PIPELINE_BATCH
CP-0003821,2023-07-01,SIMULATED_HISTORY,Nakuru,PMS,WATCH,NORMAL,5562.31,493.9,5068.4,10.26,1,4916.33,0,CREATE_PIPELINE_BATCH
CP-0003822,2023-07-08,SIMULATED_HISTORY,Nakuru,PMS,HEALTHY,LOADING_BAY_OUTAGE,6785.79,487.25,6298.55,12.93,0,0.0,0,NONE
CP-0003823,2023-07-11,SIMULATED_HISTORY,Nakuru,PMS,WATCH,NORMAL,5319.87,595.27,4724.6,7.94,1,5412.18,0,CREATE_PIPELINE_BATCH
CP-0003824,2023-07-16,SIMULATED_HISTORY,Nakuru,PMS,HEALTHY,LOADING_BAY_OUTAGE,8127.84,442.19,7685.66,17.38,0,0.0,0,NONE
CP-0003825,2023-07-21,SIMULATED_HISTORY,Nakuru,PMS,WATCH,NORMAL,5548.9,584.86,4964.05,8.49,1,5157.12,0,CREATE_PIPELINE_BATCH
CP-0003826,2023-07-30,SIMULATED_HISTORY,Nakuru,PMS,HEALTHY,PLANNED_PIPELINE_MAINTENANCE,5959.44,383.38,5576.06,14.54,0,0.0,0,HOLD/RESCHEDULE_DUE_TO_OUTAGE
CP-0003827,2023-07-31,SIMULATED_HISTORY,Nakuru,PMS,WATCH,PLANNED_PIPELINE_MAINTENANCE,5576.06,499.87,5076.19,10.15,1,4917.5,0,CREATE_PIPELINE_BATCH+OUTAGE
CP-0003828,2023-08-09,SIMULATED_HISTORY,Nakuru,PMS,WATCH,NORMAL,5786.3,603.56,5182.74,8.59,1,4966.47,0,CREATE_PIPELINE_BATCH
CP-0003829,2023-08-19,SIMULATED_HISTORY,Nakuru,PMS,WATCH,NORMAL,5475.77,491.88,4983.9,10.13,1,4997.8,0,CREATE_PIPELINE_BATCH
CP-0003830,2023-08-29,SIMULATED_HISTORY,Nakuru,PMS,WATCH,NORMAL,5397.36,568.08,4829.28,8.5,1,5266.72,0,CREATE_PIPELINE_BATCH
CP-0003831,2023-09-05,SIMULATED_HISTORY,Nakuru,PMS,HEALTHY,UNPLANNED_PUMP_FAILURE,7147.02,512.06,6634.96,12.96,0,0.0,0,HOLD/RESCHEDULE_DUE_TO_OUTAGE
CP-0003832,2023-09-08,SIMULATED_HISTORY,Nakuru,PMS,WATCH,NORMAL,5574.31,517.47,5056.84,9.77,1,4963.25,0,CREATE_PIPELINE_BATCH
CP-0003833,2023-09-18,SIMULATED_HISTORY,Nakuru,PMS,WATCH,NORMAL,5603.01,510.42,5092.59,9.98,1,4916.93,0,CREATE_PIPELINE_BATCH
CP-0003834,2023-09-28,SIMULATED_HISTORY,Nakuru,PMS,WATCH,NORMAL,5503.52,542.18,4961.34,9.15,1,5095.8,0,CREATE_PIPELINE_BATCH
CP-0003835,2023-09-29,SIMULATED_HISTORY,Nakuru,PMS,WATCH,DATA_LATENCY_INCIDENT,4961.34,548.1,4413.25,8.05,0,0.0,0,NONE
CP-0003836,2023-10-08,SIMULATED_HISTORY,Nakuru,PMS,WATCH,NORMAL,5402.52,403.32,4999.21,12.4,1,4849.65,0,CREATE_PIPELINE_BATCH
CP-0003837,2023-10-17,SIMULATED_HISTORY,Nakuru,PMS,WATCH,NORMAL,5651.76,540.56,5111.2,9.46,1,4943.52,0,CREATE_PIPELINE_BATCH
CP-0003838,2023-10-26,SIMULATED_HISTORY,Nakuru,PMS,WATCH,NORMAL,5637.46,533.38,5104.08,9.57,1,4939.87,0,CREATE_PIPELINE_BATCH
CP-0003839,2023-11-05,SIMULATED_HISTORY,Nakuru,PMS,WATCH,NORMAL,5261.43,404.02,4857.41,12.02,1,4992.5,0,CREATE_PIPELINE_BATCH
CP-0003840,2023-11-15,SIMULATED_HISTORY,Nakuru,PMS,WATCH,NORMAL,5471.46,516.84,4954.62,9.59,1,5064.52,0,CREATE_PIPELINE_BATCH
CP-0003841,2023-11-17,SIMULATED_HISTORY,Nakuru,PMS,HEALTHY,PLANNED_PIPELINE_MAINTENANCE,9534.76,509.48,9025.29,17.71,0,0.0,0,HOLD/RESCHEDULE_DUE_TO_OUTAGE
CP-0003842,2023-11-25,SIMULATED_HISTORY,Nakuru,PMS,WATCH,NORMAL,5647.86,491.32,5156.54,10.5,1,4824.32,0,CREATE_PIPELINE_BATCH
CP-0003843,2023-12-05,SIMULATED_HISTORY,Nakuru,PMS,WATCH,UNPLANNED_PUMP_FAILURE,5346.04,565.72,4780.32,8.45,1,5312.14,0,CREATE_PIPELINE_BATCH+OUTAGE
CP-0003844,2023-12-13,SIMULATED_HISTORY,Nakuru,PMS,WATCH,NORMAL,5813.99,618.92,5195.07,8.39,1,4977.19,0,CREATE_PIPELINE_BATCH
CP-0003845,2023-12-22,SIMULATED_HISTORY,Nakuru,PMS,WATCH,NORMAL,5320.1,606.76,4713.34,7.77,1,5440.69,0,CREATE_PIPELINE_BATCH
CP-0003846,2023-12-31,SIMULATED_HISTORY,Nakuru,PMS,WATCH,NORMAL,5262.89,501.23,4761.66,9.5,1,5234.06,0,CREATE_PIPELINE_BATCH
CP-0003847,2024-01-08,SIMULATED_HISTORY,Nakuru,PMS,WATCH,NORMAL,5723.46,595.43,5128.03,8.61,1,5009.0,0,CREATE_PIPELINE_BATCH
CP-0003848,2024-01-18,SIMULATED_HISTORY,Nakuru,PMS,WATCH,NORMAL,5282.4,562.56,4719.84,8.39,1,5367.89,0,CREATE_PIPELINE_BATCH
CP-0003849,2024-01-28,SIMULATED_HISTORY,Nakuru,PMS,WATCH,NORMAL,5352.16,455.24,4896.92,10.76,1,5029.83,0,CREATE_PIPELINE_BATCH
CP-0003850,2024-02-07,SIMULATED_HISTORY,Nakuru,PMS,WATCH,NORMAL,5364.22,503.23,4860.99,9.66,1,5137.74,0,CREATE_PIPELINE_BATCH
CP-0003851,2024-02-12,SIMULATED_HISTORY,Nakuru,PMS,HEALTHY,PLANNED_PIPELINE_MAINTENANCE,8120.76,454.81,7665.95,16.86,0,0.0,0,HOLD/RESCHEDULE_DUE_TO_OUTAGE
CP-0003852,2024-02-17,SIMULATED_HISTORY,Nakuru,PMS,WATCH,NORMAL,5664.73,464.42,5200.31,11.2,1,4740.2,0,CREATE_PIPELINE_BATCH
CP-0003853,2024-02-27,SIMULATED_HISTORY,Nakuru,PMS,WATCH,LOADING_BAY_OUTAGE,5671.26,484.41,5186.86,10.71,1,4783.63,0,CREATE_PIPELINE_BATCH
CP-0003854,2024-03-08,SIMULATED_HISTORY,Nakuru,PMS,WATCH,NORMAL,5257.51,538.31,4719.2,8.77,1,5332.14,0,CREATE_PIPELINE_BATCH
CP-0003855,2024-03-18,SIMULATED_HISTORY,Nakuru,PMS,WATCH,NORMAL,5639.93,484.25,5155.68,10.65,1,4814.58,0,CREATE_PIPELINE_BATCH
CP-0003856,2024-03-24,SIMULATED_HISTORY,Nakuru,PMS,HEALTHY,LOADING_BAY_OUTAGE,7307.38,392.03,6915.35,17.64,0,0.0,0,NONE
CP-0003857,2024-03-28,SIMULATED_HISTORY,Nakuru,PMS,WATCH,NORMAL,5399.97,528.84,4871.13,9.21,1,5166.02,0,CREATE_PIPELINE_BATCH
CP-0003858,2024-03-29,SIMULATED_HISTORY,Nakuru,PMS,HEALTHY,LOADING_BAY_OUTAGE,4871.13,611.3,9425.84,15.42,0,0.0,0,NONE
CP-0003859,2024-04-07,SIMULATED_HISTORY,Nakuru,PMS,WATCH,NORMAL,5298.06,448.9,4849.16,10.8,1,5068.07,0,CREATE_PIPELINE_BATCH
CP-0003860,2024-04-15,SIMULATED_HISTORY,Nakuru,PMS,HEALTHY,LOADING_BAY_OUTAGE,6231.44,520.72,5710.72,10.97,0,0.0,0,NONE
CP-0003861,2024-04-17,SIMULATED_HISTORY,Nakuru,PMS,WATCH,NORMAL,5248.65,571.38,4677.27,8.19,1,5423.69,0,CREATE_PIPELINE_BATCH
CP-0003862,2024-04-20,SIMULATED_HISTORY,Nakuru,PMS,HEALTHY,UNPLANNED_PUMP_FAILURE,9007.22,435.08,8572.14,19.7,0,0.0,0,HOLD/RESCHEDULE_DUE_TO_OUTAGE
CP-0003863,2024-04-24,SIMULATED_HISTORY,Nakuru,PMS,HEALTHY,DATA_LATENCY_INCIDENT,7122.66,509.22,6613.44,12.99,0,0.0,0,NONE
CP-0003864,2024-04-27,SIMULATED_HISTORY,Nakuru,PMS,WATCH,NORMAL,5498.39,477.22,5021.17,10.52,1,4938.55,0,CREATE_PIPELINE_BATCH
CP-0003865,2024-04-29,SIMULATED_HISTORY,Nakuru,PMS,HEALTHY,DATA_LATENCY_INCIDENT,9513.89,531.56,8982.32,16.9,0,0.0,0,NONE
CP-0003866,2024-05-07,SIMULATED_HISTORY,Nakuru,PMS,WATCH,NORMAL,5261.76,556.59,4705.17,8.45,1,5373.59,0,CREATE_PIPELINE_BATCH
CP-0003867,2024-05-17,SIMULATED_HISTORY,Nakuru,PMS,WATCH,NORMAL,5267.5,517.05,4750.45,9.19,1,5269.0,0,CREATE_PIPELINE_BATCH
CP-0003868,2024-05-27,SIMULATED_HISTORY,Nakuru,PMS,WATCH,NORMAL,5566.73,457.3,5109.43,11.17,1,4820.41,0,CREATE_PIPELINE_BATCH
CP-0003869,2024-06-06,SIMULATED_HISTORY,Nakuru,PMS,WATCH,NORMAL,5250.01,523.92,4726.09,9.02,1,5303.67,0,CREATE_PIPELINE_BATCH
CP-0003870,2024-06-17,SIMULATED_HISTORY,Nakuru,PMS,WATCH,NORMAL,5251.31,492.9,4758.41,9.65,1,5224.82,0,CREATE_PIPELINE_BATCH
CP-0003871,2024-06-27,SIMULATED_HISTORY,Nakuru,PMS,WATCH,NORMAL,5524.89,523.82,5001.08,9.55,1,5028.53,0,CREATE_PIPELINE_BATCH
CP-0003872,2024-07-07,SIMULATED_HISTORY,Nakuru,PMS,WATCH,NORMAL,5501.47,416.58,5084.89,12.21,1,4783.87,0,CREATE_PIPELINE_BATCH
CP-0003873,2024-07-17,SIMULATED_HISTORY,Nakuru,PMS,WATCH,NORMAL,5284.33,483.13,4801.19,9.94,1,5167.38,0,CREATE_PIPELINE_BATCH
CP-0003874,2024-07-24,SIMULATED_HISTORY,Nakuru,PMS,HEALTHY,PLANNED_PIPELINE_MAINTENANCE,7118.62,505.02,6613.6,13.1,0,0.0,0,HOLD/RESCHEDULE_DUE_TO_OUTAGE
CP-0003875,2024-07-27,SIMULATED_HISTORY,Nakuru,PMS,WATCH,NORMAL,5511.96,436.94,5075.02,11.61,1,4824.26,0,CREATE_PIPELINE_BATCH
CP-0003876,2024-08-06,SIMULATED_HISTORY,Nakuru,PMS,WATCH,NORMAL,5532.16,537.45,4994.71,9.29,1,5055.35,0,CREATE_PIPELINE_BATCH
CP-0003877,2024-08-16,SIMULATED_HISTORY,Nakuru,PMS,WATCH,NORMAL,5558.38,556.0,5002.38,9.0,1,5075.49,0,CREATE_PIPELINE_BATCH
CP-0003878,2024-08-26,SIMULATED_HISTORY,Nakuru,PMS,WATCH,NORMAL,5534.19,549.51,4984.68,9.07,1,5083.47,0,CREATE_PIPELINE_BATCH
CP-0003879,2024-09-05,SIMULATED_HISTORY,Nakuru,PMS,WATCH,NORMAL,5501.81,496.26,5005.54,10.09,1,4982.73,0,CREATE_PIPELINE_BATCH
CP-0003880,2024-09-16,SIMULATED_HISTORY,Nakuru,PMS,WATCH,NORMAL,5247.78,519.19,4728.59,9.11,1,5294.08,0,CREATE_PIPELINE_BATCH
CP-0003881,2024-09-26,SIMULATED_HISTORY,Nakuru,PMS,WATCH,NORMAL,5583.4,516.77,5066.63,9.8,1,4952.41,0,CREATE_PIPELINE_BATCH
CP-0003882,2024-10-06,SIMULATED_HISTORY,Nakuru,PMS,WATCH,NORMAL,5550.01,430.38,5119.63,11.9,1,4769.81,0,CREATE_PIPELINE_BATCH
CP-0003883,2024-10-10,SIMULATED_HISTORY,Nakuru,PMS,HEALTHY,LOADING_BAY_OUTAGE,8232.52,556.22,7676.3,13.8,0,0.0,0,NONE
CP-0003884,2024-10-14,SIMULATED_HISTORY,Nakuru,PMS,HEALTHY,UNPLANNED_PUMP_FAILURE,6192.43,519.3,5673.13,10.92,0,0.0,0,HOLD/RESCHEDULE_DUE_TO_OUTAGE
CP-0003885,2024-10-15,SIMULATED_HISTORY,Nakuru,PMS,WATCH,NORMAL,5673.13,512.66,5160.46,10.07,1,4852.42,0,CREATE_PIPELINE_BATCH
CP-0003886,2024-10-25,SIMULATED_HISTORY,Nakuru,PMS,WATCH,NORMAL,5296.42,510.88,4785.54,9.37,1,5224.67,0,CREATE_PIPELINE_BATCH
CP-0003887,2024-10-31,SIMULATED_HISTORY,Nakuru,PMS,HEALTHY,UNPLANNED_PUMP_FAILURE,7526.39,521.4,7004.99,13.43,0,0.0,0,HOLD/RESCHEDULE_DUE_TO_OUTAGE
CP-0003888,2024-11-04,SIMULATED_HISTORY,Nakuru,PMS,WATCH,NORMAL,5602.08,513.57,5088.51,9.91,1,4925.72,0,CREATE_PIPELINE_BATCH
CP-0003889,2024-11-15,SIMULATED_HISTORY,Nakuru,PMS,WATCH,NORMAL,5231.54,535.98,4695.56,8.76,1,5352.28,0,CREATE_PIPELINE_BATCH
CP-0003890,2024-11-26,SIMULATED_HISTORY,Nakuru,PMS,WATCH,NORMAL,5279.03,559.55,4719.48,8.43,1,5363.73,0,CREATE_PIPELINE_BATCH
CP-0003891,2024-12-05,SIMULATED_HISTORY,Nakuru,PMS,WATCH,NORMAL,5768.52,583.58,5184.93,8.88,1,4934.32,0,CREATE_PIPELINE_BATCH
CP-0003892,2024-12-14,SIMULATED_HISTORY,Nakuru,PMS,WATCH,NORMAL,5499.18,538.0,4961.18,9.22,1,5089.7,0,CREATE_PIPELINE_BATCH
CP-0003893,2024-12-23,SIMULATED_HISTORY,Nakuru,PMS,WATCH,NORMAL,5504.67,576.15,4928.52,8.55,1,5179.58,0,CREATE_PIPELINE_BATCH
CP-0003894,2025-01-01,SIMULATED_HISTORY,Nakuru,PMS,WATCH,NORMAL,5336.13,741.62,4594.52,6.2,1,5761.79,0,CREATE_PIPELINE_BATCH
CP-0003895,2025-01-10,SIMULATED_HISTORY,Nakuru,PMS,WATCH,NORMAL,5469.56,569.24,4900.33,8.61,1,5197.41,0,CREATE_PIPELINE_BATCH
CP-0003896,2025-01-19,SIMULATED_HISTORY,Nakuru,PMS,WATCH,NORMAL,5607.15,490.51,5116.64,10.43,1,4863.01,0,CREATE_PIPELINE_BATCH
CP-0003897,2025-01-28,SIMULATED_HISTORY,Nakuru,PMS,WATCH,NORMAL,5585.51,576.31,5009.2,8.69,1,5099.13,0,CREATE_PIPELINE_BATCH
CP-0003898,2025-02-07,SIMULATED_HISTORY,Nakuru,PMS,WATCH,NORMAL,5287.35,589.86,4697.49,7.96,1,5431.18,0,CREATE_PIPELINE_BATCH
CP-0003899,2025-02-17,SIMULATED_HISTORY,Nakuru,PMS,WATCH,NORMAL,5526.94,508.3,5018.64,9.87,1,4987.69,0,CREATE_PIPELINE_BATCH
CP-0003900,2025-02-19,SIMULATED_HISTORY,Nakuru,PMS,HEALTHY,DATA_LATENCY_INCIDENT,9496.26,483.6,9012.67,18.64,0,0.0,0,NONE
CP-0003901,2025-02-27,SIMULATED_HISTORY,Nakuru,PMS,WATCH,NORMAL,5498.42,531.41,4967.01,9.35,1,5073.99,0,CREATE_PIPELINE_BATCH
CP-0003902,2025-03-08,SIMULATED_HISTORY,Nakuru,PMS,WATCH,NORMAL,5696.21,560.16,5136.06,9.17,1,4948.06,0,CREATE_PIPELINE_BATCH
CP-0003903,2025-03-18,SIMULATED_HISTORY,Nakuru,PMS,WATCH,NORMAL,5271.46,521.84,4749.62,9.1,1,5277.01,0,CREATE_PIPELINE_BATCH
CP-0003904,2025-03-27,SIMULATED_HISTORY,Nakuru,PMS,WATCH,NORMAL,5717.92,567.58,5150.34,9.07,1,4944.91,0,CREATE_PIPELINE_BATCH
CP-0003905,2025-04-05,SIMULATED_HISTORY,Nakuru,PMS,WATCH,NORMAL,5673.91,530.95,5142.96,9.69,1,4897.34,0,CREATE_PIPELINE_BATCH
CP-0003906,2025-04-14,SIMULATED_HISTORY,Nakuru,PMS,WATCH,NORMAL,5645.93,537.11,5108.82,9.51,1,4940.73,0,CREATE_PIPELINE_BATCH
CP-0003907,2025-04-23,SIMULATED_HISTORY,Nakuru,PMS,WATCH,NORMAL,5628.44,561.18,5067.26,9.03,1,5018.4,0,CREATE_PIPELINE_BATCH
CP-0003908,2025-05-02,SIMULATED_HISTORY,Nakuru,PMS,WATCH,NORMAL,5563.79,615.53,4948.26,8.04,1,5218.91,0,CREATE_PIPELINE_BATCH
CP-0003909,2025-05-11,SIMULATED_HISTORY,Nakuru,PMS,WATCH,NORMAL,5636.45,466.64,5169.81,11.08,1,4774.04,0,CREATE_PIPELINE_BATCH
CP-0003910,2025-05-15,SIMULATED_HISTORY,Nakuru,PMS,HEALTHY,DATA_LATENCY_INCIDENT,8176.47,527.41,7649.06,14.5,0,0.0,0,NONE
CP-0003911,2025-05-20,SIMULATED_HISTORY,Nakuru,PMS,WATCH,NORMAL,5522.68,546.83,4975.85,9.1,1,5088.28,0,CREATE_PIPELINE_BATCH
CP-0003912,2025-05-27,SIMULATED_HISTORY,Nakuru,PMS,HEALTHY,UNPLANNED_PUMP_FAILURE,6727.53,572.56,6154.96,10.75,0,0.0,0,HOLD/RESCHEDULE_DUE_TO_OUTAGE
CP-0003913,2025-05-29,SIMULATED_HISTORY,Nakuru,PMS,WATCH,NORMAL,5601.43,579.21,5022.22,8.67,1,5090.48,0,CREATE_PIPELINE_BATCH
CP-0003914,2025-06-05,SIMULATED_HISTORY,Nakuru,PMS,HEALTHY,LOADING_BAY_OUTAGE,6971.46,596.76,6374.71,10.68,0,0.0,0,NONE
CP-0003915,2025-06-08,SIMULATED_HISTORY,Nakuru,PMS,WATCH,NORMAL,5319.75,440.31,4879.44,11.08,1,5024.91,0,CREATE_PIPELINE_BATCH
CP-0003916,2025-06-17,SIMULATED_HISTORY,Nakuru,PMS,WATCH,NORMAL,5749.39,536.91,5212.47,9.71,1,4836.77,0,CREATE_PIPELINE_BATCH
CP-0003917,2025-06-27,SIMULATED_HISTORY,Nakuru,PMS,WATCH,NORMAL,5426.4,610.07,4816.33,7.89,1,5342.65,0,CREATE_PIPELINE_BATCH
CP-0003918,2025-07-07,SIMULATED_HISTORY,Nakuru,PMS,WATCH,NORMAL,5375.45,569.66,4805.79,8.44,1,5292.58,0,CREATE_PIPELINE_BATCH
CP-0003919,2025-07-16,SIMULATED_HISTORY,Nakuru,PMS,WATCH,NORMAL,5638.67,563.73,5074.94,9.0,1,5014.53,0,CREATE_PIPELINE_BATCH
CP-0003920,2025-07-25,SIMULATED_HISTORY,Nakuru,PMS,WATCH,NORMAL,5727.4,579.0,5148.4,8.89,1,4963.99,0,CREATE_PIPELINE_BATCH
CP-0003921,2025-08-02,SIMULATED_HISTORY,Nakuru,PMS,HEALTHY,LOADING_BAY_OUTAGE,6356.34,520.51,5835.83,11.21,0,0.0,0,NONE
CP-0003922,2025-08-04,SIMULATED_HISTORY,Nakuru,PMS,WATCH,NORMAL,5397.03,501.37,4895.65,9.76,1,5100.29,0,CREATE_PIPELINE_BATCH
CP-0003923,2025-08-13,SIMULATED_HISTORY,Nakuru,PMS,WATCH,NORMAL,5716.31,552.23,5164.08,9.35,1,4908.14,0,CREATE_PIPELINE_BATCH
CP-0003924,2025-08-22,SIMULATED_HISTORY,Nakuru,PMS,WATCH,NORMAL,5647.78,614.17,5033.61,8.2,1,5131.52,0,CREATE_PIPELINE_BATCH
CP-0003925,2025-09-01,SIMULATED_HISTORY,Nakuru,PMS,WATCH,NORMAL,5303.02,513.86,4789.16,9.32,1,5225.51,0,CREATE_PIPELINE_BATCH
CP-0003926,2025-09-11,SIMULATED_HISTORY,Nakuru,PMS,WATCH,NORMAL,5271.4,541.79,4729.61,8.73,1,5326.95,0,CREATE_PIPELINE_BATCH
CP-0003927,2025-09-21,SIMULATED_HISTORY,Nakuru,PMS,WATCH,NORMAL,5325.61,439.08,4886.54,11.13,1,5015.96,0,CREATE_PIPELINE_BATCH
CP-0003928,2025-09-29,SIMULATED_HISTORY,Nakuru,PMS,HEALTHY,LOADING_BAY_OUTAGE,6237.73,598.01,5639.72,9.43,0,0.0,0,NONE
CP-0003929,2025-09-30,SIMULATED_HISTORY,Nakuru,PMS,WATCH,NORMAL,5639.72,558.16,5081.56,9.1,1,4999.56,0,CREATE_PIPELINE_BATCH
CP-0003930,2025-10-09,SIMULATED_HISTORY,Nakuru,PMS,WATCH,NORMAL,5497.76,582.98,4914.78,8.43,1,5203.57,0,CREATE_PIPELINE_BATCH
CP-0003931,2025-10-12,SIMULATED_HISTORY,Nakuru,PMS,HEALTHY,UNPLANNED_PUMP_FAILURE,9003.62,481.5,8522.12,17.7,0,0.0,0,HOLD/RESCHEDULE_DUE_TO_OUTAGE
CP-0003932,2025-10-17,SIMULATED_HISTORY,Nakuru,PMS,HEALTHY,PLANNED_PIPELINE_MAINTENANCE,6234.76,618.51,5616.25,9.08,0,0.0,0,HOLD/RESCHEDULE_DUE_TO_OUTAGE
CP-0003933,2025-10-18,SIMULATED_HISTORY,Nakuru,PMS,WATCH,NORMAL,5616.25,515.58,5100.67,9.89,1,4916.57,0,CREATE_PIPELINE_BATCH
CP-0003934,2025-10-27,SIMULATED_HISTORY,Nakuru,PMS,WATCH,NORMAL,5668.79,559.77,5109.02,9.13,1,4974.51,0,CREATE_PIPELINE_BATCH
CP-0003935,2025-11-06,SIMULATED_HISTORY,Nakuru,PMS,WATCH,NORMAL,5333.44,508.83,4824.61,9.48,1,5182.5,0,CREATE_PIPELINE_BATCH
CP-0003936,2025-11-14,SIMULATED_HISTORY,Nakuru,PMS,HEALTHY,LOADING_BAY_OUTAGE,6456.38,609.93,5846.45,9.59,0,0.0,0,NONE
CP-0003937,2025-11-16,SIMULATED_HISTORY,Nakuru,PMS,WATCH,NORMAL,5360.34,469.09,4891.25,10.43,1,5056.26,0,CREATE_PIPELINE_BATCH
CP-0003938,2025-11-26,SIMULATED_HISTORY,Nakuru,PMS,WATCH,NORMAL,5230.9,507.33,4723.56,9.31,1,5281.32,0,CREATE_PIPELINE_BATCH
CP-0003939,2025-12-05,SIMULATED_HISTORY,Nakuru,PMS,WATCH,NORMAL,5336.4,683.54,4652.86,6.81,1,5616.33,0,CREATE_PIPELINE_BATCH
CP-0003940,2025-12-07,SIMULATED_HISTORY,Nakuru,PMS,HEALTHY,LOADING_BAY_OUTAGE,9627.5,477.98,9149.52,19.14,0,0.0,0,NONE
CP-0003941,2025-12-13,SIMULATED_HISTORY,Nakuru,PMS,WATCH,NORMAL,5863.97,640.69,5223.28,8.15,1,4981.64,0,CREATE_PIPELINE_BATCH
CP-0003942,2025-12-14,SIMULATED_HISTORY,Nakuru,PMS,WATCH,PLANNED_PIPELINE_MAINTENANCE;UNPLANNED_PUMP_FAILURE,5223.28,573.88,4649.4,8.1,0,0.0,0,HOLD/RESCHEDULE_DUE_TO_OUTAGE
CP-0003943,2025-12-22,SIMULATED_HISTORY,Nakuru,PMS,WATCH,NORMAL,5301.05,668.19,4632.85,6.93,1,5613.31,0,CREATE_PIPELINE_BATCH
CP-0003944,2025-12-30,SIMULATED_HISTORY,Nakuru,PMS,WATCH,NORMAL,5831.73,683.16,5148.57,7.54,1,5120.05,0,CREATE_PIPELINE_BATCH
CP-0003945,2026-01-07,SIMULATED_HISTORY,Nakuru,PMS,WATCH,NORMAL,5548.64,624.72,4923.93,7.88,1,5257.03,0,CREATE_PIPELINE_BATCH
CP-0003946,2026-01-15,SIMULATED_HISTORY,Nakuru,PMS,WATCH,NORMAL,5841.72,647.02,5194.7,8.03,1,5019.72,0,CREATE_PIPELINE_BATCH
CP-0003947,2026-01-24,SIMULATED_HISTORY,Nakuru,PMS,WATCH,NORMAL,5316.26,526.93,4789.33,9.09,1,5244.95,0,CREATE_PIPELINE_BATCH
CP-0003948,2026-02-02,SIMULATED_HISTORY,Nakuru,PMS,WATCH,NORMAL,5555.62,529.07,5026.55,9.5,1,5010.94,0,CREATE_PIPELINE_BATCH
CP-0003949,2026-02-11,SIMULATED_HISTORY,Nakuru,PMS,WATCH,NORMAL,5501.03,554.13,4946.91,8.93,1,5128.17,0,CREATE_PIPELINE_BATCH
CP-0003950,2026-02-20,SIMULATED_HISTORY,Nakuru,PMS,WATCH,NORMAL,5628.62,655.25,4973.37,7.59,1,5253.39,0,CREATE_PIPELINE_BATCH
CP-0003951,2026-03-02,SIMULATED_HISTORY,Nakuru,PMS,WATCH,NORMAL,5283.74,541.61,4742.13,8.76,1,5314.17,0,CREATE_PIPELINE_BATCH
CP-0003952,2026-03-11,SIMULATED_HISTORY,Nakuru,PMS,WATCH,NORMAL,5514.45,572.14,4942.31,8.64,1,5159.79,0,CREATE_PIPELINE_BATCH
CP-0003953,2026-03-17,SIMULATED_HISTORY,Nakuru,PMS,HEALTHY,PLANNED_PIPELINE_MAINTENANCE,7241.35,608.05,6633.29,10.91,0,0.0,0,HOLD/RESCHEDULE_DUE_TO_OUTAGE
CP-0003954,2026-03-20,SIMULATED_HISTORY,Nakuru,PMS,WATCH,NORMAL,5457.06,593.98,4863.08,8.19,1,5271.78,0,CREATE_PIPELINE_BATCH
CP-0003955,2026-03-29,SIMULATED_HISTORY,Nakuru,PMS,WATCH,NORMAL,5575.48,494.77,5080.7,10.27,1,4905.34,0,CREATE_PIPELINE_BATCH
CP-0003956,2026-04-07,SIMULATED_HISTORY,Nakuru,PMS,WATCH,NORMAL,5266.44,556.58,4709.87,8.46,1,5368.88,0,CREATE_PIPELINE_BATCH
CP-0003957,2026-04-16,SIMULATED_HISTORY,Nakuru,PMS,WATCH,NORMAL,5314.0,588.05,4725.95,8.04,1,5400.02,0,CREATE_PIPELINE_BATCH
CP-0003958,2026-04-25,SIMULATED_HISTORY,Nakuru,PMS,WATCH,NORMAL,5391.86,558.88,4832.98,8.65,1,5249.22,0,CREATE_PIPELINE_BATCH
CP-0003959,2026-05-04,SIMULATED_HISTORY,Nakuru,PMS,WATCH,NORMAL,5243.46,578.24,4665.22,8.07,1,5446.02,0,CREATE_PIPELINE_BATCH
CP-0003960,2026-05-11,SIMULATED_HISTORY,Nakuru,PMS,HEALTHY,LOADING_BAY_OUTAGE,6616.81,626.39,5990.42,9.56,0,0.0,0,NONE
CP-0003961,2026-05-13,SIMULATED_HISTORY,Nakuru,PMS,WATCH,NORMAL,5361.99,653.49,4708.5,7.21,1,5515.6,0,CREATE_PIPELINE_BATCH
CP-0003962,2026-05-22,SIMULATED_HISTORY,Nakuru,PMS,WATCH,NORMAL,5646.76,581.14,5065.61,8.72,1,5049.98,0,CREATE_PIPELINE_BATCH
CP-0003963,2026-05-26,SIMULATED_HISTORY,Nakuru,PMS,HEALTHY,UNPLANNED_PUMP_FAILURE,8304.57,583.2,7721.37,13.24,0,0.0,0,HOLD/RESCHEDULE_DUE_TO_OUTAGE
CP-0003964,2026-05-31,SIMULATED_HISTORY,Nakuru,PMS,WATCH,NORMAL,5330.75,519.84,4810.91,9.25,1,5212.74,0,CREATE_PIPELINE_BATCH
CP-0003965,2026-06-09,SIMULATED_HISTORY,Nakuru,PMS,WATCH,NORMAL,5528.79,560.45,4968.35,8.86,1,5116.2,0,CREATE_PIPELINE_BATCH
CP-0003966,2026-06-18,SIMULATED_HISTORY,Nakuru,PMS,WATCH,NORMAL,5710.09,561.87,5148.21,9.16,1,4938.48,0,CREATE_PIPELINE_BATCH
CP-0003967,2026-06-27,SIMULATED_HISTORY,Nakuru,PMS,WATCH,NORMAL,5648.39,484.46,5163.93,10.66,1,4806.64,0,CREATE_PIPELINE_BATCH
CP-0003968,2026-07-06,SIMULATED_HISTORY,Nakuru,PMS,WATCH,NORMAL,5478.63,619.18,4859.46,7.85,1,5313.19,0,CREATE_PIPELINE_BATCH
CP-0003969,2026-07-07,SIMULATED_HISTORY,Nakuru,PMS,HEALTHY,LOADING_BAY_OUTAGE,4859.46,624.89,9547.75,15.28,0,0.0,0,NONE
CP-0003970,2026-07-15,SIMULATED_HISTORY,Nakuru,PMS,WATCH,NORMAL,5356.72,590.98,4765.75,8.06,1,5364.6,0,CREATE_PIPELINE_BATCH
CP-0003971,2026-07-24,SIMULATED_HISTORY,Nakuru,PMS,WATCH,NORMAL,5379.66,613.57,4766.09,7.77,1,5398.14,0,CREATE_PIPELINE_BATCH
CP-0003972,2026-08-02,SIMULATED_HISTORY,Nakuru,PMS,WATCH,NORMAL,5614.76,508.57,5106.19,10.04,1,4900.54,0,CREATE_PIPELINE_BATCH
CP-0003973,2026-08-11,SIMULATED_HISTORY,Nakuru,PMS,WATCH,NORMAL,5462.62,632.11,4830.51,7.64,1,5361.54,0,CREATE_PIPELINE_BATCH
CP-0003974,2026-08-20,SIMULATED_HISTORY,Nakuru,PMS,WATCH,NORMAL,5557.05,573.92,4983.13,8.68,1,5121.63,0,CREATE_PIPELINE_BATCH
CP-0003975,2026-08-29,SIMULATED_HISTORY,Nakuru,PMS,WATCH,PLANNED_PIPELINE_MAINTENANCE,5260.43,581.97,4678.47,8.04,1,5438.36,0,CREATE_PIPELINE_BATCH+OUTAGE
CP-0003976,2026-09-03,SIMULATED_HISTORY,Nakuru,PMS,HEALTHY,LOADING_BAY_OUTAGE,7809.31,562.58,7246.73,12.88,0,0.0,0,NONE
CP-0003977,2026-09-07,SIMULATED_HISTORY,Nakuru,PMS,WATCH,NORMAL,5640.82,629.37,5011.44,7.96,1,5176.5,0,CREATE_PIPELINE_BATCH
CP-0003978,2026-09-15,SCENARIO_FUTURE,Nakuru,PMS,HEALTHY,UNPLANNED_PUMP_FAILURE,6309.59,546.78,5762.81,10.54,0,0.0,0,HOLD/RESCHEDULE_DUE_TO_OUTAGE
CP-0003979,2026-09-16,SCENARIO_FUTURE,Nakuru,PMS,WATCH,NORMAL,5762.81,563.78,5199.03,9.22,1,4890.51,0,CREATE_PIPELINE_BATCH
CP-0003980,2026-09-23,SCENARIO_FUTURE,Nakuru,PMS,HEALTHY,DATA_LATENCY_INCIDENT,6810.62,525.78,6284.83,11.95,0,0.0,0,NONE
CP-0003981,2026-09-25,SCENARIO_FUTURE,Nakuru,PMS,WATCH,NORMAL,5693.11,569.18,5123.93,9.0,1,4973.72,0,CREATE_PIPELINE_BATCH
CP-0003982,2026-10-04,SCENARIO_FUTURE,Nakuru,PMS,WATCH,NORMAL,5423.94,496.84,4927.1,9.92,1,5062.04,0,CREATE_PIPELINE_BATCH
CP-0003983,2026-10-13,SCENARIO_FUTURE,Nakuru,PMS,WATCH,NORMAL,5388.43,628.88,4759.55,7.57,1,5427.64,0,CREATE_PIPELINE_BATCH
CP-0003984,2026-10-22,SCENARIO_FUTURE,Nakuru,PMS,WATCH,UNPLANNED_PUMP_FAILURE,5378.96,625.25,4753.71,7.6,1,5428.05,0,CREATE_PIPELINE_BATCH+OUTAGE
CP-0003985,2026-10-31,SCENARIO_FUTURE,Nakuru,PMS,WATCH,NORMAL,5379.19,602.2,4776.99,7.93,1,5370.18,0,CREATE_PIPELINE_BATCH
CP-0003986,2026-11-10,SCENARIO_FUTURE,Nakuru,PMS,WATCH,NORMAL,5249.99,565.28,4684.71,8.29,1,5407.08,0,CREATE_PIPELINE_BATCH
CP-0003987,2026-11-11,SCENARIO_FUTURE,Nakuru,PMS,HEALTHY,LOADING_BAY_OUTAGE,4684.71,585.95,9505.85,16.22,0,0.0,0,NONE
CP-0003988,2026-11-19,SCENARIO_FUTURE,Nakuru,PMS,WATCH,NORMAL,5818.79,609.7,5209.09,8.54,1,4949.34,0,CREATE_PIPELINE_BATCH
CP-0003989,2026-11-28,SCENARIO_FUTURE,Nakuru,PMS,WATCH,LOADING_BAY_OUTAGE,5676.06,507.69,5168.37,10.18,1,4837.03,0,CREATE_PIPELINE_BATCH
CP-0003990,2026-12-06,SCENARIO_FUTURE,Nakuru,PMS,WATCH,NORMAL,5579.86,584.74,4995.12,8.54,1,5125.87,0,CREATE_PIPELINE_BATCH
CP-0003991,2026-12-13,SCENARIO_FUTURE,Nakuru,PMS,HEALTHY,DATA_LATENCY_INCIDENT,6089.84,569.15,5520.69,9.7,0,0.0,0,NONE
CP-0003992,2026-12-14,SCENARIO_FUTURE,Nakuru,PMS,WATCH,NORMAL,5520.69,608.45,4912.24,8.07,1,5244.32,0,CREATE_PIPELINE_BATCH
CP-0003993,2026-12-22,SCENARIO_FUTURE,Nakuru,PMS,WATCH,NORMAL,5434.03,704.36,4729.67,6.71,1,5570.76,0,CREATE_PIPELINE_BATCH
CP-0003994,2026-12-30,SCENARIO_FUTURE,Nakuru,PMS,WATCH,NORMAL,5695.81,694.2,5001.61,7.2,1,5283.56,0,CREATE_PIPELINE_BATCH
