order_id,date,depot,product,customer_id,ordered_m3,fulfilled_m3,priority,source_type
ORD-0000001,2026-09-03,Eldoret,AGO,OMC_A,333.76,333.76,NORMAL,SYNTHETIC_SCENARIO
ORD-0000002,2026-09-03,Eldoret,AGO,OMC_B,153.17,153.17,NORMAL,SYNTHETIC_SCENARIO
ORD-0000003,2026-09-03,Eldoret,AGO,OMC_C,124.12,124.12,NORMAL,SYNTHETIC_SCENARIO
ORD-0000004,2026-09-03,Eldoret,AGO,OMC_D,560.72,560.72,NORMAL,SYNTHETIC_SCENARIO
ORD-0000005,2026-09-03,Eldoret,AGO,OMC_E,135.45,135.45,NORMAL,SYNTHETIC_SCENARIO
ORD-0000006,2026-09-03,Eldoret,AGO,OMC_F,53.08,53.08,NORMAL,SYNTHETIC_SCENARIO
ORD-0000007,2026-09-04,Eldoret,AGO,OMC_A,271.69,271.69,HIGH,SYNTHETIC_SCENARIO
ORD-0000008,2026-09-04,Eldoret,AGO,OMC_B,292.59,292.59,NORMAL,SYNTHETIC_SCENARIO
ORD-0000009,2026-09-04,Eldoret,AGO,OMC_C,405.93,405.93,NORMAL,SYNTHETIC_SCENARIO
ORD-0000010,2026-09-04,Eldoret,AGO,OMC_D,285.51,285.51,NORMAL,SYNTHETIC_SCENARIO
ORD-0000011,2026-09-04,Eldoret,AGO,OMC_E,150.73,150.73,HIGH,SYNTHETIC_SCENARIO
ORD-0000012,2026-09-04,Eldoret,AGO,OMC_F,16.76,16.76,NORMAL,SYNTHETIC_SCENARIO
ORD-0000013,2026-09-05,Eldoret,AGO,OMC_A,202.76,202.76,NORMAL,SYNTHETIC_SCENARIO
ORD-0000014,2026-09-05,Eldoret,AGO,OMC_B,141.37,141.37,NORMAL,SYNTHETIC_SCENARIO
ORD-0000015,2026-09-05,Eldoret,AGO,OMC_C,602.47,602.47,NORMAL,SYNTHETIC_SCENARIO
ORD-0000016,2026-09-05,Eldoret,AGO,OMC_D,26.09,26.09,NORMAL,SYNTHETIC_SCENARIO
ORD-0000017,2026-09-05,Eldoret,AGO,OMC_E,267.47,267.47,NORMAL,SYNTHETIC_SCENARIO
ORD-0000018,2026-09-05,Eldoret,AGO,OMC_F,75.55,75.55,NORMAL,SYNTHETIC_SCENARIO
ORD-0000019,2026-09-06,Eldoret,AGO,OMC_A,137.68,137.68,NORMAL,SYNTHETIC_SCENARIO
ORD-0000020,2026-09-06,Eldoret,AGO,OMC_B,478.78,478.78,HIGH,SYNTHETIC_SCENARIO
ORD-0000021,2026-09-06,Eldoret,AGO,OMC_C,288.52,288.52,HIGH,SYNTHETIC_SCENARIO
ORD-0000022,2026-09-06,Eldoret,AGO,OMC_D,37.19,37.19,NORMAL,SYNTHETIC_SCENARIO
ORD-0000023,2026-09-06,Eldoret,AGO,OMC_E,77.43,77.43,NORMAL,SYNTHETIC_SCENARIO
ORD-0000024,2026-09-06,Eldoret,AGO,OMC_F,26.81,26.81,NORMAL,SYNTHETIC_SCENARIO
ORD-0000025,2026-09-07,Eldoret,AGO,OMC_A,366.19,366.19,NORMAL,SYNTHETIC_SCENARIO
ORD-0000026,2026-09-07,Eldoret,AGO,OMC_B,222.76,222.76,HIGH,SYNTHETIC_SCENARIO
ORD-0000027,2026-09-07,Eldoret,AGO,OMC_C,146.84,146.84,NORMAL,SYNTHETIC_SCENARIO
ORD-0000028,2026-09-07,Eldoret,AGO,OMC_D,263.19,263.19,NORMAL,SYNTHETIC_SCENARIO
ORD-0000029,2026-09-07,Eldoret,AGO,OMC_E,154.51,154.51,NORMAL,SYNTHETIC_SCENARIO
ORD-0000030,2026-09-07,Eldoret,AGO,OMC_F,16.6,16.6,NORMAL,SYNTHETIC_SCENARIO
ORD-0000031,2026-09-08,Eldoret,AGO,OMC_A,687.69,687.69,NORMAL,SYNTHETIC_SCENARIO
ORD-0000032,2026-09-08,Eldoret,AGO,OMC_B,289.03,289.03,NORMAL,SYNTHETIC_SCENARIO
ORD-0000033,2026-09-08,Eldoret,AGO,OMC_C,50.4,50.4,NORMAL,SYNTHETIC_SCENARIO
ORD-0000034,2026-09-08,Eldoret,AGO,OMC_D,36.38,36.38,NORMAL,SYNTHETIC_SCENARIO
ORD-0000035,2026-09-08,Eldoret,AGO,OMC_E,98.7,98.7,NORMAL,SYNTHETIC_SCENARIO
ORD-0000036,2026-09-08,Eldoret,AGO,OMC_F,65.18,65.18,NORMAL,SYNTHETIC_SCENARIO
ORD-0000037,2026-09-09,Eldoret,AGO,OMC_A,405.67,405.67,NORMAL,SYNTHETIC_SCENARIO
ORD-0000038,2026-09-09,Eldoret,AGO,OMC_B,348.85,348.85,NORMAL,SYNTHETIC_SCENARIO
ORD-0000039,2026-09-09,Eldoret,AGO,OMC_C,148.28,148.28,NORMAL,SYNTHETIC_SCENARIO
ORD-0000040,2026-09-09,Eldoret,AGO,OMC_D,152.29,152.29,NORMAL,SYNTHETIC_SCENARIO
ORD-0000041,2026-09-09,Eldoret,AGO,OMC_E,64.5,64.5,NORMAL,SYNTHETIC_SCENARIO
ORD-0000042,2026-09-09,Eldoret,AGO,OMC_F,169.34,169.34,NORMAL,SYNTHETIC_SCENARIO
ORD-0000043,2026-09-10,Eldoret,AGO,OMC_A,763.45,763.45,NORMAL,SYNTHETIC_SCENARIO
ORD-0000044,2026-09-10,Eldoret,AGO,OMC_B,49.06,49.06,NORMAL,SYNTHETIC_SCENARIO
ORD-0000045,2026-09-10,Eldoret,AGO,OMC_C,165.71,165.71,NORMAL,SYNTHETIC_SCENARIO
ORD-0000046,2026-09-10,Eldoret,AGO,OMC_D,231.33,231.33,NORMAL,SYNTHETIC_SCENARIO
ORD-0000047,2026-09-10,Eldoret,AGO,OMC_E,41.26,41.26,NORMAL,SYNTHETIC_SCENARIO
ORD-0000048,2026-09-10,Eldoret,AGO,OMC_F,13.12,13.12,NORMAL,SYNTHETIC_SCENARIO
ORD-0000049,2026-09-11,Eldoret,AGO,OMC_A,250.55,250.55,NORMAL,SYNTHETIC_SCENARIO
ORD-0000050,2026-09-11,Eldoret,AGO,OMC_B,518.42,518.42,NORMAL,SYNTHETIC_SCENARIO
ORD-0000051,2026-09-11,Eldoret,AGO,OMC_C,223.54,223.54,NORMAL,SYNTHETIC_SCENARIO
ORD-0000052,2026-09-11,Eldoret,AGO,OMC_D,219.37,219.37,NORMAL,SYNTHETIC_SCENARIO
ORD-0000053,2026-09-11,Eldoret,AGO,OMC_E,135.78,135.78,NORMAL,SYNTHETIC_SCENARIO
ORD-0000054,2026-09-11,Eldoret,AGO,OMC_F,22.76,22.76,NORMAL,SYNTHETIC_SCENARIO
ORD-0000055,2026-09-12,Eldoret,AGO,OMC_A,179.68,179.68,NORMAL,SYNTHETIC_SCENARIO
ORD-0000056,2026-09-12,Eldoret,AGO,OMC_B,416.31,416.31,NORMAL,SYNTHETIC_SCENARIO
ORD-0000057,2026-09-12,Eldoret,AGO,OMC_C,303.62,303.62,NORMAL,SYNTHETIC_SCENARIO
ORD-0000058,2026-09-12,Eldoret,AGO,OMC_D,178.95,178.95,NORMAL,SYNTHETIC_SCENARIO
ORD-0000059,2026-09-12,Eldoret,AGO,OMC_E,35.98,35.98,NORMAL,SYNTHETIC_SCENARIO
ORD-0000060,2026-09-12,Eldoret,AGO,OMC_F,14.52,14.52,NORMAL,SYNTHETIC_SCENARIO
ORD-0000061,2026-09-13,Eldoret,AGO,OMC_A,352.75,352.75,NORMAL,SYNTHETIC_SCENARIO
ORD-0000062,2026-09-13,Eldoret,AGO,OMC_B,144.91,144.91,HIGH,SYNTHETIC_SCENARIO
ORD-0000063,2026-09-13,Eldoret,AGO,OMC_C,182.26,182.26,NORMAL,SYNTHETIC_SCENARIO
ORD-0000064,2026-09-13,Eldoret,AGO,OMC_D,104.87,104.87,NORMAL,SYNTHETIC_SCENARIO
ORD-0000065,2026-09-13,Eldoret,AGO,OMC_E,75.18,75.18,NORMAL,SYNTHETIC_SCENARIO
ORD-0000066,2026-09-13,Eldoret,AGO,OMC_F,243.31,243.31,NORMAL,SYNTHETIC_SCENARIO
ORD-0000067,2026-09-14,Eldoret,AGO,OMC_A,288.06,288.06,NORMAL,SYNTHETIC_SCENARIO
ORD-0000068,2026-09-14,Eldoret,AGO,OMC_B,267.05,267.05,NORMAL,SYNTHETIC_SCENARIO
ORD-0000069,2026-09-14,Eldoret,AGO,OMC_C,258.95,258.95,NORMAL,SYNTHETIC_SCENARIO
ORD-0000070,2026-09-14,Eldoret,AGO,OMC_D,111.67,111.67,NORMAL,SYNTHETIC_SCENARIO
ORD-0000071,2026-09-14,Eldoret,AGO,OMC_E,269.86,269.86,NORMAL,SYNTHETIC_SCENARIO
ORD-0000072,2026-09-14,Eldoret,AGO,OMC_F,76.65,76.65,NORMAL,SYNTHETIC_SCENARIO
ORD-0000073,2026-09-15,Eldoret,AGO,OMC_A,67.18,67.18,NORMAL,SYNTHETIC_SCENARIO
ORD-0000074,2026-09-15,Eldoret,AGO,OMC_B,207.94,207.94,NORMAL,SYNTHETIC_SCENARIO
ORD-0000075,2026-09-15,Eldoret,AGO,OMC_C,271.68,271.68,NORMAL,SYNTHETIC_SCENARIO
ORD-0000076,2026-09-15,Eldoret,AGO,OMC_D,426.53,426.53,NORMAL,SYNTHETIC_SCENARIO
ORD-0000077,2026-09-15,Eldoret,AGO,OMC_E,158.94,158.94,NORMAL,SYNTHETIC_SCENARIO
ORD-0000078,2026-09-15,Eldoret,AGO,OMC_F,25.54,25.54,NORMAL,SYNTHETIC_SCENARIO
ORD-0000079,2026-09-16,Eldoret,AGO,OMC_A,284.25,284.25,NORMAL,SYNTHETIC_SCENARIO
ORD-0000080,2026-09-16,Eldoret,AGO,OMC_B,191.6,191.6,NORMAL,SYNTHETIC_SCENARIO
ORD-0000081,2026-09-16,Eldoret,AGO,OMC_C,503.17,503.17,NORMAL,SYNTHETIC_SCENARIO
ORD-0000082,2026-09-16,Eldoret,AGO,OMC_D,25.98,25.98,NORMAL,SYNTHETIC_SCENARIO
ORD-0000083,2026-09-16,Eldoret,AGO,OMC_E,189.09,189.09,NORMAL,SYNTHETIC_SCENARIO
ORD-0000084,2026-09-16,Eldoret,AGO,OMC_F,4.41,4.41,NORMAL,SYNTHETIC_SCENARIO
ORD-0000085,2026-09-17,Eldoret,AGO,OMC_A,284.21,284.21,NORMAL,SYNTHETIC_SCENARIO
ORD-0000086,2026-09-17,Eldoret,AGO,OMC_B,358.95,358.95,NORMAL,SYNTHETIC_SCENARIO
ORD-0000087,2026-09-17,Eldoret,AGO,OMC_C,303.25,303.25,NORMAL,SYNTHETIC_SCENARIO
ORD-0000088,2026-09-17,Eldoret,AGO,OMC_D,321.61,321.61,NORMAL,SYNTHETIC_SCENARIO
ORD-0000089,2026-09-17,Eldoret,AGO,OMC_E,46.89,46.89,NORMAL,SYNTHETIC_SCENARIO
ORD-0000090,2026-09-17,Eldoret,AGO,OMC_F,25.28,25.28,NORMAL,SYNTHETIC_SCENARIO
ORD-0000091,2026-09-18,Eldoret,AGO,OMC_A,509.46,509.46,NORMAL,SYNTHETIC_SCENARIO
ORD-0000092,2026-09-18,Eldoret,AGO,OMC_B,400.64,400.64,NORMAL,SYNTHETIC_SCENARIO
ORD-0000093,2026-09-18,Eldoret,AGO,OMC_C,136.41,136.41,NORMAL,SYNTHETIC_SCENARIO
ORD-0000094,2026-09-18,Eldoret,AGO,OMC_D,198.1,198.1,NORMAL,SYNTHETIC_SCENARIO
ORD-0000095,2026-09-18,Eldoret,AGO,OMC_E,106.38,106.38,NORMAL,SYNTHETIC_SCENARIO
ORD-0000096,2026-09-18,Eldoret,AGO,OMC_F,55.65,55.65,NORMAL,SYNTHETIC_SCENARIO
ORD-0000097,2026-09-19,Eldoret,AGO,OMC_A,607.87,607.87,HIGH,SYNTHETIC_SCENARIO
ORD-0000098,2026-09-19,Eldoret,AGO,OMC_B,354.63,354.63,NORMAL,SYNTHETIC_SCENARIO
ORD-0000099,2026-09-19,Eldoret,AGO,OMC_C,47.56,47.56,NORMAL,SYNTHETIC_SCENARIO
ORD-0000100,2026-09-19,Eldoret,AGO,OMC_D,38.42,38.42,NORMAL,SYNTHETIC_SCENARIO
ORD-0000101,2026-09-19,Eldoret,AGO,OMC_E,32.99,32.99,NORMAL,SYNTHETIC_SCENARIO
ORD-0000102,2026-09-19,Eldoret,AGO,OMC_F,66.25,66.25,NORMAL,SYNTHETIC_SCENARIO
ORD-0000103,2026-09-20,Eldoret,AGO,OMC_A,296.38,296.38,NORMAL,SYNTHETIC_SCENARIO
ORD-0000104,2026-09-20,Eldoret,AGO,OMC_B,211.48,211.48,NORMAL,SYNTHETIC_SCENARIO
ORD-0000105,2026-09-20,Eldoret,AGO,OMC_C,172.97,172.97,NORMAL,SYNTHETIC_SCENARIO
ORD-0000106,2026-09-20,Eldoret,AGO,OMC_D,67.75,67.75,NORMAL,SYNTHETIC_SCENARIO
ORD-0000107,2026-09-20,Eldoret,AGO,OMC_E,68.27,68.27,NORMAL,SYNTHETIC_SCENARIO
ORD-0000108,2026-09-20,Eldoret,AGO,OMC_F,267.08,267.08,NORMAL,SYNTHETIC_SCENARIO
ORD-0000109,2026-09-21,Eldoret,AGO,OMC_A,227.14,227.14,NORMAL,SYNTHETIC_SCENARIO
ORD-0000110,2026-09-21,Eldoret,AGO,OMC_B,229.9,229.9,NORMAL,SYNTHETIC_SCENARIO
ORD-0000111,2026-09-21,Eldoret,AGO,OMC_C,443.83,443.83,HIGH,SYNTHETIC_SCENARIO
ORD-0000112,2026-09-21,Eldoret,AGO,OMC_D,226.0,226.0,NORMAL,SYNTHETIC_SCENARIO
ORD-0000113,2026-09-21,Eldoret,AGO,OMC_E,189.64,189.64,NORMAL,SYNTHETIC_SCENARIO
ORD-0000114,2026-09-21,Eldoret,AGO,OMC_F,29.7,29.7,NORMAL,SYNTHETIC_SCENARIO
ORD-0000115,2026-09-22,Eldoret,AGO,OMC_A,458.79,458.79,NORMAL,SYNTHETIC_SCENARIO
ORD-0000116,2026-09-22,Eldoret,AGO,OMC_B,401.09,401.09,NORMAL,SYNTHETIC_SCENARIO
ORD-0000117,2026-09-22,Eldoret,AGO,OMC_C,182.7,182.7,NORMAL,SYNTHETIC_SCENARIO
ORD-0000118,2026-09-22,Eldoret,AGO,OMC_D,55.13,55.13,NORMAL,SYNTHETIC_SCENARIO
ORD-0000119,2026-09-22,Eldoret,AGO,OMC_E,87.02,87.02,NORMAL,SYNTHETIC_SCENARIO
ORD-0000120,2026-09-22,Eldoret,AGO,OMC_F,70.41,70.41,NORMAL,SYNTHETIC_SCENARIO
ORD-0000121,2026-09-23,Eldoret,AGO,OMC_A,563.86,563.86,HIGH,SYNTHETIC_SCENARIO
ORD-0000122,2026-09-23,Eldoret,AGO,OMC_B,110.65,110.65,NORMAL,SYNTHETIC_SCENARIO
ORD-0000123,2026-09-23,Eldoret,AGO,OMC_C,335.77,335.77,NORMAL,SYNTHETIC_SCENARIO
ORD-0000124,2026-09-23,Eldoret,AGO,OMC_D,155.58,155.58,NORMAL,SYNTHETIC_SCENARIO
ORD-0000125,2026-09-23,Eldoret,AGO,OMC_E,40.83,40.83,NORMAL,SYNTHETIC_SCENARIO
ORD-0000126,2026-09-23,Eldoret,AGO,OMC_F,56.52,56.52,HIGH,SYNTHETIC_SCENARIO
ORD-0000127,2026-09-24,Eldoret,AGO,OMC_A,69.85,69.85,NORMAL,SYNTHETIC_SCENARIO
ORD-0000128,2026-09-24,Eldoret,AGO,OMC_B,278.39,278.39,NORMAL,SYNTHETIC_SCENARIO
ORD-0000129,2026-09-24,Eldoret,AGO,OMC_C,207.26,207.26,NORMAL,SYNTHETIC_SCENARIO
ORD-0000130,2026-09-24,Eldoret,AGO,OMC_D,454.45,454.45,NORMAL,SYNTHETIC_SCENARIO
ORD-0000131,2026-09-24,Eldoret,AGO,OMC_E,135.3,135.3,NORMAL,SYNTHETIC_SCENARIO
ORD-0000132,2026-09-24,Eldoret,AGO,OMC_F,315.82,315.82,NORMAL,SYNTHETIC_SCENARIO
ORD-0000133,2026-09-25,Eldoret,AGO,OMC_A,190.78,190.78,NORMAL,SYNTHETIC_SCENARIO
ORD-0000134,2026-09-25,Eldoret,AGO,OMC_B,271.15,271.15,NORMAL,SYNTHETIC_SCENARIO
ORD-0000135,2026-09-25,Eldoret,AGO,OMC_C,287.39,287.39,NORMAL,SYNTHETIC_SCENARIO
ORD-0000136,2026-09-25,Eldoret,AGO,OMC_D,92.32,92.32,NORMAL,SYNTHETIC_SCENARIO
ORD-0000137,2026-09-25,Eldoret,AGO,OMC_E,21.96,21.96,NORMAL,SYNTHETIC_SCENARIO
ORD-0000138,2026-09-25,Eldoret,AGO,OMC_F,406.38,406.38,NORMAL,SYNTHETIC_SCENARIO
ORD-0000139,2026-09-26,Eldoret,AGO,OMC_A,347.8,347.8,NORMAL,SYNTHETIC_SCENARIO
ORD-0000140,2026-09-26,Eldoret,AGO,OMC_B,133.27,133.27,NORMAL,SYNTHETIC_SCENARIO
ORD-0000141,2026-09-26,Eldoret,AGO,OMC_C,397.66,397.66,NORMAL,SYNTHETIC_SCENARIO
ORD-0000142,2026-09-26,Eldoret,AGO,OMC_D,109.61,109.61,NORMAL,SYNTHETIC_SCENARIO
ORD-0000143,2026-09-26,Eldoret,AGO,OMC_E,120.77,120.77,NORMAL,SYNTHETIC_SCENARIO
ORD-0000144,2026-09-26,Eldoret,AGO,OMC_F,151.27,151.27,NORMAL,SYNTHETIC_SCENARIO
ORD-0000145,2026-09-27,Eldoret,AGO,OMC_A,184.6,184.6,HIGH,SYNTHETIC_SCENARIO
ORD-0000146,2026-09-27,Eldoret,AGO,OMC_B,161.55,161.55,NORMAL,SYNTHETIC_SCENARIO
ORD-0000147,2026-09-27,Eldoret,AGO,OMC_C,327.73,327.73,NORMAL,SYNTHETIC_SCENARIO
ORD-0000148,2026-09-27,Eldoret,AGO,OMC_D,41.37,41.37,NORMAL,SYNTHETIC_SCENARIO
ORD-0000149,2026-09-27,Eldoret,AGO,OMC_E,277.03,277.03,NORMAL,SYNTHETIC_SCENARIO
ORD-0000150,2026-09-27,Eldoret,AGO,OMC_F,85.95,85.95,NORMAL,SYNTHETIC_SCENARIO
ORD-0000151,2026-09-28,Eldoret,AGO,OMC_A,255.7,255.7,HIGH,SYNTHETIC_SCENARIO
ORD-0000152,2026-09-28,Eldoret,AGO,OMC_B,451.13,451.13,NORMAL,SYNTHETIC_SCENARIO
ORD-0000153,2026-09-28,Eldoret,AGO,OMC_C,190.98,190.98,NORMAL,SYNTHETIC_SCENARIO
ORD-0000154,2026-09-28,Eldoret,AGO,OMC_D,319.76,319.76,NORMAL,SYNTHETIC_SCENARIO
ORD-0000155,2026-09-28,Eldoret,AGO,OMC_E,7.16,7.16,NORMAL,SYNTHETIC_SCENARIO
ORD-0000156,2026-09-28,Eldoret,AGO,OMC_F,103.9,103.9,NORMAL,SYNTHETIC_SCENARIO
ORD-0000157,2026-09-29,Eldoret,AGO,OMC_A,392.38,392.38,NORMAL,SYNTHETIC_SCENARIO
ORD-0000158,2026-09-29,Eldoret,AGO,OMC_B,206.61,206.61,NORMAL,SYNTHETIC_SCENARIO
ORD-0000159,2026-09-29,Eldoret,AGO,OMC_C,141.75,141.75,NORMAL,SYNTHETIC_SCENARIO
ORD-0000160,2026-09-29,Eldoret,AGO,OMC_D,325.19,325.19,NORMAL,SYNTHETIC_SCENARIO
ORD-0000161,2026-09-29,Eldoret,AGO,OMC_E,48.31,48.31,NORMAL,SYNTHETIC_SCENARIO
ORD-0000162,2026-09-29,Eldoret,AGO,OMC_F,319.51,319.51,NORMAL,SYNTHETIC_SCENARIO
ORD-0000163,2026-09-30,Eldoret,AGO,OMC_A,243.85,243.85,NORMAL,SYNTHETIC_SCENARIO
ORD-0000164,2026-09-30,Eldoret,AGO,OMC_B,358.05,358.05,NORMAL,SYNTHETIC_SCENARIO
ORD-0000165,2026-09-30,Eldoret,AGO,OMC_C,112.87,112.87,NORMAL,SYNTHETIC_SCENARIO
ORD-0000166,2026-09-30,Eldoret,AGO,OMC_D,580.32,580.32,NORMAL,SYNTHETIC_SCENARIO
ORD-0000167,2026-09-30,Eldoret,AGO,OMC_E,38.28,38.28,NORMAL,SYNTHETIC_SCENARIO
ORD-0000168,2026-09-30,Eldoret,AGO,OMC_F,0.28,0.28,NORMAL,SYNTHETIC_SCENARIO
ORD-0000169,2026-10-01,Eldoret,AGO,OMC_A,414.67,414.67,NORMAL,SYNTHETIC_SCENARIO
ORD-0000170,2026-10-01,Eldoret,AGO,OMC_B,453.36,453.36,NORMAL,SYNTHETIC_SCENARIO
ORD-0000171,2026-10-01,Eldoret,AGO,OMC_C,182.15,182.15,NORMAL,SYNTHETIC_SCENARIO
ORD-0000172,2026-10-01,Eldoret,AGO,OMC_D,153.99,153.99,NORMAL,SYNTHETIC_SCENARIO
ORD-0000173,2026-10-01,Eldoret,AGO,OMC_E,349.76,349.76,NORMAL,SYNTHETIC_SCENARIO
ORD-0000174,2026-10-01,Eldoret,AGO,OMC_F,25.22,25.22,NORMAL,SYNTHETIC_SCENARIO
ORD-0000175,2026-10-02,Eldoret,AGO,OMC_A,482.1,482.1,NORMAL,SYNTHETIC_SCENARIO
ORD-0000176,2026-10-02,Eldoret,AGO,OMC_B,224.8,224.8,NORMAL,SYNTHETIC_SCENARIO
ORD-0000177,2026-10-02,Eldoret,AGO,OMC_C,235.74,235.74,NORMAL,SYNTHETIC_SCENARIO
ORD-0000178,2026-10-02,Eldoret,AGO,OMC_D,275.36,275.36,NORMAL,SYNTHETIC_SCENARIO
ORD-0000179,2026-10-02,Eldoret,AGO,OMC_E,300.87,300.87,HIGH,SYNTHETIC_SCENARIO
ORD-0000180,2026-10-02,Eldoret,AGO,OMC_F,149.39,149.39,NORMAL,SYNTHETIC_SCENARIO
ORD-0000181,2026-10-03,Eldoret,AGO,OMC_A,478.0,478.0,NORMAL,SYNTHETIC_SCENARIO
ORD-0000182,2026-10-03,Eldoret,AGO,OMC_B,39.21,39.21,NORMAL,SYNTHETIC_SCENARIO
ORD-0000183,2026-10-03,Eldoret,AGO,OMC_C,368.97,368.97,NORMAL,SYNTHETIC_SCENARIO
ORD-0000184,2026-10-03,Eldoret,AGO,OMC_D,227.08,227.08,NORMAL,SYNTHETIC_SCENARIO
ORD-0000185,2026-10-03,Eldoret,AGO,OMC_E,52.29,52.29,NORMAL,SYNTHETIC_SCENARIO
ORD-0000186,2026-10-03,Eldoret,AGO,OMC_F,241.17,241.17,NORMAL,SYNTHETIC_SCENARIO
ORD-0000187,2026-10-04,Eldoret,AGO,OMC_A,189.0,189.0,NORMAL,SYNTHETIC_SCENARIO
ORD-0000188,2026-10-04,Eldoret,AGO,OMC_B,270.97,270.97,NORMAL,SYNTHETIC_SCENARIO
ORD-0000189,2026-10-04,Eldoret,AGO,OMC_C,461.46,461.46,NORMAL,SYNTHETIC_SCENARIO
ORD-0000190,2026-10-04,Eldoret,AGO,OMC_D,68.83,68.83,NORMAL,SYNTHETIC_SCENARIO
ORD-0000191,2026-10-04,Eldoret,AGO,OMC_E,184.39,184.39,NORMAL,SYNTHETIC_SCENARIO
ORD-0000192,2026-10-04,Eldoret,AGO,OMC_F,30.12,30.12,NORMAL,SYNTHETIC_SCENARIO
ORD-0000193,2026-10-05,Eldoret,AGO,OMC_A,131.79,131.79,NORMAL,SYNTHETIC_SCENARIO
ORD-0000194,2026-10-05,Eldoret,AGO,OMC_B,429.53,429.53,NORMAL,SYNTHETIC_SCENARIO
ORD-0000195,2026-10-05,Eldoret,AGO,OMC_C,344.89,344.89,NORMAL,SYNTHETIC_SCENARIO
ORD-0000196,2026-10-05,Eldoret,AGO,OMC_D,294.09,294.09,NORMAL,SYNTHETIC_SCENARIO
ORD-0000197,2026-10-05,Eldoret,AGO,OMC_E,110.28,110.28,NORMAL,SYNTHETIC_SCENARIO
ORD-0000198,2026-10-05,Eldoret,AGO,OMC_F,192.26,192.26,NORMAL,SYNTHETIC_SCENARIO
ORD-0000199,2026-10-06,Eldoret,AGO,OMC_A,156.86,156.86,HIGH,SYNTHETIC_SCENARIO
ORD-0000200,2026-10-06,Eldoret,AGO,OMC_B,365.5,365.5,NORMAL,SYNTHETIC_SCENARIO
ORD-0000201,2026-10-06,Eldoret,AGO,OMC_C,333.19,333.19,NORMAL,SYNTHETIC_SCENARIO
ORD-0000202,2026-10-06,Eldoret,AGO,OMC_D,325.38,325.38,HIGH,SYNTHETIC_SCENARIO
ORD-0000203,2026-10-06,Eldoret,AGO,OMC_E,142.3,142.3,NORMAL,SYNTHETIC_SCENARIO
ORD-0000204,2026-10-06,Eldoret,AGO,OMC_F,84.17,84.17,NORMAL,SYNTHETIC_SCENARIO
ORD-0000205,2026-10-07,Eldoret,AGO,OMC_A,177.61,177.61,NORMAL,SYNTHETIC_SCENARIO
ORD-0000206,2026-10-07,Eldoret,AGO,OMC_B,467.07,467.07,NORMAL,SYNTHETIC_SCENARIO
ORD-0000207,2026-10-07,Eldoret,AGO,OMC_C,153.77,153.77,NORMAL,SYNTHETIC_SCENARIO
ORD-0000208,2026-10-07,Eldoret,AGO,OMC_D,406.75,406.75,NORMAL,SYNTHETIC_SCENARIO
ORD-0000209,2026-10-07,Eldoret,AGO,OMC_E,93.83,93.83,NORMAL,SYNTHETIC_SCENARIO
ORD-0000210,2026-10-07,Eldoret,AGO,OMC_F,181.97,181.97,NORMAL,SYNTHETIC_SCENARIO
ORD-0000211,2026-10-08,Eldoret,AGO,OMC_A,598.92,598.92,NORMAL,SYNTHETIC_SCENARIO
ORD-0000212,2026-10-08,Eldoret,AGO,OMC_B,121.67,121.67,NORMAL,SYNTHETIC_SCENARIO
ORD-0000213,2026-10-08,Eldoret,AGO,OMC_C,268.28,268.28,NORMAL,SYNTHETIC_SCENARIO
ORD-0000214,2026-10-08,Eldoret,AGO,OMC_D,168.81,168.81,NORMAL,SYNTHETIC_SCENARIO
ORD-0000215,2026-10-08,Eldoret,AGO,OMC_E,63.63,63.63,NORMAL,SYNTHETIC_SCENARIO
ORD-0000216,2026-10-08,Eldoret,AGO,OMC_F,154.0,154.0,NORMAL,SYNTHETIC_SCENARIO
ORD-0000217,2026-10-09,Eldoret,AGO,OMC_A,629.54,629.54,NORMAL,SYNTHETIC_SCENARIO
ORD-0000218,2026-10-09,Eldoret,AGO,OMC_B,106.01,106.01,NORMAL,SYNTHETIC_SCENARIO
ORD-0000219,2026-10-09,Eldoret,AGO,OMC_C,640.68,640.68,NORMAL,SYNTHETIC_SCENARIO
ORD-0000220,2026-10-09,Eldoret,AGO,OMC_D,195.53,195.53,NORMAL,SYNTHETIC_SCENARIO
ORD-0000221,2026-10-09,Eldoret,AGO,OMC_E,41.48,41.48,NORMAL,SYNTHETIC_SCENARIO
ORD-0000222,2026-10-09,Eldoret,AGO,OMC_F,30.47,30.47,NORMAL,SYNTHETIC_SCENARIO
ORD-0000223,2026-10-10,Eldoret,AGO,OMC_A,362.63,362.63,NORMAL,SYNTHETIC_SCENARIO
ORD-0000224,2026-10-10,Eldoret,AGO,OMC_B,287.42,287.42,NORMAL,SYNTHETIC_SCENARIO
ORD-0000225,2026-10-10,Eldoret,AGO,OMC_C,199.64,199.64,NORMAL,SYNTHETIC_SCENARIO
ORD-0000226,2026-10-10,Eldoret,AGO,OMC_D,292.79,292.79,NORMAL,SYNTHETIC_SCENARIO
ORD-0000227,2026-10-10,Eldoret,AGO,OMC_E,138.44,138.44,NORMAL,SYNTHETIC_SCENARIO
ORD-0000228,2026-10-10,Eldoret,AGO,OMC_F,40.62,40.62,NORMAL,SYNTHETIC_SCENARIO
ORD-0000229,2026-10-11,Eldoret,AGO,OMC_A,393.76,393.76,NORMAL,SYNTHETIC_SCENARIO
ORD-0000230,2026-10-11,Eldoret,AGO,OMC_B,273.29,273.29,NORMAL,SYNTHETIC_SCENARIO
ORD-0000231,2026-10-11,Eldoret,AGO,OMC_C,70.04,70.04,NORMAL,SYNTHETIC_SCENARIO
ORD-0000232,2026-10-11,Eldoret,AGO,OMC_D,420.17,420.17,NORMAL,SYNTHETIC_SCENARIO
ORD-0000233,2026-10-11,Eldoret,AGO,OMC_E,29.16,29.16,NORMAL,SYNTHETIC_SCENARIO
ORD-0000234,2026-10-11,Eldoret,AGO,OMC_F,148.82,148.82,NORMAL,SYNTHETIC_SCENARIO
ORD-0000235,2026-10-12,Eldoret,AGO,OMC_A,413.52,413.52,NORMAL,SYNTHETIC_SCENARIO
ORD-0000236,2026-10-12,Eldoret,AGO,OMC_B,212.09,212.09,NORMAL,SYNTHETIC_SCENARIO
ORD-0000237,2026-10-12,Eldoret,AGO,OMC_C,490.49,490.49,NORMAL,SYNTHETIC_SCENARIO
ORD-0000238,2026-10-12,Eldoret,AGO,OMC_D,116.86,116.86,NORMAL,SYNTHETIC_SCENARIO
ORD-0000239,2026-10-12,Eldoret,AGO,OMC_E,27.87,27.87,NORMAL,SYNTHETIC_SCENARIO
ORD-0000240,2026-10-12,Eldoret,AGO,OMC_F,348.72,348.72,NORMAL,SYNTHETIC_SCENARIO
ORD-0000241,2026-10-13,Eldoret,AGO,OMC_A,490.92,490.92,NORMAL,SYNTHETIC_SCENARIO
ORD-0000242,2026-10-13,Eldoret,AGO,OMC_B,282.31,282.31,NORMAL,SYNTHETIC_SCENARIO
ORD-0000243,2026-10-13,Eldoret,AGO,OMC_C,357.32,357.32,NORMAL,SYNTHETIC_SCENARIO
ORD-0000244,2026-10-13,Eldoret,AGO,OMC_D,59.85,59.85,NORMAL,SYNTHETIC_SCENARIO
ORD-0000245,2026-10-13,Eldoret,AGO,OMC_E,111.45,111.45,NORMAL,SYNTHETIC_SCENARIO
ORD-0000246,2026-10-13,Eldoret,AGO,OMC_F,204.68,204.68,NORMAL,SYNTHETIC_SCENARIO
ORD-0000247,2026-10-14,Eldoret,AGO,OMC_A,516.83,516.83,NORMAL,SYNTHETIC_SCENARIO
ORD-0000248,2026-10-14,Eldoret,AGO,OMC_B,368.55,368.55,NORMAL,SYNTHETIC_SCENARIO
ORD-0000249,2026-10-14,Eldoret,AGO,OMC_C,188.41,188.41,NORMAL,SYNTHETIC_SCENARIO
ORD-0000250,2026-10-14,Eldoret,AGO,OMC_D,521.8,521.8,NORMAL,SYNTHETIC_SCENARIO
ORD-0000251,2026-10-14,Eldoret,AGO,OMC_E,27.26,27.26,NORMAL,SYNTHETIC_SCENARIO
ORD-0000252,2026-10-14,Eldoret,AGO,OMC_F,5.75,5.75,NORMAL,SYNTHETIC_SCENARIO
ORD-0000253,2026-10-15,Eldoret,AGO,OMC_A,554.64,554.64,HIGH,SYNTHETIC_SCENARIO
ORD-0000254,2026-10-15,Eldoret,AGO,OMC_B,63.06,63.06,NORMAL,SYNTHETIC_SCENARIO
ORD-0000255,2026-10-15,Eldoret,AGO,OMC_C,250.3,250.3,NORMAL,SYNTHETIC_SCENARIO
ORD-0000256,2026-10-15,Eldoret,AGO,OMC_D,128.81,128.81,NORMAL,SYNTHETIC_SCENARIO
ORD-0000257,2026-10-15,Eldoret,AGO,OMC_E,343.3,343.3,NORMAL,SYNTHETIC_SCENARIO
ORD-0000258,2026-10-15,Eldoret,AGO,OMC_F,123.13,123.13,NORMAL,SYNTHETIC_SCENARIO
ORD-0000259,2026-10-16,Eldoret,AGO,OMC_A,467.21,467.21,NORMAL,SYNTHETIC_SCENARIO
ORD-0000260,2026-10-16,Eldoret,AGO,OMC_B,68.21,68.21,NORMAL,SYNTHETIC_SCENARIO
ORD-0000261,2026-10-16,Eldoret,AGO,OMC_C,563.25,563.25,NORMAL,SYNTHETIC_SCENARIO
ORD-0000262,2026-10-16,Eldoret,AGO,OMC_D,23.8,23.8,NORMAL,SYNTHETIC_SCENARIO
ORD-0000263,2026-10-16,Eldoret,AGO,OMC_E,340.49,340.49,NORMAL,SYNTHETIC_SCENARIO
ORD-0000264,2026-10-16,Eldoret,AGO,OMC_F,26.73,26.73,NORMAL,SYNTHETIC_SCENARIO
ORD-0000265,2026-10-17,Eldoret,AGO,OMC_A,266.33,266.33,NORMAL,SYNTHETIC_SCENARIO
ORD-0000266,2026-10-17,Eldoret,AGO,OMC_B,304.58,304.58,HIGH,SYNTHETIC_SCENARIO
ORD-0000267,2026-10-17,Eldoret,AGO,OMC_C,248.65,248.65,NORMAL,SYNTHETIC_SCENARIO
ORD-0000268,2026-10-17,Eldoret,AGO,OMC_D,174.81,174.81,NORMAL,SYNTHETIC_SCENARIO
ORD-0000269,2026-10-17,Eldoret,AGO,OMC_E,211.49,211.49,NORMAL,SYNTHETIC_SCENARIO
ORD-0000270,2026-10-17,Eldoret,AGO,OMC_F,73.71,73.71,NORMAL,SYNTHETIC_SCENARIO
ORD-0000271,2026-10-18,Eldoret,AGO,OMC_A,644.86,644.86,NORMAL,SYNTHETIC_SCENARIO
ORD-0000272,2026-10-18,Eldoret,AGO,OMC_B,218.33,218.33,NORMAL,SYNTHETIC_SCENARIO
ORD-0000273,2026-10-18,Eldoret,AGO,OMC_C,204.44,204.44,NORMAL,SYNTHETIC_SCENARIO
ORD-0000274,2026-10-18,Eldoret,AGO,OMC_D,180.86,180.86,HIGH,SYNTHETIC_SCENARIO
ORD-0000275,2026-10-18,Eldoret,AGO,OMC_E,53.25,53.25,NORMAL,SYNTHETIC_SCENARIO
ORD-0000276,2026-10-18,Eldoret,AGO,OMC_F,2.53,2.53,NORMAL,SYNTHETIC_SCENARIO
ORD-0000277,2026-10-19,Eldoret,AGO,OMC_A,422.32,422.32,NORMAL,SYNTHETIC_SCENARIO
ORD-0000278,2026-10-19,Eldoret,AGO,OMC_B,265.05,265.05,NORMAL,SYNTHETIC_SCENARIO
ORD-0000279,2026-10-19,Eldoret,AGO,OMC_C,250.86,250.86,NORMAL,SYNTHETIC_SCENARIO
ORD-0000280,2026-10-19,Eldoret,AGO,OMC_D,341.01,341.01,NORMAL,SYNTHETIC_SCENARIO
ORD-0000281,2026-10-19,Eldoret,AGO,OMC_E,255.12,255.12,NORMAL,SYNTHETIC_SCENARIO
ORD-0000282,2026-10-19,Eldoret,AGO,OMC_F,41.96,41.96,NORMAL,SYNTHETIC_SCENARIO
ORD-0000283,2026-10-20,Eldoret,AGO,OMC_A,383.43,383.43,HIGH,SYNTHETIC_SCENARIO
ORD-0000284,2026-10-20,Eldoret,AGO,OMC_B,570.26,570.26,NORMAL,SYNTHETIC_SCENARIO
ORD-0000285,2026-10-20,Eldoret,AGO,OMC_C,258.09,258.09,NORMAL,SYNTHETIC_SCENARIO
ORD-0000286,2026-10-20,Eldoret,AGO,OMC_D,120.4,120.4,NORMAL,SYNTHETIC_SCENARIO
ORD-0000287,2026-10-20,Eldoret,AGO,OMC_E,17.48,17.48,NORMAL,SYNTHETIC_SCENARIO
ORD-0000288,2026-10-20,Eldoret,AGO,OMC_F,109.12,109.12,NORMAL,SYNTHETIC_SCENARIO
ORD-0000289,2026-10-21,Eldoret,AGO,OMC_A,211.93,211.93,NORMAL,SYNTHETIC_SCENARIO
ORD-0000290,2026-10-21,Eldoret,AGO,OMC_B,118.38,118.38,NORMAL,SYNTHETIC_SCENARIO
ORD-0000291,2026-10-21,Eldoret,AGO,OMC_C,291.4,291.4,NORMAL,SYNTHETIC_SCENARIO
ORD-0000292,2026-10-21,Eldoret,AGO,OMC_D,580.41,580.41,NORMAL,SYNTHETIC_SCENARIO
ORD-0000293,2026-10-21,Eldoret,AGO,OMC_E,122.09,122.09,HIGH,SYNTHETIC_SCENARIO
ORD-0000294,2026-10-21,Eldoret,AGO,OMC_F,109.63,109.63,NORMAL,SYNTHETIC_SCENARIO
ORD-0000295,2026-10-22,Eldoret,AGO,OMC_A,216.86,216.86,NORMAL,SYNTHETIC_SCENARIO
ORD-0000296,2026-10-22,Eldoret,AGO,OMC_B,74.71,74.71,NORMAL,SYNTHETIC_SCENARIO
ORD-0000297,2026-10-22,Eldoret,AGO,OMC_C,356.01,356.01,NORMAL,SYNTHETIC_SCENARIO
ORD-0000298,2026-10-22,Eldoret,AGO,OMC_D,400.99,400.99,HIGH,SYNTHETIC_SCENARIO
ORD-0000299,2026-10-22,Eldoret,AGO,OMC_E,277.51,277.51,NORMAL,SYNTHETIC_SCENARIO
ORD-0000300,2026-10-22,Eldoret,AGO,OMC_F,171.49,171.49,NORMAL,SYNTHETIC_SCENARIO
ORD-0000301,2026-10-23,Eldoret,AGO,OMC_A,138.01,138.01,NORMAL,SYNTHETIC_SCENARIO
ORD-0000302,2026-10-23,Eldoret,AGO,OMC_B,710.84,710.84,NORMAL,SYNTHETIC_SCENARIO
ORD-0000303,2026-10-23,Eldoret,AGO,OMC_C,158.6,158.6,NORMAL,SYNTHETIC_SCENARIO
ORD-0000304,2026-10-23,Eldoret,AGO,OMC_D,238.52,238.52,NORMAL,SYNTHETIC_SCENARIO
ORD-0000305,2026-10-23,Eldoret,AGO,OMC_E,78.19,78.19,NORMAL,SYNTHETIC_SCENARIO
ORD-0000306,2026-10-23,Eldoret,AGO,OMC_F,293.86,293.86,NORMAL,SYNTHETIC_SCENARIO
ORD-0000307,2026-10-24,Eldoret,AGO,OMC_A,73.88,73.88,NORMAL,SYNTHETIC_SCENARIO
ORD-0000308,2026-10-24,Eldoret,AGO,OMC_B,268.38,268.38,NORMAL,SYNTHETIC_SCENARIO
ORD-0000309,2026-10-24,Eldoret,AGO,OMC_C,455.32,455.32,NORMAL,SYNTHETIC_SCENARIO
ORD-0000310,2026-10-24,Eldoret,AGO,OMC_D,203.77,203.77,NORMAL,SYNTHETIC_SCENARIO
ORD-0000311,2026-10-24,Eldoret,AGO,OMC_E,237.34,237.34,NORMAL,SYNTHETIC_SCENARIO
ORD-0000312,2026-10-24,Eldoret,AGO,OMC_F,122.83,122.83,NORMAL,SYNTHETIC_SCENARIO
ORD-0000313,2026-10-25,Eldoret,AGO,OMC_A,384.92,384.92,NORMAL,SYNTHETIC_SCENARIO
ORD-0000314,2026-10-25,Eldoret,AGO,OMC_B,133.24,133.24,NORMAL,SYNTHETIC_SCENARIO
ORD-0000315,2026-10-25,Eldoret,AGO,OMC_C,626.04,626.04,NORMAL,SYNTHETIC_SCENARIO
ORD-0000316,2026-10-25,Eldoret,AGO,OMC_D,43.94,43.94,NORMAL,SYNTHETIC_SCENARIO
ORD-0000317,2026-10-25,Eldoret,AGO,OMC_E,33.8,33.8,NORMAL,SYNTHETIC_SCENARIO
ORD-0000318,2026-10-25,Eldoret,AGO,OMC_F,9.5,9.5,NORMAL,SYNTHETIC_SCENARIO
ORD-0000319,2026-10-26,Eldoret,AGO,OMC_A,464.97,464.97,NORMAL,SYNTHETIC_SCENARIO
ORD-0000320,2026-10-26,Eldoret,AGO,OMC_B,122.24,122.24,NORMAL,SYNTHETIC_SCENARIO
ORD-0000321,2026-10-26,Eldoret,AGO,OMC_C,245.96,245.96,NORMAL,SYNTHETIC_SCENARIO
ORD-0000322,2026-10-26,Eldoret,AGO,OMC_D,219.23,219.23,NORMAL,SYNTHETIC_SCENARIO
ORD-0000323,2026-10-26,Eldoret,AGO,OMC_E,41.76,41.76,NORMAL,SYNTHETIC_SCENARIO
ORD-0000324,2026-10-26,Eldoret,AGO,OMC_F,124.84,124.84,NORMAL,SYNTHETIC_SCENARIO
ORD-0000325,2026-10-27,Eldoret,AGO,OMC_A,437.62,437.62,NORMAL,SYNTHETIC_SCENARIO
ORD-0000326,2026-10-27,Eldoret,AGO,OMC_B,456.02,456.02,HIGH,SYNTHETIC_SCENARIO
ORD-0000327,2026-10-27,Eldoret,AGO,OMC_C,127.19,127.19,NORMAL,SYNTHETIC_SCENARIO
ORD-0000328,2026-10-27,Eldoret,AGO,OMC_D,128.28,128.28,NORMAL,SYNTHETIC_SCENARIO
ORD-0000329,2026-10-27,Eldoret,AGO,OMC_E,191.93,191.93,NORMAL,SYNTHETIC_SCENARIO
ORD-0000330,2026-10-27,Eldoret,AGO,OMC_F,51.8,51.8,NORMAL,SYNTHETIC_SCENARIO
ORD-0000331,2026-10-28,Eldoret,AGO,OMC_A,163.48,163.48,NORMAL,SYNTHETIC_SCENARIO
ORD-0000332,2026-10-28,Eldoret,AGO,OMC_B,392.72,392.72,NORMAL,SYNTHETIC_SCENARIO
ORD-0000333,2026-10-28,Eldoret,AGO,OMC_C,570.0,570.0,NORMAL,SYNTHETIC_SCENARIO
ORD-0000334,2026-10-28,Eldoret,AGO,OMC_D,46.52,46.52,NORMAL,SYNTHETIC_SCENARIO
ORD-0000335,2026-10-28,Eldoret,AGO,OMC_E,301.9,301.9,HIGH,SYNTHETIC_SCENARIO
ORD-0000336,2026-10-28,Eldoret,AGO,OMC_F,4.53,4.53,NORMAL,SYNTHETIC_SCENARIO
ORD-0000337,2026-10-29,Eldoret,AGO,OMC_A,308.72,308.72,NORMAL,SYNTHETIC_SCENARIO
ORD-0000338,2026-10-29,Eldoret,AGO,OMC_B,150.84,150.84,NORMAL,SYNTHETIC_SCENARIO
ORD-0000339,2026-10-29,Eldoret,AGO,OMC_C,508.29,508.29,NORMAL,SYNTHETIC_SCENARIO
ORD-0000340,2026-10-29,Eldoret,AGO,OMC_D,363.41,363.41,NORMAL,SYNTHETIC_SCENARIO
ORD-0000341,2026-10-29,Eldoret,AGO,OMC_E,323.85,323.85,NORMAL,SYNTHETIC_SCENARIO
ORD-0000342,2026-10-29,Eldoret,AGO,OMC_F,6.03,6.03,NORMAL,SYNTHETIC_SCENARIO
ORD-0000343,2026-10-30,Eldoret,AGO,OMC_A,1116.91,1116.91,NORMAL,SYNTHETIC_SCENARIO
ORD-0000344,2026-10-30,Eldoret,AGO,OMC_B,157.87,157.87,NORMAL,SYNTHETIC_SCENARIO
ORD-0000345,2026-10-30,Eldoret,AGO,OMC_C,85.35,85.35,NORMAL,SYNTHETIC_SCENARIO
ORD-0000346,2026-10-30,Eldoret,AGO,OMC_D,136.33,136.33,NORMAL,SYNTHETIC_SCENARIO
ORD-0000347,2026-10-30,Eldoret,AGO,OMC_E,122.53,122.53,NORMAL,SYNTHETIC_SCENARIO
ORD-0000348,2026-10-30,Eldoret,AGO,OMC_F,77.83,77.83,NORMAL,SYNTHETIC_SCENARIO
ORD-0000349,2026-10-31,Eldoret,AGO,OMC_A,380.43,380.43,NORMAL,SYNTHETIC_SCENARIO
ORD-0000350,2026-10-31,Eldoret,AGO,OMC_B,260.45,260.45,NORMAL,SYNTHETIC_SCENARIO
ORD-0000351,2026-10-31,Eldoret,AGO,OMC_C,61.87,61.87,NORMAL,SYNTHETIC_SCENARIO
ORD-0000352,2026-10-31,Eldoret,AGO,OMC_D,250.48,250.48,NORMAL,SYNTHETIC_SCENARIO
ORD-0000353,2026-10-31,Eldoret,AGO,OMC_E,208.9,208.9,NORMAL,SYNTHETIC_SCENARIO
ORD-0000354,2026-10-31,Eldoret,AGO,OMC_F,253.24,253.24,NORMAL,SYNTHETIC_SCENARIO
ORD-0000355,2026-11-01,Eldoret,AGO,OMC_A,431.68,431.68,NORMAL,SYNTHETIC_SCENARIO
ORD-0000356,2026-11-01,Eldoret,AGO,OMC_B,262.02,262.02,NORMAL,SYNTHETIC_SCENARIO
ORD-0000357,2026-11-01,Eldoret,AGO,OMC_C,166.06,166.06,NORMAL,SYNTHETIC_SCENARIO
ORD-0000358,2026-11-01,Eldoret,AGO,OMC_D,187.22,187.22,NORMAL,SYNTHETIC_SCENARIO
ORD-0000359,2026-11-01,Eldoret,AGO,OMC_E,2.45,2.45,NORMAL,SYNTHETIC_SCENARIO
ORD-0000360,2026-11-01,Eldoret,AGO,OMC_F,35.99,35.99,NORMAL,SYNTHETIC_SCENARIO
ORD-0000361,2026-11-02,Eldoret,AGO,OMC_A,150.2,150.2,NORMAL,SYNTHETIC_SCENARIO
ORD-0000362,2026-11-02,Eldoret,AGO,OMC_B,280.89,280.89,NORMAL,SYNTHETIC_SCENARIO
ORD-0000363,2026-11-02,Eldoret,AGO,OMC_C,203.97,203.97,NORMAL,SYNTHETIC_SCENARIO
ORD-0000364,2026-11-02,Eldoret,AGO,OMC_D,234.4,234.4,NORMAL,SYNTHETIC_SCENARIO
ORD-0000365,2026-11-02,Eldoret,AGO,OMC_E,151.0,151.0,NORMAL,SYNTHETIC_SCENARIO
ORD-0000366,2026-11-02,Eldoret,AGO,OMC_F,284.97,284.97,NORMAL,SYNTHETIC_SCENARIO
ORD-0000367,2026-11-03,Eldoret,AGO,OMC_A,400.57,400.57,NORMAL,SYNTHETIC_SCENARIO
ORD-0000368,2026-11-03,Eldoret,AGO,OMC_B,250.98,250.98,NORMAL,SYNTHETIC_SCENARIO
ORD-0000369,2026-11-03,Eldoret,AGO,OMC_C,179.92,179.92,HIGH,SYNTHETIC_SCENARIO
ORD-0000370,2026-11-03,Eldoret,AGO,OMC_D,91.11,91.11,NORMAL,SYNTHETIC_SCENARIO
ORD-0000371,2026-11-03,Eldoret,AGO,OMC_E,102.17,102.17,NORMAL,SYNTHETIC_SCENARIO
ORD-0000372,2026-11-03,Eldoret,AGO,OMC_F,271.16,271.16,NORMAL,SYNTHETIC_SCENARIO
ORD-0000373,2026-11-04,Eldoret,AGO,OMC_A,622.59,622.59,NORMAL,SYNTHETIC_SCENARIO
ORD-0000374,2026-11-04,Eldoret,AGO,OMC_B,128.31,128.31,NORMAL,SYNTHETIC_SCENARIO
ORD-0000375,2026-11-04,Eldoret,AGO,OMC_C,214.64,214.64,NORMAL,SYNTHETIC_SCENARIO
ORD-0000376,2026-11-04,Eldoret,AGO,OMC_D,184.14,184.14,NORMAL,SYNTHETIC_SCENARIO
ORD-0000377,2026-11-04,Eldoret,AGO,OMC_E,14.4,14.4,NORMAL,SYNTHETIC_SCENARIO
ORD-0000378,2026-11-04,Eldoret,AGO,OMC_F,105.73,105.73,NORMAL,SYNTHETIC_SCENARIO
ORD-0000379,2026-11-05,Eldoret,AGO,OMC_A,317.17,317.17,NORMAL,SYNTHETIC_SCENARIO
ORD-0000380,2026-11-05,Eldoret,AGO,OMC_B,61.26,61.26,NORMAL,SYNTHETIC_SCENARIO
ORD-0000381,2026-11-05,Eldoret,AGO,OMC_C,361.46,361.46,NORMAL,SYNTHETIC_SCENARIO
ORD-0000382,2026-11-05,Eldoret,AGO,OMC_D,83.58,83.58,NORMAL,SYNTHETIC_SCENARIO
ORD-0000383,2026-11-05,Eldoret,AGO,OMC_E,171.84,171.84,NORMAL,SYNTHETIC_SCENARIO
ORD-0000384,2026-11-05,Eldoret,AGO,OMC_F,165.23,165.23,NORMAL,SYNTHETIC_SCENARIO
ORD-0000385,2026-11-06,Eldoret,AGO,OMC_A,322.11,322.11,NORMAL,SYNTHETIC_SCENARIO
ORD-0000386,2026-11-06,Eldoret,AGO,OMC_B,602.52,602.52,NORMAL,SYNTHETIC_SCENARIO
ORD-0000387,2026-11-06,Eldoret,AGO,OMC_C,140.27,140.27,HIGH,SYNTHETIC_SCENARIO
ORD-0000388,2026-11-06,Eldoret,AGO,OMC_D,270.22,270.22,NORMAL,SYNTHETIC_SCENARIO
ORD-0000389,2026-11-06,Eldoret,AGO,OMC_E,10.28,10.28,NORMAL,SYNTHETIC_SCENARIO
ORD-0000390,2026-11-06,Eldoret,AGO,OMC_F,40.13,40.13,NORMAL,SYNTHETIC_SCENARIO
ORD-0000391,2026-11-07,Eldoret,AGO,OMC_A,502.08,502.08,NORMAL,SYNTHETIC_SCENARIO
ORD-0000392,2026-11-07,Eldoret,AGO,OMC_B,168.66,168.66,NORMAL,SYNTHETIC_SCENARIO
ORD-0000393,2026-11-07,Eldoret,AGO,OMC_C,67.93,67.93,NORMAL,SYNTHETIC_SCENARIO
ORD-0000394,2026-11-07,Eldoret,AGO,OMC_D,48.26,48.26,NORMAL,SYNTHETIC_SCENARIO
ORD-0000395,2026-11-07,Eldoret,AGO,OMC_E,289.94,289.94,NORMAL,SYNTHETIC_SCENARIO
ORD-0000396,2026-11-07,Eldoret,AGO,OMC_F,38.28,38.28,NORMAL,SYNTHETIC_SCENARIO
ORD-0000397,2026-11-08,Eldoret,AGO,OMC_A,275.56,275.56,NORMAL,SYNTHETIC_SCENARIO
ORD-0000398,2026-11-08,Eldoret,AGO,OMC_B,295.76,295.76,NORMAL,SYNTHETIC_SCENARIO
ORD-0000399,2026-11-08,Eldoret,AGO,OMC_C,103.19,103.19,NORMAL,SYNTHETIC_SCENARIO
ORD-0000400,2026-11-08,Eldoret,AGO,OMC_D,284.75,284.75,NORMAL,SYNTHETIC_SCENARIO
ORD-0000401,2026-11-08,Eldoret,AGO,OMC_E,161.07,161.07,NORMAL,SYNTHETIC_SCENARIO
ORD-0000402,2026-11-08,Eldoret,AGO,OMC_F,0.79,0.79,NORMAL,SYNTHETIC_SCENARIO
ORD-0000403,2026-11-09,Eldoret,AGO,OMC_A,488.11,488.11,NORMAL,SYNTHETIC_SCENARIO
ORD-0000404,2026-11-09,Eldoret,AGO,OMC_B,258.28,258.28,NORMAL,SYNTHETIC_SCENARIO
ORD-0000405,2026-11-09,Eldoret,AGO,OMC_C,60.8,60.8,NORMAL,SYNTHETIC_SCENARIO
ORD-0000406,2026-11-09,Eldoret,AGO,OMC_D,291.23,291.23,NORMAL,SYNTHETIC_SCENARIO
ORD-0000407,2026-11-09,Eldoret,AGO,OMC_E,159.54,159.54,NORMAL,SYNTHETIC_SCENARIO
ORD-0000408,2026-11-09,Eldoret,AGO,OMC_F,44.94,44.94,NORMAL,SYNTHETIC_SCENARIO
ORD-0000409,2026-11-10,Eldoret,AGO,OMC_A,224.95,224.95,NORMAL,SYNTHETIC_SCENARIO
ORD-0000410,2026-11-10,Eldoret,AGO,OMC_B,683.18,683.18,HIGH,SYNTHETIC_SCENARIO
ORD-0000411,2026-11-10,Eldoret,AGO,OMC_C,353.11,353.11,NORMAL,SYNTHETIC_SCENARIO
ORD-0000412,2026-11-10,Eldoret,AGO,OMC_D,45.43,45.43,NORMAL,SYNTHETIC_SCENARIO
ORD-0000413,2026-11-10,Eldoret,AGO,OMC_E,20.35,20.35,NORMAL,SYNTHETIC_SCENARIO
ORD-0000414,2026-11-10,Eldoret,AGO,OMC_F,45.59,45.59,HIGH,SYNTHETIC_SCENARIO
ORD-0000415,2026-11-11,Eldoret,AGO,OMC_A,354.09,354.09,NORMAL,SYNTHETIC_SCENARIO
ORD-0000416,2026-11-11,Eldoret,AGO,OMC_B,305.37,305.37,NORMAL,SYNTHETIC_SCENARIO
ORD-0000417,2026-11-11,Eldoret,AGO,OMC_C,174.61,174.61,NORMAL,SYNTHETIC_SCENARIO
ORD-0000418,2026-11-11,Eldoret,AGO,OMC_D,198.01,198.01,NORMAL,SYNTHETIC_SCENARIO
ORD-0000419,2026-11-11,Eldoret,AGO,OMC_E,150.3,150.3,NORMAL,SYNTHETIC_SCENARIO
ORD-0000420,2026-11-11,Eldoret,AGO,OMC_F,77.55,77.55,NORMAL,SYNTHETIC_SCENARIO
ORD-0000421,2026-11-12,Eldoret,AGO,OMC_A,422.15,422.15,NORMAL,SYNTHETIC_SCENARIO
ORD-0000422,2026-11-12,Eldoret,AGO,OMC_B,386.18,386.18,NORMAL,SYNTHETIC_SCENARIO
ORD-0000423,2026-11-12,Eldoret,AGO,OMC_C,125.37,125.37,NORMAL,SYNTHETIC_SCENARIO
ORD-0000424,2026-11-12,Eldoret,AGO,OMC_D,210.32,210.32,NORMAL,SYNTHETIC_SCENARIO
ORD-0000425,2026-11-12,Eldoret,AGO,OMC_E,49.63,49.63,NORMAL,SYNTHETIC_SCENARIO
ORD-0000426,2026-11-12,Eldoret,AGO,OMC_F,43.16,43.16,NORMAL,SYNTHETIC_SCENARIO
ORD-0000427,2026-11-13,Eldoret,AGO,OMC_A,346.79,346.79,NORMAL,SYNTHETIC_SCENARIO
ORD-0000428,2026-11-13,Eldoret,AGO,OMC_B,279.64,279.64,NORMAL,SYNTHETIC_SCENARIO
ORD-0000429,2026-11-13,Eldoret,AGO,OMC_C,139.86,139.86,NORMAL,SYNTHETIC_SCENARIO
ORD-0000430,2026-11-13,Eldoret,AGO,OMC_D,197.83,197.83,NORMAL,SYNTHETIC_SCENARIO
ORD-0000431,2026-11-13,Eldoret,AGO,OMC_E,42.26,42.26,NORMAL,SYNTHETIC_SCENARIO
ORD-0000432,2026-11-13,Eldoret,AGO,OMC_F,319.12,319.12,NORMAL,SYNTHETIC_SCENARIO
ORD-0000433,2026-11-14,Eldoret,AGO,OMC_A,213.73,213.73,NORMAL,SYNTHETIC_SCENARIO
ORD-0000434,2026-11-14,Eldoret,AGO,OMC_B,301.32,301.32,NORMAL,SYNTHETIC_SCENARIO
ORD-0000435,2026-11-14,Eldoret,AGO,OMC_C,52.46,52.46,NORMAL,SYNTHETIC_SCENARIO
ORD-0000436,2026-11-14,Eldoret,AGO,OMC_D,312.27,312.27,NORMAL,SYNTHETIC_SCENARIO
ORD-0000437,2026-11-14,Eldoret,AGO,OMC_E,193.6,193.6,NORMAL,SYNTHETIC_SCENARIO
ORD-0000438,2026-11-14,Eldoret,AGO,OMC_F,111.87,111.87,NORMAL,SYNTHETIC_SCENARIO
ORD-0000439,2026-11-15,Eldoret,AGO,OMC_A,65.56,65.56,NORMAL,SYNTHETIC_SCENARIO
ORD-0000440,2026-11-15,Eldoret,AGO,OMC_B,572.68,572.68,NORMAL,SYNTHETIC_SCENARIO
ORD-0000441,2026-11-15,Eldoret,AGO,OMC_C,76.08,76.08,NORMAL,SYNTHETIC_SCENARIO
ORD-0000442,2026-11-15,Eldoret,AGO,OMC_D,219.55,219.55,NORMAL,SYNTHETIC_SCENARIO
ORD-0000443,2026-11-15,Eldoret,AGO,OMC_E,25.34,25.34,NORMAL,SYNTHETIC_SCENARIO
ORD-0000444,2026-11-15,Eldoret,AGO,OMC_F,2.43,2.43,NORMAL,SYNTHETIC_SCENARIO
ORD-0000445,2026-11-16,Eldoret,AGO,OMC_A,525.78,525.78,NORMAL,SYNTHETIC_SCENARIO
ORD-0000446,2026-11-16,Eldoret,AGO,OMC_B,204.27,204.27,NORMAL,SYNTHETIC_SCENARIO
ORD-0000447,2026-11-16,Eldoret,AGO,OMC_C,103.49,103.49,NORMAL,SYNTHETIC_SCENARIO
ORD-0000448,2026-11-16,Eldoret,AGO,OMC_D,407.91,407.91,NORMAL,SYNTHETIC_SCENARIO
ORD-0000449,2026-11-16,Eldoret,AGO,OMC_E,23.93,23.93,NORMAL,SYNTHETIC_SCENARIO
ORD-0000450,2026-11-16,Eldoret,AGO,OMC_F,8.48,8.48,NORMAL,SYNTHETIC_SCENARIO
ORD-0000451,2026-11-17,Eldoret,AGO,OMC_A,255.46,255.46,HIGH,SYNTHETIC_SCENARIO
ORD-0000452,2026-11-17,Eldoret,AGO,OMC_B,164.26,164.26,NORMAL,SYNTHETIC_SCENARIO
ORD-0000453,2026-11-17,Eldoret,AGO,OMC_C,68.12,68.12,NORMAL,SYNTHETIC_SCENARIO
ORD-0000454,2026-11-17,Eldoret,AGO,OMC_D,433.42,433.42,NORMAL,SYNTHETIC_SCENARIO
ORD-0000455,2026-11-17,Eldoret,AGO,OMC_E,253.44,253.44,NORMAL,SYNTHETIC_SCENARIO
ORD-0000456,2026-11-17,Eldoret,AGO,OMC_F,64.32,64.32,NORMAL,SYNTHETIC_SCENARIO
ORD-0000457,2026-11-18,Eldoret,AGO,OMC_A,371.34,371.34,NORMAL,SYNTHETIC_SCENARIO
ORD-0000458,2026-11-18,Eldoret,AGO,OMC_B,107.75,107.75,HIGH,SYNTHETIC_SCENARIO
ORD-0000459,2026-11-18,Eldoret,AGO,OMC_C,555.03,555.03,NORMAL,SYNTHETIC_SCENARIO
ORD-0000460,2026-11-18,Eldoret,AGO,OMC_D,89.74,89.74,NORMAL,SYNTHETIC_SCENARIO
ORD-0000461,2026-11-18,Eldoret,AGO,OMC_E,69.78,69.78,NORMAL,SYNTHETIC_SCENARIO
ORD-0000462,2026-11-18,Eldoret,AGO,OMC_F,51.53,51.53,HIGH,SYNTHETIC_SCENARIO
ORD-0000463,2026-11-19,Eldoret,AGO,OMC_A,188.43,188.43,NORMAL,SYNTHETIC_SCENARIO
ORD-0000464,2026-11-19,Eldoret,AGO,OMC_B,240.44,240.44,NORMAL,SYNTHETIC_SCENARIO
ORD-0000465,2026-11-19,Eldoret,AGO,OMC_C,211.95,211.95,NORMAL,SYNTHETIC_SCENARIO
ORD-0000466,2026-11-19,Eldoret,AGO,OMC_D,260.79,260.79,NORMAL,SYNTHETIC_SCENARIO
ORD-0000467,2026-11-19,Eldoret,AGO,OMC_E,295.2,295.2,NORMAL,SYNTHETIC_SCENARIO
ORD-0000468,2026-11-19,Eldoret,AGO,OMC_F,102.78,102.78,NORMAL,SYNTHETIC_SCENARIO
ORD-0000469,2026-11-20,Eldoret,AGO,OMC_A,346.92,346.92,NORMAL,SYNTHETIC_SCENARIO
ORD-0000470,2026-11-20,Eldoret,AGO,OMC_B,377.0,377.0,NORMAL,SYNTHETIC_SCENARIO
ORD-0000471,2026-11-20,Eldoret,AGO,OMC_C,137.61,137.61,NORMAL,SYNTHETIC_SCENARIO
ORD-0000472,2026-11-20,Eldoret,AGO,OMC_D,137.73,137.73,NORMAL,SYNTHETIC_SCENARIO
ORD-0000473,2026-11-20,Eldoret,AGO,OMC_E,26.35,26.35,NORMAL,SYNTHETIC_SCENARIO
ORD-0000474,2026-11-20,Eldoret,AGO,OMC_F,297.7,297.7,NORMAL,SYNTHETIC_SCENARIO
ORD-0000475,2026-11-21,Eldoret,AGO,OMC_A,248.76,248.76,NORMAL,SYNTHETIC_SCENARIO
ORD-0000476,2026-11-21,Eldoret,AGO,OMC_B,60.84,60.84,NORMAL,SYNTHETIC_SCENARIO
ORD-0000477,2026-11-21,Eldoret,AGO,OMC_C,423.48,423.48,NORMAL,SYNTHETIC_SCENARIO
ORD-0000478,2026-11-21,Eldoret,AGO,OMC_D,225.13,225.13,NORMAL,SYNTHETIC_SCENARIO
ORD-0000479,2026-11-21,Eldoret,AGO,OMC_E,89.2,89.2,HIGH,SYNTHETIC_SCENARIO
ORD-0000480,2026-11-21,Eldoret,AGO,OMC_F,117.12,117.12,HIGH,SYNTHETIC_SCENARIO
ORD-0000481,2026-11-22,Eldoret,AGO,OMC_A,274.55,274.55,NORMAL,SYNTHETIC_SCENARIO
ORD-0000482,2026-11-22,Eldoret,AGO,OMC_B,436.69,436.69,NORMAL,SYNTHETIC_SCENARIO
ORD-0000483,2026-11-22,Eldoret,AGO,OMC_C,75.55,75.55,NORMAL,SYNTHETIC_SCENARIO
ORD-0000484,2026-11-22,Eldoret,AGO,OMC_D,122.24,122.24,NORMAL,SYNTHETIC_SCENARIO
ORD-0000485,2026-11-22,Eldoret,AGO,OMC_E,186.17,186.17,NORMAL,SYNTHETIC_SCENARIO
ORD-0000486,2026-11-22,Eldoret,AGO,OMC_F,2.26,2.26,NORMAL,SYNTHETIC_SCENARIO
ORD-0000487,2026-11-23,Eldoret,AGO,OMC_A,521.08,521.08,NORMAL,SYNTHETIC_SCENARIO
ORD-0000488,2026-11-23,Eldoret,AGO,OMC_B,292.23,292.23,NORMAL,SYNTHETIC_SCENARIO
ORD-0000489,2026-11-23,Eldoret,AGO,OMC_C,64.81,64.81,NORMAL,SYNTHETIC_SCENARIO
ORD-0000490,2026-11-23,Eldoret,AGO,OMC_D,249.16,249.16,NORMAL,SYNTHETIC_SCENARIO
ORD-0000491,2026-11-23,Eldoret,AGO,OMC_E,76.69,76.69,NORMAL,SYNTHETIC_SCENARIO
ORD-0000492,2026-11-23,Eldoret,AGO,OMC_F,54.83,54.83,NORMAL,SYNTHETIC_SCENARIO
ORD-0000493,2026-11-24,Eldoret,AGO,OMC_A,209.19,209.19,NORMAL,SYNTHETIC_SCENARIO
ORD-0000494,2026-11-24,Eldoret,AGO,OMC_B,173.86,173.86,NORMAL,SYNTHETIC_SCENARIO
ORD-0000495,2026-11-24,Eldoret,AGO,OMC_C,444.65,444.65,NORMAL,SYNTHETIC_SCENARIO
ORD-0000496,2026-11-24,Eldoret,AGO,OMC_D,83.38,83.38,NORMAL,SYNTHETIC_SCENARIO
ORD-0000497,2026-11-24,Eldoret,AGO,OMC_E,296.14,296.14,HIGH,SYNTHETIC_SCENARIO
ORD-0000498,2026-11-24,Eldoret,AGO,OMC_F,93.04,93.04,NORMAL,SYNTHETIC_SCENARIO
ORD-0000499,2026-11-25,Eldoret,AGO,OMC_A,188.99,188.99,NORMAL,SYNTHETIC_SCENARIO
ORD-0000500,2026-11-25,Eldoret,AGO,OMC_B,303.72,303.72,NORMAL,SYNTHETIC_SCENARIO
ORD-0000501,2026-11-25,Eldoret,AGO,OMC_C,184.93,184.93,NORMAL,SYNTHETIC_SCENARIO
ORD-0000502,2026-11-25,Eldoret,AGO,OMC_D,377.03,377.03,NORMAL,SYNTHETIC_SCENARIO
ORD-0000503,2026-11-25,Eldoret,AGO,OMC_E,311.92,311.92,NORMAL,SYNTHETIC_SCENARIO
ORD-0000504,2026-11-25,Eldoret,AGO,OMC_F,111.69,111.69,NORMAL,SYNTHETIC_SCENARIO
ORD-0000505,2026-11-26,Eldoret,AGO,OMC_A,109.29,109.29,NORMAL,SYNTHETIC_SCENARIO
ORD-0000506,2026-11-26,Eldoret,AGO,OMC_B,273.02,273.02,NORMAL,SYNTHETIC_SCENARIO
ORD-0000507,2026-11-26,Eldoret,AGO,OMC_C,202.1,202.1,NORMAL,SYNTHETIC_SCENARIO
ORD-0000508,2026-11-26,Eldoret,AGO,OMC_D,246.77,246.77,NORMAL,SYNTHETIC_SCENARIO
ORD-0000509,2026-11-26,Eldoret,AGO,OMC_E,111.91,111.91,NORMAL,SYNTHETIC_SCENARIO
ORD-0000510,2026-11-26,Eldoret,AGO,OMC_F,276.51,276.51,NORMAL,SYNTHETIC_SCENARIO
ORD-0000511,2026-11-27,Eldoret,AGO,OMC_A,353.14,353.14,NORMAL,SYNTHETIC_SCENARIO
ORD-0000512,2026-11-27,Eldoret,AGO,OMC_B,151.95,151.95,NORMAL,SYNTHETIC_SCENARIO
ORD-0000513,2026-11-27,Eldoret,AGO,OMC_C,345.73,345.73,NORMAL,SYNTHETIC_SCENARIO
ORD-0000514,2026-11-27,Eldoret,AGO,OMC_D,290.04,290.04,NORMAL,SYNTHETIC_SCENARIO
ORD-0000515,2026-11-27,Eldoret,AGO,OMC_E,17.39,17.39,NORMAL,SYNTHETIC_SCENARIO
ORD-0000516,2026-11-27,Eldoret,AGO,OMC_F,134.13,134.13,NORMAL,SYNTHETIC_SCENARIO
ORD-0000517,2026-11-28,Eldoret,AGO,OMC_A,253.09,253.09,NORMAL,SYNTHETIC_SCENARIO
ORD-0000518,2026-11-28,Eldoret,AGO,OMC_B,477.59,477.59,NORMAL,SYNTHETIC_SCENARIO
ORD-0000519,2026-11-28,Eldoret,AGO,OMC_C,255.75,255.75,NORMAL,SYNTHETIC_SCENARIO
ORD-0000520,2026-11-28,Eldoret,AGO,OMC_D,33.26,33.26,NORMAL,SYNTHETIC_SCENARIO
ORD-0000521,2026-11-28,Eldoret,AGO,OMC_E,229.26,229.26,NORMAL,SYNTHETIC_SCENARIO
ORD-0000522,2026-11-28,Eldoret,AGO,OMC_F,53.6,53.6,NORMAL,SYNTHETIC_SCENARIO
ORD-0000523,2026-11-29,Eldoret,AGO,OMC_A,536.23,536.23,NORMAL,SYNTHETIC_SCENARIO
ORD-0000524,2026-11-29,Eldoret,AGO,OMC_B,36.94,36.94,NORMAL,SYNTHETIC_SCENARIO
ORD-0000525,2026-11-29,Eldoret,AGO,OMC_C,151.31,151.31,NORMAL,SYNTHETIC_SCENARIO
ORD-0000526,2026-11-29,Eldoret,AGO,OMC_D,234.87,234.87,NORMAL,SYNTHETIC_SCENARIO
ORD-0000527,2026-11-29,Eldoret,AGO,OMC_E,132.5,132.5,NORMAL,SYNTHETIC_SCENARIO
ORD-0000528,2026-11-29,Eldoret,AGO,OMC_F,1.0,1.0,HIGH,SYNTHETIC_SCENARIO
ORD-0000529,2026-11-30,Eldoret,AGO,OMC_A,209.5,209.5,NORMAL,SYNTHETIC_SCENARIO
ORD-0000530,2026-11-30,Eldoret,AGO,OMC_B,290.03,290.03,NORMAL,SYNTHETIC_SCENARIO
ORD-0000531,2026-11-30,Eldoret,AGO,OMC_C,366.67,366.67,NORMAL,SYNTHETIC_SCENARIO
ORD-0000532,2026-11-30,Eldoret,AGO,OMC_D,122.04,122.04,NORMAL,SYNTHETIC_SCENARIO
ORD-0000533,2026-11-30,Eldoret,AGO,OMC_E,56.75,56.75,NORMAL,SYNTHETIC_SCENARIO
ORD-0000534,2026-11-30,Eldoret,AGO,OMC_F,75.38,75.38,NORMAL,SYNTHETIC_SCENARIO
ORD-0000535,2026-12-01,Eldoret,AGO,OMC_A,338.85,338.85,NORMAL,SYNTHETIC_SCENARIO
ORD-0000536,2026-12-01,Eldoret,AGO,OMC_B,425.06,425.06,NORMAL,SYNTHETIC_SCENARIO
ORD-0000537,2026-12-01,Eldoret,AGO,OMC_C,97.44,97.44,NORMAL,SYNTHETIC_SCENARIO
ORD-0000538,2026-12-01,Eldoret,AGO,OMC_D,78.43,78.43,NORMAL,SYNTHETIC_SCENARIO
ORD-0000539,2026-12-01,Eldoret,AGO,OMC_E,282.76,282.76,NORMAL,SYNTHETIC_SCENARIO
ORD-0000540,2026-12-01,Eldoret,AGO,OMC_F,52.33,52.33,NORMAL,SYNTHETIC_SCENARIO
ORD-0000541,2026-12-02,Eldoret,AGO,OMC_A,309.29,309.29,NORMAL,SYNTHETIC_SCENARIO
ORD-0000542,2026-12-02,Eldoret,AGO,OMC_B,350.35,350.35,NORMAL,SYNTHETIC_SCENARIO
ORD-0000543,2026-12-02,Eldoret,AGO,OMC_C,135.25,135.25,NORMAL,SYNTHETIC_SCENARIO
ORD-0000544,2026-12-02,Eldoret,AGO,OMC_D,164.93,164.93,NORMAL,SYNTHETIC_SCENARIO
ORD-0000545,2026-12-02,Eldoret,AGO,OMC_E,146.97,146.97,NORMAL,SYNTHETIC_SCENARIO
ORD-0000546,2026-12-02,Eldoret,AGO,OMC_F,29.98,29.98,NORMAL,SYNTHETIC_SCENARIO
ORD-0000547,2026-12-03,Eldoret,AGO,OMC_A,450.73,450.73,NORMAL,SYNTHETIC_SCENARIO
ORD-0000548,2026-12-03,Eldoret,AGO,OMC_B,217.7,217.7,NORMAL,SYNTHETIC_SCENARIO
ORD-0000549,2026-12-03,Eldoret,AGO,OMC_C,187.65,187.65,NORMAL,SYNTHETIC_SCENARIO
ORD-0000550,2026-12-03,Eldoret,AGO,OMC_D,85.19,85.19,NORMAL,SYNTHETIC_SCENARIO
ORD-0000551,2026-12-03,Eldoret,AGO,OMC_E,70.74,70.74,NORMAL,SYNTHETIC_SCENARIO
ORD-0000552,2026-12-03,Eldoret,AGO,OMC_F,249.06,249.06,NORMAL,SYNTHETIC_SCENARIO
ORD-0000553,2026-12-04,Eldoret,AGO,OMC_A,179.77,179.77,NORMAL,SYNTHETIC_SCENARIO
ORD-0000554,2026-12-04,Eldoret,AGO,OMC_B,457.42,457.42,NORMAL,SYNTHETIC_SCENARIO
ORD-0000555,2026-12-04,Eldoret,AGO,OMC_C,256.13,256.13,NORMAL,SYNTHETIC_SCENARIO
ORD-0000556,2026-12-04,Eldoret,AGO,OMC_D,351.53,351.53,NORMAL,SYNTHETIC_SCENARIO
ORD-0000557,2026-12-04,Eldoret,AGO,OMC_E,59.54,59.54,NORMAL,SYNTHETIC_SCENARIO
ORD-0000558,2026-12-04,Eldoret,AGO,OMC_F,127.34,127.34,NORMAL,SYNTHETIC_SCENARIO
ORD-0000559,2026-12-05,Eldoret,AGO,OMC_A,541.94,541.94,NORMAL,SYNTHETIC_SCENARIO
ORD-0000560,2026-12-05,Eldoret,AGO,OMC_B,158.83,158.83,NORMAL,SYNTHETIC_SCENARIO
ORD-0000561,2026-12-05,Eldoret,AGO,OMC_C,227.9,227.9,HIGH,SYNTHETIC_SCENARIO
ORD-0000562,2026-12-05,Eldoret,AGO,OMC_D,227.43,227.43,NORMAL,SYNTHETIC_SCENARIO
ORD-0000563,2026-12-05,Eldoret,AGO,OMC_E,32.42,32.42,NORMAL,SYNTHETIC_SCENARIO
ORD-0000564,2026-12-05,Eldoret,AGO,OMC_F,43.61,43.61,NORMAL,SYNTHETIC_SCENARIO
ORD-0000565,2026-12-06,Eldoret,AGO,OMC_A,150.97,150.97,NORMAL,SYNTHETIC_SCENARIO
ORD-0000566,2026-12-06,Eldoret,AGO,OMC_B,265.0,265.0,NORMAL,SYNTHETIC_SCENARIO
ORD-0000567,2026-12-06,Eldoret,AGO,OMC_C,205.16,205.16,NORMAL,SYNTHETIC_SCENARIO
ORD-0000568,2026-12-06,Eldoret,AGO,OMC_D,356.44,356.44,NORMAL,SYNTHETIC_SCENARIO
ORD-0000569,2026-12-06,Eldoret,AGO,OMC_E,72.52,72.52,NORMAL,SYNTHETIC_SCENARIO
ORD-0000570,2026-12-06,Eldoret,AGO,OMC_F,51.11,51.11,NORMAL,SYNTHETIC_SCENARIO
ORD-0000571,2026-12-07,Eldoret,AGO,OMC_A,549.39,549.39,NORMAL,SYNTHETIC_SCENARIO
ORD-0000572,2026-12-07,Eldoret,AGO,OMC_B,131.68,131.68,NORMAL,SYNTHETIC_SCENARIO
ORD-0000573,2026-12-07,Eldoret,AGO,OMC_C,303.45,303.45,NORMAL,SYNTHETIC_SCENARIO
ORD-0000574,2026-12-07,Eldoret,AGO,OMC_D,207.83,207.83,HIGH,SYNTHETIC_SCENARIO
ORD-0000575,2026-12-07,Eldoret,AGO,OMC_E,2.17,2.17,NORMAL,SYNTHETIC_SCENARIO
ORD-0000576,2026-12-07,Eldoret,AGO,OMC_F,46.82,46.82,NORMAL,SYNTHETIC_SCENARIO
ORD-0000577,2026-12-08,Eldoret,AGO,OMC_A,179.14,179.14,NORMAL,SYNTHETIC_SCENARIO
ORD-0000578,2026-12-08,Eldoret,AGO,OMC_B,387.73,387.73,NORMAL,SYNTHETIC_SCENARIO
ORD-0000579,2026-12-08,Eldoret,AGO,OMC_C,99.39,99.39,HIGH,SYNTHETIC_SCENARIO
ORD-0000580,2026-12-08,Eldoret,AGO,OMC_D,122.25,122.25,NORMAL,SYNTHETIC_SCENARIO
ORD-0000581,2026-12-08,Eldoret,AGO,OMC_E,42.46,42.46,NORMAL,SYNTHETIC_SCENARIO
ORD-0000582,2026-12-08,Eldoret,AGO,OMC_F,335.67,335.67,NORMAL,SYNTHETIC_SCENARIO
ORD-0000583,2026-12-09,Eldoret,AGO,OMC_A,624.25,624.25,NORMAL,SYNTHETIC_SCENARIO
ORD-0000584,2026-12-09,Eldoret,AGO,OMC_B,91.45,91.45,NORMAL,SYNTHETIC_SCENARIO
ORD-0000585,2026-12-09,Eldoret,AGO,OMC_C,21.24,21.24,NORMAL,SYNTHETIC_SCENARIO
ORD-0000586,2026-12-09,Eldoret,AGO,OMC_D,156.05,156.05,NORMAL,SYNTHETIC_SCENARIO
ORD-0000587,2026-12-09,Eldoret,AGO,OMC_E,207.1,207.1,NORMAL,SYNTHETIC_SCENARIO
ORD-0000588,2026-12-09,Eldoret,AGO,OMC_F,135.01,135.01,NORMAL,SYNTHETIC_SCENARIO
ORD-0000589,2026-12-10,Eldoret,AGO,OMC_A,335.45,335.45,NORMAL,SYNTHETIC_SCENARIO
ORD-0000590,2026-12-10,Eldoret,AGO,OMC_B,615.71,615.71,NORMAL,SYNTHETIC_SCENARIO
ORD-0000591,2026-12-10,Eldoret,AGO,OMC_C,94.04,94.04,NORMAL,SYNTHETIC_SCENARIO
ORD-0000592,2026-12-10,Eldoret,AGO,OMC_D,253.01,253.01,NORMAL,SYNTHETIC_SCENARIO
ORD-0000593,2026-12-10,Eldoret,AGO,OMC_E,19.29,19.29,NORMAL,SYNTHETIC_SCENARIO
ORD-0000594,2026-12-10,Eldoret,AGO,OMC_F,3.9,3.9,NORMAL,SYNTHETIC_SCENARIO
ORD-0000595,2026-12-11,Eldoret,AGO,OMC_A,266.02,266.02,NORMAL,SYNTHETIC_SCENARIO
ORD-0000596,2026-12-11,Eldoret,AGO,OMC_B,209.5,209.5,HIGH,SYNTHETIC_SCENARIO
ORD-0000597,2026-12-11,Eldoret,AGO,OMC_C,462.09,462.09,NORMAL,SYNTHETIC_SCENARIO
ORD-0000598,2026-12-11,Eldoret,AGO,OMC_D,57.26,57.26,NORMAL,SYNTHETIC_SCENARIO
ORD-0000599,2026-12-11,Eldoret,AGO,OMC_E,158.95,158.95,NORMAL,SYNTHETIC_SCENARIO
ORD-0000600,2026-12-11,Eldoret,AGO,OMC_F,73.09,73.09,NORMAL,SYNTHETIC_SCENARIO
ORD-0000601,2026-12-12,Eldoret,AGO,OMC_A,174.43,174.43,NORMAL,SYNTHETIC_SCENARIO
ORD-0000602,2026-12-12,Eldoret,AGO,OMC_B,90.3,90.3,NORMAL,SYNTHETIC_SCENARIO
ORD-0000603,2026-12-12,Eldoret,AGO,OMC_C,328.08,328.08,NORMAL,SYNTHETIC_SCENARIO
ORD-0000604,2026-12-12,Eldoret,AGO,OMC_D,447.6,447.6,NORMAL,SYNTHETIC_SCENARIO
ORD-0000605,2026-12-12,Eldoret,AGO,OMC_E,26.93,26.93,NORMAL,SYNTHETIC_SCENARIO
ORD-0000606,2026-12-12,Eldoret,AGO,OMC_F,118.67,118.67,NORMAL,SYNTHETIC_SCENARIO
ORD-0000607,2026-12-13,Eldoret,AGO,OMC_A,238.89,238.89,NORMAL,SYNTHETIC_SCENARIO
ORD-0000608,2026-12-13,Eldoret,AGO,OMC_B,344.36,344.36,NORMAL,SYNTHETIC_SCENARIO
ORD-0000609,2026-12-13,Eldoret,AGO,OMC_C,105.57,105.57,NORMAL,SYNTHETIC_SCENARIO
ORD-0000610,2026-12-13,Eldoret,AGO,OMC_D,131.51,131.51,NORMAL,SYNTHETIC_SCENARIO
ORD-0000611,2026-12-13,Eldoret,AGO,OMC_E,32.02,32.02,NORMAL,SYNTHETIC_SCENARIO
ORD-0000612,2026-12-13,Eldoret,AGO,OMC_F,115.11,115.11,HIGH,SYNTHETIC_SCENARIO
ORD-0000613,2026-12-14,Eldoret,AGO,OMC_A,444.5,444.5,NORMAL,SYNTHETIC_SCENARIO
ORD-0000614,2026-12-14,Eldoret,AGO,OMC_B,116.48,116.48,NORMAL,SYNTHETIC_SCENARIO
ORD-0000615,2026-12-14,Eldoret,AGO,OMC_C,132.06,132.06,NORMAL,SYNTHETIC_SCENARIO
ORD-0000616,2026-12-14,Eldoret,AGO,OMC_D,239.02,239.02,NORMAL,SYNTHETIC_SCENARIO
ORD-0000617,2026-12-14,Eldoret,AGO,OMC_E,95.94,95.94,HIGH,SYNTHETIC_SCENARIO
ORD-0000618,2026-12-14,Eldoret,AGO,OMC_F,238.43,238.43,NORMAL,SYNTHETIC_SCENARIO
ORD-0000619,2026-12-15,Eldoret,AGO,OMC_A,429.56,429.56,NORMAL,SYNTHETIC_SCENARIO
ORD-0000620,2026-12-15,Eldoret,AGO,OMC_B,118.57,118.57,HIGH,SYNTHETIC_SCENARIO
ORD-0000621,2026-12-15,Eldoret,AGO,OMC_C,254.34,254.34,NORMAL,SYNTHETIC_SCENARIO
ORD-0000622,2026-12-15,Eldoret,AGO,OMC_D,346.74,346.74,NORMAL,SYNTHETIC_SCENARIO
ORD-0000623,2026-12-15,Eldoret,AGO,OMC_E,50.59,50.59,NORMAL,SYNTHETIC_SCENARIO
ORD-0000624,2026-12-15,Eldoret,AGO,OMC_F,41.63,41.63,NORMAL,SYNTHETIC_SCENARIO
ORD-0000625,2026-12-16,Eldoret,AGO,OMC_A,764.81,764.81,NORMAL,SYNTHETIC_SCENARIO
ORD-0000626,2026-12-16,Eldoret,AGO,OMC_B,227.48,227.48,NORMAL,SYNTHETIC_SCENARIO
ORD-0000627,2026-12-16,Eldoret,AGO,OMC_C,146.53,146.53,HIGH,SYNTHETIC_SCENARIO
ORD-0000628,2026-12-16,Eldoret,AGO,OMC_D,147.88,147.88,NORMAL,SYNTHETIC_SCENARIO
ORD-0000629,2026-12-16,Eldoret,AGO,OMC_E,48.21,48.21,NORMAL,SYNTHETIC_SCENARIO
ORD-0000630,2026-12-16,Eldoret,AGO,OMC_F,52.18,52.18,HIGH,SYNTHETIC_SCENARIO
ORD-0000631,2026-12-17,Eldoret,AGO,OMC_A,73.46,73.46,NORMAL,SYNTHETIC_SCENARIO
ORD-0000632,2026-12-17,Eldoret,AGO,OMC_B,334.19,334.19,NORMAL,SYNTHETIC_SCENARIO
ORD-0000633,2026-12-17,Eldoret,AGO,OMC_C,77.69,77.69,NORMAL,SYNTHETIC_SCENARIO
ORD-0000634,2026-12-17,Eldoret,AGO,OMC_D,137.23,137.23,HIGH,SYNTHETIC_SCENARIO
ORD-0000635,2026-12-17,Eldoret,AGO,OMC_E,492.38,492.38,NORMAL,SYNTHETIC_SCENARIO
ORD-0000636,2026-12-17,Eldoret,AGO,OMC_F,195.06,195.06,NORMAL,SYNTHETIC_SCENARIO
ORD-0000637,2026-12-18,Eldoret,AGO,OMC_A,256.0,256.0,NORMAL,SYNTHETIC_SCENARIO
ORD-0000638,2026-12-18,Eldoret,AGO,OMC_B,585.72,585.72,NORMAL,SYNTHETIC_SCENARIO
ORD-0000639,2026-12-18,Eldoret,AGO,OMC_C,102.21,102.21,NORMAL,SYNTHETIC_SCENARIO
ORD-0000640,2026-12-18,Eldoret,AGO,OMC_D,279.22,279.22,NORMAL,SYNTHETIC_SCENARIO
ORD-0000641,2026-12-18,Eldoret,AGO,OMC_E,40.99,40.99,NORMAL,SYNTHETIC_SCENARIO
ORD-0000642,2026-12-18,Eldoret,AGO,OMC_F,25.75,25.75,NORMAL,SYNTHETIC_SCENARIO
ORD-0000643,2026-12-19,Eldoret,AGO,OMC_A,254.62,254.62,NORMAL,SYNTHETIC_SCENARIO
ORD-0000644,2026-12-19,Eldoret,AGO,OMC_B,341.57,341.57,NORMAL,SYNTHETIC_SCENARIO
ORD-0000645,2026-12-19,Eldoret,AGO,OMC_C,266.82,266.82,NORMAL,SYNTHETIC_SCENARIO
ORD-0000646,2026-12-19,Eldoret,AGO,OMC_D,124.39,124.39,NORMAL,SYNTHETIC_SCENARIO
ORD-0000647,2026-12-19,Eldoret,AGO,OMC_E,42.93,42.93,HIGH,SYNTHETIC_SCENARIO
ORD-0000648,2026-12-19,Eldoret,AGO,OMC_F,66.67,66.67,NORMAL,SYNTHETIC_SCENARIO
ORD-0000649,2026-12-20,Eldoret,AGO,OMC_A,185.71,185.71,NORMAL,SYNTHETIC_SCENARIO
ORD-0000650,2026-12-20,Eldoret,AGO,OMC_B,351.94,351.94,NORMAL,SYNTHETIC_SCENARIO
ORD-0000651,2026-12-20,Eldoret,AGO,OMC_C,136.68,136.68,HIGH,SYNTHETIC_SCENARIO
ORD-0000652,2026-12-20,Eldoret,AGO,OMC_D,111.05,111.05,NORMAL,SYNTHETIC_SCENARIO
ORD-0000653,2026-12-20,Eldoret,AGO,OMC_E,114.94,114.94,NORMAL,SYNTHETIC_SCENARIO
ORD-0000654,2026-12-20,Eldoret,AGO,OMC_F,131.75,131.75,NORMAL,SYNTHETIC_SCENARIO
ORD-0000655,2026-12-21,Eldoret,AGO,OMC_A,540.8,540.8,NORMAL,SYNTHETIC_SCENARIO
ORD-0000656,2026-12-21,Eldoret,AGO,OMC_B,436.25,436.25,NORMAL,SYNTHETIC_SCENARIO
ORD-0000657,2026-12-21,Eldoret,AGO,OMC_C,88.76,88.76,NORMAL,SYNTHETIC_SCENARIO
ORD-0000658,2026-12-21,Eldoret,AGO,OMC_D,243.07,243.07,NORMAL,SYNTHETIC_SCENARIO
ORD-0000659,2026-12-21,Eldoret,AGO,OMC_E,34.07,34.07,NORMAL,SYNTHETIC_SCENARIO
ORD-0000660,2026-12-21,Eldoret,AGO,OMC_F,4.03,4.03,NORMAL,SYNTHETIC_SCENARIO
ORD-0000661,2026-12-22,Eldoret,AGO,OMC_A,137.6,137.6,NORMAL,SYNTHETIC_SCENARIO
ORD-0000662,2026-12-22,Eldoret,AGO,OMC_B,399.6,399.6,NORMAL,SYNTHETIC_SCENARIO
ORD-0000663,2026-12-22,Eldoret,AGO,OMC_C,17.87,17.87,NORMAL,SYNTHETIC_SCENARIO
ORD-0000664,2026-12-22,Eldoret,AGO,OMC_D,63.55,63.55,NORMAL,SYNTHETIC_SCENARIO
ORD-0000665,2026-12-22,Eldoret,AGO,OMC_E,356.67,356.67,NORMAL,SYNTHETIC_SCENARIO
ORD-0000666,2026-12-22,Eldoret,AGO,OMC_F,264.18,264.18,NORMAL,SYNTHETIC_SCENARIO
ORD-0000667,2026-12-23,Eldoret,AGO,OMC_A,350.08,350.08,NORMAL,SYNTHETIC_SCENARIO
ORD-0000668,2026-12-23,Eldoret,AGO,OMC_B,298.59,298.59,NORMAL,SYNTHETIC_SCENARIO
ORD-0000669,2026-12-23,Eldoret,AGO,OMC_C,399.33,399.33,NORMAL,SYNTHETIC_SCENARIO
ORD-0000670,2026-12-23,Eldoret,AGO,OMC_D,99.83,99.83,NORMAL,SYNTHETIC_SCENARIO
ORD-0000671,2026-12-23,Eldoret,AGO,OMC_E,29.92,29.92,NORMAL,SYNTHETIC_SCENARIO
ORD-0000672,2026-12-23,Eldoret,AGO,OMC_F,43.76,43.76,NORMAL,SYNTHETIC_SCENARIO
ORD-0000673,2026-12-24,Eldoret,AGO,OMC_A,658.15,658.15,NORMAL,SYNTHETIC_SCENARIO
ORD-0000674,2026-12-24,Eldoret,AGO,OMC_B,121.73,121.73,NORMAL,SYNTHETIC_SCENARIO
ORD-0000675,2026-12-24,Eldoret,AGO,OMC_C,282.66,282.66,HIGH,SYNTHETIC_SCENARIO
ORD-0000676,2026-12-24,Eldoret,AGO,OMC_D,76.0,76.0,NORMAL,SYNTHETIC_SCENARIO
ORD-0000677,2026-12-24,Eldoret,AGO,OMC_E,6.53,6.53,NORMAL,SYNTHETIC_SCENARIO
ORD-0000678,2026-12-24,Eldoret,AGO,OMC_F,13.14,13.14,NORMAL,SYNTHETIC_SCENARIO
ORD-0000679,2026-12-25,Eldoret,AGO,OMC_A,359.34,359.34,NORMAL,SYNTHETIC_SCENARIO
ORD-0000680,2026-12-25,Eldoret,AGO,OMC_B,480.25,480.25,NORMAL,SYNTHETIC_SCENARIO
ORD-0000681,2026-12-25,Eldoret,AGO,OMC_C,224.3,224.3,NORMAL,SYNTHETIC_SCENARIO
ORD-0000682,2026-12-25,Eldoret,AGO,OMC_D,45.76,45.76,NORMAL,SYNTHETIC_SCENARIO
ORD-0000683,2026-12-25,Eldoret,AGO,OMC_E,172.42,172.42,HIGH,SYNTHETIC_SCENARIO
ORD-0000684,2026-12-25,Eldoret,AGO,OMC_F,22.02,22.02,NORMAL,SYNTHETIC_SCENARIO
ORD-0000685,2026-12-26,Eldoret,AGO,OMC_A,409.4,409.4,NORMAL,SYNTHETIC_SCENARIO
ORD-0000686,2026-12-26,Eldoret,AGO,OMC_B,165.5,165.5,HIGH,SYNTHETIC_SCENARIO
ORD-0000687,2026-12-26,Eldoret,AGO,OMC_C,133.27,133.27,NORMAL,SYNTHETIC_SCENARIO
ORD-0000688,2026-12-26,Eldoret,AGO,OMC_D,56.8,56.8,NORMAL,SYNTHETIC_SCENARIO
ORD-0000689,2026-12-26,Eldoret,AGO,OMC_E,126.33,126.33,NORMAL,SYNTHETIC_SCENARIO
ORD-0000690,2026-12-26,Eldoret,AGO,OMC_F,245.62,245.62,NORMAL,SYNTHETIC_SCENARIO
ORD-0000691,2026-12-27,Eldoret,AGO,OMC_A,295.77,295.77,NORMAL,SYNTHETIC_SCENARIO
ORD-0000692,2026-12-27,Eldoret,AGO,OMC_B,182.31,182.31,NORMAL,SYNTHETIC_SCENARIO
ORD-0000693,2026-12-27,Eldoret,AGO,OMC_C,143.8,143.8,NORMAL,SYNTHETIC_SCENARIO
ORD-0000694,2026-12-27,Eldoret,AGO,OMC_D,140.74,140.74,NORMAL,SYNTHETIC_SCENARIO
ORD-0000695,2026-12-27,Eldoret,AGO,OMC_E,27.99,27.99,NORMAL,SYNTHETIC_SCENARIO
ORD-0000696,2026-12-27,Eldoret,AGO,OMC_F,334.05,334.05,NORMAL,SYNTHETIC_SCENARIO
ORD-0000697,2026-12-28,Eldoret,AGO,OMC_A,373.07,373.07,HIGH,SYNTHETIC_SCENARIO
ORD-0000698,2026-12-28,Eldoret,AGO,OMC_B,275.94,275.94,NORMAL,SYNTHETIC_SCENARIO
ORD-0000699,2026-12-28,Eldoret,AGO,OMC_C,69.43,69.43,NORMAL,SYNTHETIC_SCENARIO
ORD-0000700,2026-12-28,Eldoret,AGO,OMC_D,375.17,375.17,NORMAL,SYNTHETIC_SCENARIO
ORD-0000701,2026-12-28,Eldoret,AGO,OMC_E,130.13,130.13,NORMAL,SYNTHETIC_SCENARIO
ORD-0000702,2026-12-28,Eldoret,AGO,OMC_F,2.83,2.83,NORMAL,SYNTHETIC_SCENARIO
ORD-0000703,2026-12-29,Eldoret,AGO,OMC_A,184.92,184.92,NORMAL,SYNTHETIC_SCENARIO
ORD-0000704,2026-12-29,Eldoret,AGO,OMC_B,255.32,255.32,NORMAL,SYNTHETIC_SCENARIO
ORD-0000705,2026-12-29,Eldoret,AGO,OMC_C,406.8,406.8,NORMAL,SYNTHETIC_SCENARIO
ORD-0000706,2026-12-29,Eldoret,AGO,OMC_D,174.63,174.63,NORMAL,SYNTHETIC_SCENARIO
ORD-0000707,2026-12-29,Eldoret,AGO,OMC_E,184.46,184.46,NORMAL,SYNTHETIC_SCENARIO
ORD-0000708,2026-12-29,Eldoret,AGO,OMC_F,53.89,53.89,NORMAL,SYNTHETIC_SCENARIO
ORD-0000709,2026-12-30,Eldoret,AGO,OMC_A,63.11,63.11,NORMAL,SYNTHETIC_SCENARIO
ORD-0000710,2026-12-30,Eldoret,AGO,OMC_B,449.8,449.8,NORMAL,SYNTHETIC_SCENARIO
ORD-0000711,2026-12-30,Eldoret,AGO,OMC_C,185.14,185.14,NORMAL,SYNTHETIC_SCENARIO
ORD-0000712,2026-12-30,Eldoret,AGO,OMC_D,275.18,275.18,NORMAL,SYNTHETIC_SCENARIO
ORD-0000713,2026-12-30,Eldoret,AGO,OMC_E,144.24,144.24,NORMAL,SYNTHETIC_SCENARIO
ORD-0000714,2026-12-30,Eldoret,AGO,OMC_F,123.1,123.1,NORMAL,SYNTHETIC_SCENARIO
ORD-0000715,2026-12-31,Eldoret,AGO,OMC_A,201.92,201.92,NORMAL,SYNTHETIC_SCENARIO
ORD-0000716,2026-12-31,Eldoret,AGO,OMC_B,479.81,479.81,NORMAL,SYNTHETIC_SCENARIO
ORD-0000717,2026-12-31,Eldoret,AGO,OMC_C,246.35,246.35,NORMAL,SYNTHETIC_SCENARIO
ORD-0000718,2026-12-31,Eldoret,AGO,OMC_D,8.0,8.0,HIGH,SYNTHETIC_SCENARIO
ORD-0000719,2026-12-31,Eldoret,AGO,OMC_E,98.87,98.87,NORMAL,SYNTHETIC_SCENARIO
ORD-0000720,2026-12-31,Eldoret,AGO,OMC_F,193.59,193.59,NORMAL,SYNTHETIC_SCENARIO
ORD-0000721,2026-09-03,Eldoret,DPK,OMC_A,1.51,1.51,NORMAL,SYNTHETIC_SCENARIO
ORD-0000722,2026-09-03,Eldoret,DPK,OMC_B,2.61,2.61,NORMAL,SYNTHETIC_SCENARIO
ORD-0000723,2026-09-03,Eldoret,DPK,OMC_C,5.7,5.7,NORMAL,SYNTHETIC_SCENARIO
ORD-0000724,2026-09-03,Eldoret,DPK,OMC_D,2.13,2.13,NORMAL,SYNTHETIC_SCENARIO
ORD-0000725,2026-09-03,Eldoret,DPK,OMC_E,0.5,0.5,NORMAL,SYNTHETIC_SCENARIO
ORD-0000726,2026-09-03,Eldoret,DPK,OMC_F,5.11,5.11,NORMAL,SYNTHETIC_SCENARIO
ORD-0000727,2026-09-04,Eldoret,DPK,OMC_A,4.64,4.64,HIGH,SYNTHETIC_SCENARIO
ORD-0000728,2026-09-04,Eldoret,DPK,OMC_B,2.34,2.34,NORMAL,SYNTHETIC_SCENARIO
ORD-0000729,2026-09-04,Eldoret,DPK,OMC_C,4.82,4.82,NORMAL,SYNTHETIC_SCENARIO
ORD-0000730,2026-09-04,Eldoret,DPK,OMC_D,0.46,0.46,NORMAL,SYNTHETIC_SCENARIO
ORD-0000731,2026-09-04,Eldoret,DPK,OMC_E,1.09,1.09,NORMAL,SYNTHETIC_SCENARIO
ORD-0000732,2026-09-04,Eldoret,DPK,OMC_F,3.99,3.99,NORMAL,SYNTHETIC_SCENARIO
ORD-0000733,2026-09-05,Eldoret,DPK,OMC_A,4.69,4.69,NORMAL,SYNTHETIC_SCENARIO
ORD-0000734,2026-09-05,Eldoret,DPK,OMC_B,6.18,6.18,NORMAL,SYNTHETIC_SCENARIO
ORD-0000735,2026-09-05,Eldoret,DPK,OMC_C,1.0,1.0,NORMAL,SYNTHETIC_SCENARIO
ORD-0000736,2026-09-05,Eldoret,DPK,OMC_D,1.2,1.2,NORMAL,SYNTHETIC_SCENARIO
ORD-0000737,2026-09-05,Eldoret,DPK,OMC_E,1.47,1.47,HIGH,SYNTHETIC_SCENARIO
ORD-0000738,2026-09-05,Eldoret,DPK,OMC_F,0.35,0.35,NORMAL,SYNTHETIC_SCENARIO
ORD-0000739,2026-09-06,Eldoret,DPK,OMC_A,3.92,3.92,NORMAL,SYNTHETIC_SCENARIO
ORD-0000740,2026-09-06,Eldoret,DPK,OMC_B,3.62,3.62,NORMAL,SYNTHETIC_SCENARIO
ORD-0000741,2026-09-06,Eldoret,DPK,OMC_C,3.09,3.09,NORMAL,SYNTHETIC_SCENARIO
ORD-0000742,2026-09-06,Eldoret,DPK,OMC_D,1.73,1.73,NORMAL,SYNTHETIC_SCENARIO
ORD-0000743,2026-09-06,Eldoret,DPK,OMC_E,0.87,0.87,NORMAL,SYNTHETIC_SCENARIO
ORD-0000744,2026-09-06,Eldoret,DPK,OMC_F,0.09,0.09,NORMAL,SYNTHETIC_SCENARIO
ORD-0000745,2026-09-07,Eldoret,DPK,OMC_A,2.31,2.31,NORMAL,SYNTHETIC_SCENARIO
ORD-0000746,2026-09-07,Eldoret,DPK,OMC_B,5.82,5.82,NORMAL,SYNTHETIC_SCENARIO
ORD-0000747,2026-09-07,Eldoret,DPK,OMC_C,1.9,1.9,NORMAL,SYNTHETIC_SCENARIO
ORD-0000748,2026-09-07,Eldoret,DPK,OMC_D,2.38,2.38,NORMAL,SYNTHETIC_SCENARIO
ORD-0000749,2026-09-07,Eldoret,DPK,OMC_E,2.36,2.36,HIGH,SYNTHETIC_SCENARIO
ORD-0000750,2026-09-07,Eldoret,DPK,OMC_F,1.6,1.6,NORMAL,SYNTHETIC_SCENARIO
ORD-0000751,2026-09-08,Eldoret,DPK,OMC_A,4.1,4.1,NORMAL,SYNTHETIC_SCENARIO
ORD-0000752,2026-09-08,Eldoret,DPK,OMC_B,2.53,2.53,NORMAL,SYNTHETIC_SCENARIO
ORD-0000753,2026-09-08,Eldoret,DPK,OMC_C,0.9,0.9,NORMAL,SYNTHETIC_SCENARIO
ORD-0000754,2026-09-08,Eldoret,DPK,OMC_D,8.76,8.76,NORMAL,SYNTHETIC_SCENARIO
ORD-0000755,2026-09-08,Eldoret,DPK,OMC_E,0.06,0.06,HIGH,SYNTHETIC_SCENARIO
ORD-0000756,2026-09-08,Eldoret,DPK,OMC_F,0.76,0.76,NORMAL,SYNTHETIC_SCENARIO
ORD-0000757,2026-09-09,Eldoret,DPK,OMC_A,3.82,3.82,NORMAL,SYNTHETIC_SCENARIO
ORD-0000758,2026-09-09,Eldoret,DPK,OMC_B,6.11,6.11,NORMAL,SYNTHETIC_SCENARIO
ORD-0000759,2026-09-09,Eldoret,DPK,OMC_C,0.67,0.67,HIGH,SYNTHETIC_SCENARIO
ORD-0000760,2026-09-09,Eldoret,DPK,OMC_D,1.72,1.72,HIGH,SYNTHETIC_SCENARIO
ORD-0000761,2026-09-09,Eldoret,DPK,OMC_E,1.73,1.73,NORMAL,SYNTHETIC_SCENARIO
ORD-0000762,2026-09-09,Eldoret,DPK,OMC_F,2.35,2.35,NORMAL,SYNTHETIC_SCENARIO
ORD-0000763,2026-09-10,Eldoret,DPK,OMC_A,6.79,6.79,NORMAL,SYNTHETIC_SCENARIO
ORD-0000764,2026-09-10,Eldoret,DPK,OMC_B,3.38,3.38,NORMAL,SYNTHETIC_SCENARIO
ORD-0000765,2026-09-10,Eldoret,DPK,OMC_C,2.62,2.62,NORMAL,SYNTHETIC_SCENARIO
ORD-0000766,2026-09-10,Eldoret,DPK,OMC_D,2.42,2.42,NORMAL,SYNTHETIC_SCENARIO
ORD-0000767,2026-09-10,Eldoret,DPK,OMC_E,2.03,2.03,NORMAL,SYNTHETIC_SCENARIO
ORD-0000768,2026-09-10,Eldoret,DPK,OMC_F,0.11,0.11,NORMAL,SYNTHETIC_SCENARIO
ORD-0000769,2026-09-11,Eldoret,DPK,OMC_A,4.16,4.16,NORMAL,SYNTHETIC_SCENARIO
ORD-0000770,2026-09-11,Eldoret,DPK,OMC_B,4.49,4.49,NORMAL,SYNTHETIC_SCENARIO
ORD-0000771,2026-09-11,Eldoret,DPK,OMC_C,6.36,6.36,NORMAL,SYNTHETIC_SCENARIO
ORD-0000772,2026-09-11,Eldoret,DPK,OMC_D,0.36,0.36,NORMAL,SYNTHETIC_SCENARIO
ORD-0000773,2026-09-11,Eldoret,DPK,OMC_E,1.62,1.62,HIGH,SYNTHETIC_SCENARIO
ORD-0000774,2026-09-11,Eldoret,DPK,OMC_F,0.88,0.88,NORMAL,SYNTHETIC_SCENARIO
ORD-0000775,2026-09-12,Eldoret,DPK,OMC_A,9.6,9.6,NORMAL,SYNTHETIC_SCENARIO
ORD-0000776,2026-09-12,Eldoret,DPK,OMC_B,0.6,0.6,NORMAL,SYNTHETIC_SCENARIO
ORD-0000777,2026-09-12,Eldoret,DPK,OMC_C,2.31,2.31,NORMAL,SYNTHETIC_SCENARIO
ORD-0000778,2026-09-12,Eldoret,DPK,OMC_D,1.48,1.48,NORMAL,SYNTHETIC_SCENARIO
ORD-0000779,2026-09-12,Eldoret,DPK,OMC_E,0.61,0.61,HIGH,SYNTHETIC_SCENARIO
ORD-0000780,2026-09-12,Eldoret,DPK,OMC_F,0.46,0.46,NORMAL,SYNTHETIC_SCENARIO
ORD-0000781,2026-09-13,Eldoret,DPK,OMC_A,3.9,3.9,NORMAL,SYNTHETIC_SCENARIO
ORD-0000782,2026-09-13,Eldoret,DPK,OMC_B,4.01,4.01,NORMAL,SYNTHETIC_SCENARIO
ORD-0000783,2026-09-13,Eldoret,DPK,OMC_C,2.94,2.94,NORMAL,SYNTHETIC_SCENARIO
ORD-0000784,2026-09-13,Eldoret,DPK,OMC_D,0.45,0.45,NORMAL,SYNTHETIC_SCENARIO
ORD-0000785,2026-09-13,Eldoret,DPK,OMC_E,2.14,2.14,NORMAL,SYNTHETIC_SCENARIO
ORD-0000786,2026-09-13,Eldoret,DPK,OMC_F,0.1,0.1,NORMAL,SYNTHETIC_SCENARIO
ORD-0000787,2026-09-14,Eldoret,DPK,OMC_A,2.19,2.19,NORMAL,SYNTHETIC_SCENARIO
ORD-0000788,2026-09-14,Eldoret,DPK,OMC_B,0.92,0.92,HIGH,SYNTHETIC_SCENARIO
ORD-0000789,2026-09-14,Eldoret,DPK,OMC_C,6.03,6.03,NORMAL,SYNTHETIC_SCENARIO
ORD-0000790,2026-09-14,Eldoret,DPK,OMC_D,5.3,5.3,NORMAL,SYNTHETIC_SCENARIO
ORD-0000791,2026-09-14,Eldoret,DPK,OMC_E,0.23,0.23,NORMAL,SYNTHETIC_SCENARIO
ORD-0000792,2026-09-14,Eldoret,DPK,OMC_F,0.74,0.74,NORMAL,SYNTHETIC_SCENARIO
ORD-0000793,2026-09-15,Eldoret,DPK,OMC_A,5.35,5.35,HIGH,SYNTHETIC_SCENARIO
ORD-0000794,2026-09-15,Eldoret,DPK,OMC_B,1.36,1.36,HIGH,SYNTHETIC_SCENARIO
ORD-0000795,2026-09-15,Eldoret,DPK,OMC_C,7.48,7.48,NORMAL,SYNTHETIC_SCENARIO
ORD-0000796,2026-09-15,Eldoret,DPK,OMC_D,0.28,0.28,NORMAL,SYNTHETIC_SCENARIO
ORD-0000797,2026-09-15,Eldoret,DPK,OMC_E,0.98,0.98,NORMAL,SYNTHETIC_SCENARIO
ORD-0000798,2026-09-15,Eldoret,DPK,OMC_F,0.23,0.23,NORMAL,SYNTHETIC_SCENARIO
ORD-0000799,2026-09-16,Eldoret,DPK,OMC_A,5.24,5.24,NORMAL,SYNTHETIC_SCENARIO
ORD-0000800,2026-09-16,Eldoret,DPK,OMC_B,4.07,4.07,NORMAL,SYNTHETIC_SCENARIO
ORD-0000801,2026-09-16,Eldoret,DPK,OMC_C,2.75,2.75,HIGH,SYNTHETIC_SCENARIO
ORD-0000802,2026-09-16,Eldoret,DPK,OMC_D,2.49,2.49,NORMAL,SYNTHETIC_SCENARIO
ORD-0000803,2026-09-16,Eldoret,DPK,OMC_E,0.18,0.18,NORMAL,SYNTHETIC_SCENARIO
ORD-0000804,2026-09-16,Eldoret,DPK,OMC_F,0.42,0.42,NORMAL,SYNTHETIC_SCENARIO
ORD-0000805,2026-09-17,Eldoret,DPK,OMC_A,5.29,5.29,NORMAL,SYNTHETIC_SCENARIO
ORD-0000806,2026-09-17,Eldoret,DPK,OMC_B,3.55,3.55,NORMAL,SYNTHETIC_SCENARIO
ORD-0000807,2026-09-17,Eldoret,DPK,OMC_C,1.24,1.24,NORMAL,SYNTHETIC_SCENARIO
ORD-0000808,2026-09-17,Eldoret,DPK,OMC_D,1.22,1.22,NORMAL,SYNTHETIC_SCENARIO
ORD-0000809,2026-09-17,Eldoret,DPK,OMC_E,4.66,4.66,NORMAL,SYNTHETIC_SCENARIO
ORD-0000810,2026-09-17,Eldoret,DPK,OMC_F,0.89,0.89,NORMAL,SYNTHETIC_SCENARIO
ORD-0000811,2026-09-18,Eldoret,DPK,OMC_A,4.3,4.3,NORMAL,SYNTHETIC_SCENARIO
ORD-0000812,2026-09-18,Eldoret,DPK,OMC_B,3.37,3.37,NORMAL,SYNTHETIC_SCENARIO
ORD-0000813,2026-09-18,Eldoret,DPK,OMC_C,0.34,0.34,NORMAL,SYNTHETIC_SCENARIO
ORD-0000814,2026-09-18,Eldoret,DPK,OMC_D,6.88,6.88,NORMAL,SYNTHETIC_SCENARIO
ORD-0000815,2026-09-18,Eldoret,DPK,OMC_E,0.4,0.4,NORMAL,SYNTHETIC_SCENARIO
ORD-0000816,2026-09-18,Eldoret,DPK,OMC_F,2.59,2.59,NORMAL,SYNTHETIC_SCENARIO
ORD-0000817,2026-09-19,Eldoret,DPK,OMC_A,4.84,4.84,NORMAL,SYNTHETIC_SCENARIO
ORD-0000818,2026-09-19,Eldoret,DPK,OMC_B,2.37,2.37,NORMAL,SYNTHETIC_SCENARIO
ORD-0000819,2026-09-19,Eldoret,DPK,OMC_C,1.07,1.07,NORMAL,SYNTHETIC_SCENARIO
ORD-0000820,2026-09-19,Eldoret,DPK,OMC_D,3.35,3.35,NORMAL,SYNTHETIC_SCENARIO
ORD-0000821,2026-09-19,Eldoret,DPK,OMC_E,0.14,0.14,NORMAL,SYNTHETIC_SCENARIO
ORD-0000822,2026-09-19,Eldoret,DPK,OMC_F,2.33,2.33,NORMAL,SYNTHETIC_SCENARIO
ORD-0000823,2026-09-20,Eldoret,DPK,OMC_A,3.67,3.67,NORMAL,SYNTHETIC_SCENARIO
ORD-0000824,2026-09-20,Eldoret,DPK,OMC_B,3.77,3.77,NORMAL,SYNTHETIC_SCENARIO
ORD-0000825,2026-09-20,Eldoret,DPK,OMC_C,1.07,1.07,NORMAL,SYNTHETIC_SCENARIO
ORD-0000826,2026-09-20,Eldoret,DPK,OMC_D,1.79,1.79,NORMAL,SYNTHETIC_SCENARIO
ORD-0000827,2026-09-20,Eldoret,DPK,OMC_E,0.28,0.28,NORMAL,SYNTHETIC_SCENARIO
ORD-0000828,2026-09-20,Eldoret,DPK,OMC_F,3.29,3.29,NORMAL,SYNTHETIC_SCENARIO
ORD-0000829,2026-09-21,Eldoret,DPK,OMC_A,4.18,4.18,NORMAL,SYNTHETIC_SCENARIO
ORD-0000830,2026-09-21,Eldoret,DPK,OMC_B,3.14,3.14,NORMAL,SYNTHETIC_SCENARIO
ORD-0000831,2026-09-21,Eldoret,DPK,OMC_C,3.53,3.53,NORMAL,SYNTHETIC_SCENARIO
ORD-0000832,2026-09-21,Eldoret,DPK,OMC_D,1.2,1.2,NORMAL,SYNTHETIC_SCENARIO
ORD-0000833,2026-09-21,Eldoret,DPK,OMC_E,3.32,3.32,NORMAL,SYNTHETIC_SCENARIO
ORD-0000834,2026-09-21,Eldoret,DPK,OMC_F,0.39,0.39,NORMAL,SYNTHETIC_SCENARIO
ORD-0000835,2026-09-22,Eldoret,DPK,OMC_A,4.46,4.46,NORMAL,SYNTHETIC_SCENARIO
ORD-0000836,2026-09-22,Eldoret,DPK,OMC_B,4.95,4.95,NORMAL,SYNTHETIC_SCENARIO
ORD-0000837,2026-09-22,Eldoret,DPK,OMC_C,1.74,1.74,NORMAL,SYNTHETIC_SCENARIO
ORD-0000838,2026-09-22,Eldoret,DPK,OMC_D,1.72,1.72,NORMAL,SYNTHETIC_SCENARIO
ORD-0000839,2026-09-22,Eldoret,DPK,OMC_E,1.95,1.95,NORMAL,SYNTHETIC_SCENARIO
ORD-0000840,2026-09-22,Eldoret,DPK,OMC_F,2.37,2.37,NORMAL,SYNTHETIC_SCENARIO
ORD-0000841,2026-09-23,Eldoret,DPK,OMC_A,2.89,2.89,NORMAL,SYNTHETIC_SCENARIO
ORD-0000842,2026-09-23,Eldoret,DPK,OMC_B,8.45,8.45,NORMAL,SYNTHETIC_SCENARIO
ORD-0000843,2026-09-23,Eldoret,DPK,OMC_C,0.44,0.44,NORMAL,SYNTHETIC_SCENARIO
ORD-0000844,2026-09-23,Eldoret,DPK,OMC_D,1.98,1.98,NORMAL,SYNTHETIC_SCENARIO
ORD-0000845,2026-09-23,Eldoret,DPK,OMC_E,1.58,1.58,NORMAL,SYNTHETIC_SCENARIO
ORD-0000846,2026-09-23,Eldoret,DPK,OMC_F,1.0,1.0,NORMAL,SYNTHETIC_SCENARIO
ORD-0000847,2026-09-24,Eldoret,DPK,OMC_A,5.05,5.05,NORMAL,SYNTHETIC_SCENARIO
ORD-0000848,2026-09-24,Eldoret,DPK,OMC_B,2.98,2.98,NORMAL,SYNTHETIC_SCENARIO
ORD-0000849,2026-09-24,Eldoret,DPK,OMC_C,2.91,2.91,NORMAL,SYNTHETIC_SCENARIO
ORD-0000850,2026-09-24,Eldoret,DPK,OMC_D,4.36,4.36,NORMAL,SYNTHETIC_SCENARIO
ORD-0000851,2026-09-24,Eldoret,DPK,OMC_E,0.79,0.79,NORMAL,SYNTHETIC_SCENARIO
ORD-0000852,2026-09-24,Eldoret,DPK,OMC_F,0.53,0.53,NORMAL,SYNTHETIC_SCENARIO
ORD-0000853,2026-09-25,Eldoret,DPK,OMC_A,6.02,6.02,NORMAL,SYNTHETIC_SCENARIO
ORD-0000854,2026-09-25,Eldoret,DPK,OMC_B,0.42,0.42,NORMAL,SYNTHETIC_SCENARIO
ORD-0000855,2026-09-25,Eldoret,DPK,OMC_C,3.63,3.63,NORMAL,SYNTHETIC_SCENARIO
ORD-0000856,2026-09-25,Eldoret,DPK,OMC_D,3.9,3.9,NORMAL,SYNTHETIC_SCENARIO
ORD-0000857,2026-09-25,Eldoret,DPK,OMC_E,2.24,2.24,NORMAL,SYNTHETIC_SCENARIO
ORD-0000858,2026-09-25,Eldoret,DPK,OMC_F,0.21,0.21,NORMAL,SYNTHETIC_SCENARIO
ORD-0000859,2026-09-26,Eldoret,DPK,OMC_A,7.14,7.14,NORMAL,SYNTHETIC_SCENARIO
ORD-0000860,2026-09-26,Eldoret,DPK,OMC_B,1.34,1.34,NORMAL,SYNTHETIC_SCENARIO
ORD-0000861,2026-09-26,Eldoret,DPK,OMC_C,2.2,2.2,NORMAL,SYNTHETIC_SCENARIO
ORD-0000862,2026-09-26,Eldoret,DPK,OMC_D,2.02,2.02,NORMAL,SYNTHETIC_SCENARIO
ORD-0000863,2026-09-26,Eldoret,DPK,OMC_E,1.87,1.87,NORMAL,SYNTHETIC_SCENARIO
ORD-0000864,2026-09-26,Eldoret,DPK,OMC_F,0.19,0.19,HIGH,SYNTHETIC_SCENARIO
ORD-0000865,2026-09-27,Eldoret,DPK,OMC_A,3.67,3.67,NORMAL,SYNTHETIC_SCENARIO
ORD-0000866,2026-09-27,Eldoret,DPK,OMC_B,1.1,1.1,NORMAL,SYNTHETIC_SCENARIO
ORD-0000867,2026-09-27,Eldoret,DPK,OMC_C,4.75,4.75,NORMAL,SYNTHETIC_SCENARIO
ORD-0000868,2026-09-27,Eldoret,DPK,OMC_D,2.12,2.12,HIGH,SYNTHETIC_SCENARIO
ORD-0000869,2026-09-27,Eldoret,DPK,OMC_E,0.55,0.55,NORMAL,SYNTHETIC_SCENARIO
ORD-0000870,2026-09-27,Eldoret,DPK,OMC_F,0.41,0.41,NORMAL,SYNTHETIC_SCENARIO
ORD-0000871,2026-09-28,Eldoret,DPK,OMC_A,1.19,1.19,NORMAL,SYNTHETIC_SCENARIO
ORD-0000872,2026-09-28,Eldoret,DPK,OMC_B,4.54,4.54,NORMAL,SYNTHETIC_SCENARIO
ORD-0000873,2026-09-28,Eldoret,DPK,OMC_C,3.27,3.27,NORMAL,SYNTHETIC_SCENARIO
ORD-0000874,2026-09-28,Eldoret,DPK,OMC_D,2.75,2.75,NORMAL,SYNTHETIC_SCENARIO
ORD-0000875,2026-09-28,Eldoret,DPK,OMC_E,2.64,2.64,NORMAL,SYNTHETIC_SCENARIO
ORD-0000876,2026-09-28,Eldoret,DPK,OMC_F,1.4,1.4,NORMAL,SYNTHETIC_SCENARIO
ORD-0000877,2026-09-29,Eldoret,DPK,OMC_A,6.27,6.27,NORMAL,SYNTHETIC_SCENARIO
ORD-0000878,2026-09-29,Eldoret,DPK,OMC_B,4.36,4.36,NORMAL,SYNTHETIC_SCENARIO
ORD-0000879,2026-09-29,Eldoret,DPK,OMC_C,1.19,1.19,NORMAL,SYNTHETIC_SCENARIO
ORD-0000880,2026-09-29,Eldoret,DPK,OMC_D,1.6,1.6,NORMAL,SYNTHETIC_SCENARIO
ORD-0000881,2026-09-29,Eldoret,DPK,OMC_E,0.18,0.18,NORMAL,SYNTHETIC_SCENARIO
ORD-0000882,2026-09-29,Eldoret,DPK,OMC_F,1.71,1.71,NORMAL,SYNTHETIC_SCENARIO
ORD-0000883,2026-09-30,Eldoret,DPK,OMC_A,3.19,3.19,NORMAL,SYNTHETIC_SCENARIO
ORD-0000884,2026-09-30,Eldoret,DPK,OMC_B,2.93,2.93,HIGH,SYNTHETIC_SCENARIO
ORD-0000885,2026-09-30,Eldoret,DPK,OMC_C,3.41,3.41,NORMAL,SYNTHETIC_SCENARIO
ORD-0000886,2026-09-30,Eldoret,DPK,OMC_D,2.45,2.45,NORMAL,SYNTHETIC_SCENARIO
ORD-0000887,2026-09-30,Eldoret,DPK,OMC_E,3.97,3.97,NORMAL,SYNTHETIC_SCENARIO
ORD-0000888,2026-09-30,Eldoret,DPK,OMC_F,0.39,0.39,NORMAL,SYNTHETIC_SCENARIO
ORD-0000889,2026-10-01,Eldoret,DPK,OMC_A,7.04,7.04,NORMAL,SYNTHETIC_SCENARIO
ORD-0000890,2026-10-01,Eldoret,DPK,OMC_B,6.51,6.51,NORMAL,SYNTHETIC_SCENARIO
ORD-0000891,2026-10-01,Eldoret,DPK,OMC_C,0.98,0.98,NORMAL,SYNTHETIC_SCENARIO
ORD-0000892,2026-10-01,Eldoret,DPK,OMC_D,1.6,1.6,NORMAL,SYNTHETIC_SCENARIO
ORD-0000893,2026-10-01,Eldoret,DPK,OMC_E,0.96,0.96,NORMAL,SYNTHETIC_SCENARIO
ORD-0000894,2026-10-01,Eldoret,DPK,OMC_F,0.91,0.91,NORMAL,SYNTHETIC_SCENARIO
ORD-0000895,2026-10-02,Eldoret,DPK,OMC_A,0.88,0.88,NORMAL,SYNTHETIC_SCENARIO
ORD-0000896,2026-10-02,Eldoret,DPK,OMC_B,8.23,8.23,NORMAL,SYNTHETIC_SCENARIO
ORD-0000897,2026-10-02,Eldoret,DPK,OMC_C,5.75,5.75,NORMAL,SYNTHETIC_SCENARIO
ORD-0000898,2026-10-02,Eldoret,DPK,OMC_D,0.76,0.76,NORMAL,SYNTHETIC_SCENARIO
ORD-0000899,2026-10-02,Eldoret,DPK,OMC_E,0.75,0.75,NORMAL,SYNTHETIC_SCENARIO
ORD-0000900,2026-10-02,Eldoret,DPK,OMC_F,1.0,1.0,NORMAL,SYNTHETIC_SCENARIO
ORD-0000901,2026-10-03,Eldoret,DPK,OMC_A,3.88,3.88,NORMAL,SYNTHETIC_SCENARIO
ORD-0000902,2026-10-03,Eldoret,DPK,OMC_B,3.3,3.3,NORMAL,SYNTHETIC_SCENARIO
ORD-0000903,2026-10-03,Eldoret,DPK,OMC_C,6.2,6.2,NORMAL,SYNTHETIC_SCENARIO
ORD-0000904,2026-10-03,Eldoret,DPK,OMC_D,0.96,0.96,NORMAL,SYNTHETIC_SCENARIO
ORD-0000905,2026-10-03,Eldoret,DPK,OMC_E,0.15,0.15,NORMAL,SYNTHETIC_SCENARIO
ORD-0000906,2026-10-03,Eldoret,DPK,OMC_F,1.55,1.55,NORMAL,SYNTHETIC_SCENARIO
ORD-0000907,2026-10-04,Eldoret,DPK,OMC_A,2.07,2.07,NORMAL,SYNTHETIC_SCENARIO
ORD-0000908,2026-10-04,Eldoret,DPK,OMC_B,1.17,1.17,NORMAL,SYNTHETIC_SCENARIO
ORD-0000909,2026-10-04,Eldoret,DPK,OMC_C,5.31,5.31,NORMAL,SYNTHETIC_SCENARIO
ORD-0000910,2026-10-04,Eldoret,DPK,OMC_D,2.11,2.11,NORMAL,SYNTHETIC_SCENARIO
ORD-0000911,2026-10-04,Eldoret,DPK,OMC_E,2.71,2.71,NORMAL,SYNTHETIC_SCENARIO
ORD-0000912,2026-10-04,Eldoret,DPK,OMC_F,0.54,0.54,NORMAL,SYNTHETIC_SCENARIO
ORD-0000913,2026-10-05,Eldoret,DPK,OMC_A,3.96,3.96,HIGH,SYNTHETIC_SCENARIO
ORD-0000914,2026-10-05,Eldoret,DPK,OMC_B,2.8,2.8,NORMAL,SYNTHETIC_SCENARIO
ORD-0000915,2026-10-05,Eldoret,DPK,OMC_C,1.34,1.34,NORMAL,SYNTHETIC_SCENARIO
ORD-0000916,2026-10-05,Eldoret,DPK,OMC_D,3.54,3.54,HIGH,SYNTHETIC_SCENARIO
ORD-0000917,2026-10-05,Eldoret,DPK,OMC_E,2.63,2.63,NORMAL,SYNTHETIC_SCENARIO
ORD-0000918,2026-10-05,Eldoret,DPK,OMC_F,3.19,3.19,NORMAL,SYNTHETIC_SCENARIO
ORD-0000919,2026-10-06,Eldoret,DPK,OMC_A,3.98,3.98,NORMAL,SYNTHETIC_SCENARIO
ORD-0000920,2026-10-06,Eldoret,DPK,OMC_B,3.27,3.27,NORMAL,SYNTHETIC_SCENARIO
ORD-0000921,2026-10-06,Eldoret,DPK,OMC_C,5.02,5.02,NORMAL,SYNTHETIC_SCENARIO
ORD-0000922,2026-10-06,Eldoret,DPK,OMC_D,3.54,3.54,NORMAL,SYNTHETIC_SCENARIO
ORD-0000923,2026-10-06,Eldoret,DPK,OMC_E,0.74,0.74,NORMAL,SYNTHETIC_SCENARIO
ORD-0000924,2026-10-06,Eldoret,DPK,OMC_F,0.68,0.68,NORMAL,SYNTHETIC_SCENARIO
ORD-0000925,2026-10-07,Eldoret,DPK,OMC_A,1.55,1.55,NORMAL,SYNTHETIC_SCENARIO
ORD-0000926,2026-10-07,Eldoret,DPK,OMC_B,4.95,4.95,NORMAL,SYNTHETIC_SCENARIO
ORD-0000927,2026-10-07,Eldoret,DPK,OMC_C,2.75,2.75,NORMAL,SYNTHETIC_SCENARIO
ORD-0000928,2026-10-07,Eldoret,DPK,OMC_D,1.68,1.68,NORMAL,SYNTHETIC_SCENARIO
ORD-0000929,2026-10-07,Eldoret,DPK,OMC_E,3.45,3.45,HIGH,SYNTHETIC_SCENARIO
ORD-0000930,2026-10-07,Eldoret,DPK,OMC_F,2.27,2.27,NORMAL,SYNTHETIC_SCENARIO
ORD-0000931,2026-10-08,Eldoret,DPK,OMC_A,3.08,3.08,NORMAL,SYNTHETIC_SCENARIO
ORD-0000932,2026-10-08,Eldoret,DPK,OMC_B,5.37,5.37,NORMAL,SYNTHETIC_SCENARIO
ORD-0000933,2026-10-08,Eldoret,DPK,OMC_C,3.05,3.05,NORMAL,SYNTHETIC_SCENARIO
ORD-0000934,2026-10-08,Eldoret,DPK,OMC_D,0.98,0.98,HIGH,SYNTHETIC_SCENARIO
ORD-0000935,2026-10-08,Eldoret,DPK,OMC_E,2.16,2.16,NORMAL,SYNTHETIC_SCENARIO
ORD-0000936,2026-10-08,Eldoret,DPK,OMC_F,2.29,2.29,NORMAL,SYNTHETIC_SCENARIO
ORD-0000937,2026-10-09,Eldoret,DPK,OMC_A,2.7,2.7,NORMAL,SYNTHETIC_SCENARIO
ORD-0000938,2026-10-09,Eldoret,DPK,OMC_B,3.14,3.14,NORMAL,SYNTHETIC_SCENARIO
ORD-0000939,2026-10-09,Eldoret,DPK,OMC_C,3.02,3.02,NORMAL,SYNTHETIC_SCENARIO
ORD-0000940,2026-10-09,Eldoret,DPK,OMC_D,6.08,6.08,NORMAL,SYNTHETIC_SCENARIO
ORD-0000941,2026-10-09,Eldoret,DPK,OMC_E,1.74,1.74,NORMAL,SYNTHETIC_SCENARIO
ORD-0000942,2026-10-09,Eldoret,DPK,OMC_F,0.93,0.93,NORMAL,SYNTHETIC_SCENARIO
ORD-0000943,2026-10-10,Eldoret,DPK,OMC_A,1.91,1.91,NORMAL,SYNTHETIC_SCENARIO
ORD-0000944,2026-10-10,Eldoret,DPK,OMC_B,7.04,7.04,HIGH,SYNTHETIC_SCENARIO
ORD-0000945,2026-10-10,Eldoret,DPK,OMC_C,3.06,3.06,NORMAL,SYNTHETIC_SCENARIO
ORD-0000946,2026-10-10,Eldoret,DPK,OMC_D,3.02,3.02,NORMAL,SYNTHETIC_SCENARIO
ORD-0000947,2026-10-10,Eldoret,DPK,OMC_E,0.01,0.01,NORMAL,SYNTHETIC_SCENARIO
ORD-0000948,2026-10-10,Eldoret,DPK,OMC_F,0.15,0.15,NORMAL,SYNTHETIC_SCENARIO
ORD-0000949,2026-10-11,Eldoret,DPK,OMC_A,4.17,4.17,NORMAL,SYNTHETIC_SCENARIO
ORD-0000950,2026-10-11,Eldoret,DPK,OMC_B,4.13,4.13,NORMAL,SYNTHETIC_SCENARIO
ORD-0000951,2026-10-11,Eldoret,DPK,OMC_C,3.04,3.04,NORMAL,SYNTHETIC_SCENARIO
ORD-0000952,2026-10-11,Eldoret,DPK,OMC_D,2.73,2.73,NORMAL,SYNTHETIC_SCENARIO
ORD-0000953,2026-10-11,Eldoret,DPK,OMC_E,0.64,0.64,NORMAL,SYNTHETIC_SCENARIO
ORD-0000954,2026-10-11,Eldoret,DPK,OMC_F,0.26,0.26,NORMAL,SYNTHETIC_SCENARIO
ORD-0000955,2026-10-12,Eldoret,DPK,OMC_A,3.47,3.47,NORMAL,SYNTHETIC_SCENARIO
ORD-0000956,2026-10-12,Eldoret,DPK,OMC_B,2.52,2.52,NORMAL,SYNTHETIC_SCENARIO
ORD-0000957,2026-10-12,Eldoret,DPK,OMC_C,8.5,8.5,NORMAL,SYNTHETIC_SCENARIO
ORD-0000958,2026-10-12,Eldoret,DPK,OMC_D,2.24,2.24,NORMAL,SYNTHETIC_SCENARIO
ORD-0000959,2026-10-12,Eldoret,DPK,OMC_E,0.87,0.87,NORMAL,SYNTHETIC_SCENARIO
ORD-0000960,2026-10-12,Eldoret,DPK,OMC_F,0.22,0.22,NORMAL,SYNTHETIC_SCENARIO
ORD-0000961,2026-10-13,Eldoret,DPK,OMC_A,8.6,8.6,NORMAL,SYNTHETIC_SCENARIO
ORD-0000962,2026-10-13,Eldoret,DPK,OMC_B,5.6,5.6,NORMAL,SYNTHETIC_SCENARIO
ORD-0000963,2026-10-13,Eldoret,DPK,OMC_C,0.87,0.87,NORMAL,SYNTHETIC_SCENARIO
ORD-0000964,2026-10-13,Eldoret,DPK,OMC_D,0.98,0.98,NORMAL,SYNTHETIC_SCENARIO
ORD-0000965,2026-10-13,Eldoret,DPK,OMC_E,0.66,0.66,NORMAL,SYNTHETIC_SCENARIO
ORD-0000966,2026-10-13,Eldoret,DPK,OMC_F,0.46,0.46,NORMAL,SYNTHETIC_SCENARIO
ORD-0000967,2026-10-14,Eldoret,DPK,OMC_A,3.21,3.21,HIGH,SYNTHETIC_SCENARIO
ORD-0000968,2026-10-14,Eldoret,DPK,OMC_B,3.05,3.05,NORMAL,SYNTHETIC_SCENARIO
ORD-0000969,2026-10-14,Eldoret,DPK,OMC_C,5.91,5.91,NORMAL,SYNTHETIC_SCENARIO
ORD-0000970,2026-10-14,Eldoret,DPK,OMC_D,4.67,4.67,NORMAL,SYNTHETIC_SCENARIO
ORD-0000971,2026-10-14,Eldoret,DPK,OMC_E,0.28,0.28,NORMAL,SYNTHETIC_SCENARIO
ORD-0000972,2026-10-14,Eldoret,DPK,OMC_F,0.21,0.21,HIGH,SYNTHETIC_SCENARIO
ORD-0000973,2026-10-15,Eldoret,DPK,OMC_A,6.55,6.55,NORMAL,SYNTHETIC_SCENARIO
ORD-0000974,2026-10-15,Eldoret,DPK,OMC_B,4.35,4.35,NORMAL,SYNTHETIC_SCENARIO
ORD-0000975,2026-10-15,Eldoret,DPK,OMC_C,2.47,2.47,NORMAL,SYNTHETIC_SCENARIO
ORD-0000976,2026-10-15,Eldoret,DPK,OMC_D,1.36,1.36,NORMAL,SYNTHETIC_SCENARIO
ORD-0000977,2026-10-15,Eldoret,DPK,OMC_E,0.83,0.83,HIGH,SYNTHETIC_SCENARIO
ORD-0000978,2026-10-15,Eldoret,DPK,OMC_F,1.65,1.65,NORMAL,SYNTHETIC_SCENARIO
ORD-0000979,2026-10-16,Eldoret,DPK,OMC_A,4.33,4.33,NORMAL,SYNTHETIC_SCENARIO
ORD-0000980,2026-10-16,Eldoret,DPK,OMC_B,0.49,0.49,NORMAL,SYNTHETIC_SCENARIO
ORD-0000981,2026-10-16,Eldoret,DPK,OMC_C,3.0,3.0,NORMAL,SYNTHETIC_SCENARIO
ORD-0000982,2026-10-16,Eldoret,DPK,OMC_D,4.76,4.76,NORMAL,SYNTHETIC_SCENARIO
ORD-0000983,2026-10-16,Eldoret,DPK,OMC_E,4.94,4.94,NORMAL,SYNTHETIC_SCENARIO
ORD-0000984,2026-10-16,Eldoret,DPK,OMC_F,0.21,0.21,HIGH,SYNTHETIC_SCENARIO
ORD-0000985,2026-10-17,Eldoret,DPK,OMC_A,5.5,5.5,NORMAL,SYNTHETIC_SCENARIO
ORD-0000986,2026-10-17,Eldoret,DPK,OMC_B,1.22,1.22,NORMAL,SYNTHETIC_SCENARIO
ORD-0000987,2026-10-17,Eldoret,DPK,OMC_C,2.62,2.62,NORMAL,SYNTHETIC_SCENARIO
ORD-0000988,2026-10-17,Eldoret,DPK,OMC_D,5.21,5.21,HIGH,SYNTHETIC_SCENARIO
ORD-0000989,2026-10-17,Eldoret,DPK,OMC_E,1.41,1.41,NORMAL,SYNTHETIC_SCENARIO
ORD-0000990,2026-10-17,Eldoret,DPK,OMC_F,0.71,0.71,NORMAL,SYNTHETIC_SCENARIO
ORD-0000991,2026-10-18,Eldoret,DPK,OMC_A,3.61,3.61,NORMAL,SYNTHETIC_SCENARIO
ORD-0000992,2026-10-18,Eldoret,DPK,OMC_B,1.01,1.01,NORMAL,SYNTHETIC_SCENARIO
ORD-0000993,2026-10-18,Eldoret,DPK,OMC_C,1.45,1.45,NORMAL,SYNTHETIC_SCENARIO
ORD-0000994,2026-10-18,Eldoret,DPK,OMC_D,4.59,4.59,NORMAL,SYNTHETIC_SCENARIO
ORD-0000995,2026-10-18,Eldoret,DPK,OMC_E,0.21,0.21,NORMAL,SYNTHETIC_SCENARIO
ORD-0000996,2026-10-18,Eldoret,DPK,OMC_F,1.93,1.93,NORMAL,SYNTHETIC_SCENARIO
ORD-0000997,2026-10-19,Eldoret,DPK,OMC_A,5.34,5.34,NORMAL,SYNTHETIC_SCENARIO
ORD-0000998,2026-10-19,Eldoret,DPK,OMC_B,3.77,3.77,NORMAL,SYNTHETIC_SCENARIO
ORD-0000999,2026-10-19,Eldoret,DPK,OMC_C,1.8,1.8,NORMAL,SYNTHETIC_SCENARIO
ORD-0001000,2026-10-19,Eldoret,DPK,OMC_D,3.58,3.58,NORMAL,SYNTHETIC_SCENARIO
ORD-0001001,2026-10-19,Eldoret,DPK,OMC_E,0.42,0.42,NORMAL,SYNTHETIC_SCENARIO
ORD-0001002,2026-10-19,Eldoret,DPK,OMC_F,1.57,1.57,NORMAL,SYNTHETIC_SCENARIO
ORD-0001003,2026-10-20,Eldoret,DPK,OMC_A,5.76,5.76,NORMAL,SYNTHETIC_SCENARIO
ORD-0001004,2026-10-20,Eldoret,DPK,OMC_B,1.97,1.97,HIGH,SYNTHETIC_SCENARIO
ORD-0001005,2026-10-20,Eldoret,DPK,OMC_C,3.51,3.51,NORMAL,SYNTHETIC_SCENARIO
ORD-0001006,2026-10-20,Eldoret,DPK,OMC_D,2.34,2.34,NORMAL,SYNTHETIC_SCENARIO
ORD-0001007,2026-10-20,Eldoret,DPK,OMC_E,5.25,5.25,NORMAL,SYNTHETIC_SCENARIO
ORD-0001008,2026-10-20,Eldoret,DPK,OMC_F,0.15,0.15,NORMAL,SYNTHETIC_SCENARIO
ORD-0001009,2026-10-21,Eldoret,DPK,OMC_A,2.82,2.82,NORMAL,SYNTHETIC_SCENARIO
ORD-0001010,2026-10-21,Eldoret,DPK,OMC_B,4.55,4.55,NORMAL,SYNTHETIC_SCENARIO
ORD-0001011,2026-10-21,Eldoret,DPK,OMC_C,3.72,3.72,NORMAL,SYNTHETIC_SCENARIO
ORD-0001012,2026-10-21,Eldoret,DPK,OMC_D,1.98,1.98,NORMAL,SYNTHETIC_SCENARIO
ORD-0001013,2026-10-21,Eldoret,DPK,OMC_E,1.06,1.06,HIGH,SYNTHETIC_SCENARIO
ORD-0001014,2026-10-21,Eldoret,DPK,OMC_F,1.88,1.88,NORMAL,SYNTHETIC_SCENARIO
ORD-0001015,2026-10-22,Eldoret,DPK,OMC_A,6.05,6.05,NORMAL,SYNTHETIC_SCENARIO
ORD-0001016,2026-10-22,Eldoret,DPK,OMC_B,3.13,3.13,HIGH,SYNTHETIC_SCENARIO
ORD-0001017,2026-10-22,Eldoret,DPK,OMC_C,0.69,0.69,NORMAL,SYNTHETIC_SCENARIO
ORD-0001018,2026-10-22,Eldoret,DPK,OMC_D,7.5,7.5,NORMAL,SYNTHETIC_SCENARIO
ORD-0001019,2026-10-22,Eldoret,DPK,OMC_E,0.14,0.14,NORMAL,SYNTHETIC_SCENARIO
ORD-0001020,2026-10-22,Eldoret,DPK,OMC_F,1.36,1.36,NORMAL,SYNTHETIC_SCENARIO
ORD-0001021,2026-10-23,Eldoret,DPK,OMC_A,1.59,1.59,NORMAL,SYNTHETIC_SCENARIO
ORD-0001022,2026-10-23,Eldoret,DPK,OMC_B,2.47,2.47,NORMAL,SYNTHETIC_SCENARIO
ORD-0001023,2026-10-23,Eldoret,DPK,OMC_C,5.16,5.16,HIGH,SYNTHETIC_SCENARIO
ORD-0001024,2026-10-23,Eldoret,DPK,OMC_D,1.24,1.24,NORMAL,SYNTHETIC_SCENARIO
ORD-0001025,2026-10-23,Eldoret,DPK,OMC_E,2.93,2.93,NORMAL,SYNTHETIC_SCENARIO
ORD-0001026,2026-10-23,Eldoret,DPK,OMC_F,4.67,4.67,NORMAL,SYNTHETIC_SCENARIO
ORD-0001027,2026-10-24,Eldoret,DPK,OMC_A,2.53,2.53,NORMAL,SYNTHETIC_SCENARIO
ORD-0001028,2026-10-24,Eldoret,DPK,OMC_B,2.21,2.21,NORMAL,SYNTHETIC_SCENARIO
ORD-0001029,2026-10-24,Eldoret,DPK,OMC_C,3.49,3.49,NORMAL,SYNTHETIC_SCENARIO
ORD-0001030,2026-10-24,Eldoret,DPK,OMC_D,3.98,3.98,NORMAL,SYNTHETIC_SCENARIO
ORD-0001031,2026-10-24,Eldoret,DPK,OMC_E,2.55,2.55,NORMAL,SYNTHETIC_SCENARIO
ORD-0001032,2026-10-24,Eldoret,DPK,OMC_F,0.12,0.12,NORMAL,SYNTHETIC_SCENARIO
ORD-0001033,2026-10-25,Eldoret,DPK,OMC_A,8.54,8.54,NORMAL,SYNTHETIC_SCENARIO
ORD-0001034,2026-10-25,Eldoret,DPK,OMC_B,0.68,0.68,NORMAL,SYNTHETIC_SCENARIO
ORD-0001035,2026-10-25,Eldoret,DPK,OMC_C,3.4,3.4,NORMAL,SYNTHETIC_SCENARIO
ORD-0001036,2026-10-25,Eldoret,DPK,OMC_D,0.41,0.41,NORMAL,SYNTHETIC_SCENARIO
ORD-0001037,2026-10-25,Eldoret,DPK,OMC_E,0.61,0.61,NORMAL,SYNTHETIC_SCENARIO
ORD-0001038,2026-10-25,Eldoret,DPK,OMC_F,0.39,0.39,NORMAL,SYNTHETIC_SCENARIO
ORD-0001039,2026-10-26,Eldoret,DPK,OMC_A,7.37,7.37,NORMAL,SYNTHETIC_SCENARIO
ORD-0001040,2026-10-26,Eldoret,DPK,OMC_B,1.42,1.42,NORMAL,SYNTHETIC_SCENARIO
ORD-0001041,2026-10-26,Eldoret,DPK,OMC_C,5.68,5.68,NORMAL,SYNTHETIC_SCENARIO
ORD-0001042,2026-10-26,Eldoret,DPK,OMC_D,0.83,0.83,NORMAL,SYNTHETIC_SCENARIO
ORD-0001043,2026-10-26,Eldoret,DPK,OMC_E,1.68,1.68,NORMAL,SYNTHETIC_SCENARIO
ORD-0001044,2026-10-26,Eldoret,DPK,OMC_F,1.57,1.57,NORMAL,SYNTHETIC_SCENARIO
ORD-0001045,2026-10-27,Eldoret,DPK,OMC_A,2.56,2.56,NORMAL,SYNTHETIC_SCENARIO
ORD-0001046,2026-10-27,Eldoret,DPK,OMC_B,2.16,2.16,NORMAL,SYNTHETIC_SCENARIO
ORD-0001047,2026-10-27,Eldoret,DPK,OMC_C,3.34,3.34,NORMAL,SYNTHETIC_SCENARIO
ORD-0001048,2026-10-27,Eldoret,DPK,OMC_D,3.57,3.57,NORMAL,SYNTHETIC_SCENARIO
ORD-0001049,2026-10-27,Eldoret,DPK,OMC_E,2.8,2.8,HIGH,SYNTHETIC_SCENARIO
ORD-0001050,2026-10-27,Eldoret,DPK,OMC_F,3.34,3.34,NORMAL,SYNTHETIC_SCENARIO
ORD-0001051,2026-10-28,Eldoret,DPK,OMC_A,5.68,5.68,NORMAL,SYNTHETIC_SCENARIO
ORD-0001052,2026-10-28,Eldoret,DPK,OMC_B,0.3,0.3,NORMAL,SYNTHETIC_SCENARIO
ORD-0001053,2026-10-28,Eldoret,DPK,OMC_C,0.24,0.24,HIGH,SYNTHETIC_SCENARIO
ORD-0001054,2026-10-28,Eldoret,DPK,OMC_D,3.07,3.07,NORMAL,SYNTHETIC_SCENARIO
ORD-0001055,2026-10-28,Eldoret,DPK,OMC_E,5.83,5.83,NORMAL,SYNTHETIC_SCENARIO
ORD-0001056,2026-10-28,Eldoret,DPK,OMC_F,0.02,0.02,NORMAL,SYNTHETIC_SCENARIO
ORD-0001057,2026-10-29,Eldoret,DPK,OMC_A,2.0,2.0,NORMAL,SYNTHETIC_SCENARIO
ORD-0001058,2026-10-29,Eldoret,DPK,OMC_B,7.48,7.48,NORMAL,SYNTHETIC_SCENARIO
ORD-0001059,2026-10-29,Eldoret,DPK,OMC_C,2.4,2.4,NORMAL,SYNTHETIC_SCENARIO
ORD-0001060,2026-10-29,Eldoret,DPK,OMC_D,1.61,1.61,NORMAL,SYNTHETIC_SCENARIO
ORD-0001061,2026-10-29,Eldoret,DPK,OMC_E,2.67,2.67,NORMAL,SYNTHETIC_SCENARIO
ORD-0001062,2026-10-29,Eldoret,DPK,OMC_F,0.04,0.04,NORMAL,SYNTHETIC_SCENARIO
ORD-0001063,2026-10-30,Eldoret,DPK,OMC_A,6.92,6.92,NORMAL,SYNTHETIC_SCENARIO
ORD-0001064,2026-10-30,Eldoret,DPK,OMC_B,6.43,6.43,NORMAL,SYNTHETIC_SCENARIO
ORD-0001065,2026-10-30,Eldoret,DPK,OMC_C,0.49,0.49,NORMAL,SYNTHETIC_SCENARIO
ORD-0001066,2026-10-30,Eldoret,DPK,OMC_D,3.54,3.54,NORMAL,SYNTHETIC_SCENARIO
ORD-0001067,2026-10-30,Eldoret,DPK,OMC_E,0.7,0.7,NORMAL,SYNTHETIC_SCENARIO
ORD-0001068,2026-10-30,Eldoret,DPK,OMC_F,0.01,0.01,HIGH,SYNTHETIC_SCENARIO
ORD-0001069,2026-10-31,Eldoret,DPK,OMC_A,3.28,3.28,NORMAL,SYNTHETIC_SCENARIO
ORD-0001070,2026-10-31,Eldoret,DPK,OMC_B,1.51,1.51,NORMAL,SYNTHETIC_SCENARIO
ORD-0001071,2026-10-31,Eldoret,DPK,OMC_C,5.4,5.4,NORMAL,SYNTHETIC_SCENARIO
ORD-0001072,2026-10-31,Eldoret,DPK,OMC_D,4.69,4.69,NORMAL,SYNTHETIC_SCENARIO
ORD-0001073,2026-10-31,Eldoret,DPK,OMC_E,0.84,0.84,NORMAL,SYNTHETIC_SCENARIO
ORD-0001074,2026-10-31,Eldoret,DPK,OMC_F,0.62,0.62,HIGH,SYNTHETIC_SCENARIO
ORD-0001075,2026-11-01,Eldoret,DPK,OMC_A,6.39,6.39,NORMAL,SYNTHETIC_SCENARIO
ORD-0001076,2026-11-01,Eldoret,DPK,OMC_B,0.53,0.53,NORMAL,SYNTHETIC_SCENARIO
ORD-0001077,2026-11-01,Eldoret,DPK,OMC_C,1.42,1.42,HIGH,SYNTHETIC_SCENARIO
ORD-0001078,2026-11-01,Eldoret,DPK,OMC_D,4.05,4.05,NORMAL,SYNTHETIC_SCENARIO
ORD-0001079,2026-11-01,Eldoret,DPK,OMC_E,0.4,0.4,NORMAL,SYNTHETIC_SCENARIO
ORD-0001080,2026-11-01,Eldoret,DPK,OMC_F,1.12,1.12,NORMAL,SYNTHETIC_SCENARIO
ORD-0001081,2026-11-02,Eldoret,DPK,OMC_A,5.52,5.52,NORMAL,SYNTHETIC_SCENARIO
ORD-0001082,2026-11-02,Eldoret,DPK,OMC_B,6.03,6.03,NORMAL,SYNTHETIC_SCENARIO
ORD-0001083,2026-11-02,Eldoret,DPK,OMC_C,2.14,2.14,NORMAL,SYNTHETIC_SCENARIO
ORD-0001084,2026-11-02,Eldoret,DPK,OMC_D,1.66,1.66,NORMAL,SYNTHETIC_SCENARIO
ORD-0001085,2026-11-02,Eldoret,DPK,OMC_E,0.58,0.58,NORMAL,SYNTHETIC_SCENARIO
ORD-0001086,2026-11-02,Eldoret,DPK,OMC_F,0.64,0.64,NORMAL,SYNTHETIC_SCENARIO
ORD-0001087,2026-11-03,Eldoret,DPK,OMC_A,3.15,3.15,NORMAL,SYNTHETIC_SCENARIO
ORD-0001088,2026-11-03,Eldoret,DPK,OMC_B,3.55,3.55,NORMAL,SYNTHETIC_SCENARIO
ORD-0001089,2026-11-03,Eldoret,DPK,OMC_C,1.69,1.69,NORMAL,SYNTHETIC_SCENARIO
ORD-0001090,2026-11-03,Eldoret,DPK,OMC_D,2.14,2.14,NORMAL,SYNTHETIC_SCENARIO
ORD-0001091,2026-11-03,Eldoret,DPK,OMC_E,4.25,4.25,NORMAL,SYNTHETIC_SCENARIO
ORD-0001092,2026-11-03,Eldoret,DPK,OMC_F,1.45,1.45,NORMAL,SYNTHETIC_SCENARIO
ORD-0001093,2026-11-04,Eldoret,DPK,OMC_A,0.74,0.74,NORMAL,SYNTHETIC_SCENARIO
ORD-0001094,2026-11-04,Eldoret,DPK,OMC_B,5.16,5.16,HIGH,SYNTHETIC_SCENARIO
ORD-0001095,2026-11-04,Eldoret,DPK,OMC_C,3.19,3.19,NORMAL,SYNTHETIC_SCENARIO
ORD-0001096,2026-11-04,Eldoret,DPK,OMC_D,3.35,3.35,NORMAL,SYNTHETIC_SCENARIO
ORD-0001097,2026-11-04,Eldoret,DPK,OMC_E,1.64,1.64,NORMAL,SYNTHETIC_SCENARIO
ORD-0001098,2026-11-04,Eldoret,DPK,OMC_F,0.81,0.81,NORMAL,SYNTHETIC_SCENARIO
ORD-0001099,2026-11-05,Eldoret,DPK,OMC_A,4.78,4.78,NORMAL,SYNTHETIC_SCENARIO
ORD-0001100,2026-11-05,Eldoret,DPK,OMC_B,2.32,2.32,NORMAL,SYNTHETIC_SCENARIO
ORD-0001101,2026-11-05,Eldoret,DPK,OMC_C,3.21,3.21,NORMAL,SYNTHETIC_SCENARIO
ORD-0001102,2026-11-05,Eldoret,DPK,OMC_D,2.99,2.99,NORMAL,SYNTHETIC_SCENARIO
ORD-0001103,2026-11-05,Eldoret,DPK,OMC_E,1.14,1.14,NORMAL,SYNTHETIC_SCENARIO
ORD-0001104,2026-11-05,Eldoret,DPK,OMC_F,1.77,1.77,HIGH,SYNTHETIC_SCENARIO
ORD-0001105,2026-11-06,Eldoret,DPK,OMC_A,7.5,7.5,NORMAL,SYNTHETIC_SCENARIO
ORD-0001106,2026-11-06,Eldoret,DPK,OMC_B,3.92,3.92,NORMAL,SYNTHETIC_SCENARIO
ORD-0001107,2026-11-06,Eldoret,DPK,OMC_C,1.09,1.09,NORMAL,SYNTHETIC_SCENARIO
ORD-0001108,2026-11-06,Eldoret,DPK,OMC_D,3.74,3.74,NORMAL,SYNTHETIC_SCENARIO
ORD-0001109,2026-11-06,Eldoret,DPK,OMC_E,0.27,0.27,HIGH,SYNTHETIC_SCENARIO
ORD-0001110,2026-11-06,Eldoret,DPK,OMC_F,0.85,0.85,HIGH,SYNTHETIC_SCENARIO
ORD-0001111,2026-11-07,Eldoret,DPK,OMC_A,1.38,1.38,NORMAL,SYNTHETIC_SCENARIO
ORD-0001112,2026-11-07,Eldoret,DPK,OMC_B,2.97,2.97,NORMAL,SYNTHETIC_SCENARIO
ORD-0001113,2026-11-07,Eldoret,DPK,OMC_C,3.24,3.24,NORMAL,SYNTHETIC_SCENARIO
ORD-0001114,2026-11-07,Eldoret,DPK,OMC_D,6.23,6.23,NORMAL,SYNTHETIC_SCENARIO
ORD-0001115,2026-11-07,Eldoret,DPK,OMC_E,0.63,0.63,NORMAL,SYNTHETIC_SCENARIO
ORD-0001116,2026-11-07,Eldoret,DPK,OMC_F,0.4,0.4,NORMAL,SYNTHETIC_SCENARIO
ORD-0001117,2026-11-08,Eldoret,DPK,OMC_A,7.17,7.17,NORMAL,SYNTHETIC_SCENARIO
ORD-0001118,2026-11-08,Eldoret,DPK,OMC_B,1.85,1.85,HIGH,SYNTHETIC_SCENARIO
ORD-0001119,2026-11-08,Eldoret,DPK,OMC_C,2.15,2.15,NORMAL,SYNTHETIC_SCENARIO
ORD-0001120,2026-11-08,Eldoret,DPK,OMC_D,0.85,0.85,NORMAL,SYNTHETIC_SCENARIO
ORD-0001121,2026-11-08,Eldoret,DPK,OMC_E,0.12,0.12,NORMAL,SYNTHETIC_SCENARIO
ORD-0001122,2026-11-08,Eldoret,DPK,OMC_F,1.42,1.42,NORMAL,SYNTHETIC_SCENARIO
ORD-0001123,2026-11-09,Eldoret,DPK,OMC_A,4.36,4.36,NORMAL,SYNTHETIC_SCENARIO
ORD-0001124,2026-11-09,Eldoret,DPK,OMC_B,6.7,6.7,NORMAL,SYNTHETIC_SCENARIO
ORD-0001125,2026-11-09,Eldoret,DPK,OMC_C,1.29,1.29,HIGH,SYNTHETIC_SCENARIO
ORD-0001126,2026-11-09,Eldoret,DPK,OMC_D,4.13,4.13,NORMAL,SYNTHETIC_SCENARIO
ORD-0001127,2026-11-09,Eldoret,DPK,OMC_E,0.56,0.56,NORMAL,SYNTHETIC_SCENARIO
ORD-0001128,2026-11-09,Eldoret,DPK,OMC_F,0.03,0.03,NORMAL,SYNTHETIC_SCENARIO
ORD-0001129,2026-11-10,Eldoret,DPK,OMC_A,1.11,1.11,NORMAL,SYNTHETIC_SCENARIO
ORD-0001130,2026-11-10,Eldoret,DPK,OMC_B,3.78,3.78,NORMAL,SYNTHETIC_SCENARIO
ORD-0001131,2026-11-10,Eldoret,DPK,OMC_C,8.49,8.49,NORMAL,SYNTHETIC_SCENARIO
ORD-0001132,2026-11-10,Eldoret,DPK,OMC_D,1.29,1.29,NORMAL,SYNTHETIC_SCENARIO
ORD-0001133,2026-11-10,Eldoret,DPK,OMC_E,0.87,0.87,NORMAL,SYNTHETIC_SCENARIO
ORD-0001134,2026-11-10,Eldoret,DPK,OMC_F,0.56,0.56,NORMAL,SYNTHETIC_SCENARIO
ORD-0001135,2026-11-11,Eldoret,DPK,OMC_A,6.38,6.38,NORMAL,SYNTHETIC_SCENARIO
ORD-0001136,2026-11-11,Eldoret,DPK,OMC_B,2.57,2.57,NORMAL,SYNTHETIC_SCENARIO
ORD-0001137,2026-11-11,Eldoret,DPK,OMC_C,0.73,0.73,NORMAL,SYNTHETIC_SCENARIO
ORD-0001138,2026-11-11,Eldoret,DPK,OMC_D,1.17,1.17,NORMAL,SYNTHETIC_SCENARIO
ORD-0001139,2026-11-11,Eldoret,DPK,OMC_E,2.95,2.95,NORMAL,SYNTHETIC_SCENARIO
ORD-0001140,2026-11-11,Eldoret,DPK,OMC_F,1.29,1.29,NORMAL,SYNTHETIC_SCENARIO
ORD-0001141,2026-11-12,Eldoret,DPK,OMC_A,4.93,4.93,NORMAL,SYNTHETIC_SCENARIO
ORD-0001142,2026-11-12,Eldoret,DPK,OMC_B,4.78,4.78,NORMAL,SYNTHETIC_SCENARIO
ORD-0001143,2026-11-12,Eldoret,DPK,OMC_C,2.73,2.73,NORMAL,SYNTHETIC_SCENARIO
ORD-0001144,2026-11-12,Eldoret,DPK,OMC_D,3.06,3.06,NORMAL,SYNTHETIC_SCENARIO
ORD-0001145,2026-11-12,Eldoret,DPK,OMC_E,0.53,0.53,NORMAL,SYNTHETIC_SCENARIO
ORD-0001146,2026-11-12,Eldoret,DPK,OMC_F,0.55,0.55,NORMAL,SYNTHETIC_SCENARIO
ORD-0001147,2026-11-13,Eldoret,DPK,OMC_A,5.07,5.07,NORMAL,SYNTHETIC_SCENARIO
ORD-0001148,2026-11-13,Eldoret,DPK,OMC_B,3.36,3.36,NORMAL,SYNTHETIC_SCENARIO
ORD-0001149,2026-11-13,Eldoret,DPK,OMC_C,3.06,3.06,NORMAL,SYNTHETIC_SCENARIO
ORD-0001150,2026-11-13,Eldoret,DPK,OMC_D,4.5,4.5,NORMAL,SYNTHETIC_SCENARIO
ORD-0001151,2026-11-13,Eldoret,DPK,OMC_E,1.11,1.11,HIGH,SYNTHETIC_SCENARIO
ORD-0001152,2026-11-13,Eldoret,DPK,OMC_F,0.06,0.06,NORMAL,SYNTHETIC_SCENARIO
ORD-0001153,2026-11-14,Eldoret,DPK,OMC_A,1.49,1.49,NORMAL,SYNTHETIC_SCENARIO
ORD-0001154,2026-11-14,Eldoret,DPK,OMC_B,6.64,6.64,NORMAL,SYNTHETIC_SCENARIO
ORD-0001155,2026-11-14,Eldoret,DPK,OMC_C,3.35,3.35,NORMAL,SYNTHETIC_SCENARIO
ORD-0001156,2026-11-14,Eldoret,DPK,OMC_D,1.25,1.25,NORMAL,SYNTHETIC_SCENARIO
ORD-0001157,2026-11-14,Eldoret,DPK,OMC_E,0.85,0.85,NORMAL,SYNTHETIC_SCENARIO
ORD-0001158,2026-11-14,Eldoret,DPK,OMC_F,1.1,1.1,NORMAL,SYNTHETIC_SCENARIO
ORD-0001159,2026-11-15,Eldoret,DPK,OMC_A,2.87,2.87,NORMAL,SYNTHETIC_SCENARIO
ORD-0001160,2026-11-15,Eldoret,DPK,OMC_B,6.79,6.79,NORMAL,SYNTHETIC_SCENARIO
ORD-0001161,2026-11-15,Eldoret,DPK,OMC_C,1.4,1.4,NORMAL,SYNTHETIC_SCENARIO
ORD-0001162,2026-11-15,Eldoret,DPK,OMC_D,0.39,0.39,NORMAL,SYNTHETIC_SCENARIO
ORD-0001163,2026-11-15,Eldoret,DPK,OMC_E,0.44,0.44,NORMAL,SYNTHETIC_SCENARIO
ORD-0001164,2026-11-15,Eldoret,DPK,OMC_F,1.92,1.92,HIGH,SYNTHETIC_SCENARIO
ORD-0001165,2026-11-16,Eldoret,DPK,OMC_A,1.3,1.3,NORMAL,SYNTHETIC_SCENARIO
ORD-0001166,2026-11-16,Eldoret,DPK,OMC_B,6.7,6.7,NORMAL,SYNTHETIC_SCENARIO
ORD-0001167,2026-11-16,Eldoret,DPK,OMC_C,0.44,0.44,NORMAL,SYNTHETIC_SCENARIO
ORD-0001168,2026-11-16,Eldoret,DPK,OMC_D,5.1,5.1,NORMAL,SYNTHETIC_SCENARIO
ORD-0001169,2026-11-16,Eldoret,DPK,OMC_E,1.39,1.39,NORMAL,SYNTHETIC_SCENARIO
ORD-0001170,2026-11-16,Eldoret,DPK,OMC_F,0.64,0.64,NORMAL,SYNTHETIC_SCENARIO
ORD-0001171,2026-11-17,Eldoret,DPK,OMC_A,9.82,9.82,NORMAL,SYNTHETIC_SCENARIO
ORD-0001172,2026-11-17,Eldoret,DPK,OMC_B,2.47,2.47,NORMAL,SYNTHETIC_SCENARIO
ORD-0001173,2026-11-17,Eldoret,DPK,OMC_C,0.7,0.7,NORMAL,SYNTHETIC_SCENARIO
ORD-0001174,2026-11-17,Eldoret,DPK,OMC_D,0.89,0.89,NORMAL,SYNTHETIC_SCENARIO
ORD-0001175,2026-11-17,Eldoret,DPK,OMC_E,0.51,0.51,HIGH,SYNTHETIC_SCENARIO
ORD-0001176,2026-11-17,Eldoret,DPK,OMC_F,0.74,0.74,NORMAL,SYNTHETIC_SCENARIO
ORD-0001177,2026-11-18,Eldoret,DPK,OMC_A,2.08,2.08,NORMAL,SYNTHETIC_SCENARIO
ORD-0001178,2026-11-18,Eldoret,DPK,OMC_B,3.45,3.45,NORMAL,SYNTHETIC_SCENARIO
ORD-0001179,2026-11-18,Eldoret,DPK,OMC_C,3.17,3.17,NORMAL,SYNTHETIC_SCENARIO
ORD-0001180,2026-11-18,Eldoret,DPK,OMC_D,4.3,4.3,NORMAL,SYNTHETIC_SCENARIO
ORD-0001181,2026-11-18,Eldoret,DPK,OMC_E,1.51,1.51,NORMAL,SYNTHETIC_SCENARIO
ORD-0001182,2026-11-18,Eldoret,DPK,OMC_F,0.48,0.48,NORMAL,SYNTHETIC_SCENARIO
ORD-0001183,2026-11-19,Eldoret,DPK,OMC_A,6.55,6.55,NORMAL,SYNTHETIC_SCENARIO
ORD-0001184,2026-11-19,Eldoret,DPK,OMC_B,3.69,3.69,HIGH,SYNTHETIC_SCENARIO
ORD-0001185,2026-11-19,Eldoret,DPK,OMC_C,1.28,1.28,HIGH,SYNTHETIC_SCENARIO
ORD-0001186,2026-11-19,Eldoret,DPK,OMC_D,0.95,0.95,NORMAL,SYNTHETIC_SCENARIO
ORD-0001187,2026-11-19,Eldoret,DPK,OMC_E,1.28,1.28,NORMAL,SYNTHETIC_SCENARIO
ORD-0001188,2026-11-19,Eldoret,DPK,OMC_F,1.52,1.52,NORMAL,SYNTHETIC_SCENARIO
ORD-0001189,2026-11-20,Eldoret,DPK,OMC_A,2.28,2.28,NORMAL,SYNTHETIC_SCENARIO
ORD-0001190,2026-11-20,Eldoret,DPK,OMC_B,6.06,6.06,NORMAL,SYNTHETIC_SCENARIO
ORD-0001191,2026-11-20,Eldoret,DPK,OMC_C,4.83,4.83,NORMAL,SYNTHETIC_SCENARIO
ORD-0001192,2026-11-20,Eldoret,DPK,OMC_D,3.38,3.38,NORMAL,SYNTHETIC_SCENARIO
ORD-0001193,2026-11-20,Eldoret,DPK,OMC_E,0.78,0.78,NORMAL,SYNTHETIC_SCENARIO
ORD-0001194,2026-11-20,Eldoret,DPK,OMC_F,0.36,0.36,NORMAL,SYNTHETIC_SCENARIO
ORD-0001195,2026-11-21,Eldoret,DPK,OMC_A,5.85,5.85,HIGH,SYNTHETIC_SCENARIO
ORD-0001196,2026-11-21,Eldoret,DPK,OMC_B,1.97,1.97,NORMAL,SYNTHETIC_SCENARIO
ORD-0001197,2026-11-21,Eldoret,DPK,OMC_C,1.59,1.59,NORMAL,SYNTHETIC_SCENARIO
ORD-0001198,2026-11-21,Eldoret,DPK,OMC_D,2.28,2.28,NORMAL,SYNTHETIC_SCENARIO
ORD-0001199,2026-11-21,Eldoret,DPK,OMC_E,0.87,0.87,NORMAL,SYNTHETIC_SCENARIO
ORD-0001200,2026-11-21,Eldoret,DPK,OMC_F,1.86,1.86,NORMAL,SYNTHETIC_SCENARIO
ORD-0001201,2026-11-22,Eldoret,DPK,OMC_A,4.24,4.24,NORMAL,SYNTHETIC_SCENARIO
ORD-0001202,2026-11-22,Eldoret,DPK,OMC_B,1.78,1.78,NORMAL,SYNTHETIC_SCENARIO
ORD-0001203,2026-11-22,Eldoret,DPK,OMC_C,4.28,4.28,NORMAL,SYNTHETIC_SCENARIO
ORD-0001204,2026-11-22,Eldoret,DPK,OMC_D,0.97,0.97,NORMAL,SYNTHETIC_SCENARIO
ORD-0001205,2026-11-22,Eldoret,DPK,OMC_E,0.79,0.79,NORMAL,SYNTHETIC_SCENARIO
ORD-0001206,2026-11-22,Eldoret,DPK,OMC_F,0.96,0.96,NORMAL,SYNTHETIC_SCENARIO
ORD-0001207,2026-11-23,Eldoret,DPK,OMC_A,2.58,2.58,NORMAL,SYNTHETIC_SCENARIO
ORD-0001208,2026-11-23,Eldoret,DPK,OMC_B,2.98,2.98,NORMAL,SYNTHETIC_SCENARIO
ORD-0001209,2026-11-23,Eldoret,DPK,OMC_C,1.29,1.29,NORMAL,SYNTHETIC_SCENARIO
ORD-0001210,2026-11-23,Eldoret,DPK,OMC_D,2.01,2.01,NORMAL,SYNTHETIC_SCENARIO
ORD-0001211,2026-11-23,Eldoret,DPK,OMC_E,7.14,7.14,NORMAL,SYNTHETIC_SCENARIO
ORD-0001212,2026-11-23,Eldoret,DPK,OMC_F,1.1,1.1,NORMAL,SYNTHETIC_SCENARIO
ORD-0001213,2026-11-24,Eldoret,DPK,OMC_A,2.82,2.82,NORMAL,SYNTHETIC_SCENARIO
ORD-0001214,2026-11-24,Eldoret,DPK,OMC_B,4.74,4.74,NORMAL,SYNTHETIC_SCENARIO
ORD-0001215,2026-11-24,Eldoret,DPK,OMC_C,3.06,3.06,NORMAL,SYNTHETIC_SCENARIO
ORD-0001216,2026-11-24,Eldoret,DPK,OMC_D,2.69,2.69,NORMAL,SYNTHETIC_SCENARIO
ORD-0001217,2026-11-24,Eldoret,DPK,OMC_E,1.13,1.13,NORMAL,SYNTHETIC_SCENARIO
ORD-0001218,2026-11-24,Eldoret,DPK,OMC_F,0.73,0.73,NORMAL,SYNTHETIC_SCENARIO
ORD-0001219,2026-11-25,Eldoret,DPK,OMC_A,6.2,6.2,NORMAL,SYNTHETIC_SCENARIO
ORD-0001220,2026-11-25,Eldoret,DPK,OMC_B,1.49,1.49,NORMAL,SYNTHETIC_SCENARIO
ORD-0001221,2026-11-25,Eldoret,DPK,OMC_C,5.22,5.22,NORMAL,SYNTHETIC_SCENARIO
ORD-0001222,2026-11-25,Eldoret,DPK,OMC_D,3.87,3.87,NORMAL,SYNTHETIC_SCENARIO
ORD-0001223,2026-11-25,Eldoret,DPK,OMC_E,0.88,0.88,NORMAL,SYNTHETIC_SCENARIO
ORD-0001224,2026-11-25,Eldoret,DPK,OMC_F,0.07,0.07,NORMAL,SYNTHETIC_SCENARIO
ORD-0001225,2026-11-26,Eldoret,DPK,OMC_A,3.85,3.85,NORMAL,SYNTHETIC_SCENARIO
ORD-0001226,2026-11-26,Eldoret,DPK,OMC_B,7.23,7.23,NORMAL,SYNTHETIC_SCENARIO
ORD-0001227,2026-11-26,Eldoret,DPK,OMC_C,2.48,2.48,NORMAL,SYNTHETIC_SCENARIO
ORD-0001228,2026-11-26,Eldoret,DPK,OMC_D,2.14,2.14,NORMAL,SYNTHETIC_SCENARIO
ORD-0001229,2026-11-26,Eldoret,DPK,OMC_E,0.95,0.95,NORMAL,SYNTHETIC_SCENARIO
ORD-0001230,2026-11-26,Eldoret,DPK,OMC_F,0.1,0.1,NORMAL,SYNTHETIC_SCENARIO
ORD-0001231,2026-11-27,Eldoret,DPK,OMC_A,6.87,6.87,NORMAL,SYNTHETIC_SCENARIO
ORD-0001232,2026-11-27,Eldoret,DPK,OMC_B,4.6,4.6,NORMAL,SYNTHETIC_SCENARIO
ORD-0001233,2026-11-27,Eldoret,DPK,OMC_C,0.94,0.94,NORMAL,SYNTHETIC_SCENARIO
ORD-0001234,2026-11-27,Eldoret,DPK,OMC_D,1.55,1.55,NORMAL,SYNTHETIC_SCENARIO
ORD-0001235,2026-11-27,Eldoret,DPK,OMC_E,1.44,1.44,NORMAL,SYNTHETIC_SCENARIO
ORD-0001236,2026-11-27,Eldoret,DPK,OMC_F,2.16,2.16,NORMAL,SYNTHETIC_SCENARIO
ORD-0001237,2026-11-28,Eldoret,DPK,OMC_A,5.04,5.04,NORMAL,SYNTHETIC_SCENARIO
ORD-0001238,2026-11-28,Eldoret,DPK,OMC_B,2.87,2.87,NORMAL,SYNTHETIC_SCENARIO
ORD-0001239,2026-11-28,Eldoret,DPK,OMC_C,2.52,2.52,NORMAL,SYNTHETIC_SCENARIO
ORD-0001240,2026-11-28,Eldoret,DPK,OMC_D,3.39,3.39,NORMAL,SYNTHETIC_SCENARIO
ORD-0001241,2026-11-28,Eldoret,DPK,OMC_E,0.43,0.43,NORMAL,SYNTHETIC_SCENARIO
ORD-0001242,2026-11-28,Eldoret,DPK,OMC_F,0.24,0.24,NORMAL,SYNTHETIC_SCENARIO
ORD-0001243,2026-11-29,Eldoret,DPK,OMC_A,6.16,6.16,NORMAL,SYNTHETIC_SCENARIO
ORD-0001244,2026-11-29,Eldoret,DPK,OMC_B,1.07,1.07,NORMAL,SYNTHETIC_SCENARIO
ORD-0001245,2026-11-29,Eldoret,DPK,OMC_C,3.28,3.28,NORMAL,SYNTHETIC_SCENARIO
ORD-0001246,2026-11-29,Eldoret,DPK,OMC_D,0.51,0.51,NORMAL,SYNTHETIC_SCENARIO
ORD-0001247,2026-11-29,Eldoret,DPK,OMC_E,0.8,0.8,NORMAL,SYNTHETIC_SCENARIO
ORD-0001248,2026-11-29,Eldoret,DPK,OMC_F,1.07,1.07,NORMAL,SYNTHETIC_SCENARIO
ORD-0001249,2026-11-30,Eldoret,DPK,OMC_A,4.08,4.08,NORMAL,SYNTHETIC_SCENARIO
ORD-0001250,2026-11-30,Eldoret,DPK,OMC_B,1.42,1.42,NORMAL,SYNTHETIC_SCENARIO
ORD-0001251,2026-11-30,Eldoret,DPK,OMC_C,7.16,7.16,NORMAL,SYNTHETIC_SCENARIO
ORD-0001252,2026-11-30,Eldoret,DPK,OMC_D,1.87,1.87,NORMAL,SYNTHETIC_SCENARIO
ORD-0001253,2026-11-30,Eldoret,DPK,OMC_E,0.52,0.52,NORMAL,SYNTHETIC_SCENARIO
ORD-0001254,2026-11-30,Eldoret,DPK,OMC_F,0.99,0.99,HIGH,SYNTHETIC_SCENARIO
ORD-0001255,2026-12-01,Eldoret,DPK,OMC_A,9.11,9.11,NORMAL,SYNTHETIC_SCENARIO
ORD-0001256,2026-12-01,Eldoret,DPK,OMC_B,3.57,3.57,NORMAL,SYNTHETIC_SCENARIO
ORD-0001257,2026-12-01,Eldoret,DPK,OMC_C,1.67,1.67,NORMAL,SYNTHETIC_SCENARIO
ORD-0001258,2026-12-01,Eldoret,DPK,OMC_D,1.05,1.05,NORMAL,SYNTHETIC_SCENARIO
ORD-0001259,2026-12-01,Eldoret,DPK,OMC_E,0.24,0.24,NORMAL,SYNTHETIC_SCENARIO
ORD-0001260,2026-12-01,Eldoret,DPK,OMC_F,2.55,2.55,NORMAL,SYNTHETIC_SCENARIO
ORD-0001261,2026-12-02,Eldoret,DPK,OMC_A,3.46,3.46,NORMAL,SYNTHETIC_SCENARIO
ORD-0001262,2026-12-02,Eldoret,DPK,OMC_B,9.43,9.43,NORMAL,SYNTHETIC_SCENARIO
ORD-0001263,2026-12-02,Eldoret,DPK,OMC_C,0.71,0.71,NORMAL,SYNTHETIC_SCENARIO
ORD-0001264,2026-12-02,Eldoret,DPK,OMC_D,2.35,2.35,NORMAL,SYNTHETIC_SCENARIO
ORD-0001265,2026-12-02,Eldoret,DPK,OMC_E,1.22,1.22,NORMAL,SYNTHETIC_SCENARIO
ORD-0001266,2026-12-02,Eldoret,DPK,OMC_F,0.24,0.24,NORMAL,SYNTHETIC_SCENARIO
ORD-0001267,2026-12-03,Eldoret,DPK,OMC_A,5.65,5.65,NORMAL,SYNTHETIC_SCENARIO
ORD-0001268,2026-12-03,Eldoret,DPK,OMC_B,1.26,1.26,HIGH,SYNTHETIC_SCENARIO
ORD-0001269,2026-12-03,Eldoret,DPK,OMC_C,6.1,6.1,NORMAL,SYNTHETIC_SCENARIO
ORD-0001270,2026-12-03,Eldoret,DPK,OMC_D,0.19,0.19,HIGH,SYNTHETIC_SCENARIO
ORD-0001271,2026-12-03,Eldoret,DPK,OMC_E,3.27,3.27,NORMAL,SYNTHETIC_SCENARIO
ORD-0001272,2026-12-03,Eldoret,DPK,OMC_F,1.75,1.75,NORMAL,SYNTHETIC_SCENARIO
ORD-0001273,2026-12-04,Eldoret,DPK,OMC_A,3.72,3.72,NORMAL,SYNTHETIC_SCENARIO
ORD-0001274,2026-12-04,Eldoret,DPK,OMC_B,7.77,7.77,HIGH,SYNTHETIC_SCENARIO
ORD-0001275,2026-12-04,Eldoret,DPK,OMC_C,1.89,1.89,NORMAL,SYNTHETIC_SCENARIO
ORD-0001276,2026-12-04,Eldoret,DPK,OMC_D,0.76,0.76,NORMAL,SYNTHETIC_SCENARIO
ORD-0001277,2026-12-04,Eldoret,DPK,OMC_E,1.89,1.89,NORMAL,SYNTHETIC_SCENARIO
ORD-0001278,2026-12-04,Eldoret,DPK,OMC_F,1.37,1.37,NORMAL,SYNTHETIC_SCENARIO
ORD-0001279,2026-12-05,Eldoret,DPK,OMC_A,4.45,4.45,NORMAL,SYNTHETIC_SCENARIO
ORD-0001280,2026-12-05,Eldoret,DPK,OMC_B,4.54,4.54,NORMAL,SYNTHETIC_SCENARIO
ORD-0001281,2026-12-05,Eldoret,DPK,OMC_C,0.76,0.76,NORMAL,SYNTHETIC_SCENARIO
ORD-0001282,2026-12-05,Eldoret,DPK,OMC_D,3.46,3.46,NORMAL,SYNTHETIC_SCENARIO
ORD-0001283,2026-12-05,Eldoret,DPK,OMC_E,1.12,1.12,HIGH,SYNTHETIC_SCENARIO
ORD-0001284,2026-12-05,Eldoret,DPK,OMC_F,1.68,1.68,NORMAL,SYNTHETIC_SCENARIO
ORD-0001285,2026-12-06,Eldoret,DPK,OMC_A,2.76,2.76,NORMAL,SYNTHETIC_SCENARIO
ORD-0001286,2026-12-06,Eldoret,DPK,OMC_B,0.75,0.75,NORMAL,SYNTHETIC_SCENARIO
ORD-0001287,2026-12-06,Eldoret,DPK,OMC_C,1.69,1.69,NORMAL,SYNTHETIC_SCENARIO
ORD-0001288,2026-12-06,Eldoret,DPK,OMC_D,5.8,5.8,NORMAL,SYNTHETIC_SCENARIO
ORD-0001289,2026-12-06,Eldoret,DPK,OMC_E,0.91,0.91,NORMAL,SYNTHETIC_SCENARIO
ORD-0001290,2026-12-06,Eldoret,DPK,OMC_F,0.51,0.51,NORMAL,SYNTHETIC_SCENARIO
ORD-0001291,2026-12-07,Eldoret,DPK,OMC_A,8.06,8.06,NORMAL,SYNTHETIC_SCENARIO
ORD-0001292,2026-12-07,Eldoret,DPK,OMC_B,7.22,7.22,NORMAL,SYNTHETIC_SCENARIO
ORD-0001293,2026-12-07,Eldoret,DPK,OMC_C,0.76,0.76,NORMAL,SYNTHETIC_SCENARIO
ORD-0001294,2026-12-07,Eldoret,DPK,OMC_D,1.51,1.51,NORMAL,SYNTHETIC_SCENARIO
ORD-0001295,2026-12-07,Eldoret,DPK,OMC_E,0.81,0.81,NORMAL,SYNTHETIC_SCENARIO
ORD-0001296,2026-12-07,Eldoret,DPK,OMC_F,0.4,0.4,NORMAL,SYNTHETIC_SCENARIO
ORD-0001297,2026-12-08,Eldoret,DPK,OMC_A,5.53,5.53,NORMAL,SYNTHETIC_SCENARIO
ORD-0001298,2026-12-08,Eldoret,DPK,OMC_B,6.2,6.2,NORMAL,SYNTHETIC_SCENARIO
ORD-0001299,2026-12-08,Eldoret,DPK,OMC_C,2.19,2.19,NORMAL,SYNTHETIC_SCENARIO
ORD-0001300,2026-12-08,Eldoret,DPK,OMC_D,0.72,0.72,NORMAL,SYNTHETIC_SCENARIO
ORD-0001301,2026-12-08,Eldoret,DPK,OMC_E,1.31,1.31,NORMAL,SYNTHETIC_SCENARIO
ORD-0001302,2026-12-08,Eldoret,DPK,OMC_F,3.59,3.59,NORMAL,SYNTHETIC_SCENARIO
ORD-0001303,2026-12-09,Eldoret,DPK,OMC_A,5.15,5.15,NORMAL,SYNTHETIC_SCENARIO
ORD-0001304,2026-12-09,Eldoret,DPK,OMC_B,3.59,3.59,NORMAL,SYNTHETIC_SCENARIO
ORD-0001305,2026-12-09,Eldoret,DPK,OMC_C,1.06,1.06,NORMAL,SYNTHETIC_SCENARIO
ORD-0001306,2026-12-09,Eldoret,DPK,OMC_D,1.2,1.2,NORMAL,SYNTHETIC_SCENARIO
ORD-0001307,2026-12-09,Eldoret,DPK,OMC_E,5.39,5.39,NORMAL,SYNTHETIC_SCENARIO
ORD-0001308,2026-12-09,Eldoret,DPK,OMC_F,0.96,0.96,NORMAL,SYNTHETIC_SCENARIO
ORD-0001309,2026-12-10,Eldoret,DPK,OMC_A,5.38,5.38,NORMAL,SYNTHETIC_SCENARIO
ORD-0001310,2026-12-10,Eldoret,DPK,OMC_B,3.14,3.14,NORMAL,SYNTHETIC_SCENARIO
ORD-0001311,2026-12-10,Eldoret,DPK,OMC_C,3.02,3.02,NORMAL,SYNTHETIC_SCENARIO
ORD-0001312,2026-12-10,Eldoret,DPK,OMC_D,3.34,3.34,NORMAL,SYNTHETIC_SCENARIO
ORD-0001313,2026-12-10,Eldoret,DPK,OMC_E,0.97,0.97,NORMAL,SYNTHETIC_SCENARIO
ORD-0001314,2026-12-10,Eldoret,DPK,OMC_F,0.74,0.74,HIGH,SYNTHETIC_SCENARIO
ORD-0001315,2026-12-11,Eldoret,DPK,OMC_A,6.5,6.5,NORMAL,SYNTHETIC_SCENARIO
ORD-0001316,2026-12-11,Eldoret,DPK,OMC_B,1.31,1.31,NORMAL,SYNTHETIC_SCENARIO
ORD-0001317,2026-12-11,Eldoret,DPK,OMC_C,1.37,1.37,NORMAL,SYNTHETIC_SCENARIO
ORD-0001318,2026-12-11,Eldoret,DPK,OMC_D,1.14,1.14,NORMAL,SYNTHETIC_SCENARIO
ORD-0001319,2026-12-11,Eldoret,DPK,OMC_E,4.02,4.02,NORMAL,SYNTHETIC_SCENARIO
ORD-0001320,2026-12-11,Eldoret,DPK,OMC_F,4.09,4.09,NORMAL,SYNTHETIC_SCENARIO
ORD-0001321,2026-12-12,Eldoret,DPK,OMC_A,4.07,4.07,NORMAL,SYNTHETIC_SCENARIO
ORD-0001322,2026-12-12,Eldoret,DPK,OMC_B,2.99,2.99,NORMAL,SYNTHETIC_SCENARIO
ORD-0001323,2026-12-12,Eldoret,DPK,OMC_C,1.73,1.73,NORMAL,SYNTHETIC_SCENARIO
ORD-0001324,2026-12-12,Eldoret,DPK,OMC_D,1.95,1.95,NORMAL,SYNTHETIC_SCENARIO
ORD-0001325,2026-12-12,Eldoret,DPK,OMC_E,1.0,1.0,NORMAL,SYNTHETIC_SCENARIO
ORD-0001326,2026-12-12,Eldoret,DPK,OMC_F,4.17,4.17,NORMAL,SYNTHETIC_SCENARIO
ORD-0001327,2026-12-13,Eldoret,DPK,OMC_A,6.81,6.81,NORMAL,SYNTHETIC_SCENARIO
ORD-0001328,2026-12-13,Eldoret,DPK,OMC_B,0.69,0.69,NORMAL,SYNTHETIC_SCENARIO
ORD-0001329,2026-12-13,Eldoret,DPK,OMC_C,2.01,2.01,NORMAL,SYNTHETIC_SCENARIO
ORD-0001330,2026-12-13,Eldoret,DPK,OMC_D,2.34,2.34,NORMAL,SYNTHETIC_SCENARIO
ORD-0001331,2026-12-13,Eldoret,DPK,OMC_E,2.45,2.45,NORMAL,SYNTHETIC_SCENARIO
ORD-0001332,2026-12-13,Eldoret,DPK,OMC_F,0.92,0.92,NORMAL,SYNTHETIC_SCENARIO
ORD-0001333,2026-12-14,Eldoret,DPK,OMC_A,4.25,4.25,NORMAL,SYNTHETIC_SCENARIO
ORD-0001334,2026-12-14,Eldoret,DPK,OMC_B,5.55,5.55,NORMAL,SYNTHETIC_SCENARIO
ORD-0001335,2026-12-14,Eldoret,DPK,OMC_C,4.03,4.03,NORMAL,SYNTHETIC_SCENARIO
ORD-0001336,2026-12-14,Eldoret,DPK,OMC_D,2.45,2.45,NORMAL,SYNTHETIC_SCENARIO
ORD-0001337,2026-12-14,Eldoret,DPK,OMC_E,1.26,1.26,NORMAL,SYNTHETIC_SCENARIO
ORD-0001338,2026-12-14,Eldoret,DPK,OMC_F,0.31,0.31,NORMAL,SYNTHETIC_SCENARIO
ORD-0001339,2026-12-15,Eldoret,DPK,OMC_A,1.93,1.93,NORMAL,SYNTHETIC_SCENARIO
ORD-0001340,2026-12-15,Eldoret,DPK,OMC_B,4.94,4.94,NORMAL,SYNTHETIC_SCENARIO
ORD-0001341,2026-12-15,Eldoret,DPK,OMC_C,5.08,5.08,NORMAL,SYNTHETIC_SCENARIO
ORD-0001342,2026-12-15,Eldoret,DPK,OMC_D,3.84,3.84,NORMAL,SYNTHETIC_SCENARIO
ORD-0001343,2026-12-15,Eldoret,DPK,OMC_E,0.29,0.29,NORMAL,SYNTHETIC_SCENARIO
ORD-0001344,2026-12-15,Eldoret,DPK,OMC_F,0.02,0.02,NORMAL,SYNTHETIC_SCENARIO
ORD-0001345,2026-12-16,Eldoret,DPK,OMC_A,4.17,4.17,HIGH,SYNTHETIC_SCENARIO
ORD-0001346,2026-12-16,Eldoret,DPK,OMC_B,6.77,6.77,NORMAL,SYNTHETIC_SCENARIO
ORD-0001347,2026-12-16,Eldoret,DPK,OMC_C,2.16,2.16,NORMAL,SYNTHETIC_SCENARIO
ORD-0001348,2026-12-16,Eldoret,DPK,OMC_D,4.36,4.36,NORMAL,SYNTHETIC_SCENARIO
ORD-0001349,2026-12-16,Eldoret,DPK,OMC_E,1.17,1.17,NORMAL,SYNTHETIC_SCENARIO
ORD-0001350,2026-12-16,Eldoret,DPK,OMC_F,0.52,0.52,NORMAL,SYNTHETIC_SCENARIO
ORD-0001351,2026-12-17,Eldoret,DPK,OMC_A,6.95,6.95,NORMAL,SYNTHETIC_SCENARIO
ORD-0001352,2026-12-17,Eldoret,DPK,OMC_B,1.87,1.87,NORMAL,SYNTHETIC_SCENARIO
ORD-0001353,2026-12-17,Eldoret,DPK,OMC_C,5.32,5.32,NORMAL,SYNTHETIC_SCENARIO
ORD-0001354,2026-12-17,Eldoret,DPK,OMC_D,2.09,2.09,NORMAL,SYNTHETIC_SCENARIO
ORD-0001355,2026-12-17,Eldoret,DPK,OMC_E,0.74,0.74,NORMAL,SYNTHETIC_SCENARIO
ORD-0001356,2026-12-17,Eldoret,DPK,OMC_F,0.3,0.3,NORMAL,SYNTHETIC_SCENARIO
ORD-0001357,2026-12-18,Eldoret,DPK,OMC_A,2.54,2.54,NORMAL,SYNTHETIC_SCENARIO
ORD-0001358,2026-12-18,Eldoret,DPK,OMC_B,3.34,3.34,NORMAL,SYNTHETIC_SCENARIO
ORD-0001359,2026-12-18,Eldoret,DPK,OMC_C,5.61,5.61,NORMAL,SYNTHETIC_SCENARIO
ORD-0001360,2026-12-18,Eldoret,DPK,OMC_D,5.1,5.1,NORMAL,SYNTHETIC_SCENARIO
ORD-0001361,2026-12-18,Eldoret,DPK,OMC_E,2.25,2.25,NORMAL,SYNTHETIC_SCENARIO
ORD-0001362,2026-12-18,Eldoret,DPK,OMC_F,0.0,0.0,NORMAL,SYNTHETIC_SCENARIO
ORD-0001363,2026-12-19,Eldoret,DPK,OMC_A,9.26,9.26,NORMAL,SYNTHETIC_SCENARIO
ORD-0001364,2026-12-19,Eldoret,DPK,OMC_B,4.5,4.5,NORMAL,SYNTHETIC_SCENARIO
ORD-0001365,2026-12-19,Eldoret,DPK,OMC_C,0.66,0.66,NORMAL,SYNTHETIC_SCENARIO
ORD-0001366,2026-12-19,Eldoret,DPK,OMC_D,0.46,0.46,NORMAL,SYNTHETIC_SCENARIO
ORD-0001367,2026-12-19,Eldoret,DPK,OMC_E,0.89,0.89,NORMAL,SYNTHETIC_SCENARIO
ORD-0001368,2026-12-19,Eldoret,DPK,OMC_F,0.45,0.45,NORMAL,SYNTHETIC_SCENARIO
ORD-0001369,2026-12-20,Eldoret,DPK,OMC_A,6.42,6.42,NORMAL,SYNTHETIC_SCENARIO
ORD-0001370,2026-12-20,Eldoret,DPK,OMC_B,2.39,2.39,NORMAL,SYNTHETIC_SCENARIO
ORD-0001371,2026-12-20,Eldoret,DPK,OMC_C,0.79,0.79,NORMAL,SYNTHETIC_SCENARIO
ORD-0001372,2026-12-20,Eldoret,DPK,OMC_D,4.38,4.38,NORMAL,SYNTHETIC_SCENARIO
ORD-0001373,2026-12-20,Eldoret,DPK,OMC_E,1.25,1.25,NORMAL,SYNTHETIC_SCENARIO
ORD-0001374,2026-12-20,Eldoret,DPK,OMC_F,0.95,0.95,NORMAL,SYNTHETIC_SCENARIO
ORD-0001375,2026-12-21,Eldoret,DPK,OMC_A,6.12,6.12,NORMAL,SYNTHETIC_SCENARIO
ORD-0001376,2026-12-21,Eldoret,DPK,OMC_B,0.45,0.45,NORMAL,SYNTHETIC_SCENARIO
ORD-0001377,2026-12-21,Eldoret,DPK,OMC_C,3.63,3.63,HIGH,SYNTHETIC_SCENARIO
ORD-0001378,2026-12-21,Eldoret,DPK,OMC_D,3.32,3.32,NORMAL,SYNTHETIC_SCENARIO
ORD-0001379,2026-12-21,Eldoret,DPK,OMC_E,1.53,1.53,NORMAL,SYNTHETIC_SCENARIO
ORD-0001380,2026-12-21,Eldoret,DPK,OMC_F,2.0,2.0,NORMAL,SYNTHETIC_SCENARIO
ORD-0001381,2026-12-22,Eldoret,DPK,OMC_A,3.09,3.09,HIGH,SYNTHETIC_SCENARIO
ORD-0001382,2026-12-22,Eldoret,DPK,OMC_B,4.3,4.3,NORMAL,SYNTHETIC_SCENARIO
ORD-0001383,2026-12-22,Eldoret,DPK,OMC_C,3.79,3.79,HIGH,SYNTHETIC_SCENARIO
ORD-0001384,2026-12-22,Eldoret,DPK,OMC_D,4.87,4.87,NORMAL,SYNTHETIC_SCENARIO
ORD-0001385,2026-12-22,Eldoret,DPK,OMC_E,1.51,1.51,NORMAL,SYNTHETIC_SCENARIO
ORD-0001386,2026-12-22,Eldoret,DPK,OMC_F,0.48,0.48,NORMAL,SYNTHETIC_SCENARIO
ORD-0001387,2026-12-23,Eldoret,DPK,OMC_A,6.06,6.06,NORMAL,SYNTHETIC_SCENARIO
ORD-0001388,2026-12-23,Eldoret,DPK,OMC_B,2.31,2.31,NORMAL,SYNTHETIC_SCENARIO
ORD-0001389,2026-12-23,Eldoret,DPK,OMC_C,4.82,4.82,NORMAL,SYNTHETIC_SCENARIO
ORD-0001390,2026-12-23,Eldoret,DPK,OMC_D,1.84,1.84,HIGH,SYNTHETIC_SCENARIO
ORD-0001391,2026-12-23,Eldoret,DPK,OMC_E,1.12,1.12,NORMAL,SYNTHETIC_SCENARIO
ORD-0001392,2026-12-23,Eldoret,DPK,OMC_F,2.26,2.26,NORMAL,SYNTHETIC_SCENARIO
ORD-0001393,2026-12-24,Eldoret,DPK,OMC_A,3.59,3.59,NORMAL,SYNTHETIC_SCENARIO
ORD-0001394,2026-12-24,Eldoret,DPK,OMC_B,3.24,3.24,NORMAL,SYNTHETIC_SCENARIO
ORD-0001395,2026-12-24,Eldoret,DPK,OMC_C,2.74,2.74,NORMAL,SYNTHETIC_SCENARIO
ORD-0001396,2026-12-24,Eldoret,DPK,OMC_D,0.43,0.43,NORMAL,SYNTHETIC_SCENARIO
ORD-0001397,2026-12-24,Eldoret,DPK,OMC_E,1.35,1.35,NORMAL,SYNTHETIC_SCENARIO
ORD-0001398,2026-12-24,Eldoret,DPK,OMC_F,5.39,5.39,NORMAL,SYNTHETIC_SCENARIO
ORD-0001399,2026-12-25,Eldoret,DPK,OMC_A,8.5,8.5,NORMAL,SYNTHETIC_SCENARIO
ORD-0001400,2026-12-25,Eldoret,DPK,OMC_B,1.07,1.07,NORMAL,SYNTHETIC_SCENARIO
ORD-0001401,2026-12-25,Eldoret,DPK,OMC_C,2.95,2.95,NORMAL,SYNTHETIC_SCENARIO
ORD-0001402,2026-12-25,Eldoret,DPK,OMC_D,3.12,3.12,NORMAL,SYNTHETIC_SCENARIO
ORD-0001403,2026-12-25,Eldoret,DPK,OMC_E,1.01,1.01,HIGH,SYNTHETIC_SCENARIO
ORD-0001404,2026-12-25,Eldoret,DPK,OMC_F,0.56,0.56,NORMAL,SYNTHETIC_SCENARIO
ORD-0001405,2026-12-26,Eldoret,DPK,OMC_A,3.35,3.35,NORMAL,SYNTHETIC_SCENARIO
ORD-0001406,2026-12-26,Eldoret,DPK,OMC_B,2.91,2.91,NORMAL,SYNTHETIC_SCENARIO
ORD-0001407,2026-12-26,Eldoret,DPK,OMC_C,6.74,6.74,NORMAL,SYNTHETIC_SCENARIO
ORD-0001408,2026-12-26,Eldoret,DPK,OMC_D,0.77,0.77,NORMAL,SYNTHETIC_SCENARIO
ORD-0001409,2026-12-26,Eldoret,DPK,OMC_E,1.02,1.02,NORMAL,SYNTHETIC_SCENARIO
ORD-0001410,2026-12-26,Eldoret,DPK,OMC_F,2.05,2.05,NORMAL,SYNTHETIC_SCENARIO
ORD-0001411,2026-12-27,Eldoret,DPK,OMC_A,6.4,6.4,NORMAL,SYNTHETIC_SCENARIO
ORD-0001412,2026-12-27,Eldoret,DPK,OMC_B,2.46,2.46,NORMAL,SYNTHETIC_SCENARIO
ORD-0001413,2026-12-27,Eldoret,DPK,OMC_C,3.21,3.21,NORMAL,SYNTHETIC_SCENARIO
ORD-0001414,2026-12-27,Eldoret,DPK,OMC_D,1.38,1.38,NORMAL,SYNTHETIC_SCENARIO
ORD-0001415,2026-12-27,Eldoret,DPK,OMC_E,0.22,0.22,NORMAL,SYNTHETIC_SCENARIO
ORD-0001416,2026-12-27,Eldoret,DPK,OMC_F,0.87,0.87,NORMAL,SYNTHETIC_SCENARIO
ORD-0001417,2026-12-28,Eldoret,DPK,OMC_A,3.44,3.44,NORMAL,SYNTHETIC_SCENARIO
ORD-0001418,2026-12-28,Eldoret,DPK,OMC_B,4.55,4.55,NORMAL,SYNTHETIC_SCENARIO
ORD-0001419,2026-12-28,Eldoret,DPK,OMC_C,8.01,8.01,NORMAL,SYNTHETIC_SCENARIO
ORD-0001420,2026-12-28,Eldoret,DPK,OMC_D,2.3,2.3,NORMAL,SYNTHETIC_SCENARIO
ORD-0001421,2026-12-28,Eldoret,DPK,OMC_E,0.53,0.53,NORMAL,SYNTHETIC_SCENARIO
ORD-0001422,2026-12-28,Eldoret,DPK,OMC_F,0.72,0.72,NORMAL,SYNTHETIC_SCENARIO
ORD-0001423,2026-12-29,Eldoret,DPK,OMC_A,4.61,4.61,NORMAL,SYNTHETIC_SCENARIO
ORD-0001424,2026-12-29,Eldoret,DPK,OMC_B,2.84,2.84,NORMAL,SYNTHETIC_SCENARIO
ORD-0001425,2026-12-29,Eldoret,DPK,OMC_C,2.02,2.02,NORMAL,SYNTHETIC_SCENARIO
ORD-0001426,2026-12-29,Eldoret,DPK,OMC_D,0.51,0.51,NORMAL,SYNTHETIC_SCENARIO
ORD-0001427,2026-12-29,Eldoret,DPK,OMC_E,4.77,4.77,NORMAL,SYNTHETIC_SCENARIO
ORD-0001428,2026-12-29,Eldoret,DPK,OMC_F,3.19,3.19,NORMAL,SYNTHETIC_SCENARIO
ORD-0001429,2026-12-30,Eldoret,DPK,OMC_A,3.52,3.52,NORMAL,SYNTHETIC_SCENARIO
ORD-0001430,2026-12-30,Eldoret,DPK,OMC_B,4.49,4.49,NORMAL,SYNTHETIC_SCENARIO
ORD-0001431,2026-12-30,Eldoret,DPK,OMC_C,5.46,5.46,HIGH,SYNTHETIC_SCENARIO
ORD-0001432,2026-12-30,Eldoret,DPK,OMC_D,1.59,1.59,NORMAL,SYNTHETIC_SCENARIO
ORD-0001433,2026-12-30,Eldoret,DPK,OMC_E,1.13,1.13,NORMAL,SYNTHETIC_SCENARIO
ORD-0001434,2026-12-30,Eldoret,DPK,OMC_F,0.8,0.8,NORMAL,SYNTHETIC_SCENARIO
ORD-0001435,2026-12-31,Eldoret,DPK,OMC_A,4.85,4.85,HIGH,SYNTHETIC_SCENARIO
ORD-0001436,2026-12-31,Eldoret,DPK,OMC_B,3.33,3.33,NORMAL,SYNTHETIC_SCENARIO
ORD-0001437,2026-12-31,Eldoret,DPK,OMC_C,1.99,1.99,NORMAL,SYNTHETIC_SCENARIO
ORD-0001438,2026-12-31,Eldoret,DPK,OMC_D,0.34,0.34,NORMAL,SYNTHETIC_SCENARIO
ORD-0001439,2026-12-31,Eldoret,DPK,OMC_E,5.08,5.08,NORMAL,SYNTHETIC_SCENARIO
ORD-0001440,2026-12-31,Eldoret,DPK,OMC_F,0.27,0.27,NORMAL,SYNTHETIC_SCENARIO
ORD-0001441,2026-09-03,Eldoret,JET_A1,OMC_A,48.37,48.37,NORMAL,SYNTHETIC_SCENARIO
ORD-0001442,2026-09-03,Eldoret,JET_A1,OMC_B,24.55,24.55,NORMAL,SYNTHETIC_SCENARIO
ORD-0001443,2026-09-03,Eldoret,JET_A1,OMC_C,7.14,7.14,NORMAL,SYNTHETIC_SCENARIO
ORD-0001444,2026-09-03,Eldoret,JET_A1,OMC_D,9.2,9.2,NORMAL,SYNTHETIC_SCENARIO
ORD-0001445,2026-09-03,Eldoret,JET_A1,OMC_E,5.86,5.86,HIGH,SYNTHETIC_SCENARIO
ORD-0001446,2026-09-03,Eldoret,JET_A1,OMC_F,6.38,6.38,HIGH,SYNTHETIC_SCENARIO
ORD-0001447,2026-09-04,Eldoret,JET_A1,OMC_A,36.27,36.27,NORMAL,SYNTHETIC_SCENARIO
ORD-0001448,2026-09-04,Eldoret,JET_A1,OMC_B,11.77,11.77,NORMAL,SYNTHETIC_SCENARIO
ORD-0001449,2026-09-04,Eldoret,JET_A1,OMC_C,13.75,13.75,NORMAL,SYNTHETIC_SCENARIO
ORD-0001450,2026-09-04,Eldoret,JET_A1,OMC_D,11.1,11.1,NORMAL,SYNTHETIC_SCENARIO
ORD-0001451,2026-09-04,Eldoret,JET_A1,OMC_E,8.21,8.21,NORMAL,SYNTHETIC_SCENARIO
ORD-0001452,2026-09-04,Eldoret,JET_A1,OMC_F,14.78,14.78,NORMAL,SYNTHETIC_SCENARIO
ORD-0001453,2026-09-05,Eldoret,JET_A1,OMC_A,24.71,24.71,NORMAL,SYNTHETIC_SCENARIO
ORD-0001454,2026-09-05,Eldoret,JET_A1,OMC_B,5.52,5.52,NORMAL,SYNTHETIC_SCENARIO
ORD-0001455,2026-09-05,Eldoret,JET_A1,OMC_C,7.81,7.81,NORMAL,SYNTHETIC_SCENARIO
ORD-0001456,2026-09-05,Eldoret,JET_A1,OMC_D,37.39,37.39,NORMAL,SYNTHETIC_SCENARIO
ORD-0001457,2026-09-05,Eldoret,JET_A1,OMC_E,7.47,7.47,NORMAL,SYNTHETIC_SCENARIO
ORD-0001458,2026-09-05,Eldoret,JET_A1,OMC_F,1.91,1.91,NORMAL,SYNTHETIC_SCENARIO
ORD-0001459,2026-09-06,Eldoret,JET_A1,OMC_A,25.4,25.4,NORMAL,SYNTHETIC_SCENARIO
ORD-0001460,2026-09-06,Eldoret,JET_A1,OMC_B,27.28,27.28,NORMAL,SYNTHETIC_SCENARIO
ORD-0001461,2026-09-06,Eldoret,JET_A1,OMC_C,1.1,1.1,HIGH,SYNTHETIC_SCENARIO
ORD-0001462,2026-09-06,Eldoret,JET_A1,OMC_D,20.33,20.33,NORMAL,SYNTHETIC_SCENARIO
ORD-0001463,2026-09-06,Eldoret,JET_A1,OMC_E,3.78,3.78,NORMAL,SYNTHETIC_SCENARIO
ORD-0001464,2026-09-06,Eldoret,JET_A1,OMC_F,0.67,0.67,NORMAL,SYNTHETIC_SCENARIO
ORD-0001465,2026-09-07,Eldoret,JET_A1,OMC_A,12.93,12.93,NORMAL,SYNTHETIC_SCENARIO
ORD-0001466,2026-09-07,Eldoret,JET_A1,OMC_B,33.83,33.83,NORMAL,SYNTHETIC_SCENARIO
ORD-0001467,2026-09-07,Eldoret,JET_A1,OMC_C,11.86,11.86,NORMAL,SYNTHETIC_SCENARIO
ORD-0001468,2026-09-07,Eldoret,JET_A1,OMC_D,8.36,8.36,NORMAL,SYNTHETIC_SCENARIO
ORD-0001469,2026-09-07,Eldoret,JET_A1,OMC_E,10.25,10.25,NORMAL,SYNTHETIC_SCENARIO
ORD-0001470,2026-09-07,Eldoret,JET_A1,OMC_F,17.82,17.82,NORMAL,SYNTHETIC_SCENARIO
ORD-0001471,2026-09-08,Eldoret,JET_A1,OMC_A,21.3,21.3,NORMAL,SYNTHETIC_SCENARIO
ORD-0001472,2026-09-08,Eldoret,JET_A1,OMC_B,11.28,11.28,NORMAL,SYNTHETIC_SCENARIO
ORD-0001473,2026-09-08,Eldoret,JET_A1,OMC_C,24.2,24.2,HIGH,SYNTHETIC_SCENARIO
ORD-0001474,2026-09-08,Eldoret,JET_A1,OMC_D,8.54,8.54,NORMAL,SYNTHETIC_SCENARIO
ORD-0001475,2026-09-08,Eldoret,JET_A1,OMC_E,26.47,26.47,NORMAL,SYNTHETIC_SCENARIO
ORD-0001476,2026-09-08,Eldoret,JET_A1,OMC_F,0.03,0.03,NORMAL,SYNTHETIC_SCENARIO
ORD-0001477,2026-09-09,Eldoret,JET_A1,OMC_A,7.99,7.99,NORMAL,SYNTHETIC_SCENARIO
ORD-0001478,2026-09-09,Eldoret,JET_A1,OMC_B,32.0,32.0,NORMAL,SYNTHETIC_SCENARIO
ORD-0001479,2026-09-09,Eldoret,JET_A1,OMC_C,20.68,20.68,NORMAL,SYNTHETIC_SCENARIO
ORD-0001480,2026-09-09,Eldoret,JET_A1,OMC_D,6.25,6.25,NORMAL,SYNTHETIC_SCENARIO
ORD-0001481,2026-09-09,Eldoret,JET_A1,OMC_E,11.57,11.57,NORMAL,SYNTHETIC_SCENARIO
ORD-0001482,2026-09-09,Eldoret,JET_A1,OMC_F,20.9,20.9,NORMAL,SYNTHETIC_SCENARIO
ORD-0001483,2026-09-10,Eldoret,JET_A1,OMC_A,40.95,40.95,NORMAL,SYNTHETIC_SCENARIO
ORD-0001484,2026-09-10,Eldoret,JET_A1,OMC_B,24.73,24.73,HIGH,SYNTHETIC_SCENARIO
ORD-0001485,2026-09-10,Eldoret,JET_A1,OMC_C,12.82,12.82,NORMAL,SYNTHETIC_SCENARIO
ORD-0001486,2026-09-10,Eldoret,JET_A1,OMC_D,6.0,6.0,NORMAL,SYNTHETIC_SCENARIO
ORD-0001487,2026-09-10,Eldoret,JET_A1,OMC_E,3.5,3.5,HIGH,SYNTHETIC_SCENARIO
ORD-0001488,2026-09-10,Eldoret,JET_A1,OMC_F,0.89,0.89,NORMAL,SYNTHETIC_SCENARIO
ORD-0001489,2026-09-11,Eldoret,JET_A1,OMC_A,30.24,30.24,NORMAL,SYNTHETIC_SCENARIO
ORD-0001490,2026-09-11,Eldoret,JET_A1,OMC_B,19.58,19.58,NORMAL,SYNTHETIC_SCENARIO
ORD-0001491,2026-09-11,Eldoret,JET_A1,OMC_C,8.57,8.57,NORMAL,SYNTHETIC_SCENARIO
ORD-0001492,2026-09-11,Eldoret,JET_A1,OMC_D,20.61,20.61,NORMAL,SYNTHETIC_SCENARIO
ORD-0001493,2026-09-11,Eldoret,JET_A1,OMC_E,0.23,0.23,NORMAL,SYNTHETIC_SCENARIO
ORD-0001494,2026-09-11,Eldoret,JET_A1,OMC_F,18.73,18.73,NORMAL,SYNTHETIC_SCENARIO
ORD-0001495,2026-09-12,Eldoret,JET_A1,OMC_A,23.53,23.53,NORMAL,SYNTHETIC_SCENARIO
ORD-0001496,2026-09-12,Eldoret,JET_A1,OMC_B,22.43,22.43,NORMAL,SYNTHETIC_SCENARIO
ORD-0001497,2026-09-12,Eldoret,JET_A1,OMC_C,23.77,23.77,NORMAL,SYNTHETIC_SCENARIO
ORD-0001498,2026-09-12,Eldoret,JET_A1,OMC_D,2.13,2.13,HIGH,SYNTHETIC_SCENARIO
ORD-0001499,2026-09-12,Eldoret,JET_A1,OMC_E,4.32,4.32,NORMAL,SYNTHETIC_SCENARIO
ORD-0001500,2026-09-12,Eldoret,JET_A1,OMC_F,1.91,1.91,NORMAL,SYNTHETIC_SCENARIO
ORD-0001501,2026-09-13,Eldoret,JET_A1,OMC_A,26.0,26.0,NORMAL,SYNTHETIC_SCENARIO
ORD-0001502,2026-09-13,Eldoret,JET_A1,OMC_B,32.54,32.54,NORMAL,SYNTHETIC_SCENARIO
ORD-0001503,2026-09-13,Eldoret,JET_A1,OMC_C,8.05,8.05,NORMAL,SYNTHETIC_SCENARIO
ORD-0001504,2026-09-13,Eldoret,JET_A1,OMC_D,7.15,7.15,NORMAL,SYNTHETIC_SCENARIO
ORD-0001505,2026-09-13,Eldoret,JET_A1,OMC_E,1.98,1.98,NORMAL,SYNTHETIC_SCENARIO
ORD-0001506,2026-09-13,Eldoret,JET_A1,OMC_F,2.27,2.27,NORMAL,SYNTHETIC_SCENARIO
ORD-0001507,2026-09-14,Eldoret,JET_A1,OMC_A,11.73,11.73,NORMAL,SYNTHETIC_SCENARIO
ORD-0001508,2026-09-14,Eldoret,JET_A1,OMC_B,35.2,35.2,NORMAL,SYNTHETIC_SCENARIO
ORD-0001509,2026-09-14,Eldoret,JET_A1,OMC_C,8.05,8.05,NORMAL,SYNTHETIC_SCENARIO
ORD-0001510,2026-09-14,Eldoret,JET_A1,OMC_D,8.46,8.46,NORMAL,SYNTHETIC_SCENARIO
ORD-0001511,2026-09-14,Eldoret,JET_A1,OMC_E,15.9,15.9,NORMAL,SYNTHETIC_SCENARIO
ORD-0001512,2026-09-14,Eldoret,JET_A1,OMC_F,16.73,16.73,HIGH,SYNTHETIC_SCENARIO
ORD-0001513,2026-09-15,Eldoret,JET_A1,OMC_A,31.03,31.03,NORMAL,SYNTHETIC_SCENARIO
ORD-0001514,2026-09-15,Eldoret,JET_A1,OMC_B,17.2,17.2,NORMAL,SYNTHETIC_SCENARIO
ORD-0001515,2026-09-15,Eldoret,JET_A1,OMC_C,17.6,17.6,NORMAL,SYNTHETIC_SCENARIO
ORD-0001516,2026-09-15,Eldoret,JET_A1,OMC_D,14.92,14.92,HIGH,SYNTHETIC_SCENARIO
ORD-0001517,2026-09-15,Eldoret,JET_A1,OMC_E,6.07,6.07,NORMAL,SYNTHETIC_SCENARIO
ORD-0001518,2026-09-15,Eldoret,JET_A1,OMC_F,3.86,3.86,NORMAL,SYNTHETIC_SCENARIO
ORD-0001519,2026-09-16,Eldoret,JET_A1,OMC_A,26.88,26.88,NORMAL,SYNTHETIC_SCENARIO
ORD-0001520,2026-09-16,Eldoret,JET_A1,OMC_B,19.62,19.62,NORMAL,SYNTHETIC_SCENARIO
ORD-0001521,2026-09-16,Eldoret,JET_A1,OMC_C,19.67,19.67,NORMAL,SYNTHETIC_SCENARIO
ORD-0001522,2026-09-16,Eldoret,JET_A1,OMC_D,5.76,5.76,NORMAL,SYNTHETIC_SCENARIO
ORD-0001523,2026-09-16,Eldoret,JET_A1,OMC_E,18.07,18.07,HIGH,SYNTHETIC_SCENARIO
ORD-0001524,2026-09-16,Eldoret,JET_A1,OMC_F,3.7,3.7,NORMAL,SYNTHETIC_SCENARIO
ORD-0001525,2026-09-17,Eldoret,JET_A1,OMC_A,16.26,16.26,NORMAL,SYNTHETIC_SCENARIO
ORD-0001526,2026-09-17,Eldoret,JET_A1,OMC_B,27.47,27.47,NORMAL,SYNTHETIC_SCENARIO
ORD-0001527,2026-09-17,Eldoret,JET_A1,OMC_C,34.07,34.07,NORMAL,SYNTHETIC_SCENARIO
ORD-0001528,2026-09-17,Eldoret,JET_A1,OMC_D,8.96,8.96,NORMAL,SYNTHETIC_SCENARIO
ORD-0001529,2026-09-17,Eldoret,JET_A1,OMC_E,6.45,6.45,NORMAL,SYNTHETIC_SCENARIO
ORD-0001530,2026-09-17,Eldoret,JET_A1,OMC_F,3.11,3.11,NORMAL,SYNTHETIC_SCENARIO
ORD-0001531,2026-09-18,Eldoret,JET_A1,OMC_A,15.71,15.71,NORMAL,SYNTHETIC_SCENARIO
ORD-0001532,2026-09-18,Eldoret,JET_A1,OMC_B,9.71,9.71,NORMAL,SYNTHETIC_SCENARIO
ORD-0001533,2026-09-18,Eldoret,JET_A1,OMC_C,34.52,34.52,NORMAL,SYNTHETIC_SCENARIO
ORD-0001534,2026-09-18,Eldoret,JET_A1,OMC_D,21.84,21.84,NORMAL,SYNTHETIC_SCENARIO
ORD-0001535,2026-09-18,Eldoret,JET_A1,OMC_E,16.81,16.81,NORMAL,SYNTHETIC_SCENARIO
ORD-0001536,2026-09-18,Eldoret,JET_A1,OMC_F,0.37,0.37,NORMAL,SYNTHETIC_SCENARIO
ORD-0001537,2026-09-19,Eldoret,JET_A1,OMC_A,33.97,33.97,NORMAL,SYNTHETIC_SCENARIO
ORD-0001538,2026-09-19,Eldoret,JET_A1,OMC_B,4.17,4.17,NORMAL,SYNTHETIC_SCENARIO
ORD-0001539,2026-09-19,Eldoret,JET_A1,OMC_C,1.8,1.8,NORMAL,SYNTHETIC_SCENARIO
ORD-0001540,2026-09-19,Eldoret,JET_A1,OMC_D,13.36,13.36,NORMAL,SYNTHETIC_SCENARIO
ORD-0001541,2026-09-19,Eldoret,JET_A1,OMC_E,18.46,18.46,NORMAL,SYNTHETIC_SCENARIO
ORD-0001542,2026-09-19,Eldoret,JET_A1,OMC_F,10.04,10.04,NORMAL,SYNTHETIC_SCENARIO
ORD-0001543,2026-09-20,Eldoret,JET_A1,OMC_A,35.5,35.5,NORMAL,SYNTHETIC_SCENARIO
ORD-0001544,2026-09-20,Eldoret,JET_A1,OMC_B,21.2,21.2,NORMAL,SYNTHETIC_SCENARIO
ORD-0001545,2026-09-20,Eldoret,JET_A1,OMC_C,1.46,1.46,NORMAL,SYNTHETIC_SCENARIO
ORD-0001546,2026-09-20,Eldoret,JET_A1,OMC_D,9.43,9.43,NORMAL,SYNTHETIC_SCENARIO
ORD-0001547,2026-09-20,Eldoret,JET_A1,OMC_E,8.85,8.85,NORMAL,SYNTHETIC_SCENARIO
ORD-0001548,2026-09-20,Eldoret,JET_A1,OMC_F,0.25,0.25,NORMAL,SYNTHETIC_SCENARIO
ORD-0001549,2026-09-21,Eldoret,JET_A1,OMC_A,32.27,32.27,NORMAL,SYNTHETIC_SCENARIO
ORD-0001550,2026-09-21,Eldoret,JET_A1,OMC_B,5.28,5.28,NORMAL,SYNTHETIC_SCENARIO
ORD-0001551,2026-09-21,Eldoret,JET_A1,OMC_C,17.33,17.33,NORMAL,SYNTHETIC_SCENARIO
ORD-0001552,2026-09-21,Eldoret,JET_A1,OMC_D,13.38,13.38,NORMAL,SYNTHETIC_SCENARIO
ORD-0001553,2026-09-21,Eldoret,JET_A1,OMC_E,1.46,1.46,HIGH,SYNTHETIC_SCENARIO
ORD-0001554,2026-09-21,Eldoret,JET_A1,OMC_F,17.89,17.89,NORMAL,SYNTHETIC_SCENARIO
ORD-0001555,2026-09-22,Eldoret,JET_A1,OMC_A,15.09,15.09,HIGH,SYNTHETIC_SCENARIO
ORD-0001556,2026-09-22,Eldoret,JET_A1,OMC_B,41.97,41.97,NORMAL,SYNTHETIC_SCENARIO
ORD-0001557,2026-09-22,Eldoret,JET_A1,OMC_C,18.7,18.7,NORMAL,SYNTHETIC_SCENARIO
ORD-0001558,2026-09-22,Eldoret,JET_A1,OMC_D,10.44,10.44,NORMAL,SYNTHETIC_SCENARIO
ORD-0001559,2026-09-22,Eldoret,JET_A1,OMC_E,0.52,0.52,NORMAL,SYNTHETIC_SCENARIO
ORD-0001560,2026-09-22,Eldoret,JET_A1,OMC_F,8.57,8.57,NORMAL,SYNTHETIC_SCENARIO
ORD-0001561,2026-09-23,Eldoret,JET_A1,OMC_A,12.26,12.26,NORMAL,SYNTHETIC_SCENARIO
ORD-0001562,2026-09-23,Eldoret,JET_A1,OMC_B,13.28,13.28,NORMAL,SYNTHETIC_SCENARIO
ORD-0001563,2026-09-23,Eldoret,JET_A1,OMC_C,21.06,21.06,NORMAL,SYNTHETIC_SCENARIO
ORD-0001564,2026-09-23,Eldoret,JET_A1,OMC_D,13.08,13.08,NORMAL,SYNTHETIC_SCENARIO
ORD-0001565,2026-09-23,Eldoret,JET_A1,OMC_E,20.62,20.62,NORMAL,SYNTHETIC_SCENARIO
ORD-0001566,2026-09-23,Eldoret,JET_A1,OMC_F,4.97,4.97,NORMAL,SYNTHETIC_SCENARIO
ORD-0001567,2026-09-24,Eldoret,JET_A1,OMC_A,7.54,7.54,NORMAL,SYNTHETIC_SCENARIO
ORD-0001568,2026-09-24,Eldoret,JET_A1,OMC_B,43.0,43.0,NORMAL,SYNTHETIC_SCENARIO
ORD-0001569,2026-09-24,Eldoret,JET_A1,OMC_C,23.45,23.45,NORMAL,SYNTHETIC_SCENARIO
ORD-0001570,2026-09-24,Eldoret,JET_A1,OMC_D,15.83,15.83,NORMAL,SYNTHETIC_SCENARIO
ORD-0001571,2026-09-24,Eldoret,JET_A1,OMC_E,3.23,3.23,NORMAL,SYNTHETIC_SCENARIO
ORD-0001572,2026-09-24,Eldoret,JET_A1,OMC_F,0.42,0.42,NORMAL,SYNTHETIC_SCENARIO
ORD-0001573,2026-09-25,Eldoret,JET_A1,OMC_A,19.88,19.88,NORMAL,SYNTHETIC_SCENARIO
ORD-0001574,2026-09-25,Eldoret,JET_A1,OMC_B,6.15,6.15,NORMAL,SYNTHETIC_SCENARIO
ORD-0001575,2026-09-25,Eldoret,JET_A1,OMC_C,14.75,14.75,NORMAL,SYNTHETIC_SCENARIO
ORD-0001576,2026-09-25,Eldoret,JET_A1,OMC_D,37.53,37.53,NORMAL,SYNTHETIC_SCENARIO
ORD-0001577,2026-09-25,Eldoret,JET_A1,OMC_E,4.29,4.29,NORMAL,SYNTHETIC_SCENARIO
ORD-0001578,2026-09-25,Eldoret,JET_A1,OMC_F,8.17,8.17,NORMAL,SYNTHETIC_SCENARIO
ORD-0001579,2026-09-26,Eldoret,JET_A1,OMC_A,20.9,20.9,NORMAL,SYNTHETIC_SCENARIO
ORD-0001580,2026-09-26,Eldoret,JET_A1,OMC_B,11.61,11.61,NORMAL,SYNTHETIC_SCENARIO
ORD-0001581,2026-09-26,Eldoret,JET_A1,OMC_C,8.44,8.44,NORMAL,SYNTHETIC_SCENARIO
ORD-0001582,2026-09-26,Eldoret,JET_A1,OMC_D,18.32,18.32,NORMAL,SYNTHETIC_SCENARIO
ORD-0001583,2026-09-26,Eldoret,JET_A1,OMC_E,4.97,4.97,NORMAL,SYNTHETIC_SCENARIO
ORD-0001584,2026-09-26,Eldoret,JET_A1,OMC_F,18.99,18.99,NORMAL,SYNTHETIC_SCENARIO
ORD-0001585,2026-09-27,Eldoret,JET_A1,OMC_A,14.45,14.45,NORMAL,SYNTHETIC_SCENARIO
ORD-0001586,2026-09-27,Eldoret,JET_A1,OMC_B,10.46,10.46,HIGH,SYNTHETIC_SCENARIO
ORD-0001587,2026-09-27,Eldoret,JET_A1,OMC_C,8.94,8.94,NORMAL,SYNTHETIC_SCENARIO
ORD-0001588,2026-09-27,Eldoret,JET_A1,OMC_D,22.41,22.41,HIGH,SYNTHETIC_SCENARIO
ORD-0001589,2026-09-27,Eldoret,JET_A1,OMC_E,3.7,3.7,NORMAL,SYNTHETIC_SCENARIO
ORD-0001590,2026-09-27,Eldoret,JET_A1,OMC_F,23.6,23.6,NORMAL,SYNTHETIC_SCENARIO
ORD-0001591,2026-09-28,Eldoret,JET_A1,OMC_A,27.8,27.8,NORMAL,SYNTHETIC_SCENARIO
ORD-0001592,2026-09-28,Eldoret,JET_A1,OMC_B,9.88,9.88,NORMAL,SYNTHETIC_SCENARIO
ORD-0001593,2026-09-28,Eldoret,JET_A1,OMC_C,8.16,8.16,NORMAL,SYNTHETIC_SCENARIO
ORD-0001594,2026-09-28,Eldoret,JET_A1,OMC_D,25.7,25.7,NORMAL,SYNTHETIC_SCENARIO
ORD-0001595,2026-09-28,Eldoret,JET_A1,OMC_E,11.31,11.31,NORMAL,SYNTHETIC_SCENARIO
ORD-0001596,2026-09-28,Eldoret,JET_A1,OMC_F,2.28,2.28,HIGH,SYNTHETIC_SCENARIO
ORD-0001597,2026-09-29,Eldoret,JET_A1,OMC_A,16.83,16.83,NORMAL,SYNTHETIC_SCENARIO
ORD-0001598,2026-09-29,Eldoret,JET_A1,OMC_B,6.75,6.75,NORMAL,SYNTHETIC_SCENARIO
ORD-0001599,2026-09-29,Eldoret,JET_A1,OMC_C,33.11,33.11,NORMAL,SYNTHETIC_SCENARIO
ORD-0001600,2026-09-29,Eldoret,JET_A1,OMC_D,14.15,14.15,NORMAL,SYNTHETIC_SCENARIO
ORD-0001601,2026-09-29,Eldoret,JET_A1,OMC_E,13.8,13.8,NORMAL,SYNTHETIC_SCENARIO
ORD-0001602,2026-09-29,Eldoret,JET_A1,OMC_F,6.49,6.49,NORMAL,SYNTHETIC_SCENARIO
ORD-0001603,2026-09-30,Eldoret,JET_A1,OMC_A,16.94,16.94,NORMAL,SYNTHETIC_SCENARIO
ORD-0001604,2026-09-30,Eldoret,JET_A1,OMC_B,27.13,27.13,NORMAL,SYNTHETIC_SCENARIO
ORD-0001605,2026-09-30,Eldoret,JET_A1,OMC_C,4.5,4.5,NORMAL,SYNTHETIC_SCENARIO
ORD-0001606,2026-09-30,Eldoret,JET_A1,OMC_D,18.86,18.86,NORMAL,SYNTHETIC_SCENARIO
ORD-0001607,2026-09-30,Eldoret,JET_A1,OMC_E,16.86,16.86,NORMAL,SYNTHETIC_SCENARIO
ORD-0001608,2026-09-30,Eldoret,JET_A1,OMC_F,1.14,1.14,NORMAL,SYNTHETIC_SCENARIO
ORD-0001609,2026-10-01,Eldoret,JET_A1,OMC_A,49.68,49.68,NORMAL,SYNTHETIC_SCENARIO
ORD-0001610,2026-10-01,Eldoret,JET_A1,OMC_B,9.57,9.57,NORMAL,SYNTHETIC_SCENARIO
ORD-0001611,2026-10-01,Eldoret,JET_A1,OMC_C,21.13,21.13,NORMAL,SYNTHETIC_SCENARIO
ORD-0001612,2026-10-01,Eldoret,JET_A1,OMC_D,0.95,0.95,NORMAL,SYNTHETIC_SCENARIO
ORD-0001613,2026-10-01,Eldoret,JET_A1,OMC_E,6.97,6.97,NORMAL,SYNTHETIC_SCENARIO
ORD-0001614,2026-10-01,Eldoret,JET_A1,OMC_F,10.64,10.64,NORMAL,SYNTHETIC_SCENARIO
ORD-0001615,2026-10-02,Eldoret,JET_A1,OMC_A,45.74,45.74,NORMAL,SYNTHETIC_SCENARIO
ORD-0001616,2026-10-02,Eldoret,JET_A1,OMC_B,8.41,8.41,NORMAL,SYNTHETIC_SCENARIO
ORD-0001617,2026-10-02,Eldoret,JET_A1,OMC_C,18.59,18.59,NORMAL,SYNTHETIC_SCENARIO
ORD-0001618,2026-10-02,Eldoret,JET_A1,OMC_D,24.22,24.22,NORMAL,SYNTHETIC_SCENARIO
ORD-0001619,2026-10-02,Eldoret,JET_A1,OMC_E,12.14,12.14,NORMAL,SYNTHETIC_SCENARIO
ORD-0001620,2026-10-02,Eldoret,JET_A1,OMC_F,2.51,2.51,NORMAL,SYNTHETIC_SCENARIO
ORD-0001621,2026-10-03,Eldoret,JET_A1,OMC_A,42.2,42.2,NORMAL,SYNTHETIC_SCENARIO
ORD-0001622,2026-10-03,Eldoret,JET_A1,OMC_B,12.74,12.74,NORMAL,SYNTHETIC_SCENARIO
ORD-0001623,2026-10-03,Eldoret,JET_A1,OMC_C,2.71,2.71,NORMAL,SYNTHETIC_SCENARIO
ORD-0001624,2026-10-03,Eldoret,JET_A1,OMC_D,20.63,20.63,NORMAL,SYNTHETIC_SCENARIO
ORD-0001625,2026-10-03,Eldoret,JET_A1,OMC_E,12.35,12.35,NORMAL,SYNTHETIC_SCENARIO
ORD-0001626,2026-10-03,Eldoret,JET_A1,OMC_F,0.27,0.27,HIGH,SYNTHETIC_SCENARIO
ORD-0001627,2026-10-04,Eldoret,JET_A1,OMC_A,30.0,30.0,NORMAL,SYNTHETIC_SCENARIO
ORD-0001628,2026-10-04,Eldoret,JET_A1,OMC_B,15.71,15.71,NORMAL,SYNTHETIC_SCENARIO
ORD-0001629,2026-10-04,Eldoret,JET_A1,OMC_C,6.45,6.45,NORMAL,SYNTHETIC_SCENARIO
ORD-0001630,2026-10-04,Eldoret,JET_A1,OMC_D,19.74,19.74,NORMAL,SYNTHETIC_SCENARIO
ORD-0001631,2026-10-04,Eldoret,JET_A1,OMC_E,4.3,4.3,NORMAL,SYNTHETIC_SCENARIO
ORD-0001632,2026-10-04,Eldoret,JET_A1,OMC_F,0.71,0.71,NORMAL,SYNTHETIC_SCENARIO
ORD-0001633,2026-10-05,Eldoret,JET_A1,OMC_A,27.19,27.19,NORMAL,SYNTHETIC_SCENARIO
ORD-0001634,2026-10-05,Eldoret,JET_A1,OMC_B,4.97,4.97,NORMAL,SYNTHETIC_SCENARIO
ORD-0001635,2026-10-05,Eldoret,JET_A1,OMC_C,25.51,25.51,NORMAL,SYNTHETIC_SCENARIO
ORD-0001636,2026-10-05,Eldoret,JET_A1,OMC_D,27.01,27.01,NORMAL,SYNTHETIC_SCENARIO
ORD-0001637,2026-10-05,Eldoret,JET_A1,OMC_E,7.63,7.63,NORMAL,SYNTHETIC_SCENARIO
ORD-0001638,2026-10-05,Eldoret,JET_A1,OMC_F,1.59,1.59,NORMAL,SYNTHETIC_SCENARIO
ORD-0001639,2026-10-06,Eldoret,JET_A1,OMC_A,15.9,15.9,NORMAL,SYNTHETIC_SCENARIO
ORD-0001640,2026-10-06,Eldoret,JET_A1,OMC_B,39.33,39.33,NORMAL,SYNTHETIC_SCENARIO
ORD-0001641,2026-10-06,Eldoret,JET_A1,OMC_C,16.34,16.34,NORMAL,SYNTHETIC_SCENARIO
ORD-0001642,2026-10-06,Eldoret,JET_A1,OMC_D,11.91,11.91,NORMAL,SYNTHETIC_SCENARIO
ORD-0001643,2026-10-06,Eldoret,JET_A1,OMC_E,8.02,8.02,NORMAL,SYNTHETIC_SCENARIO
ORD-0001644,2026-10-06,Eldoret,JET_A1,OMC_F,2.14,2.14,NORMAL,SYNTHETIC_SCENARIO
ORD-0001645,2026-10-07,Eldoret,JET_A1,OMC_A,23.86,23.86,NORMAL,SYNTHETIC_SCENARIO
ORD-0001646,2026-10-07,Eldoret,JET_A1,OMC_B,14.45,14.45,NORMAL,SYNTHETIC_SCENARIO
ORD-0001647,2026-10-07,Eldoret,JET_A1,OMC_C,5.45,5.45,NORMAL,SYNTHETIC_SCENARIO
ORD-0001648,2026-10-07,Eldoret,JET_A1,OMC_D,6.32,6.32,NORMAL,SYNTHETIC_SCENARIO
ORD-0001649,2026-10-07,Eldoret,JET_A1,OMC_E,48.76,48.76,HIGH,SYNTHETIC_SCENARIO
ORD-0001650,2026-10-07,Eldoret,JET_A1,OMC_F,1.95,1.95,NORMAL,SYNTHETIC_SCENARIO
ORD-0001651,2026-10-08,Eldoret,JET_A1,OMC_A,2.91,2.91,NORMAL,SYNTHETIC_SCENARIO
ORD-0001652,2026-10-08,Eldoret,JET_A1,OMC_B,45.5,45.5,NORMAL,SYNTHETIC_SCENARIO
ORD-0001653,2026-10-08,Eldoret,JET_A1,OMC_C,41.5,41.5,NORMAL,SYNTHETIC_SCENARIO
ORD-0001654,2026-10-08,Eldoret,JET_A1,OMC_D,3.57,3.57,HIGH,SYNTHETIC_SCENARIO
ORD-0001655,2026-10-08,Eldoret,JET_A1,OMC_E,3.13,3.13,HIGH,SYNTHETIC_SCENARIO
ORD-0001656,2026-10-08,Eldoret,JET_A1,OMC_F,3.0,3.0,NORMAL,SYNTHETIC_SCENARIO
ORD-0001657,2026-10-09,Eldoret,JET_A1,OMC_A,67.45,67.45,NORMAL,SYNTHETIC_SCENARIO
ORD-0001658,2026-10-09,Eldoret,JET_A1,OMC_B,3.31,3.31,NORMAL,SYNTHETIC_SCENARIO
ORD-0001659,2026-10-09,Eldoret,JET_A1,OMC_C,24.43,24.43,NORMAL,SYNTHETIC_SCENARIO
ORD-0001660,2026-10-09,Eldoret,JET_A1,OMC_D,4.29,4.29,NORMAL,SYNTHETIC_SCENARIO
ORD-0001661,2026-10-09,Eldoret,JET_A1,OMC_E,10.6,10.6,NORMAL,SYNTHETIC_SCENARIO
ORD-0001662,2026-10-09,Eldoret,JET_A1,OMC_F,1.87,1.87,HIGH,SYNTHETIC_SCENARIO
ORD-0001663,2026-10-10,Eldoret,JET_A1,OMC_A,37.87,37.87,NORMAL,SYNTHETIC_SCENARIO
ORD-0001664,2026-10-10,Eldoret,JET_A1,OMC_B,29.04,29.04,NORMAL,SYNTHETIC_SCENARIO
ORD-0001665,2026-10-10,Eldoret,JET_A1,OMC_C,8.77,8.77,NORMAL,SYNTHETIC_SCENARIO
ORD-0001666,2026-10-10,Eldoret,JET_A1,OMC_D,6.5,6.5,NORMAL,SYNTHETIC_SCENARIO
ORD-0001667,2026-10-10,Eldoret,JET_A1,OMC_E,13.06,13.06,NORMAL,SYNTHETIC_SCENARIO
ORD-0001668,2026-10-10,Eldoret,JET_A1,OMC_F,3.28,3.28,NORMAL,SYNTHETIC_SCENARIO
ORD-0001669,2026-10-11,Eldoret,JET_A1,OMC_A,23.21,23.21,NORMAL,SYNTHETIC_SCENARIO
ORD-0001670,2026-10-11,Eldoret,JET_A1,OMC_B,18.24,18.24,NORMAL,SYNTHETIC_SCENARIO
ORD-0001671,2026-10-11,Eldoret,JET_A1,OMC_C,14.15,14.15,NORMAL,SYNTHETIC_SCENARIO
ORD-0001672,2026-10-11,Eldoret,JET_A1,OMC_D,1.7,1.7,NORMAL,SYNTHETIC_SCENARIO
ORD-0001673,2026-10-11,Eldoret,JET_A1,OMC_E,0.72,0.72,NORMAL,SYNTHETIC_SCENARIO
ORD-0001674,2026-10-11,Eldoret,JET_A1,OMC_F,23.08,23.08,NORMAL,SYNTHETIC_SCENARIO
ORD-0001675,2026-10-12,Eldoret,JET_A1,OMC_A,20.82,20.82,NORMAL,SYNTHETIC_SCENARIO
ORD-0001676,2026-10-12,Eldoret,JET_A1,OMC_B,47.4,47.4,NORMAL,SYNTHETIC_SCENARIO
ORD-0001677,2026-10-12,Eldoret,JET_A1,OMC_C,13.47,13.47,NORMAL,SYNTHETIC_SCENARIO
ORD-0001678,2026-10-12,Eldoret,JET_A1,OMC_D,10.41,10.41,NORMAL,SYNTHETIC_SCENARIO
ORD-0001679,2026-10-12,Eldoret,JET_A1,OMC_E,7.9,7.9,NORMAL,SYNTHETIC_SCENARIO
ORD-0001680,2026-10-12,Eldoret,JET_A1,OMC_F,5.15,5.15,NORMAL,SYNTHETIC_SCENARIO
ORD-0001681,2026-10-13,Eldoret,JET_A1,OMC_A,14.58,14.58,NORMAL,SYNTHETIC_SCENARIO
ORD-0001682,2026-10-13,Eldoret,JET_A1,OMC_B,27.9,27.9,HIGH,SYNTHETIC_SCENARIO
ORD-0001683,2026-10-13,Eldoret,JET_A1,OMC_C,36.35,36.35,NORMAL,SYNTHETIC_SCENARIO
ORD-0001684,2026-10-13,Eldoret,JET_A1,OMC_D,9.81,9.81,HIGH,SYNTHETIC_SCENARIO
ORD-0001685,2026-10-13,Eldoret,JET_A1,OMC_E,8.55,8.55,NORMAL,SYNTHETIC_SCENARIO
ORD-0001686,2026-10-13,Eldoret,JET_A1,OMC_F,0.57,0.57,NORMAL,SYNTHETIC_SCENARIO
ORD-0001687,2026-10-14,Eldoret,JET_A1,OMC_A,24.28,24.28,HIGH,SYNTHETIC_SCENARIO
ORD-0001688,2026-10-14,Eldoret,JET_A1,OMC_B,27.38,27.38,NORMAL,SYNTHETIC_SCENARIO
ORD-0001689,2026-10-14,Eldoret,JET_A1,OMC_C,24.53,24.53,HIGH,SYNTHETIC_SCENARIO
ORD-0001690,2026-10-14,Eldoret,JET_A1,OMC_D,16.22,16.22,NORMAL,SYNTHETIC_SCENARIO
ORD-0001691,2026-10-14,Eldoret,JET_A1,OMC_E,6.42,6.42,NORMAL,SYNTHETIC_SCENARIO
ORD-0001692,2026-10-14,Eldoret,JET_A1,OMC_F,0.03,0.03,NORMAL,SYNTHETIC_SCENARIO
ORD-0001693,2026-10-15,Eldoret,JET_A1,OMC_A,12.18,12.18,NORMAL,SYNTHETIC_SCENARIO
ORD-0001694,2026-10-15,Eldoret,JET_A1,OMC_B,32.1,32.1,NORMAL,SYNTHETIC_SCENARIO
ORD-0001695,2026-10-15,Eldoret,JET_A1,OMC_C,6.35,6.35,NORMAL,SYNTHETIC_SCENARIO
ORD-0001696,2026-10-15,Eldoret,JET_A1,OMC_D,11.58,11.58,NORMAL,SYNTHETIC_SCENARIO
ORD-0001697,2026-10-15,Eldoret,JET_A1,OMC_E,19.36,19.36,NORMAL,SYNTHETIC_SCENARIO
ORD-0001698,2026-10-15,Eldoret,JET_A1,OMC_F,8.53,8.53,NORMAL,SYNTHETIC_SCENARIO
ORD-0001699,2026-10-16,Eldoret,JET_A1,OMC_A,36.0,36.0,NORMAL,SYNTHETIC_SCENARIO
ORD-0001700,2026-10-16,Eldoret,JET_A1,OMC_B,11.4,11.4,NORMAL,SYNTHETIC_SCENARIO
ORD-0001701,2026-10-16,Eldoret,JET_A1,OMC_C,36.55,36.55,NORMAL,SYNTHETIC_SCENARIO
ORD-0001702,2026-10-16,Eldoret,JET_A1,OMC_D,3.25,3.25,NORMAL,SYNTHETIC_SCENARIO
ORD-0001703,2026-10-16,Eldoret,JET_A1,OMC_E,0.9,0.9,NORMAL,SYNTHETIC_SCENARIO
ORD-0001704,2026-10-16,Eldoret,JET_A1,OMC_F,19.24,19.24,NORMAL,SYNTHETIC_SCENARIO
ORD-0001705,2026-10-17,Eldoret,JET_A1,OMC_A,18.27,18.27,NORMAL,SYNTHETIC_SCENARIO
ORD-0001706,2026-10-17,Eldoret,JET_A1,OMC_B,15.14,15.14,NORMAL,SYNTHETIC_SCENARIO
ORD-0001707,2026-10-17,Eldoret,JET_A1,OMC_C,36.85,36.85,NORMAL,SYNTHETIC_SCENARIO
ORD-0001708,2026-10-17,Eldoret,JET_A1,OMC_D,17.13,17.13,NORMAL,SYNTHETIC_SCENARIO
ORD-0001709,2026-10-17,Eldoret,JET_A1,OMC_E,2.79,2.79,NORMAL,SYNTHETIC_SCENARIO
ORD-0001710,2026-10-17,Eldoret,JET_A1,OMC_F,0.48,0.48,NORMAL,SYNTHETIC_SCENARIO
ORD-0001711,2026-10-18,Eldoret,JET_A1,OMC_A,8.84,8.84,NORMAL,SYNTHETIC_SCENARIO
ORD-0001712,2026-10-18,Eldoret,JET_A1,OMC_B,9.8,9.8,NORMAL,SYNTHETIC_SCENARIO
ORD-0001713,2026-10-18,Eldoret,JET_A1,OMC_C,14.15,14.15,HIGH,SYNTHETIC_SCENARIO
ORD-0001714,2026-10-18,Eldoret,JET_A1,OMC_D,32.28,32.28,NORMAL,SYNTHETIC_SCENARIO
ORD-0001715,2026-10-18,Eldoret,JET_A1,OMC_E,1.11,1.11,NORMAL,SYNTHETIC_SCENARIO
ORD-0001716,2026-10-18,Eldoret,JET_A1,OMC_F,7.39,7.39,NORMAL,SYNTHETIC_SCENARIO
ORD-0001717,2026-10-19,Eldoret,JET_A1,OMC_A,51.21,51.21,NORMAL,SYNTHETIC_SCENARIO
ORD-0001718,2026-10-19,Eldoret,JET_A1,OMC_B,7.58,7.58,NORMAL,SYNTHETIC_SCENARIO
ORD-0001719,2026-10-19,Eldoret,JET_A1,OMC_C,8.09,8.09,NORMAL,SYNTHETIC_SCENARIO
ORD-0001720,2026-10-19,Eldoret,JET_A1,OMC_D,15.25,15.25,NORMAL,SYNTHETIC_SCENARIO
ORD-0001721,2026-10-19,Eldoret,JET_A1,OMC_E,11.85,11.85,NORMAL,SYNTHETIC_SCENARIO
ORD-0001722,2026-10-19,Eldoret,JET_A1,OMC_F,3.89,3.89,NORMAL,SYNTHETIC_SCENARIO
ORD-0001723,2026-10-20,Eldoret,JET_A1,OMC_A,32.59,32.59,NORMAL,SYNTHETIC_SCENARIO
ORD-0001724,2026-10-20,Eldoret,JET_A1,OMC_B,25.93,25.93,HIGH,SYNTHETIC_SCENARIO
ORD-0001725,2026-10-20,Eldoret,JET_A1,OMC_C,20.38,20.38,HIGH,SYNTHETIC_SCENARIO
ORD-0001726,2026-10-20,Eldoret,JET_A1,OMC_D,14.4,14.4,NORMAL,SYNTHETIC_SCENARIO
ORD-0001727,2026-10-20,Eldoret,JET_A1,OMC_E,0.64,0.64,NORMAL,SYNTHETIC_SCENARIO
ORD-0001728,2026-10-20,Eldoret,JET_A1,OMC_F,0.54,0.54,NORMAL,SYNTHETIC_SCENARIO
ORD-0001729,2026-10-21,Eldoret,JET_A1,OMC_A,29.63,29.63,NORMAL,SYNTHETIC_SCENARIO
ORD-0001730,2026-10-21,Eldoret,JET_A1,OMC_B,12.36,12.36,NORMAL,SYNTHETIC_SCENARIO
ORD-0001731,2026-10-21,Eldoret,JET_A1,OMC_C,28.54,28.54,NORMAL,SYNTHETIC_SCENARIO
ORD-0001732,2026-10-21,Eldoret,JET_A1,OMC_D,19.48,19.48,NORMAL,SYNTHETIC_SCENARIO
ORD-0001733,2026-10-21,Eldoret,JET_A1,OMC_E,2.22,2.22,NORMAL,SYNTHETIC_SCENARIO
ORD-0001734,2026-10-21,Eldoret,JET_A1,OMC_F,6.46,6.46,NORMAL,SYNTHETIC_SCENARIO
ORD-0001735,2026-10-22,Eldoret,JET_A1,OMC_A,47.13,47.13,NORMAL,SYNTHETIC_SCENARIO
ORD-0001736,2026-10-22,Eldoret,JET_A1,OMC_B,9.11,9.11,NORMAL,SYNTHETIC_SCENARIO
ORD-0001737,2026-10-22,Eldoret,JET_A1,OMC_C,6.37,6.37,NORMAL,SYNTHETIC_SCENARIO
ORD-0001738,2026-10-22,Eldoret,JET_A1,OMC_D,11.53,11.53,HIGH,SYNTHETIC_SCENARIO
ORD-0001739,2026-10-22,Eldoret,JET_A1,OMC_E,23.34,23.34,NORMAL,SYNTHETIC_SCENARIO
ORD-0001740,2026-10-22,Eldoret,JET_A1,OMC_F,13.73,13.73,NORMAL,SYNTHETIC_SCENARIO
ORD-0001741,2026-10-23,Eldoret,JET_A1,OMC_A,23.37,23.37,NORMAL,SYNTHETIC_SCENARIO
ORD-0001742,2026-10-23,Eldoret,JET_A1,OMC_B,32.0,32.0,NORMAL,SYNTHETIC_SCENARIO
ORD-0001743,2026-10-23,Eldoret,JET_A1,OMC_C,12.52,12.52,NORMAL,SYNTHETIC_SCENARIO
ORD-0001744,2026-10-23,Eldoret,JET_A1,OMC_D,21.06,21.06,NORMAL,SYNTHETIC_SCENARIO
ORD-0001745,2026-10-23,Eldoret,JET_A1,OMC_E,7.47,7.47,NORMAL,SYNTHETIC_SCENARIO
ORD-0001746,2026-10-23,Eldoret,JET_A1,OMC_F,2.71,2.71,NORMAL,SYNTHETIC_SCENARIO
ORD-0001747,2026-10-24,Eldoret,JET_A1,OMC_A,31.94,31.94,NORMAL,SYNTHETIC_SCENARIO
ORD-0001748,2026-10-24,Eldoret,JET_A1,OMC_B,37.84,37.84,HIGH,SYNTHETIC_SCENARIO
ORD-0001749,2026-10-24,Eldoret,JET_A1,OMC_C,11.26,11.26,NORMAL,SYNTHETIC_SCENARIO
ORD-0001750,2026-10-24,Eldoret,JET_A1,OMC_D,10.39,10.39,NORMAL,SYNTHETIC_SCENARIO
ORD-0001751,2026-10-24,Eldoret,JET_A1,OMC_E,3.91,3.91,NORMAL,SYNTHETIC_SCENARIO
ORD-0001752,2026-10-24,Eldoret,JET_A1,OMC_F,7.09,7.09,HIGH,SYNTHETIC_SCENARIO
ORD-0001753,2026-10-25,Eldoret,JET_A1,OMC_A,31.17,31.17,NORMAL,SYNTHETIC_SCENARIO
ORD-0001754,2026-10-25,Eldoret,JET_A1,OMC_B,7.78,7.78,NORMAL,SYNTHETIC_SCENARIO
ORD-0001755,2026-10-25,Eldoret,JET_A1,OMC_C,8.73,8.73,HIGH,SYNTHETIC_SCENARIO
ORD-0001756,2026-10-25,Eldoret,JET_A1,OMC_D,5.89,5.89,NORMAL,SYNTHETIC_SCENARIO
ORD-0001757,2026-10-25,Eldoret,JET_A1,OMC_E,11.26,11.26,NORMAL,SYNTHETIC_SCENARIO
ORD-0001758,2026-10-25,Eldoret,JET_A1,OMC_F,5.71,5.71,NORMAL,SYNTHETIC_SCENARIO
ORD-0001759,2026-10-26,Eldoret,JET_A1,OMC_A,33.92,33.92,NORMAL,SYNTHETIC_SCENARIO
ORD-0001760,2026-10-26,Eldoret,JET_A1,OMC_B,15.62,15.62,NORMAL,SYNTHETIC_SCENARIO
ORD-0001761,2026-10-26,Eldoret,JET_A1,OMC_C,18.9,18.9,NORMAL,SYNTHETIC_SCENARIO
ORD-0001762,2026-10-26,Eldoret,JET_A1,OMC_D,8.9,8.9,HIGH,SYNTHETIC_SCENARIO
ORD-0001763,2026-10-26,Eldoret,JET_A1,OMC_E,17.78,17.78,NORMAL,SYNTHETIC_SCENARIO
ORD-0001764,2026-10-26,Eldoret,JET_A1,OMC_F,0.6,0.6,NORMAL,SYNTHETIC_SCENARIO
ORD-0001765,2026-10-27,Eldoret,JET_A1,OMC_A,38.14,38.14,NORMAL,SYNTHETIC_SCENARIO
ORD-0001766,2026-10-27,Eldoret,JET_A1,OMC_B,34.48,34.48,NORMAL,SYNTHETIC_SCENARIO
ORD-0001767,2026-10-27,Eldoret,JET_A1,OMC_C,10.94,10.94,HIGH,SYNTHETIC_SCENARIO
ORD-0001768,2026-10-27,Eldoret,JET_A1,OMC_D,3.33,3.33,NORMAL,SYNTHETIC_SCENARIO
ORD-0001769,2026-10-27,Eldoret,JET_A1,OMC_E,4.66,4.66,NORMAL,SYNTHETIC_SCENARIO
ORD-0001770,2026-10-27,Eldoret,JET_A1,OMC_F,7.38,7.38,HIGH,SYNTHETIC_SCENARIO
ORD-0001771,2026-10-28,Eldoret,JET_A1,OMC_A,44.68,44.68,NORMAL,SYNTHETIC_SCENARIO
ORD-0001772,2026-10-28,Eldoret,JET_A1,OMC_B,15.74,15.74,NORMAL,SYNTHETIC_SCENARIO
ORD-0001773,2026-10-28,Eldoret,JET_A1,OMC_C,9.29,9.29,NORMAL,SYNTHETIC_SCENARIO
ORD-0001774,2026-10-28,Eldoret,JET_A1,OMC_D,9.9,9.9,NORMAL,SYNTHETIC_SCENARIO
ORD-0001775,2026-10-28,Eldoret,JET_A1,OMC_E,16.29,16.29,NORMAL,SYNTHETIC_SCENARIO
ORD-0001776,2026-10-28,Eldoret,JET_A1,OMC_F,6.29,6.29,NORMAL,SYNTHETIC_SCENARIO
ORD-0001777,2026-10-29,Eldoret,JET_A1,OMC_A,10.3,10.3,NORMAL,SYNTHETIC_SCENARIO
ORD-0001778,2026-10-29,Eldoret,JET_A1,OMC_B,35.75,35.75,NORMAL,SYNTHETIC_SCENARIO
ORD-0001779,2026-10-29,Eldoret,JET_A1,OMC_C,8.98,8.98,NORMAL,SYNTHETIC_SCENARIO
ORD-0001780,2026-10-29,Eldoret,JET_A1,OMC_D,24.32,24.32,NORMAL,SYNTHETIC_SCENARIO
ORD-0001781,2026-10-29,Eldoret,JET_A1,OMC_E,11.57,11.57,NORMAL,SYNTHETIC_SCENARIO
ORD-0001782,2026-10-29,Eldoret,JET_A1,OMC_F,17.18,17.18,NORMAL,SYNTHETIC_SCENARIO
ORD-0001783,2026-10-30,Eldoret,JET_A1,OMC_A,19.9,19.9,NORMAL,SYNTHETIC_SCENARIO
ORD-0001784,2026-10-30,Eldoret,JET_A1,OMC_B,42.88,42.88,HIGH,SYNTHETIC_SCENARIO
ORD-0001785,2026-10-30,Eldoret,JET_A1,OMC_C,29.86,29.86,NORMAL,SYNTHETIC_SCENARIO
ORD-0001786,2026-10-30,Eldoret,JET_A1,OMC_D,6.46,6.46,NORMAL,SYNTHETIC_SCENARIO
ORD-0001787,2026-10-30,Eldoret,JET_A1,OMC_E,6.18,6.18,NORMAL,SYNTHETIC_SCENARIO
ORD-0001788,2026-10-30,Eldoret,JET_A1,OMC_F,0.36,0.36,NORMAL,SYNTHETIC_SCENARIO
ORD-0001789,2026-10-31,Eldoret,JET_A1,OMC_A,38.97,38.97,NORMAL,SYNTHETIC_SCENARIO
ORD-0001790,2026-10-31,Eldoret,JET_A1,OMC_B,30.21,30.21,NORMAL,SYNTHETIC_SCENARIO
ORD-0001791,2026-10-31,Eldoret,JET_A1,OMC_C,3.69,3.69,NORMAL,SYNTHETIC_SCENARIO
ORD-0001792,2026-10-31,Eldoret,JET_A1,OMC_D,2.12,2.12,NORMAL,SYNTHETIC_SCENARIO
ORD-0001793,2026-10-31,Eldoret,JET_A1,OMC_E,11.28,11.28,NORMAL,SYNTHETIC_SCENARIO
ORD-0001794,2026-10-31,Eldoret,JET_A1,OMC_F,1.5,1.5,NORMAL,SYNTHETIC_SCENARIO
ORD-0001795,2026-11-01,Eldoret,JET_A1,OMC_A,24.92,24.92,HIGH,SYNTHETIC_SCENARIO
ORD-0001796,2026-11-01,Eldoret,JET_A1,OMC_B,18.56,18.56,NORMAL,SYNTHETIC_SCENARIO
ORD-0001797,2026-11-01,Eldoret,JET_A1,OMC_C,7.2,7.2,HIGH,SYNTHETIC_SCENARIO
ORD-0001798,2026-11-01,Eldoret,JET_A1,OMC_D,12.79,12.79,HIGH,SYNTHETIC_SCENARIO
ORD-0001799,2026-11-01,Eldoret,JET_A1,OMC_E,10.52,10.52,NORMAL,SYNTHETIC_SCENARIO
ORD-0001800,2026-11-01,Eldoret,JET_A1,OMC_F,1.05,1.05,NORMAL,SYNTHETIC_SCENARIO
ORD-0001801,2026-11-02,Eldoret,JET_A1,OMC_A,37.34,37.34,NORMAL,SYNTHETIC_SCENARIO
ORD-0001802,2026-11-02,Eldoret,JET_A1,OMC_B,27.28,27.28,NORMAL,SYNTHETIC_SCENARIO
ORD-0001803,2026-11-02,Eldoret,JET_A1,OMC_C,0.6,0.6,NORMAL,SYNTHETIC_SCENARIO
ORD-0001804,2026-11-02,Eldoret,JET_A1,OMC_D,2.79,2.79,HIGH,SYNTHETIC_SCENARIO
ORD-0001805,2026-11-02,Eldoret,JET_A1,OMC_E,15.16,15.16,NORMAL,SYNTHETIC_SCENARIO
ORD-0001806,2026-11-02,Eldoret,JET_A1,OMC_F,11.73,11.73,NORMAL,SYNTHETIC_SCENARIO
ORD-0001807,2026-11-03,Eldoret,JET_A1,OMC_A,32.17,32.17,NORMAL,SYNTHETIC_SCENARIO
ORD-0001808,2026-11-03,Eldoret,JET_A1,OMC_B,12.34,12.34,NORMAL,SYNTHETIC_SCENARIO
ORD-0001809,2026-11-03,Eldoret,JET_A1,OMC_C,16.61,16.61,NORMAL,SYNTHETIC_SCENARIO
ORD-0001810,2026-11-03,Eldoret,JET_A1,OMC_D,5.77,5.77,NORMAL,SYNTHETIC_SCENARIO
ORD-0001811,2026-11-03,Eldoret,JET_A1,OMC_E,6.97,6.97,NORMAL,SYNTHETIC_SCENARIO
ORD-0001812,2026-11-03,Eldoret,JET_A1,OMC_F,14.39,14.39,HIGH,SYNTHETIC_SCENARIO
ORD-0001813,2026-11-04,Eldoret,JET_A1,OMC_A,22.21,22.21,NORMAL,SYNTHETIC_SCENARIO
ORD-0001814,2026-11-04,Eldoret,JET_A1,OMC_B,25.69,25.69,NORMAL,SYNTHETIC_SCENARIO
ORD-0001815,2026-11-04,Eldoret,JET_A1,OMC_C,7.25,7.25,NORMAL,SYNTHETIC_SCENARIO
ORD-0001816,2026-11-04,Eldoret,JET_A1,OMC_D,13.76,13.76,NORMAL,SYNTHETIC_SCENARIO
ORD-0001817,2026-11-04,Eldoret,JET_A1,OMC_E,13.55,13.55,NORMAL,SYNTHETIC_SCENARIO
ORD-0001818,2026-11-04,Eldoret,JET_A1,OMC_F,7.46,7.46,HIGH,SYNTHETIC_SCENARIO
ORD-0001819,2026-11-05,Eldoret,JET_A1,OMC_A,19.49,19.49,NORMAL,SYNTHETIC_SCENARIO
ORD-0001820,2026-11-05,Eldoret,JET_A1,OMC_B,7.48,7.48,NORMAL,SYNTHETIC_SCENARIO
ORD-0001821,2026-11-05,Eldoret,JET_A1,OMC_C,22.51,22.51,NORMAL,SYNTHETIC_SCENARIO
ORD-0001822,2026-11-05,Eldoret,JET_A1,OMC_D,8.18,8.18,NORMAL,SYNTHETIC_SCENARIO
ORD-0001823,2026-11-05,Eldoret,JET_A1,OMC_E,16.84,16.84,NORMAL,SYNTHETIC_SCENARIO
ORD-0001824,2026-11-05,Eldoret,JET_A1,OMC_F,17.59,17.59,NORMAL,SYNTHETIC_SCENARIO
ORD-0001825,2026-11-06,Eldoret,JET_A1,OMC_A,34.24,34.24,NORMAL,SYNTHETIC_SCENARIO
ORD-0001826,2026-11-06,Eldoret,JET_A1,OMC_B,6.86,6.86,NORMAL,SYNTHETIC_SCENARIO
ORD-0001827,2026-11-06,Eldoret,JET_A1,OMC_C,24.75,24.75,HIGH,SYNTHETIC_SCENARIO
ORD-0001828,2026-11-06,Eldoret,JET_A1,OMC_D,6.19,6.19,NORMAL,SYNTHETIC_SCENARIO
ORD-0001829,2026-11-06,Eldoret,JET_A1,OMC_E,28.08,28.08,NORMAL,SYNTHETIC_SCENARIO
ORD-0001830,2026-11-06,Eldoret,JET_A1,OMC_F,2.83,2.83,NORMAL,SYNTHETIC_SCENARIO
ORD-0001831,2026-11-07,Eldoret,JET_A1,OMC_A,30.39,30.39,NORMAL,SYNTHETIC_SCENARIO
ORD-0001832,2026-11-07,Eldoret,JET_A1,OMC_B,18.24,18.24,NORMAL,SYNTHETIC_SCENARIO
ORD-0001833,2026-11-07,Eldoret,JET_A1,OMC_C,33.12,33.12,NORMAL,SYNTHETIC_SCENARIO
ORD-0001834,2026-11-07,Eldoret,JET_A1,OMC_D,2.42,2.42,NORMAL,SYNTHETIC_SCENARIO
ORD-0001835,2026-11-07,Eldoret,JET_A1,OMC_E,0.86,0.86,NORMAL,SYNTHETIC_SCENARIO
ORD-0001836,2026-11-07,Eldoret,JET_A1,OMC_F,1.22,1.22,NORMAL,SYNTHETIC_SCENARIO
ORD-0001837,2026-11-08,Eldoret,JET_A1,OMC_A,34.17,34.17,NORMAL,SYNTHETIC_SCENARIO
ORD-0001838,2026-11-08,Eldoret,JET_A1,OMC_B,9.03,9.03,NORMAL,SYNTHETIC_SCENARIO
ORD-0001839,2026-11-08,Eldoret,JET_A1,OMC_C,10.29,10.29,NORMAL,SYNTHETIC_SCENARIO
ORD-0001840,2026-11-08,Eldoret,JET_A1,OMC_D,4.86,4.86,NORMAL,SYNTHETIC_SCENARIO
ORD-0001841,2026-11-08,Eldoret,JET_A1,OMC_E,12.49,12.49,NORMAL,SYNTHETIC_SCENARIO
ORD-0001842,2026-11-08,Eldoret,JET_A1,OMC_F,1.93,1.93,NORMAL,SYNTHETIC_SCENARIO
ORD-0001843,2026-11-09,Eldoret,JET_A1,OMC_A,37.51,37.51,NORMAL,SYNTHETIC_SCENARIO
ORD-0001844,2026-11-09,Eldoret,JET_A1,OMC_B,22.43,22.43,NORMAL,SYNTHETIC_SCENARIO
ORD-0001845,2026-11-09,Eldoret,JET_A1,OMC_C,20.53,20.53,HIGH,SYNTHETIC_SCENARIO
ORD-0001846,2026-11-09,Eldoret,JET_A1,OMC_D,2.31,2.31,NORMAL,SYNTHETIC_SCENARIO
ORD-0001847,2026-11-09,Eldoret,JET_A1,OMC_E,8.41,8.41,NORMAL,SYNTHETIC_SCENARIO
ORD-0001848,2026-11-09,Eldoret,JET_A1,OMC_F,4.46,4.46,NORMAL,SYNTHETIC_SCENARIO
ORD-0001849,2026-11-10,Eldoret,JET_A1,OMC_A,44.58,44.58,NORMAL,SYNTHETIC_SCENARIO
ORD-0001850,2026-11-10,Eldoret,JET_A1,OMC_B,16.17,16.17,NORMAL,SYNTHETIC_SCENARIO
ORD-0001851,2026-11-10,Eldoret,JET_A1,OMC_C,9.11,9.11,NORMAL,SYNTHETIC_SCENARIO
ORD-0001852,2026-11-10,Eldoret,JET_A1,OMC_D,11.56,11.56,NORMAL,SYNTHETIC_SCENARIO
ORD-0001853,2026-11-10,Eldoret,JET_A1,OMC_E,3.06,3.06,NORMAL,SYNTHETIC_SCENARIO
ORD-0001854,2026-11-10,Eldoret,JET_A1,OMC_F,2.2,2.2,NORMAL,SYNTHETIC_SCENARIO
ORD-0001855,2026-11-11,Eldoret,JET_A1,OMC_A,7.36,7.36,NORMAL,SYNTHETIC_SCENARIO
ORD-0001856,2026-11-11,Eldoret,JET_A1,OMC_B,34.82,34.82,NORMAL,SYNTHETIC_SCENARIO
ORD-0001857,2026-11-11,Eldoret,JET_A1,OMC_C,14.51,14.51,NORMAL,SYNTHETIC_SCENARIO
ORD-0001858,2026-11-11,Eldoret,JET_A1,OMC_D,16.04,16.04,NORMAL,SYNTHETIC_SCENARIO
ORD-0001859,2026-11-11,Eldoret,JET_A1,OMC_E,11.53,11.53,NORMAL,SYNTHETIC_SCENARIO
ORD-0001860,2026-11-11,Eldoret,JET_A1,OMC_F,0.27,0.27,NORMAL,SYNTHETIC_SCENARIO
ORD-0001861,2026-11-12,Eldoret,JET_A1,OMC_A,17.55,17.55,NORMAL,SYNTHETIC_SCENARIO
ORD-0001862,2026-11-12,Eldoret,JET_A1,OMC_B,24.36,24.36,HIGH,SYNTHETIC_SCENARIO
ORD-0001863,2026-11-12,Eldoret,JET_A1,OMC_C,20.9,20.9,HIGH,SYNTHETIC_SCENARIO
ORD-0001864,2026-11-12,Eldoret,JET_A1,OMC_D,9.19,9.19,NORMAL,SYNTHETIC_SCENARIO
ORD-0001865,2026-11-12,Eldoret,JET_A1,OMC_E,2.6,2.6,NORMAL,SYNTHETIC_SCENARIO
ORD-0001866,2026-11-12,Eldoret,JET_A1,OMC_F,13.3,13.3,NORMAL,SYNTHETIC_SCENARIO
ORD-0001867,2026-11-13,Eldoret,JET_A1,OMC_A,37.27,37.27,NORMAL,SYNTHETIC_SCENARIO
ORD-0001868,2026-11-13,Eldoret,JET_A1,OMC_B,38.6,38.6,NORMAL,SYNTHETIC_SCENARIO
ORD-0001869,2026-11-13,Eldoret,JET_A1,OMC_C,4.61,4.61,NORMAL,SYNTHETIC_SCENARIO
ORD-0001870,2026-11-13,Eldoret,JET_A1,OMC_D,9.22,9.22,NORMAL,SYNTHETIC_SCENARIO
ORD-0001871,2026-11-13,Eldoret,JET_A1,OMC_E,2.07,2.07,HIGH,SYNTHETIC_SCENARIO
ORD-0001872,2026-11-13,Eldoret,JET_A1,OMC_F,5.08,5.08,HIGH,SYNTHETIC_SCENARIO
ORD-0001873,2026-11-14,Eldoret,JET_A1,OMC_A,28.04,28.04,NORMAL,SYNTHETIC_SCENARIO
ORD-0001874,2026-11-14,Eldoret,JET_A1,OMC_B,10.21,10.21,NORMAL,SYNTHETIC_SCENARIO
ORD-0001875,2026-11-14,Eldoret,JET_A1,OMC_C,11.7,11.7,NORMAL,SYNTHETIC_SCENARIO
ORD-0001876,2026-11-14,Eldoret,JET_A1,OMC_D,16.94,16.94,NORMAL,SYNTHETIC_SCENARIO
ORD-0001877,2026-11-14,Eldoret,JET_A1,OMC_E,6.57,6.57,HIGH,SYNTHETIC_SCENARIO
ORD-0001878,2026-11-14,Eldoret,JET_A1,OMC_F,7.68,7.68,NORMAL,SYNTHETIC_SCENARIO
ORD-0001879,2026-11-15,Eldoret,JET_A1,OMC_A,23.96,23.96,NORMAL,SYNTHETIC_SCENARIO
ORD-0001880,2026-11-15,Eldoret,JET_A1,OMC_B,16.89,16.89,NORMAL,SYNTHETIC_SCENARIO
ORD-0001881,2026-11-15,Eldoret,JET_A1,OMC_C,9.87,9.87,NORMAL,SYNTHETIC_SCENARIO
ORD-0001882,2026-11-15,Eldoret,JET_A1,OMC_D,3.14,3.14,NORMAL,SYNTHETIC_SCENARIO
ORD-0001883,2026-11-15,Eldoret,JET_A1,OMC_E,9.28,9.28,NORMAL,SYNTHETIC_SCENARIO
ORD-0001884,2026-11-15,Eldoret,JET_A1,OMC_F,17.18,17.18,NORMAL,SYNTHETIC_SCENARIO
ORD-0001885,2026-11-16,Eldoret,JET_A1,OMC_A,18.79,18.79,NORMAL,SYNTHETIC_SCENARIO
ORD-0001886,2026-11-16,Eldoret,JET_A1,OMC_B,32.64,32.64,NORMAL,SYNTHETIC_SCENARIO
ORD-0001887,2026-11-16,Eldoret,JET_A1,OMC_C,20.63,20.63,NORMAL,SYNTHETIC_SCENARIO
ORD-0001888,2026-11-16,Eldoret,JET_A1,OMC_D,12.14,12.14,NORMAL,SYNTHETIC_SCENARIO
ORD-0001889,2026-11-16,Eldoret,JET_A1,OMC_E,1.21,1.21,HIGH,SYNTHETIC_SCENARIO
ORD-0001890,2026-11-16,Eldoret,JET_A1,OMC_F,2.29,2.29,NORMAL,SYNTHETIC_SCENARIO
ORD-0001891,2026-11-17,Eldoret,JET_A1,OMC_A,41.49,41.49,NORMAL,SYNTHETIC_SCENARIO
ORD-0001892,2026-11-17,Eldoret,JET_A1,OMC_B,24.67,24.67,HIGH,SYNTHETIC_SCENARIO
ORD-0001893,2026-11-17,Eldoret,JET_A1,OMC_C,4.98,4.98,NORMAL,SYNTHETIC_SCENARIO
ORD-0001894,2026-11-17,Eldoret,JET_A1,OMC_D,6.01,6.01,NORMAL,SYNTHETIC_SCENARIO
ORD-0001895,2026-11-17,Eldoret,JET_A1,OMC_E,10.26,10.26,NORMAL,SYNTHETIC_SCENARIO
ORD-0001896,2026-11-17,Eldoret,JET_A1,OMC_F,0.82,0.82,NORMAL,SYNTHETIC_SCENARIO
ORD-0001897,2026-11-18,Eldoret,JET_A1,OMC_A,28.77,28.77,NORMAL,SYNTHETIC_SCENARIO
ORD-0001898,2026-11-18,Eldoret,JET_A1,OMC_B,8.51,8.51,NORMAL,SYNTHETIC_SCENARIO
ORD-0001899,2026-11-18,Eldoret,JET_A1,OMC_C,21.93,21.93,HIGH,SYNTHETIC_SCENARIO
ORD-0001900,2026-11-18,Eldoret,JET_A1,OMC_D,10.34,10.34,NORMAL,SYNTHETIC_SCENARIO
ORD-0001901,2026-11-18,Eldoret,JET_A1,OMC_E,9.25,9.25,NORMAL,SYNTHETIC_SCENARIO
ORD-0001902,2026-11-18,Eldoret,JET_A1,OMC_F,5.06,5.06,NORMAL,SYNTHETIC_SCENARIO
ORD-0001903,2026-11-19,Eldoret,JET_A1,OMC_A,35.28,35.28,NORMAL,SYNTHETIC_SCENARIO
ORD-0001904,2026-11-19,Eldoret,JET_A1,OMC_B,7.28,7.28,NORMAL,SYNTHETIC_SCENARIO
ORD-0001905,2026-11-19,Eldoret,JET_A1,OMC_C,29.07,29.07,NORMAL,SYNTHETIC_SCENARIO
ORD-0001906,2026-11-19,Eldoret,JET_A1,OMC_D,3.39,3.39,NORMAL,SYNTHETIC_SCENARIO
ORD-0001907,2026-11-19,Eldoret,JET_A1,OMC_E,12.17,12.17,NORMAL,SYNTHETIC_SCENARIO
ORD-0001908,2026-11-19,Eldoret,JET_A1,OMC_F,9.58,9.58,NORMAL,SYNTHETIC_SCENARIO
ORD-0001909,2026-11-20,Eldoret,JET_A1,OMC_A,38.12,38.12,NORMAL,SYNTHETIC_SCENARIO
ORD-0001910,2026-11-20,Eldoret,JET_A1,OMC_B,20.3,20.3,NORMAL,SYNTHETIC_SCENARIO
ORD-0001911,2026-11-20,Eldoret,JET_A1,OMC_C,7.33,7.33,NORMAL,SYNTHETIC_SCENARIO
ORD-0001912,2026-11-20,Eldoret,JET_A1,OMC_D,4.64,4.64,NORMAL,SYNTHETIC_SCENARIO
ORD-0001913,2026-11-20,Eldoret,JET_A1,OMC_E,4.18,4.18,NORMAL,SYNTHETIC_SCENARIO
ORD-0001914,2026-11-20,Eldoret,JET_A1,OMC_F,16.38,16.38,NORMAL,SYNTHETIC_SCENARIO
ORD-0001915,2026-11-21,Eldoret,JET_A1,OMC_A,17.12,17.12,NORMAL,SYNTHETIC_SCENARIO
ORD-0001916,2026-11-21,Eldoret,JET_A1,OMC_B,17.37,17.37,NORMAL,SYNTHETIC_SCENARIO
ORD-0001917,2026-11-21,Eldoret,JET_A1,OMC_C,8.2,8.2,NORMAL,SYNTHETIC_SCENARIO
ORD-0001918,2026-11-21,Eldoret,JET_A1,OMC_D,28.93,28.93,NORMAL,SYNTHETIC_SCENARIO
ORD-0001919,2026-11-21,Eldoret,JET_A1,OMC_E,4.91,4.91,NORMAL,SYNTHETIC_SCENARIO
ORD-0001920,2026-11-21,Eldoret,JET_A1,OMC_F,6.44,6.44,NORMAL,SYNTHETIC_SCENARIO
ORD-0001921,2026-11-22,Eldoret,JET_A1,OMC_A,13.3,13.3,NORMAL,SYNTHETIC_SCENARIO
ORD-0001922,2026-11-22,Eldoret,JET_A1,OMC_B,8.89,8.89,NORMAL,SYNTHETIC_SCENARIO
ORD-0001923,2026-11-22,Eldoret,JET_A1,OMC_C,5.0,5.0,NORMAL,SYNTHETIC_SCENARIO
ORD-0001924,2026-11-22,Eldoret,JET_A1,OMC_D,25.47,25.47,NORMAL,SYNTHETIC_SCENARIO
ORD-0001925,2026-11-22,Eldoret,JET_A1,OMC_E,8.25,8.25,NORMAL,SYNTHETIC_SCENARIO
ORD-0001926,2026-11-22,Eldoret,JET_A1,OMC_F,6.47,6.47,NORMAL,SYNTHETIC_SCENARIO
ORD-0001927,2026-11-23,Eldoret,JET_A1,OMC_A,44.93,44.93,NORMAL,SYNTHETIC_SCENARIO
ORD-0001928,2026-11-23,Eldoret,JET_A1,OMC_B,13.46,13.46,HIGH,SYNTHETIC_SCENARIO
ORD-0001929,2026-11-23,Eldoret,JET_A1,OMC_C,13.28,13.28,NORMAL,SYNTHETIC_SCENARIO
ORD-0001930,2026-11-23,Eldoret,JET_A1,OMC_D,10.28,10.28,NORMAL,SYNTHETIC_SCENARIO
ORD-0001931,2026-11-23,Eldoret,JET_A1,OMC_E,5.4,5.4,NORMAL,SYNTHETIC_SCENARIO
ORD-0001932,2026-11-23,Eldoret,JET_A1,OMC_F,0.45,0.45,NORMAL,SYNTHETIC_SCENARIO
ORD-0001933,2026-11-24,Eldoret,JET_A1,OMC_A,45.93,45.93,NORMAL,SYNTHETIC_SCENARIO
ORD-0001934,2026-11-24,Eldoret,JET_A1,OMC_B,10.19,10.19,NORMAL,SYNTHETIC_SCENARIO
ORD-0001935,2026-11-24,Eldoret,JET_A1,OMC_C,21.0,21.0,NORMAL,SYNTHETIC_SCENARIO
ORD-0001936,2026-11-24,Eldoret,JET_A1,OMC_D,4.58,4.58,NORMAL,SYNTHETIC_SCENARIO
ORD-0001937,2026-11-24,Eldoret,JET_A1,OMC_E,2.79,2.79,HIGH,SYNTHETIC_SCENARIO
ORD-0001938,2026-11-24,Eldoret,JET_A1,OMC_F,1.18,1.18,NORMAL,SYNTHETIC_SCENARIO
ORD-0001939,2026-11-25,Eldoret,JET_A1,OMC_A,43.59,43.59,NORMAL,SYNTHETIC_SCENARIO
ORD-0001940,2026-11-25,Eldoret,JET_A1,OMC_B,11.29,11.29,NORMAL,SYNTHETIC_SCENARIO
ORD-0001941,2026-11-25,Eldoret,JET_A1,OMC_C,16.31,16.31,NORMAL,SYNTHETIC_SCENARIO
ORD-0001942,2026-11-25,Eldoret,JET_A1,OMC_D,9.3,9.3,NORMAL,SYNTHETIC_SCENARIO
ORD-0001943,2026-11-25,Eldoret,JET_A1,OMC_E,0.74,0.74,NORMAL,SYNTHETIC_SCENARIO
ORD-0001944,2026-11-25,Eldoret,JET_A1,OMC_F,9.75,9.75,NORMAL,SYNTHETIC_SCENARIO
ORD-0001945,2026-11-26,Eldoret,JET_A1,OMC_A,25.89,25.89,NORMAL,SYNTHETIC_SCENARIO
ORD-0001946,2026-11-26,Eldoret,JET_A1,OMC_B,47.92,47.92,NORMAL,SYNTHETIC_SCENARIO
ORD-0001947,2026-11-26,Eldoret,JET_A1,OMC_C,7.21,7.21,NORMAL,SYNTHETIC_SCENARIO
ORD-0001948,2026-11-26,Eldoret,JET_A1,OMC_D,10.43,10.43,NORMAL,SYNTHETIC_SCENARIO
ORD-0001949,2026-11-26,Eldoret,JET_A1,OMC_E,8.57,8.57,NORMAL,SYNTHETIC_SCENARIO
ORD-0001950,2026-11-26,Eldoret,JET_A1,OMC_F,0.01,0.01,NORMAL,SYNTHETIC_SCENARIO
ORD-0001951,2026-11-27,Eldoret,JET_A1,OMC_A,10.61,10.61,NORMAL,SYNTHETIC_SCENARIO
ORD-0001952,2026-11-27,Eldoret,JET_A1,OMC_B,20.76,20.76,NORMAL,SYNTHETIC_SCENARIO
ORD-0001953,2026-11-27,Eldoret,JET_A1,OMC_C,25.26,25.26,NORMAL,SYNTHETIC_SCENARIO
ORD-0001954,2026-11-27,Eldoret,JET_A1,OMC_D,17.46,17.46,NORMAL,SYNTHETIC_SCENARIO
ORD-0001955,2026-11-27,Eldoret,JET_A1,OMC_E,12.1,12.1,NORMAL,SYNTHETIC_SCENARIO
ORD-0001956,2026-11-27,Eldoret,JET_A1,OMC_F,15.95,15.95,NORMAL,SYNTHETIC_SCENARIO
ORD-0001957,2026-11-28,Eldoret,JET_A1,OMC_A,2.92,2.92,NORMAL,SYNTHETIC_SCENARIO
ORD-0001958,2026-11-28,Eldoret,JET_A1,OMC_B,32.55,32.55,NORMAL,SYNTHETIC_SCENARIO
ORD-0001959,2026-11-28,Eldoret,JET_A1,OMC_C,2.7,2.7,NORMAL,SYNTHETIC_SCENARIO
ORD-0001960,2026-11-28,Eldoret,JET_A1,OMC_D,31.98,31.98,NORMAL,SYNTHETIC_SCENARIO
ORD-0001961,2026-11-28,Eldoret,JET_A1,OMC_E,4.15,4.15,NORMAL,SYNTHETIC_SCENARIO
ORD-0001962,2026-11-28,Eldoret,JET_A1,OMC_F,11.73,11.73,NORMAL,SYNTHETIC_SCENARIO
ORD-0001963,2026-11-29,Eldoret,JET_A1,OMC_A,25.31,25.31,NORMAL,SYNTHETIC_SCENARIO
ORD-0001964,2026-11-29,Eldoret,JET_A1,OMC_B,8.89,8.89,NORMAL,SYNTHETIC_SCENARIO
ORD-0001965,2026-11-29,Eldoret,JET_A1,OMC_C,10.29,10.29,NORMAL,SYNTHETIC_SCENARIO
ORD-0001966,2026-11-29,Eldoret,JET_A1,OMC_D,16.67,16.67,NORMAL,SYNTHETIC_SCENARIO
ORD-0001967,2026-11-29,Eldoret,JET_A1,OMC_E,10.14,10.14,NORMAL,SYNTHETIC_SCENARIO
ORD-0001968,2026-11-29,Eldoret,JET_A1,OMC_F,0.5,0.5,NORMAL,SYNTHETIC_SCENARIO
ORD-0001969,2026-11-30,Eldoret,JET_A1,OMC_A,4.01,4.01,NORMAL,SYNTHETIC_SCENARIO
ORD-0001970,2026-11-30,Eldoret,JET_A1,OMC_B,35.37,35.37,NORMAL,SYNTHETIC_SCENARIO
ORD-0001971,2026-11-30,Eldoret,JET_A1,OMC_C,18.57,18.57,NORMAL,SYNTHETIC_SCENARIO
ORD-0001972,2026-11-30,Eldoret,JET_A1,OMC_D,17.71,17.71,NORMAL,SYNTHETIC_SCENARIO
ORD-0001973,2026-11-30,Eldoret,JET_A1,OMC_E,15.51,15.51,NORMAL,SYNTHETIC_SCENARIO
ORD-0001974,2026-11-30,Eldoret,JET_A1,OMC_F,6.77,6.77,NORMAL,SYNTHETIC_SCENARIO
ORD-0001975,2026-12-01,Eldoret,JET_A1,OMC_A,4.49,4.49,NORMAL,SYNTHETIC_SCENARIO
ORD-0001976,2026-12-01,Eldoret,JET_A1,OMC_B,24.96,24.96,NORMAL,SYNTHETIC_SCENARIO
ORD-0001977,2026-12-01,Eldoret,JET_A1,OMC_C,35.34,35.34,NORMAL,SYNTHETIC_SCENARIO
ORD-0001978,2026-12-01,Eldoret,JET_A1,OMC_D,23.33,23.33,NORMAL,SYNTHETIC_SCENARIO
ORD-0001979,2026-12-01,Eldoret,JET_A1,OMC_E,11.27,11.27,NORMAL,SYNTHETIC_SCENARIO
ORD-0001980,2026-12-01,Eldoret,JET_A1,OMC_F,2.42,2.42,NORMAL,SYNTHETIC_SCENARIO
ORD-0001981,2026-12-02,Eldoret,JET_A1,OMC_A,26.69,26.69,NORMAL,SYNTHETIC_SCENARIO
ORD-0001982,2026-12-02,Eldoret,JET_A1,OMC_B,49.41,49.41,NORMAL,SYNTHETIC_SCENARIO
ORD-0001983,2026-12-02,Eldoret,JET_A1,OMC_C,12.94,12.94,NORMAL,SYNTHETIC_SCENARIO
ORD-0001984,2026-12-02,Eldoret,JET_A1,OMC_D,7.0,7.0,NORMAL,SYNTHETIC_SCENARIO
ORD-0001985,2026-12-02,Eldoret,JET_A1,OMC_E,4.21,4.21,NORMAL,SYNTHETIC_SCENARIO
ORD-0001986,2026-12-02,Eldoret,JET_A1,OMC_F,5.77,5.77,NORMAL,SYNTHETIC_SCENARIO
ORD-0001987,2026-12-03,Eldoret,JET_A1,OMC_A,23.46,23.46,NORMAL,SYNTHETIC_SCENARIO
ORD-0001988,2026-12-03,Eldoret,JET_A1,OMC_B,15.29,15.29,NORMAL,SYNTHETIC_SCENARIO
ORD-0001989,2026-12-03,Eldoret,JET_A1,OMC_C,47.66,47.66,NORMAL,SYNTHETIC_SCENARIO
ORD-0001990,2026-12-03,Eldoret,JET_A1,OMC_D,8.02,8.02,NORMAL,SYNTHETIC_SCENARIO
ORD-0001991,2026-12-03,Eldoret,JET_A1,OMC_E,8.06,8.06,NORMAL,SYNTHETIC_SCENARIO
ORD-0001992,2026-12-03,Eldoret,JET_A1,OMC_F,4.02,4.02,NORMAL,SYNTHETIC_SCENARIO
ORD-0001993,2026-12-04,Eldoret,JET_A1,OMC_A,29.71,29.71,NORMAL,SYNTHETIC_SCENARIO
ORD-0001994,2026-12-04,Eldoret,JET_A1,OMC_B,61.62,61.62,NORMAL,SYNTHETIC_SCENARIO
ORD-0001995,2026-12-04,Eldoret,JET_A1,OMC_C,7.73,7.73,NORMAL,SYNTHETIC_SCENARIO
ORD-0001996,2026-12-04,Eldoret,JET_A1,OMC_D,4.0,4.0,HIGH,SYNTHETIC_SCENARIO
ORD-0001997,2026-12-04,Eldoret,JET_A1,OMC_E,0.61,0.61,NORMAL,SYNTHETIC_SCENARIO
ORD-0001998,2026-12-04,Eldoret,JET_A1,OMC_F,3.07,3.07,NORMAL,SYNTHETIC_SCENARIO
ORD-0001999,2026-12-05,Eldoret,JET_A1,OMC_A,12.45,12.45,NORMAL,SYNTHETIC_SCENARIO
ORD-0002000,2026-12-05,Eldoret,JET_A1,OMC_B,29.25,29.25,NORMAL,SYNTHETIC_SCENARIO
ORD-0002001,2026-12-05,Eldoret,JET_A1,OMC_C,12.7,12.7,NORMAL,SYNTHETIC_SCENARIO
ORD-0002002,2026-12-05,Eldoret,JET_A1,OMC_D,18.71,18.71,NORMAL,SYNTHETIC_SCENARIO
ORD-0002003,2026-12-05,Eldoret,JET_A1,OMC_E,31.12,31.12,NORMAL,SYNTHETIC_SCENARIO
ORD-0002004,2026-12-05,Eldoret,JET_A1,OMC_F,1.73,1.73,HIGH,SYNTHETIC_SCENARIO
ORD-0002005,2026-12-06,Eldoret,JET_A1,OMC_A,22.17,22.17,NORMAL,SYNTHETIC_SCENARIO
ORD-0002006,2026-12-06,Eldoret,JET_A1,OMC_B,19.5,19.5,NORMAL,SYNTHETIC_SCENARIO
ORD-0002007,2026-12-06,Eldoret,JET_A1,OMC_C,10.86,10.86,NORMAL,SYNTHETIC_SCENARIO
ORD-0002008,2026-12-06,Eldoret,JET_A1,OMC_D,5.94,5.94,NORMAL,SYNTHETIC_SCENARIO
ORD-0002009,2026-12-06,Eldoret,JET_A1,OMC_E,7.23,7.23,NORMAL,SYNTHETIC_SCENARIO
ORD-0002010,2026-12-06,Eldoret,JET_A1,OMC_F,22.26,22.26,NORMAL,SYNTHETIC_SCENARIO
ORD-0002011,2026-12-07,Eldoret,JET_A1,OMC_A,68.75,68.75,NORMAL,SYNTHETIC_SCENARIO
ORD-0002012,2026-12-07,Eldoret,JET_A1,OMC_B,15.62,15.62,HIGH,SYNTHETIC_SCENARIO
ORD-0002013,2026-12-07,Eldoret,JET_A1,OMC_C,14.42,14.42,NORMAL,SYNTHETIC_SCENARIO
ORD-0002014,2026-12-07,Eldoret,JET_A1,OMC_D,2.16,2.16,NORMAL,SYNTHETIC_SCENARIO
ORD-0002015,2026-12-07,Eldoret,JET_A1,OMC_E,1.56,1.56,NORMAL,SYNTHETIC_SCENARIO
ORD-0002016,2026-12-07,Eldoret,JET_A1,OMC_F,7.88,7.88,NORMAL,SYNTHETIC_SCENARIO
ORD-0002017,2026-12-08,Eldoret,JET_A1,OMC_A,50.97,50.97,NORMAL,SYNTHETIC_SCENARIO
ORD-0002018,2026-12-08,Eldoret,JET_A1,OMC_B,7.54,7.54,NORMAL,SYNTHETIC_SCENARIO
ORD-0002019,2026-12-08,Eldoret,JET_A1,OMC_C,10.69,10.69,NORMAL,SYNTHETIC_SCENARIO
ORD-0002020,2026-12-08,Eldoret,JET_A1,OMC_D,27.35,27.35,NORMAL,SYNTHETIC_SCENARIO
ORD-0002021,2026-12-08,Eldoret,JET_A1,OMC_E,1.86,1.86,NORMAL,SYNTHETIC_SCENARIO
ORD-0002022,2026-12-08,Eldoret,JET_A1,OMC_F,11.06,11.06,NORMAL,SYNTHETIC_SCENARIO
ORD-0002023,2026-12-09,Eldoret,JET_A1,OMC_A,11.57,11.57,NORMAL,SYNTHETIC_SCENARIO
ORD-0002024,2026-12-09,Eldoret,JET_A1,OMC_B,10.91,10.91,NORMAL,SYNTHETIC_SCENARIO
ORD-0002025,2026-12-09,Eldoret,JET_A1,OMC_C,25.04,25.04,NORMAL,SYNTHETIC_SCENARIO
ORD-0002026,2026-12-09,Eldoret,JET_A1,OMC_D,16.72,16.72,NORMAL,SYNTHETIC_SCENARIO
ORD-0002027,2026-12-09,Eldoret,JET_A1,OMC_E,27.52,27.52,NORMAL,SYNTHETIC_SCENARIO
ORD-0002028,2026-12-09,Eldoret,JET_A1,OMC_F,19.7,19.7,NORMAL,SYNTHETIC_SCENARIO
ORD-0002029,2026-12-10,Eldoret,JET_A1,OMC_A,21.21,21.21,NORMAL,SYNTHETIC_SCENARIO
ORD-0002030,2026-12-10,Eldoret,JET_A1,OMC_B,18.69,18.69,HIGH,SYNTHETIC_SCENARIO
ORD-0002031,2026-12-10,Eldoret,JET_A1,OMC_C,17.89,17.89,NORMAL,SYNTHETIC_SCENARIO
ORD-0002032,2026-12-10,Eldoret,JET_A1,OMC_D,5.35,5.35,NORMAL,SYNTHETIC_SCENARIO
ORD-0002033,2026-12-10,Eldoret,JET_A1,OMC_E,15.07,15.07,NORMAL,SYNTHETIC_SCENARIO
ORD-0002034,2026-12-10,Eldoret,JET_A1,OMC_F,23.35,23.35,NORMAL,SYNTHETIC_SCENARIO
ORD-0002035,2026-12-11,Eldoret,JET_A1,OMC_A,23.79,23.79,NORMAL,SYNTHETIC_SCENARIO
ORD-0002036,2026-12-11,Eldoret,JET_A1,OMC_B,27.13,27.13,NORMAL,SYNTHETIC_SCENARIO
ORD-0002037,2026-12-11,Eldoret,JET_A1,OMC_C,15.54,15.54,NORMAL,SYNTHETIC_SCENARIO
ORD-0002038,2026-12-11,Eldoret,JET_A1,OMC_D,17.78,17.78,NORMAL,SYNTHETIC_SCENARIO
ORD-0002039,2026-12-11,Eldoret,JET_A1,OMC_E,14.72,14.72,NORMAL,SYNTHETIC_SCENARIO
ORD-0002040,2026-12-11,Eldoret,JET_A1,OMC_F,17.03,17.03,NORMAL,SYNTHETIC_SCENARIO
ORD-0002041,2026-12-12,Eldoret,JET_A1,OMC_A,34.29,34.29,NORMAL,SYNTHETIC_SCENARIO
ORD-0002042,2026-12-12,Eldoret,JET_A1,OMC_B,32.03,32.03,NORMAL,SYNTHETIC_SCENARIO
ORD-0002043,2026-12-12,Eldoret,JET_A1,OMC_C,13.91,13.91,NORMAL,SYNTHETIC_SCENARIO
ORD-0002044,2026-12-12,Eldoret,JET_A1,OMC_D,6.08,6.08,NORMAL,SYNTHETIC_SCENARIO
ORD-0002045,2026-12-12,Eldoret,JET_A1,OMC_E,14.23,14.23,NORMAL,SYNTHETIC_SCENARIO
ORD-0002046,2026-12-12,Eldoret,JET_A1,OMC_F,3.08,3.08,HIGH,SYNTHETIC_SCENARIO
ORD-0002047,2026-12-13,Eldoret,JET_A1,OMC_A,27.73,27.73,NORMAL,SYNTHETIC_SCENARIO
ORD-0002048,2026-12-13,Eldoret,JET_A1,OMC_B,12.23,12.23,NORMAL,SYNTHETIC_SCENARIO
ORD-0002049,2026-12-13,Eldoret,JET_A1,OMC_C,4.52,4.52,NORMAL,SYNTHETIC_SCENARIO
ORD-0002050,2026-12-13,Eldoret,JET_A1,OMC_D,28.16,28.16,NORMAL,SYNTHETIC_SCENARIO
ORD-0002051,2026-12-13,Eldoret,JET_A1,OMC_E,19.32,19.32,NORMAL,SYNTHETIC_SCENARIO
ORD-0002052,2026-12-13,Eldoret,JET_A1,OMC_F,3.17,3.17,HIGH,SYNTHETIC_SCENARIO
ORD-0002053,2026-12-14,Eldoret,JET_A1,OMC_A,19.55,19.55,NORMAL,SYNTHETIC_SCENARIO
ORD-0002054,2026-12-14,Eldoret,JET_A1,OMC_B,8.79,8.79,NORMAL,SYNTHETIC_SCENARIO
ORD-0002055,2026-12-14,Eldoret,JET_A1,OMC_C,19.49,19.49,NORMAL,SYNTHETIC_SCENARIO
ORD-0002056,2026-12-14,Eldoret,JET_A1,OMC_D,15.38,15.38,NORMAL,SYNTHETIC_SCENARIO
ORD-0002057,2026-12-14,Eldoret,JET_A1,OMC_E,5.0,5.0,NORMAL,SYNTHETIC_SCENARIO
ORD-0002058,2026-12-14,Eldoret,JET_A1,OMC_F,26.18,26.18,HIGH,SYNTHETIC_SCENARIO
ORD-0002059,2026-12-15,Eldoret,JET_A1,OMC_A,30.05,30.05,NORMAL,SYNTHETIC_SCENARIO
ORD-0002060,2026-12-15,Eldoret,JET_A1,OMC_B,12.88,12.88,NORMAL,SYNTHETIC_SCENARIO
ORD-0002061,2026-12-15,Eldoret,JET_A1,OMC_C,30.15,30.15,NORMAL,SYNTHETIC_SCENARIO
ORD-0002062,2026-12-15,Eldoret,JET_A1,OMC_D,22.45,22.45,NORMAL,SYNTHETIC_SCENARIO
ORD-0002063,2026-12-15,Eldoret,JET_A1,OMC_E,11.89,11.89,HIGH,SYNTHETIC_SCENARIO
ORD-0002064,2026-12-15,Eldoret,JET_A1,OMC_F,0.05,0.05,NORMAL,SYNTHETIC_SCENARIO
ORD-0002065,2026-12-16,Eldoret,JET_A1,OMC_A,31.66,31.66,NORMAL,SYNTHETIC_SCENARIO
ORD-0002066,2026-12-16,Eldoret,JET_A1,OMC_B,40.84,40.84,NORMAL,SYNTHETIC_SCENARIO
ORD-0002067,2026-12-16,Eldoret,JET_A1,OMC_C,1.74,1.74,HIGH,SYNTHETIC_SCENARIO
ORD-0002068,2026-12-16,Eldoret,JET_A1,OMC_D,20.67,20.67,NORMAL,SYNTHETIC_SCENARIO
ORD-0002069,2026-12-16,Eldoret,JET_A1,OMC_E,14.89,14.89,NORMAL,SYNTHETIC_SCENARIO
ORD-0002070,2026-12-16,Eldoret,JET_A1,OMC_F,2.3,2.3,NORMAL,SYNTHETIC_SCENARIO
ORD-0002071,2026-12-17,Eldoret,JET_A1,OMC_A,27.52,27.52,HIGH,SYNTHETIC_SCENARIO
ORD-0002072,2026-12-17,Eldoret,JET_A1,OMC_B,7.95,7.95,NORMAL,SYNTHETIC_SCENARIO
ORD-0002073,2026-12-17,Eldoret,JET_A1,OMC_C,5.62,5.62,NORMAL,SYNTHETIC_SCENARIO
ORD-0002074,2026-12-17,Eldoret,JET_A1,OMC_D,28.64,28.64,HIGH,SYNTHETIC_SCENARIO
ORD-0002075,2026-12-17,Eldoret,JET_A1,OMC_E,28.13,28.13,NORMAL,SYNTHETIC_SCENARIO
ORD-0002076,2026-12-17,Eldoret,JET_A1,OMC_F,21.31,21.31,NORMAL,SYNTHETIC_SCENARIO
ORD-0002077,2026-12-18,Eldoret,JET_A1,OMC_A,22.79,22.79,NORMAL,SYNTHETIC_SCENARIO
ORD-0002078,2026-12-18,Eldoret,JET_A1,OMC_B,17.66,17.66,NORMAL,SYNTHETIC_SCENARIO
ORD-0002079,2026-12-18,Eldoret,JET_A1,OMC_C,26.3,26.3,HIGH,SYNTHETIC_SCENARIO
ORD-0002080,2026-12-18,Eldoret,JET_A1,OMC_D,8.97,8.97,NORMAL,SYNTHETIC_SCENARIO
ORD-0002081,2026-12-18,Eldoret,JET_A1,OMC_E,10.89,10.89,NORMAL,SYNTHETIC_SCENARIO
ORD-0002082,2026-12-18,Eldoret,JET_A1,OMC_F,23.74,23.74,NORMAL,SYNTHETIC_SCENARIO
ORD-0002083,2026-12-19,Eldoret,JET_A1,OMC_A,23.04,23.04,NORMAL,SYNTHETIC_SCENARIO
ORD-0002084,2026-12-19,Eldoret,JET_A1,OMC_B,24.24,24.24,NORMAL,SYNTHETIC_SCENARIO
ORD-0002085,2026-12-19,Eldoret,JET_A1,OMC_C,8.82,8.82,NORMAL,SYNTHETIC_SCENARIO
ORD-0002086,2026-12-19,Eldoret,JET_A1,OMC_D,14.98,14.98,NORMAL,SYNTHETIC_SCENARIO
ORD-0002087,2026-12-19,Eldoret,JET_A1,OMC_E,19.32,19.32,NORMAL,SYNTHETIC_SCENARIO
ORD-0002088,2026-12-19,Eldoret,JET_A1,OMC_F,0.55,0.55,NORMAL,SYNTHETIC_SCENARIO
ORD-0002089,2026-12-20,Eldoret,JET_A1,OMC_A,18.37,18.37,NORMAL,SYNTHETIC_SCENARIO
ORD-0002090,2026-12-20,Eldoret,JET_A1,OMC_B,36.3,36.3,HIGH,SYNTHETIC_SCENARIO
ORD-0002091,2026-12-20,Eldoret,JET_A1,OMC_C,3.42,3.42,NORMAL,SYNTHETIC_SCENARIO
ORD-0002092,2026-12-20,Eldoret,JET_A1,OMC_D,23.01,23.01,NORMAL,SYNTHETIC_SCENARIO
ORD-0002093,2026-12-20,Eldoret,JET_A1,OMC_E,5.39,5.39,NORMAL,SYNTHETIC_SCENARIO
ORD-0002094,2026-12-20,Eldoret,JET_A1,OMC_F,4.6,4.6,NORMAL,SYNTHETIC_SCENARIO
ORD-0002095,2026-12-21,Eldoret,JET_A1,OMC_A,38.08,38.08,NORMAL,SYNTHETIC_SCENARIO
ORD-0002096,2026-12-21,Eldoret,JET_A1,OMC_B,18.22,18.22,NORMAL,SYNTHETIC_SCENARIO
ORD-0002097,2026-12-21,Eldoret,JET_A1,OMC_C,23.69,23.69,NORMAL,SYNTHETIC_SCENARIO
ORD-0002098,2026-12-21,Eldoret,JET_A1,OMC_D,7.56,7.56,NORMAL,SYNTHETIC_SCENARIO
ORD-0002099,2026-12-21,Eldoret,JET_A1,OMC_E,7.6,7.6,NORMAL,SYNTHETIC_SCENARIO
ORD-0002100,2026-12-21,Eldoret,JET_A1,OMC_F,5.62,5.62,NORMAL,SYNTHETIC_SCENARIO
ORD-0002101,2026-12-22,Eldoret,JET_A1,OMC_A,20.26,20.26,NORMAL,SYNTHETIC_SCENARIO
ORD-0002102,2026-12-22,Eldoret,JET_A1,OMC_B,17.62,17.62,NORMAL,SYNTHETIC_SCENARIO
ORD-0002103,2026-12-22,Eldoret,JET_A1,OMC_C,6.21,6.21,NORMAL,SYNTHETIC_SCENARIO
ORD-0002104,2026-12-22,Eldoret,JET_A1,OMC_D,31.36,31.36,NORMAL,SYNTHETIC_SCENARIO
ORD-0002105,2026-12-22,Eldoret,JET_A1,OMC_E,5.62,5.62,NORMAL,SYNTHETIC_SCENARIO
ORD-0002106,2026-12-22,Eldoret,JET_A1,OMC_F,25.08,25.08,NORMAL,SYNTHETIC_SCENARIO
ORD-0002107,2026-12-23,Eldoret,JET_A1,OMC_A,62.99,62.99,NORMAL,SYNTHETIC_SCENARIO
ORD-0002108,2026-12-23,Eldoret,JET_A1,OMC_B,8.36,8.36,NORMAL,SYNTHETIC_SCENARIO
ORD-0002109,2026-12-23,Eldoret,JET_A1,OMC_C,17.29,17.29,NORMAL,SYNTHETIC_SCENARIO
ORD-0002110,2026-12-23,Eldoret,JET_A1,OMC_D,9.09,9.09,NORMAL,SYNTHETIC_SCENARIO
ORD-0002111,2026-12-23,Eldoret,JET_A1,OMC_E,1.9,1.9,HIGH,SYNTHETIC_SCENARIO
ORD-0002112,2026-12-23,Eldoret,JET_A1,OMC_F,7.67,7.67,NORMAL,SYNTHETIC_SCENARIO
ORD-0002113,2026-12-24,Eldoret,JET_A1,OMC_A,8.17,8.17,HIGH,SYNTHETIC_SCENARIO
ORD-0002114,2026-12-24,Eldoret,JET_A1,OMC_B,35.26,35.26,NORMAL,SYNTHETIC_SCENARIO
ORD-0002115,2026-12-24,Eldoret,JET_A1,OMC_C,17.51,17.51,NORMAL,SYNTHETIC_SCENARIO
ORD-0002116,2026-12-24,Eldoret,JET_A1,OMC_D,32.64,32.64,NORMAL,SYNTHETIC_SCENARIO
ORD-0002117,2026-12-24,Eldoret,JET_A1,OMC_E,20.32,20.32,NORMAL,SYNTHETIC_SCENARIO
ORD-0002118,2026-12-24,Eldoret,JET_A1,OMC_F,3.95,3.95,NORMAL,SYNTHETIC_SCENARIO
ORD-0002119,2026-12-25,Eldoret,JET_A1,OMC_A,15.46,15.46,NORMAL,SYNTHETIC_SCENARIO
ORD-0002120,2026-12-25,Eldoret,JET_A1,OMC_B,58.32,58.32,NORMAL,SYNTHETIC_SCENARIO
ORD-0002121,2026-12-25,Eldoret,JET_A1,OMC_C,12.46,12.46,HIGH,SYNTHETIC_SCENARIO
ORD-0002122,2026-12-25,Eldoret,JET_A1,OMC_D,11.37,11.37,NORMAL,SYNTHETIC_SCENARIO
ORD-0002123,2026-12-25,Eldoret,JET_A1,OMC_E,4.12,4.12,NORMAL,SYNTHETIC_SCENARIO
ORD-0002124,2026-12-25,Eldoret,JET_A1,OMC_F,11.92,11.92,NORMAL,SYNTHETIC_SCENARIO
ORD-0002125,2026-12-26,Eldoret,JET_A1,OMC_A,31.41,31.41,NORMAL,SYNTHETIC_SCENARIO
ORD-0002126,2026-12-26,Eldoret,JET_A1,OMC_B,16.38,16.38,NORMAL,SYNTHETIC_SCENARIO
ORD-0002127,2026-12-26,Eldoret,JET_A1,OMC_C,28.25,28.25,NORMAL,SYNTHETIC_SCENARIO
ORD-0002128,2026-12-26,Eldoret,JET_A1,OMC_D,10.76,10.76,NORMAL,SYNTHETIC_SCENARIO
ORD-0002129,2026-12-26,Eldoret,JET_A1,OMC_E,11.5,11.5,NORMAL,SYNTHETIC_SCENARIO
ORD-0002130,2026-12-26,Eldoret,JET_A1,OMC_F,0.88,0.88,NORMAL,SYNTHETIC_SCENARIO
ORD-0002131,2026-12-27,Eldoret,JET_A1,OMC_A,23.85,23.85,NORMAL,SYNTHETIC_SCENARIO
ORD-0002132,2026-12-27,Eldoret,JET_A1,OMC_B,19.98,19.98,NORMAL,SYNTHETIC_SCENARIO
ORD-0002133,2026-12-27,Eldoret,JET_A1,OMC_C,19.27,19.27,NORMAL,SYNTHETIC_SCENARIO
ORD-0002134,2026-12-27,Eldoret,JET_A1,OMC_D,5.53,5.53,NORMAL,SYNTHETIC_SCENARIO
ORD-0002135,2026-12-27,Eldoret,JET_A1,OMC_E,18.09,18.09,NORMAL,SYNTHETIC_SCENARIO
ORD-0002136,2026-12-27,Eldoret,JET_A1,OMC_F,0.22,0.22,NORMAL,SYNTHETIC_SCENARIO
ORD-0002137,2026-12-28,Eldoret,JET_A1,OMC_A,18.92,18.92,NORMAL,SYNTHETIC_SCENARIO
ORD-0002138,2026-12-28,Eldoret,JET_A1,OMC_B,15.42,15.42,NORMAL,SYNTHETIC_SCENARIO
ORD-0002139,2026-12-28,Eldoret,JET_A1,OMC_C,10.99,10.99,HIGH,SYNTHETIC_SCENARIO
ORD-0002140,2026-12-28,Eldoret,JET_A1,OMC_D,31.91,31.91,HIGH,SYNTHETIC_SCENARIO
ORD-0002141,2026-12-28,Eldoret,JET_A1,OMC_E,18.93,18.93,NORMAL,SYNTHETIC_SCENARIO
ORD-0002142,2026-12-28,Eldoret,JET_A1,OMC_F,1.89,1.89,NORMAL,SYNTHETIC_SCENARIO
ORD-0002143,2026-12-29,Eldoret,JET_A1,OMC_A,18.76,18.76,NORMAL,SYNTHETIC_SCENARIO
ORD-0002144,2026-12-29,Eldoret,JET_A1,OMC_B,24.99,24.99,NORMAL,SYNTHETIC_SCENARIO
ORD-0002145,2026-12-29,Eldoret,JET_A1,OMC_C,27.0,27.0,NORMAL,SYNTHETIC_SCENARIO
ORD-0002146,2026-12-29,Eldoret,JET_A1,OMC_D,24.93,24.93,NORMAL,SYNTHETIC_SCENARIO
ORD-0002147,2026-12-29,Eldoret,JET_A1,OMC_E,1.26,1.26,HIGH,SYNTHETIC_SCENARIO
ORD-0002148,2026-12-29,Eldoret,JET_A1,OMC_F,13.72,13.72,NORMAL,SYNTHETIC_SCENARIO
ORD-0002149,2026-12-30,Eldoret,JET_A1,OMC_A,35.2,35.2,NORMAL,SYNTHETIC_SCENARIO
ORD-0002150,2026-12-30,Eldoret,JET_A1,OMC_B,12.44,12.44,NORMAL,SYNTHETIC_SCENARIO
ORD-0002151,2026-12-30,Eldoret,JET_A1,OMC_C,16.34,16.34,NORMAL,SYNTHETIC_SCENARIO
ORD-0002152,2026-12-30,Eldoret,JET_A1,OMC_D,26.52,26.52,NORMAL,SYNTHETIC_SCENARIO
ORD-0002153,2026-12-30,Eldoret,JET_A1,OMC_E,8.56,8.56,NORMAL,SYNTHETIC_SCENARIO
ORD-0002154,2026-12-30,Eldoret,JET_A1,OMC_F,3.34,3.34,NORMAL,SYNTHETIC_SCENARIO
ORD-0002155,2026-12-31,Eldoret,JET_A1,OMC_A,20.47,20.47,NORMAL,SYNTHETIC_SCENARIO
ORD-0002156,2026-12-31,Eldoret,JET_A1,OMC_B,47.12,47.12,NORMAL,SYNTHETIC_SCENARIO
ORD-0002157,2026-12-31,Eldoret,JET_A1,OMC_C,20.37,20.37,NORMAL,SYNTHETIC_SCENARIO
ORD-0002158,2026-12-31,Eldoret,JET_A1,OMC_D,6.64,6.64,NORMAL,SYNTHETIC_SCENARIO
ORD-0002159,2026-12-31,Eldoret,JET_A1,OMC_E,6.02,6.02,NORMAL,SYNTHETIC_SCENARIO
ORD-0002160,2026-12-31,Eldoret,JET_A1,OMC_F,9.35,9.35,NORMAL,SYNTHETIC_SCENARIO
ORD-0002161,2026-09-03,Eldoret,PMS,OMC_A,222.06,222.06,NORMAL,SYNTHETIC_SCENARIO
ORD-0002162,2026-09-03,Eldoret,PMS,OMC_B,204.52,204.52,NORMAL,SYNTHETIC_SCENARIO
ORD-0002163,2026-09-03,Eldoret,PMS,OMC_C,232.45,232.45,NORMAL,SYNTHETIC_SCENARIO
ORD-0002164,2026-09-03,Eldoret,PMS,OMC_D,51.42,51.42,NORMAL,SYNTHETIC_SCENARIO
ORD-0002165,2026-09-03,Eldoret,PMS,OMC_E,14.34,14.34,NORMAL,SYNTHETIC_SCENARIO
ORD-0002166,2026-09-03,Eldoret,PMS,OMC_F,31.23,31.23,NORMAL,SYNTHETIC_SCENARIO
ORD-0002167,2026-09-04,Eldoret,PMS,OMC_A,215.22,215.22,NORMAL,SYNTHETIC_SCENARIO
ORD-0002168,2026-09-04,Eldoret,PMS,OMC_B,207.77,207.77,NORMAL,SYNTHETIC_SCENARIO
ORD-0002169,2026-09-04,Eldoret,PMS,OMC_C,149.29,149.29,NORMAL,SYNTHETIC_SCENARIO
ORD-0002170,2026-09-04,Eldoret,PMS,OMC_D,138.17,138.17,NORMAL,SYNTHETIC_SCENARIO
ORD-0002171,2026-09-04,Eldoret,PMS,OMC_E,180.22,180.22,NORMAL,SYNTHETIC_SCENARIO
ORD-0002172,2026-09-04,Eldoret,PMS,OMC_F,99.37,99.37,NORMAL,SYNTHETIC_SCENARIO
ORD-0002173,2026-09-05,Eldoret,PMS,OMC_A,182.6,182.6,NORMAL,SYNTHETIC_SCENARIO
ORD-0002174,2026-09-05,Eldoret,PMS,OMC_B,376.92,376.92,NORMAL,SYNTHETIC_SCENARIO
ORD-0002175,2026-09-05,Eldoret,PMS,OMC_C,114.9,114.9,NORMAL,SYNTHETIC_SCENARIO
ORD-0002176,2026-09-05,Eldoret,PMS,OMC_D,64.67,64.67,NORMAL,SYNTHETIC_SCENARIO
ORD-0002177,2026-09-05,Eldoret,PMS,OMC_E,36.34,36.34,NORMAL,SYNTHETIC_SCENARIO
ORD-0002178,2026-09-05,Eldoret,PMS,OMC_F,61.8,61.8,NORMAL,SYNTHETIC_SCENARIO
ORD-0002179,2026-09-06,Eldoret,PMS,OMC_A,87.79,87.79,NORMAL,SYNTHETIC_SCENARIO
ORD-0002180,2026-09-06,Eldoret,PMS,OMC_B,126.05,126.05,NORMAL,SYNTHETIC_SCENARIO
ORD-0002181,2026-09-06,Eldoret,PMS,OMC_C,410.82,410.82,NORMAL,SYNTHETIC_SCENARIO
ORD-0002182,2026-09-06,Eldoret,PMS,OMC_D,119.99,119.99,NORMAL,SYNTHETIC_SCENARIO
ORD-0002183,2026-09-06,Eldoret,PMS,OMC_E,87.65,87.65,NORMAL,SYNTHETIC_SCENARIO
ORD-0002184,2026-09-06,Eldoret,PMS,OMC_F,0.27,0.27,HIGH,SYNTHETIC_SCENARIO
ORD-0002185,2026-09-07,Eldoret,PMS,OMC_A,137.21,137.21,NORMAL,SYNTHETIC_SCENARIO
ORD-0002186,2026-09-07,Eldoret,PMS,OMC_B,307.11,307.11,NORMAL,SYNTHETIC_SCENARIO
ORD-0002187,2026-09-07,Eldoret,PMS,OMC_C,97.96,97.96,NORMAL,SYNTHETIC_SCENARIO
ORD-0002188,2026-09-07,Eldoret,PMS,OMC_D,134.47,134.47,HIGH,SYNTHETIC_SCENARIO
ORD-0002189,2026-09-07,Eldoret,PMS,OMC_E,144.38,144.38,NORMAL,SYNTHETIC_SCENARIO
ORD-0002190,2026-09-07,Eldoret,PMS,OMC_F,0.22,0.22,NORMAL,SYNTHETIC_SCENARIO
ORD-0002191,2026-09-08,Eldoret,PMS,OMC_A,243.34,243.34,NORMAL,SYNTHETIC_SCENARIO
ORD-0002192,2026-09-08,Eldoret,PMS,OMC_B,291.5,291.5,NORMAL,SYNTHETIC_SCENARIO
ORD-0002193,2026-09-08,Eldoret,PMS,OMC_C,51.52,51.52,NORMAL,SYNTHETIC_SCENARIO
ORD-0002194,2026-09-08,Eldoret,PMS,OMC_D,79.56,79.56,NORMAL,SYNTHETIC_SCENARIO
ORD-0002195,2026-09-08,Eldoret,PMS,OMC_E,72.43,72.43,NORMAL,SYNTHETIC_SCENARIO
ORD-0002196,2026-09-08,Eldoret,PMS,OMC_F,126.84,126.84,NORMAL,SYNTHETIC_SCENARIO
ORD-0002197,2026-09-09,Eldoret,PMS,OMC_A,339.95,339.95,NORMAL,SYNTHETIC_SCENARIO
ORD-0002198,2026-09-09,Eldoret,PMS,OMC_B,69.43,69.43,NORMAL,SYNTHETIC_SCENARIO
ORD-0002199,2026-09-09,Eldoret,PMS,OMC_C,166.69,166.69,NORMAL,SYNTHETIC_SCENARIO
ORD-0002200,2026-09-09,Eldoret,PMS,OMC_D,129.81,129.81,NORMAL,SYNTHETIC_SCENARIO
ORD-0002201,2026-09-09,Eldoret,PMS,OMC_E,122.99,122.99,HIGH,SYNTHETIC_SCENARIO
ORD-0002202,2026-09-09,Eldoret,PMS,OMC_F,64.86,64.86,NORMAL,SYNTHETIC_SCENARIO
ORD-0002203,2026-09-10,Eldoret,PMS,OMC_A,224.88,224.88,NORMAL,SYNTHETIC_SCENARIO
ORD-0002204,2026-09-10,Eldoret,PMS,OMC_B,164.59,164.59,NORMAL,SYNTHETIC_SCENARIO
ORD-0002205,2026-09-10,Eldoret,PMS,OMC_C,308.2,308.2,NORMAL,SYNTHETIC_SCENARIO
ORD-0002206,2026-09-10,Eldoret,PMS,OMC_D,81.13,81.13,NORMAL,SYNTHETIC_SCENARIO
ORD-0002207,2026-09-10,Eldoret,PMS,OMC_E,11.48,11.48,NORMAL,SYNTHETIC_SCENARIO
ORD-0002208,2026-09-10,Eldoret,PMS,OMC_F,52.51,52.51,NORMAL,SYNTHETIC_SCENARIO
ORD-0002209,2026-09-11,Eldoret,PMS,OMC_A,202.99,202.99,NORMAL,SYNTHETIC_SCENARIO
ORD-0002210,2026-09-11,Eldoret,PMS,OMC_B,402.15,402.15,NORMAL,SYNTHETIC_SCENARIO
ORD-0002211,2026-09-11,Eldoret,PMS,OMC_C,86.21,86.21,NORMAL,SYNTHETIC_SCENARIO
ORD-0002212,2026-09-11,Eldoret,PMS,OMC_D,128.49,128.49,NORMAL,SYNTHETIC_SCENARIO
ORD-0002213,2026-09-11,Eldoret,PMS,OMC_E,30.05,30.05,NORMAL,SYNTHETIC_SCENARIO
ORD-0002214,2026-09-11,Eldoret,PMS,OMC_F,76.77,76.77,NORMAL,SYNTHETIC_SCENARIO
ORD-0002215,2026-09-12,Eldoret,PMS,OMC_A,187.49,187.49,NORMAL,SYNTHETIC_SCENARIO
ORD-0002216,2026-09-12,Eldoret,PMS,OMC_B,431.01,431.01,NORMAL,SYNTHETIC_SCENARIO
ORD-0002217,2026-09-12,Eldoret,PMS,OMC_C,48.81,48.81,NORMAL,SYNTHETIC_SCENARIO
ORD-0002218,2026-09-12,Eldoret,PMS,OMC_D,115.63,115.63,NORMAL,SYNTHETIC_SCENARIO
ORD-0002219,2026-09-12,Eldoret,PMS,OMC_E,14.93,14.93,NORMAL,SYNTHETIC_SCENARIO
ORD-0002220,2026-09-12,Eldoret,PMS,OMC_F,17.25,17.25,NORMAL,SYNTHETIC_SCENARIO
ORD-0002221,2026-09-13,Eldoret,PMS,OMC_A,94.76,94.76,NORMAL,SYNTHETIC_SCENARIO
ORD-0002222,2026-09-13,Eldoret,PMS,OMC_B,346.12,346.12,NORMAL,SYNTHETIC_SCENARIO
ORD-0002223,2026-09-13,Eldoret,PMS,OMC_C,149.69,149.69,NORMAL,SYNTHETIC_SCENARIO
ORD-0002224,2026-09-13,Eldoret,PMS,OMC_D,104.75,104.75,NORMAL,SYNTHETIC_SCENARIO
ORD-0002225,2026-09-13,Eldoret,PMS,OMC_E,1.51,1.51,NORMAL,SYNTHETIC_SCENARIO
ORD-0002226,2026-09-13,Eldoret,PMS,OMC_F,3.01,3.01,NORMAL,SYNTHETIC_SCENARIO
ORD-0002227,2026-09-14,Eldoret,PMS,OMC_A,350.34,350.34,NORMAL,SYNTHETIC_SCENARIO
ORD-0002228,2026-09-14,Eldoret,PMS,OMC_B,20.74,20.74,NORMAL,SYNTHETIC_SCENARIO
ORD-0002229,2026-09-14,Eldoret,PMS,OMC_C,129.61,129.61,NORMAL,SYNTHETIC_SCENARIO
ORD-0002230,2026-09-14,Eldoret,PMS,OMC_D,181.11,181.11,NORMAL,SYNTHETIC_SCENARIO
ORD-0002231,2026-09-14,Eldoret,PMS,OMC_E,141.66,141.66,NORMAL,SYNTHETIC_SCENARIO
ORD-0002232,2026-09-14,Eldoret,PMS,OMC_F,53.63,53.63,NORMAL,SYNTHETIC_SCENARIO
ORD-0002233,2026-09-15,Eldoret,PMS,OMC_A,320.01,320.01,NORMAL,SYNTHETIC_SCENARIO
ORD-0002234,2026-09-15,Eldoret,PMS,OMC_B,339.23,339.23,NORMAL,SYNTHETIC_SCENARIO
ORD-0002235,2026-09-15,Eldoret,PMS,OMC_C,63.54,63.54,NORMAL,SYNTHETIC_SCENARIO
ORD-0002236,2026-09-15,Eldoret,PMS,OMC_D,140.55,140.55,NORMAL,SYNTHETIC_SCENARIO
ORD-0002237,2026-09-15,Eldoret,PMS,OMC_E,38.34,38.34,NORMAL,SYNTHETIC_SCENARIO
ORD-0002238,2026-09-15,Eldoret,PMS,OMC_F,43.87,43.87,NORMAL,SYNTHETIC_SCENARIO
ORD-0002239,2026-09-16,Eldoret,PMS,OMC_A,199.11,199.11,NORMAL,SYNTHETIC_SCENARIO
ORD-0002240,2026-09-16,Eldoret,PMS,OMC_B,193.65,193.65,NORMAL,SYNTHETIC_SCENARIO
ORD-0002241,2026-09-16,Eldoret,PMS,OMC_C,153.82,153.82,NORMAL,SYNTHETIC_SCENARIO
ORD-0002242,2026-09-16,Eldoret,PMS,OMC_D,180.86,180.86,NORMAL,SYNTHETIC_SCENARIO
ORD-0002243,2026-09-16,Eldoret,PMS,OMC_E,136.01,136.01,NORMAL,SYNTHETIC_SCENARIO
ORD-0002244,2026-09-16,Eldoret,PMS,OMC_F,39.72,39.72,NORMAL,SYNTHETIC_SCENARIO
ORD-0002245,2026-09-17,Eldoret,PMS,OMC_A,419.47,419.47,NORMAL,SYNTHETIC_SCENARIO
ORD-0002246,2026-09-17,Eldoret,PMS,OMC_B,58.5,58.5,NORMAL,SYNTHETIC_SCENARIO
ORD-0002247,2026-09-17,Eldoret,PMS,OMC_C,239.32,239.32,NORMAL,SYNTHETIC_SCENARIO
ORD-0002248,2026-09-17,Eldoret,PMS,OMC_D,46.59,46.59,NORMAL,SYNTHETIC_SCENARIO
ORD-0002249,2026-09-17,Eldoret,PMS,OMC_E,5.88,5.88,NORMAL,SYNTHETIC_SCENARIO
ORD-0002250,2026-09-17,Eldoret,PMS,OMC_F,64.79,64.79,NORMAL,SYNTHETIC_SCENARIO
ORD-0002251,2026-09-18,Eldoret,PMS,OMC_A,267.39,267.39,NORMAL,SYNTHETIC_SCENARIO
ORD-0002252,2026-09-18,Eldoret,PMS,OMC_B,314.67,314.67,NORMAL,SYNTHETIC_SCENARIO
ORD-0002253,2026-09-18,Eldoret,PMS,OMC_C,139.7,139.7,NORMAL,SYNTHETIC_SCENARIO
ORD-0002254,2026-09-18,Eldoret,PMS,OMC_D,198.79,198.79,NORMAL,SYNTHETIC_SCENARIO
ORD-0002255,2026-09-18,Eldoret,PMS,OMC_E,26.51,26.51,NORMAL,SYNTHETIC_SCENARIO
ORD-0002256,2026-09-18,Eldoret,PMS,OMC_F,1.04,1.04,HIGH,SYNTHETIC_SCENARIO
ORD-0002257,2026-09-19,Eldoret,PMS,OMC_A,451.14,451.14,NORMAL,SYNTHETIC_SCENARIO
ORD-0002258,2026-09-19,Eldoret,PMS,OMC_B,28.03,28.03,NORMAL,SYNTHETIC_SCENARIO
ORD-0002259,2026-09-19,Eldoret,PMS,OMC_C,126.54,126.54,NORMAL,SYNTHETIC_SCENARIO
ORD-0002260,2026-09-19,Eldoret,PMS,OMC_D,171.48,171.48,NORMAL,SYNTHETIC_SCENARIO
ORD-0002261,2026-09-19,Eldoret,PMS,OMC_E,31.28,31.28,NORMAL,SYNTHETIC_SCENARIO
ORD-0002262,2026-09-19,Eldoret,PMS,OMC_F,0.26,0.26,NORMAL,SYNTHETIC_SCENARIO
ORD-0002263,2026-09-20,Eldoret,PMS,OMC_A,76.52,76.52,HIGH,SYNTHETIC_SCENARIO
ORD-0002264,2026-09-20,Eldoret,PMS,OMC_B,59.81,59.81,NORMAL,SYNTHETIC_SCENARIO
ORD-0002265,2026-09-20,Eldoret,PMS,OMC_C,225.61,225.61,NORMAL,SYNTHETIC_SCENARIO
ORD-0002266,2026-09-20,Eldoret,PMS,OMC_D,248.58,248.58,NORMAL,SYNTHETIC_SCENARIO
ORD-0002267,2026-09-20,Eldoret,PMS,OMC_E,133.68,133.68,NORMAL,SYNTHETIC_SCENARIO
ORD-0002268,2026-09-20,Eldoret,PMS,OMC_F,18.2,18.2,NORMAL,SYNTHETIC_SCENARIO
ORD-0002269,2026-09-21,Eldoret,PMS,OMC_A,155.2,155.2,NORMAL,SYNTHETIC_SCENARIO
ORD-0002270,2026-09-21,Eldoret,PMS,OMC_B,69.93,69.93,NORMAL,SYNTHETIC_SCENARIO
ORD-0002271,2026-09-21,Eldoret,PMS,OMC_C,215.11,215.11,NORMAL,SYNTHETIC_SCENARIO
ORD-0002272,2026-09-21,Eldoret,PMS,OMC_D,144.06,144.06,NORMAL,SYNTHETIC_SCENARIO
ORD-0002273,2026-09-21,Eldoret,PMS,OMC_E,29.98,29.98,NORMAL,SYNTHETIC_SCENARIO
ORD-0002274,2026-09-21,Eldoret,PMS,OMC_F,166.61,166.61,NORMAL,SYNTHETIC_SCENARIO
ORD-0002275,2026-09-22,Eldoret,PMS,OMC_A,241.75,241.75,NORMAL,SYNTHETIC_SCENARIO
ORD-0002276,2026-09-22,Eldoret,PMS,OMC_B,224.55,224.55,NORMAL,SYNTHETIC_SCENARIO
ORD-0002277,2026-09-22,Eldoret,PMS,OMC_C,113.8,113.8,NORMAL,SYNTHETIC_SCENARIO
ORD-0002278,2026-09-22,Eldoret,PMS,OMC_D,159.8,159.8,NORMAL,SYNTHETIC_SCENARIO
ORD-0002279,2026-09-22,Eldoret,PMS,OMC_E,88.55,88.55,HIGH,SYNTHETIC_SCENARIO
ORD-0002280,2026-09-22,Eldoret,PMS,OMC_F,53.34,53.34,NORMAL,SYNTHETIC_SCENARIO
ORD-0002281,2026-09-23,Eldoret,PMS,OMC_A,232.98,232.98,NORMAL,SYNTHETIC_SCENARIO
ORD-0002282,2026-09-23,Eldoret,PMS,OMC_B,194.66,194.66,NORMAL,SYNTHETIC_SCENARIO
ORD-0002283,2026-09-23,Eldoret,PMS,OMC_C,290.71,290.71,NORMAL,SYNTHETIC_SCENARIO
ORD-0002284,2026-09-23,Eldoret,PMS,OMC_D,47.42,47.42,NORMAL,SYNTHETIC_SCENARIO
ORD-0002285,2026-09-23,Eldoret,PMS,OMC_E,73.68,73.68,NORMAL,SYNTHETIC_SCENARIO
ORD-0002286,2026-09-23,Eldoret,PMS,OMC_F,100.75,100.75,NORMAL,SYNTHETIC_SCENARIO
ORD-0002287,2026-09-24,Eldoret,PMS,OMC_A,224.87,224.87,NORMAL,SYNTHETIC_SCENARIO
ORD-0002288,2026-09-24,Eldoret,PMS,OMC_B,172.89,172.89,NORMAL,SYNTHETIC_SCENARIO
ORD-0002289,2026-09-24,Eldoret,PMS,OMC_C,287.42,287.42,NORMAL,SYNTHETIC_SCENARIO
ORD-0002290,2026-09-24,Eldoret,PMS,OMC_D,98.29,98.29,NORMAL,SYNTHETIC_SCENARIO
ORD-0002291,2026-09-24,Eldoret,PMS,OMC_E,75.93,75.93,NORMAL,SYNTHETIC_SCENARIO
ORD-0002292,2026-09-24,Eldoret,PMS,OMC_F,9.11,9.11,NORMAL,SYNTHETIC_SCENARIO
ORD-0002293,2026-09-25,Eldoret,PMS,OMC_A,331.68,331.68,NORMAL,SYNTHETIC_SCENARIO
ORD-0002294,2026-09-25,Eldoret,PMS,OMC_B,245.46,245.46,NORMAL,SYNTHETIC_SCENARIO
ORD-0002295,2026-09-25,Eldoret,PMS,OMC_C,167.68,167.68,NORMAL,SYNTHETIC_SCENARIO
ORD-0002296,2026-09-25,Eldoret,PMS,OMC_D,185.22,185.22,NORMAL,SYNTHETIC_SCENARIO
ORD-0002297,2026-09-25,Eldoret,PMS,OMC_E,4.31,4.31,NORMAL,SYNTHETIC_SCENARIO
ORD-0002298,2026-09-25,Eldoret,PMS,OMC_F,30.87,30.87,NORMAL,SYNTHETIC_SCENARIO
ORD-0002299,2026-09-26,Eldoret,PMS,OMC_A,138.35,138.35,NORMAL,SYNTHETIC_SCENARIO
ORD-0002300,2026-09-26,Eldoret,PMS,OMC_B,442.81,442.81,NORMAL,SYNTHETIC_SCENARIO
ORD-0002301,2026-09-26,Eldoret,PMS,OMC_C,21.93,21.93,NORMAL,SYNTHETIC_SCENARIO
ORD-0002302,2026-09-26,Eldoret,PMS,OMC_D,181.01,181.01,NORMAL,SYNTHETIC_SCENARIO
ORD-0002303,2026-09-26,Eldoret,PMS,OMC_E,2.78,2.78,NORMAL,SYNTHETIC_SCENARIO
ORD-0002304,2026-09-26,Eldoret,PMS,OMC_F,14.94,14.94,HIGH,SYNTHETIC_SCENARIO
ORD-0002305,2026-09-27,Eldoret,PMS,OMC_A,277.46,277.46,NORMAL,SYNTHETIC_SCENARIO
ORD-0002306,2026-09-27,Eldoret,PMS,OMC_B,270.08,270.08,NORMAL,SYNTHETIC_SCENARIO
ORD-0002307,2026-09-27,Eldoret,PMS,OMC_C,39.65,39.65,NORMAL,SYNTHETIC_SCENARIO
ORD-0002308,2026-09-27,Eldoret,PMS,OMC_D,79.87,79.87,NORMAL,SYNTHETIC_SCENARIO
ORD-0002309,2026-09-27,Eldoret,PMS,OMC_E,70.55,70.55,NORMAL,SYNTHETIC_SCENARIO
ORD-0002310,2026-09-27,Eldoret,PMS,OMC_F,50.81,50.81,NORMAL,SYNTHETIC_SCENARIO
ORD-0002311,2026-09-28,Eldoret,PMS,OMC_A,223.51,223.51,HIGH,SYNTHETIC_SCENARIO
ORD-0002312,2026-09-28,Eldoret,PMS,OMC_B,345.3,345.3,NORMAL,SYNTHETIC_SCENARIO
ORD-0002313,2026-09-28,Eldoret,PMS,OMC_C,161.25,161.25,NORMAL,SYNTHETIC_SCENARIO
ORD-0002314,2026-09-28,Eldoret,PMS,OMC_D,64.33,64.33,NORMAL,SYNTHETIC_SCENARIO
ORD-0002315,2026-09-28,Eldoret,PMS,OMC_E,25.81,25.81,NORMAL,SYNTHETIC_SCENARIO
ORD-0002316,2026-09-28,Eldoret,PMS,OMC_F,44.65,44.65,NORMAL,SYNTHETIC_SCENARIO
ORD-0002317,2026-09-29,Eldoret,PMS,OMC_A,176.57,176.57,NORMAL,SYNTHETIC_SCENARIO
ORD-0002318,2026-09-29,Eldoret,PMS,OMC_B,98.24,98.24,NORMAL,SYNTHETIC_SCENARIO
ORD-0002319,2026-09-29,Eldoret,PMS,OMC_C,62.5,62.5,NORMAL,SYNTHETIC_SCENARIO
ORD-0002320,2026-09-29,Eldoret,PMS,OMC_D,206.63,206.63,NORMAL,SYNTHETIC_SCENARIO
ORD-0002321,2026-09-29,Eldoret,PMS,OMC_E,20.03,20.03,NORMAL,SYNTHETIC_SCENARIO
ORD-0002322,2026-09-29,Eldoret,PMS,OMC_F,268.16,268.16,NORMAL,SYNTHETIC_SCENARIO
ORD-0002323,2026-09-30,Eldoret,PMS,OMC_A,180.83,180.83,NORMAL,SYNTHETIC_SCENARIO
ORD-0002324,2026-09-30,Eldoret,PMS,OMC_B,153.84,153.84,NORMAL,SYNTHETIC_SCENARIO
ORD-0002325,2026-09-30,Eldoret,PMS,OMC_C,245.34,245.34,NORMAL,SYNTHETIC_SCENARIO
ORD-0002326,2026-09-30,Eldoret,PMS,OMC_D,197.65,197.65,NORMAL,SYNTHETIC_SCENARIO
ORD-0002327,2026-09-30,Eldoret,PMS,OMC_E,59.45,59.45,NORMAL,SYNTHETIC_SCENARIO
ORD-0002328,2026-09-30,Eldoret,PMS,OMC_F,42.35,42.35,NORMAL,SYNTHETIC_SCENARIO
ORD-0002329,2026-10-01,Eldoret,PMS,OMC_A,188.45,188.45,NORMAL,SYNTHETIC_SCENARIO
ORD-0002330,2026-10-01,Eldoret,PMS,OMC_B,169.5,169.5,NORMAL,SYNTHETIC_SCENARIO
ORD-0002331,2026-10-01,Eldoret,PMS,OMC_C,154.04,154.04,NORMAL,SYNTHETIC_SCENARIO
ORD-0002332,2026-10-01,Eldoret,PMS,OMC_D,149.2,149.2,NORMAL,SYNTHETIC_SCENARIO
ORD-0002333,2026-10-01,Eldoret,PMS,OMC_E,228.75,228.75,NORMAL,SYNTHETIC_SCENARIO
ORD-0002334,2026-10-01,Eldoret,PMS,OMC_F,7.73,7.73,NORMAL,SYNTHETIC_SCENARIO
ORD-0002335,2026-10-02,Eldoret,PMS,OMC_A,196.58,196.58,NORMAL,SYNTHETIC_SCENARIO
ORD-0002336,2026-10-02,Eldoret,PMS,OMC_B,86.4,86.4,NORMAL,SYNTHETIC_SCENARIO
ORD-0002337,2026-10-02,Eldoret,PMS,OMC_C,255.74,255.74,NORMAL,SYNTHETIC_SCENARIO
ORD-0002338,2026-10-02,Eldoret,PMS,OMC_D,187.23,187.23,NORMAL,SYNTHETIC_SCENARIO
ORD-0002339,2026-10-02,Eldoret,PMS,OMC_E,21.29,21.29,NORMAL,SYNTHETIC_SCENARIO
ORD-0002340,2026-10-02,Eldoret,PMS,OMC_F,160.86,160.86,NORMAL,SYNTHETIC_SCENARIO
ORD-0002341,2026-10-03,Eldoret,PMS,OMC_A,132.74,132.74,NORMAL,SYNTHETIC_SCENARIO
ORD-0002342,2026-10-03,Eldoret,PMS,OMC_B,295.44,295.44,HIGH,SYNTHETIC_SCENARIO
ORD-0002343,2026-10-03,Eldoret,PMS,OMC_C,48.29,48.29,NORMAL,SYNTHETIC_SCENARIO
ORD-0002344,2026-10-03,Eldoret,PMS,OMC_D,90.29,90.29,NORMAL,SYNTHETIC_SCENARIO
ORD-0002345,2026-10-03,Eldoret,PMS,OMC_E,213.72,213.72,NORMAL,SYNTHETIC_SCENARIO
ORD-0002346,2026-10-03,Eldoret,PMS,OMC_F,105.54,105.54,NORMAL,SYNTHETIC_SCENARIO
ORD-0002347,2026-10-04,Eldoret,PMS,OMC_A,258.68,258.68,NORMAL,SYNTHETIC_SCENARIO
ORD-0002348,2026-10-04,Eldoret,PMS,OMC_B,171.18,171.18,NORMAL,SYNTHETIC_SCENARIO
ORD-0002349,2026-10-04,Eldoret,PMS,OMC_C,67.19,67.19,NORMAL,SYNTHETIC_SCENARIO
ORD-0002350,2026-10-04,Eldoret,PMS,OMC_D,205.27,205.27,NORMAL,SYNTHETIC_SCENARIO
ORD-0002351,2026-10-04,Eldoret,PMS,OMC_E,47.76,47.76,NORMAL,SYNTHETIC_SCENARIO
ORD-0002352,2026-10-04,Eldoret,PMS,OMC_F,73.67,73.67,NORMAL,SYNTHETIC_SCENARIO
ORD-0002353,2026-10-05,Eldoret,PMS,OMC_A,143.66,143.66,NORMAL,SYNTHETIC_SCENARIO
ORD-0002354,2026-10-05,Eldoret,PMS,OMC_B,120.39,120.39,NORMAL,SYNTHETIC_SCENARIO
ORD-0002355,2026-10-05,Eldoret,PMS,OMC_C,50.66,50.66,NORMAL,SYNTHETIC_SCENARIO
ORD-0002356,2026-10-05,Eldoret,PMS,OMC_D,425.55,425.55,NORMAL,SYNTHETIC_SCENARIO
ORD-0002357,2026-10-05,Eldoret,PMS,OMC_E,12.23,12.23,NORMAL,SYNTHETIC_SCENARIO
ORD-0002358,2026-10-05,Eldoret,PMS,OMC_F,77.54,77.54,NORMAL,SYNTHETIC_SCENARIO
ORD-0002359,2026-10-06,Eldoret,PMS,OMC_A,250.2,250.2,NORMAL,SYNTHETIC_SCENARIO
ORD-0002360,2026-10-06,Eldoret,PMS,OMC_B,224.34,224.34,NORMAL,SYNTHETIC_SCENARIO
ORD-0002361,2026-10-06,Eldoret,PMS,OMC_C,296.52,296.52,NORMAL,SYNTHETIC_SCENARIO
ORD-0002362,2026-10-06,Eldoret,PMS,OMC_D,47.21,47.21,NORMAL,SYNTHETIC_SCENARIO
ORD-0002363,2026-10-06,Eldoret,PMS,OMC_E,19.5,19.5,NORMAL,SYNTHETIC_SCENARIO
ORD-0002364,2026-10-06,Eldoret,PMS,OMC_F,62.69,62.69,NORMAL,SYNTHETIC_SCENARIO
ORD-0002365,2026-10-07,Eldoret,PMS,OMC_A,327.76,327.76,NORMAL,SYNTHETIC_SCENARIO
ORD-0002366,2026-10-07,Eldoret,PMS,OMC_B,143.42,143.42,NORMAL,SYNTHETIC_SCENARIO
ORD-0002367,2026-10-07,Eldoret,PMS,OMC_C,109.31,109.31,NORMAL,SYNTHETIC_SCENARIO
ORD-0002368,2026-10-07,Eldoret,PMS,OMC_D,258.5,258.5,NORMAL,SYNTHETIC_SCENARIO
ORD-0002369,2026-10-07,Eldoret,PMS,OMC_E,45.42,45.42,HIGH,SYNTHETIC_SCENARIO
ORD-0002370,2026-10-07,Eldoret,PMS,OMC_F,66.75,66.75,NORMAL,SYNTHETIC_SCENARIO
ORD-0002371,2026-10-08,Eldoret,PMS,OMC_A,186.86,186.86,NORMAL,SYNTHETIC_SCENARIO
ORD-0002372,2026-10-08,Eldoret,PMS,OMC_B,219.95,219.95,NORMAL,SYNTHETIC_SCENARIO
ORD-0002373,2026-10-08,Eldoret,PMS,OMC_C,133.75,133.75,NORMAL,SYNTHETIC_SCENARIO
ORD-0002374,2026-10-08,Eldoret,PMS,OMC_D,137.74,137.74,NORMAL,SYNTHETIC_SCENARIO
ORD-0002375,2026-10-08,Eldoret,PMS,OMC_E,107.55,107.55,NORMAL,SYNTHETIC_SCENARIO
ORD-0002376,2026-10-08,Eldoret,PMS,OMC_F,112.0,112.0,NORMAL,SYNTHETIC_SCENARIO
ORD-0002377,2026-10-09,Eldoret,PMS,OMC_A,504.51,504.51,NORMAL,SYNTHETIC_SCENARIO
ORD-0002378,2026-10-09,Eldoret,PMS,OMC_B,104.84,104.84,NORMAL,SYNTHETIC_SCENARIO
ORD-0002379,2026-10-09,Eldoret,PMS,OMC_C,39.11,39.11,NORMAL,SYNTHETIC_SCENARIO
ORD-0002380,2026-10-09,Eldoret,PMS,OMC_D,209.23,209.23,HIGH,SYNTHETIC_SCENARIO
ORD-0002381,2026-10-09,Eldoret,PMS,OMC_E,99.11,99.11,NORMAL,SYNTHETIC_SCENARIO
ORD-0002382,2026-10-09,Eldoret,PMS,OMC_F,39.19,39.19,NORMAL,SYNTHETIC_SCENARIO
ORD-0002383,2026-10-10,Eldoret,PMS,OMC_A,104.67,104.67,NORMAL,SYNTHETIC_SCENARIO
ORD-0002384,2026-10-10,Eldoret,PMS,OMC_B,107.73,107.73,NORMAL,SYNTHETIC_SCENARIO
ORD-0002385,2026-10-10,Eldoret,PMS,OMC_C,302.85,302.85,NORMAL,SYNTHETIC_SCENARIO
ORD-0002386,2026-10-10,Eldoret,PMS,OMC_D,101.44,101.44,NORMAL,SYNTHETIC_SCENARIO
ORD-0002387,2026-10-10,Eldoret,PMS,OMC_E,194.61,194.61,NORMAL,SYNTHETIC_SCENARIO
ORD-0002388,2026-10-10,Eldoret,PMS,OMC_F,25.02,25.02,NORMAL,SYNTHETIC_SCENARIO
ORD-0002389,2026-10-11,Eldoret,PMS,OMC_A,104.29,104.29,NORMAL,SYNTHETIC_SCENARIO
ORD-0002390,2026-10-11,Eldoret,PMS,OMC_B,161.18,161.18,NORMAL,SYNTHETIC_SCENARIO
ORD-0002391,2026-10-11,Eldoret,PMS,OMC_C,240.84,240.84,NORMAL,SYNTHETIC_SCENARIO
ORD-0002392,2026-10-11,Eldoret,PMS,OMC_D,66.67,66.67,HIGH,SYNTHETIC_SCENARIO
ORD-0002393,2026-10-11,Eldoret,PMS,OMC_E,152.06,152.06,NORMAL,SYNTHETIC_SCENARIO
ORD-0002394,2026-10-11,Eldoret,PMS,OMC_F,49.92,49.92,NORMAL,SYNTHETIC_SCENARIO
ORD-0002395,2026-10-12,Eldoret,PMS,OMC_A,194.81,194.81,NORMAL,SYNTHETIC_SCENARIO
ORD-0002396,2026-10-12,Eldoret,PMS,OMC_B,239.63,239.63,NORMAL,SYNTHETIC_SCENARIO
ORD-0002397,2026-10-12,Eldoret,PMS,OMC_C,196.34,196.34,NORMAL,SYNTHETIC_SCENARIO
ORD-0002398,2026-10-12,Eldoret,PMS,OMC_D,233.61,233.61,NORMAL,SYNTHETIC_SCENARIO
ORD-0002399,2026-10-12,Eldoret,PMS,OMC_E,11.71,11.71,NORMAL,SYNTHETIC_SCENARIO
ORD-0002400,2026-10-12,Eldoret,PMS,OMC_F,24.33,24.33,NORMAL,SYNTHETIC_SCENARIO
ORD-0002401,2026-10-13,Eldoret,PMS,OMC_A,295.75,295.75,HIGH,SYNTHETIC_SCENARIO
ORD-0002402,2026-10-13,Eldoret,PMS,OMC_B,238.61,238.61,NORMAL,SYNTHETIC_SCENARIO
ORD-0002403,2026-10-13,Eldoret,PMS,OMC_C,62.13,62.13,HIGH,SYNTHETIC_SCENARIO
ORD-0002404,2026-10-13,Eldoret,PMS,OMC_D,230.99,230.99,NORMAL,SYNTHETIC_SCENARIO
ORD-0002405,2026-10-13,Eldoret,PMS,OMC_E,64.64,64.64,NORMAL,SYNTHETIC_SCENARIO
ORD-0002406,2026-10-13,Eldoret,PMS,OMC_F,18.32,18.32,NORMAL,SYNTHETIC_SCENARIO
ORD-0002407,2026-10-14,Eldoret,PMS,OMC_A,354.64,354.64,NORMAL,SYNTHETIC_SCENARIO
ORD-0002408,2026-10-14,Eldoret,PMS,OMC_B,130.26,130.26,NORMAL,SYNTHETIC_SCENARIO
ORD-0002409,2026-10-14,Eldoret,PMS,OMC_C,56.86,56.86,NORMAL,SYNTHETIC_SCENARIO
ORD-0002410,2026-10-14,Eldoret,PMS,OMC_D,45.54,45.54,NORMAL,SYNTHETIC_SCENARIO
ORD-0002411,2026-10-14,Eldoret,PMS,OMC_E,214.98,214.98,NORMAL,SYNTHETIC_SCENARIO
ORD-0002412,2026-10-14,Eldoret,PMS,OMC_F,95.38,95.38,NORMAL,SYNTHETIC_SCENARIO
ORD-0002413,2026-10-15,Eldoret,PMS,OMC_A,358.38,358.38,NORMAL,SYNTHETIC_SCENARIO
ORD-0002414,2026-10-15,Eldoret,PMS,OMC_B,80.97,80.97,NORMAL,SYNTHETIC_SCENARIO
ORD-0002415,2026-10-15,Eldoret,PMS,OMC_C,77.64,77.64,HIGH,SYNTHETIC_SCENARIO
ORD-0002416,2026-10-15,Eldoret,PMS,OMC_D,9.17,9.17,NORMAL,SYNTHETIC_SCENARIO
ORD-0002417,2026-10-15,Eldoret,PMS,OMC_E,71.75,71.75,NORMAL,SYNTHETIC_SCENARIO
ORD-0002418,2026-10-15,Eldoret,PMS,OMC_F,304.08,304.08,NORMAL,SYNTHETIC_SCENARIO
ORD-0002419,2026-10-16,Eldoret,PMS,OMC_A,408.24,408.24,NORMAL,SYNTHETIC_SCENARIO
ORD-0002420,2026-10-16,Eldoret,PMS,OMC_B,108.47,108.47,NORMAL,SYNTHETIC_SCENARIO
ORD-0002421,2026-10-16,Eldoret,PMS,OMC_C,141.59,141.59,NORMAL,SYNTHETIC_SCENARIO
ORD-0002422,2026-10-16,Eldoret,PMS,OMC_D,69.13,69.13,NORMAL,SYNTHETIC_SCENARIO
ORD-0002423,2026-10-16,Eldoret,PMS,OMC_E,66.53,66.53,NORMAL,SYNTHETIC_SCENARIO
ORD-0002424,2026-10-16,Eldoret,PMS,OMC_F,107.79,107.79,NORMAL,SYNTHETIC_SCENARIO
ORD-0002425,2026-10-17,Eldoret,PMS,OMC_A,261.41,261.41,NORMAL,SYNTHETIC_SCENARIO
ORD-0002426,2026-10-17,Eldoret,PMS,OMC_B,113.18,113.18,NORMAL,SYNTHETIC_SCENARIO
ORD-0002427,2026-10-17,Eldoret,PMS,OMC_C,163.8,163.8,HIGH,SYNTHETIC_SCENARIO
ORD-0002428,2026-10-17,Eldoret,PMS,OMC_D,149.18,149.18,HIGH,SYNTHETIC_SCENARIO
ORD-0002429,2026-10-17,Eldoret,PMS,OMC_E,160.75,160.75,NORMAL,SYNTHETIC_SCENARIO
ORD-0002430,2026-10-17,Eldoret,PMS,OMC_F,14.71,14.71,NORMAL,SYNTHETIC_SCENARIO
ORD-0002431,2026-10-18,Eldoret,PMS,OMC_A,159.64,159.64,NORMAL,SYNTHETIC_SCENARIO
ORD-0002432,2026-10-18,Eldoret,PMS,OMC_B,316.36,316.36,NORMAL,SYNTHETIC_SCENARIO
ORD-0002433,2026-10-18,Eldoret,PMS,OMC_C,168.25,168.25,NORMAL,SYNTHETIC_SCENARIO
ORD-0002434,2026-10-18,Eldoret,PMS,OMC_D,34.86,34.86,NORMAL,SYNTHETIC_SCENARIO
ORD-0002435,2026-10-18,Eldoret,PMS,OMC_E,52.86,52.86,NORMAL,SYNTHETIC_SCENARIO
ORD-0002436,2026-10-18,Eldoret,PMS,OMC_F,59.09,59.09,NORMAL,SYNTHETIC_SCENARIO
ORD-0002437,2026-10-19,Eldoret,PMS,OMC_A,197.19,197.19,NORMAL,SYNTHETIC_SCENARIO
ORD-0002438,2026-10-19,Eldoret,PMS,OMC_B,228.01,228.01,NORMAL,SYNTHETIC_SCENARIO
ORD-0002439,2026-10-19,Eldoret,PMS,OMC_C,275.38,275.38,NORMAL,SYNTHETIC_SCENARIO
ORD-0002440,2026-10-19,Eldoret,PMS,OMC_D,132.91,132.91,HIGH,SYNTHETIC_SCENARIO
ORD-0002441,2026-10-19,Eldoret,PMS,OMC_E,53.72,53.72,HIGH,SYNTHETIC_SCENARIO
ORD-0002442,2026-10-19,Eldoret,PMS,OMC_F,32.24,32.24,NORMAL,SYNTHETIC_SCENARIO
ORD-0002443,2026-10-20,Eldoret,PMS,OMC_A,322.64,322.64,NORMAL,SYNTHETIC_SCENARIO
ORD-0002444,2026-10-20,Eldoret,PMS,OMC_B,93.64,93.64,NORMAL,SYNTHETIC_SCENARIO
ORD-0002445,2026-10-20,Eldoret,PMS,OMC_C,186.62,186.62,NORMAL,SYNTHETIC_SCENARIO
ORD-0002446,2026-10-20,Eldoret,PMS,OMC_D,220.27,220.27,NORMAL,SYNTHETIC_SCENARIO
ORD-0002447,2026-10-20,Eldoret,PMS,OMC_E,7.58,7.58,NORMAL,SYNTHETIC_SCENARIO
ORD-0002448,2026-10-20,Eldoret,PMS,OMC_F,174.54,174.54,NORMAL,SYNTHETIC_SCENARIO
ORD-0002449,2026-10-21,Eldoret,PMS,OMC_A,222.86,222.86,NORMAL,SYNTHETIC_SCENARIO
ORD-0002450,2026-10-21,Eldoret,PMS,OMC_B,68.77,68.77,NORMAL,SYNTHETIC_SCENARIO
ORD-0002451,2026-10-21,Eldoret,PMS,OMC_C,177.71,177.71,NORMAL,SYNTHETIC_SCENARIO
ORD-0002452,2026-10-21,Eldoret,PMS,OMC_D,145.88,145.88,NORMAL,SYNTHETIC_SCENARIO
ORD-0002453,2026-10-21,Eldoret,PMS,OMC_E,265.92,265.92,NORMAL,SYNTHETIC_SCENARIO
ORD-0002454,2026-10-21,Eldoret,PMS,OMC_F,23.98,23.98,NORMAL,SYNTHETIC_SCENARIO
ORD-0002455,2026-10-22,Eldoret,PMS,OMC_A,263.61,263.61,NORMAL,SYNTHETIC_SCENARIO
ORD-0002456,2026-10-22,Eldoret,PMS,OMC_B,297.28,297.28,NORMAL,SYNTHETIC_SCENARIO
ORD-0002457,2026-10-22,Eldoret,PMS,OMC_C,58.67,58.67,NORMAL,SYNTHETIC_SCENARIO
ORD-0002458,2026-10-22,Eldoret,PMS,OMC_D,222.62,222.62,NORMAL,SYNTHETIC_SCENARIO
ORD-0002459,2026-10-22,Eldoret,PMS,OMC_E,32.34,32.34,NORMAL,SYNTHETIC_SCENARIO
ORD-0002460,2026-10-22,Eldoret,PMS,OMC_F,50.18,50.18,NORMAL,SYNTHETIC_SCENARIO
ORD-0002461,2026-10-23,Eldoret,PMS,OMC_A,459.88,459.88,NORMAL,SYNTHETIC_SCENARIO
ORD-0002462,2026-10-23,Eldoret,PMS,OMC_B,241.64,241.64,NORMAL,SYNTHETIC_SCENARIO
ORD-0002463,2026-10-23,Eldoret,PMS,OMC_C,45.03,45.03,NORMAL,SYNTHETIC_SCENARIO
ORD-0002464,2026-10-23,Eldoret,PMS,OMC_D,86.16,86.16,NORMAL,SYNTHETIC_SCENARIO
ORD-0002465,2026-10-23,Eldoret,PMS,OMC_E,10.3,10.3,NORMAL,SYNTHETIC_SCENARIO
ORD-0002466,2026-10-23,Eldoret,PMS,OMC_F,143.41,143.41,NORMAL,SYNTHETIC_SCENARIO
ORD-0002467,2026-10-24,Eldoret,PMS,OMC_A,241.68,241.68,NORMAL,SYNTHETIC_SCENARIO
ORD-0002468,2026-10-24,Eldoret,PMS,OMC_B,230.08,230.08,NORMAL,SYNTHETIC_SCENARIO
ORD-0002469,2026-10-24,Eldoret,PMS,OMC_C,265.25,265.25,NORMAL,SYNTHETIC_SCENARIO
ORD-0002470,2026-10-24,Eldoret,PMS,OMC_D,63.01,63.01,NORMAL,SYNTHETIC_SCENARIO
ORD-0002471,2026-10-24,Eldoret,PMS,OMC_E,125.32,125.32,NORMAL,SYNTHETIC_SCENARIO
ORD-0002472,2026-10-24,Eldoret,PMS,OMC_F,46.41,46.41,NORMAL,SYNTHETIC_SCENARIO
ORD-0002473,2026-10-25,Eldoret,PMS,OMC_A,123.71,123.71,NORMAL,SYNTHETIC_SCENARIO
ORD-0002474,2026-10-25,Eldoret,PMS,OMC_B,168.85,168.85,NORMAL,SYNTHETIC_SCENARIO
ORD-0002475,2026-10-25,Eldoret,PMS,OMC_C,101.89,101.89,NORMAL,SYNTHETIC_SCENARIO
ORD-0002476,2026-10-25,Eldoret,PMS,OMC_D,59.41,59.41,HIGH,SYNTHETIC_SCENARIO
ORD-0002477,2026-10-25,Eldoret,PMS,OMC_E,119.81,119.81,NORMAL,SYNTHETIC_SCENARIO
ORD-0002478,2026-10-25,Eldoret,PMS,OMC_F,203.55,203.55,NORMAL,SYNTHETIC_SCENARIO
ORD-0002479,2026-10-26,Eldoret,PMS,OMC_A,205.5,205.5,NORMAL,SYNTHETIC_SCENARIO
ORD-0002480,2026-10-26,Eldoret,PMS,OMC_B,43.48,43.48,NORMAL,SYNTHETIC_SCENARIO
ORD-0002481,2026-10-26,Eldoret,PMS,OMC_C,281.67,281.67,NORMAL,SYNTHETIC_SCENARIO
ORD-0002482,2026-10-26,Eldoret,PMS,OMC_D,204.15,204.15,NORMAL,SYNTHETIC_SCENARIO
ORD-0002483,2026-10-26,Eldoret,PMS,OMC_E,78.97,78.97,NORMAL,SYNTHETIC_SCENARIO
ORD-0002484,2026-10-26,Eldoret,PMS,OMC_F,119.21,119.21,NORMAL,SYNTHETIC_SCENARIO
ORD-0002485,2026-10-27,Eldoret,PMS,OMC_A,151.07,151.07,NORMAL,SYNTHETIC_SCENARIO
ORD-0002486,2026-10-27,Eldoret,PMS,OMC_B,239.14,239.14,NORMAL,SYNTHETIC_SCENARIO
ORD-0002487,2026-10-27,Eldoret,PMS,OMC_C,203.85,203.85,NORMAL,SYNTHETIC_SCENARIO
ORD-0002488,2026-10-27,Eldoret,PMS,OMC_D,57.2,57.2,NORMAL,SYNTHETIC_SCENARIO
ORD-0002489,2026-10-27,Eldoret,PMS,OMC_E,218.12,218.12,NORMAL,SYNTHETIC_SCENARIO
ORD-0002490,2026-10-27,Eldoret,PMS,OMC_F,78.99,78.99,NORMAL,SYNTHETIC_SCENARIO
ORD-0002491,2026-10-28,Eldoret,PMS,OMC_A,205.13,205.13,NORMAL,SYNTHETIC_SCENARIO
ORD-0002492,2026-10-28,Eldoret,PMS,OMC_B,113.69,113.69,NORMAL,SYNTHETIC_SCENARIO
ORD-0002493,2026-10-28,Eldoret,PMS,OMC_C,416.56,416.56,NORMAL,SYNTHETIC_SCENARIO
ORD-0002494,2026-10-28,Eldoret,PMS,OMC_D,113.34,113.34,NORMAL,SYNTHETIC_SCENARIO
ORD-0002495,2026-10-28,Eldoret,PMS,OMC_E,68.66,68.66,NORMAL,SYNTHETIC_SCENARIO
ORD-0002496,2026-10-28,Eldoret,PMS,OMC_F,22.7,22.7,HIGH,SYNTHETIC_SCENARIO
ORD-0002497,2026-10-29,Eldoret,PMS,OMC_A,299.71,299.71,HIGH,SYNTHETIC_SCENARIO
ORD-0002498,2026-10-29,Eldoret,PMS,OMC_B,400.52,400.52,NORMAL,SYNTHETIC_SCENARIO
ORD-0002499,2026-10-29,Eldoret,PMS,OMC_C,68.23,68.23,NORMAL,SYNTHETIC_SCENARIO
ORD-0002500,2026-10-29,Eldoret,PMS,OMC_D,36.66,36.66,NORMAL,SYNTHETIC_SCENARIO
ORD-0002501,2026-10-29,Eldoret,PMS,OMC_E,91.98,91.98,NORMAL,SYNTHETIC_SCENARIO
ORD-0002502,2026-10-29,Eldoret,PMS,OMC_F,42.65,42.65,NORMAL,SYNTHETIC_SCENARIO
ORD-0002503,2026-10-30,Eldoret,PMS,OMC_A,291.86,291.86,NORMAL,SYNTHETIC_SCENARIO
ORD-0002504,2026-10-30,Eldoret,PMS,OMC_B,91.71,91.71,NORMAL,SYNTHETIC_SCENARIO
ORD-0002505,2026-10-30,Eldoret,PMS,OMC_C,51.81,51.81,NORMAL,SYNTHETIC_SCENARIO
ORD-0002506,2026-10-30,Eldoret,PMS,OMC_D,346.84,346.84,NORMAL,SYNTHETIC_SCENARIO
ORD-0002507,2026-10-30,Eldoret,PMS,OMC_E,121.18,121.18,NORMAL,SYNTHETIC_SCENARIO
ORD-0002508,2026-10-30,Eldoret,PMS,OMC_F,85.09,85.09,NORMAL,SYNTHETIC_SCENARIO
ORD-0002509,2026-10-31,Eldoret,PMS,OMC_A,195.08,195.08,NORMAL,SYNTHETIC_SCENARIO
ORD-0002510,2026-10-31,Eldoret,PMS,OMC_B,221.79,221.79,NORMAL,SYNTHETIC_SCENARIO
ORD-0002511,2026-10-31,Eldoret,PMS,OMC_C,286.62,286.62,NORMAL,SYNTHETIC_SCENARIO
ORD-0002512,2026-10-31,Eldoret,PMS,OMC_D,84.79,84.79,NORMAL,SYNTHETIC_SCENARIO
ORD-0002513,2026-10-31,Eldoret,PMS,OMC_E,51.79,51.79,NORMAL,SYNTHETIC_SCENARIO
ORD-0002514,2026-10-31,Eldoret,PMS,OMC_F,32.1,32.1,NORMAL,SYNTHETIC_SCENARIO
ORD-0002515,2026-11-01,Eldoret,PMS,OMC_A,281.47,281.47,NORMAL,SYNTHETIC_SCENARIO
ORD-0002516,2026-11-01,Eldoret,PMS,OMC_B,105.82,105.82,NORMAL,SYNTHETIC_SCENARIO
ORD-0002517,2026-11-01,Eldoret,PMS,OMC_C,77.53,77.53,NORMAL,SYNTHETIC_SCENARIO
ORD-0002518,2026-11-01,Eldoret,PMS,OMC_D,159.56,159.56,NORMAL,SYNTHETIC_SCENARIO
ORD-0002519,2026-11-01,Eldoret,PMS,OMC_E,42.63,42.63,NORMAL,SYNTHETIC_SCENARIO
ORD-0002520,2026-11-01,Eldoret,PMS,OMC_F,30.65,30.65,NORMAL,SYNTHETIC_SCENARIO
ORD-0002521,2026-11-02,Eldoret,PMS,OMC_A,169.91,169.91,NORMAL,SYNTHETIC_SCENARIO
ORD-0002522,2026-11-02,Eldoret,PMS,OMC_B,204.29,204.29,NORMAL,SYNTHETIC_SCENARIO
ORD-0002523,2026-11-02,Eldoret,PMS,OMC_C,202.9,202.9,NORMAL,SYNTHETIC_SCENARIO
ORD-0002524,2026-11-02,Eldoret,PMS,OMC_D,33.18,33.18,NORMAL,SYNTHETIC_SCENARIO
ORD-0002525,2026-11-02,Eldoret,PMS,OMC_E,157.34,157.34,NORMAL,SYNTHETIC_SCENARIO
ORD-0002526,2026-11-02,Eldoret,PMS,OMC_F,42.67,42.67,NORMAL,SYNTHETIC_SCENARIO
ORD-0002527,2026-11-03,Eldoret,PMS,OMC_A,271.44,271.44,NORMAL,SYNTHETIC_SCENARIO
ORD-0002528,2026-11-03,Eldoret,PMS,OMC_B,215.81,215.81,NORMAL,SYNTHETIC_SCENARIO
ORD-0002529,2026-11-03,Eldoret,PMS,OMC_C,297.26,297.26,NORMAL,SYNTHETIC_SCENARIO
ORD-0002530,2026-11-03,Eldoret,PMS,OMC_D,20.63,20.63,NORMAL,SYNTHETIC_SCENARIO
ORD-0002531,2026-11-03,Eldoret,PMS,OMC_E,30.63,30.63,NORMAL,SYNTHETIC_SCENARIO
ORD-0002532,2026-11-03,Eldoret,PMS,OMC_F,28.94,28.94,NORMAL,SYNTHETIC_SCENARIO
ORD-0002533,2026-11-04,Eldoret,PMS,OMC_A,448.97,448.97,NORMAL,SYNTHETIC_SCENARIO
ORD-0002534,2026-11-04,Eldoret,PMS,OMC_B,113.55,113.55,NORMAL,SYNTHETIC_SCENARIO
ORD-0002535,2026-11-04,Eldoret,PMS,OMC_C,107.54,107.54,NORMAL,SYNTHETIC_SCENARIO
ORD-0002536,2026-11-04,Eldoret,PMS,OMC_D,162.88,162.88,NORMAL,SYNTHETIC_SCENARIO
ORD-0002537,2026-11-04,Eldoret,PMS,OMC_E,40.93,40.93,NORMAL,SYNTHETIC_SCENARIO
ORD-0002538,2026-11-04,Eldoret,PMS,OMC_F,1.62,1.62,HIGH,SYNTHETIC_SCENARIO
ORD-0002539,2026-11-05,Eldoret,PMS,OMC_A,174.13,174.13,NORMAL,SYNTHETIC_SCENARIO
ORD-0002540,2026-11-05,Eldoret,PMS,OMC_B,162.32,162.32,NORMAL,SYNTHETIC_SCENARIO
ORD-0002541,2026-11-05,Eldoret,PMS,OMC_C,89.32,89.32,NORMAL,SYNTHETIC_SCENARIO
ORD-0002542,2026-11-05,Eldoret,PMS,OMC_D,160.06,160.06,NORMAL,SYNTHETIC_SCENARIO
ORD-0002543,2026-11-05,Eldoret,PMS,OMC_E,117.98,117.98,NORMAL,SYNTHETIC_SCENARIO
ORD-0002544,2026-11-05,Eldoret,PMS,OMC_F,142.42,142.42,NORMAL,SYNTHETIC_SCENARIO
ORD-0002545,2026-11-06,Eldoret,PMS,OMC_A,339.99,339.99,NORMAL,SYNTHETIC_SCENARIO
ORD-0002546,2026-11-06,Eldoret,PMS,OMC_B,156.31,156.31,NORMAL,SYNTHETIC_SCENARIO
ORD-0002547,2026-11-06,Eldoret,PMS,OMC_C,78.83,78.83,NORMAL,SYNTHETIC_SCENARIO
ORD-0002548,2026-11-06,Eldoret,PMS,OMC_D,62.6,62.6,NORMAL,SYNTHETIC_SCENARIO
ORD-0002549,2026-11-06,Eldoret,PMS,OMC_E,54.46,54.46,NORMAL,SYNTHETIC_SCENARIO
ORD-0002550,2026-11-06,Eldoret,PMS,OMC_F,225.43,225.43,NORMAL,SYNTHETIC_SCENARIO
ORD-0002551,2026-11-07,Eldoret,PMS,OMC_A,125.79,125.79,NORMAL,SYNTHETIC_SCENARIO
ORD-0002552,2026-11-07,Eldoret,PMS,OMC_B,136.59,136.59,NORMAL,SYNTHETIC_SCENARIO
ORD-0002553,2026-11-07,Eldoret,PMS,OMC_C,248.66,248.66,NORMAL,SYNTHETIC_SCENARIO
ORD-0002554,2026-11-07,Eldoret,PMS,OMC_D,162.34,162.34,HIGH,SYNTHETIC_SCENARIO
ORD-0002555,2026-11-07,Eldoret,PMS,OMC_E,48.8,48.8,NORMAL,SYNTHETIC_SCENARIO
ORD-0002556,2026-11-07,Eldoret,PMS,OMC_F,3.53,3.53,NORMAL,SYNTHETIC_SCENARIO
ORD-0002557,2026-11-08,Eldoret,PMS,OMC_A,121.8,121.8,NORMAL,SYNTHETIC_SCENARIO
ORD-0002558,2026-11-08,Eldoret,PMS,OMC_B,137.89,137.89,NORMAL,SYNTHETIC_SCENARIO
ORD-0002559,2026-11-08,Eldoret,PMS,OMC_C,301.39,301.39,NORMAL,SYNTHETIC_SCENARIO
ORD-0002560,2026-11-08,Eldoret,PMS,OMC_D,13.95,13.95,NORMAL,SYNTHETIC_SCENARIO
ORD-0002561,2026-11-08,Eldoret,PMS,OMC_E,83.07,83.07,NORMAL,SYNTHETIC_SCENARIO
ORD-0002562,2026-11-08,Eldoret,PMS,OMC_F,57.22,57.22,NORMAL,SYNTHETIC_SCENARIO
ORD-0002563,2026-11-09,Eldoret,PMS,OMC_A,255.4,255.4,NORMAL,SYNTHETIC_SCENARIO
ORD-0002564,2026-11-09,Eldoret,PMS,OMC_B,124.8,124.8,NORMAL,SYNTHETIC_SCENARIO
ORD-0002565,2026-11-09,Eldoret,PMS,OMC_C,320.81,320.81,NORMAL,SYNTHETIC_SCENARIO
ORD-0002566,2026-11-09,Eldoret,PMS,OMC_D,113.43,113.43,NORMAL,SYNTHETIC_SCENARIO
ORD-0002567,2026-11-09,Eldoret,PMS,OMC_E,54.49,54.49,NORMAL,SYNTHETIC_SCENARIO
ORD-0002568,2026-11-09,Eldoret,PMS,OMC_F,0.49,0.49,NORMAL,SYNTHETIC_SCENARIO
ORD-0002569,2026-11-10,Eldoret,PMS,OMC_A,299.81,299.81,NORMAL,SYNTHETIC_SCENARIO
ORD-0002570,2026-11-10,Eldoret,PMS,OMC_B,237.72,237.72,NORMAL,SYNTHETIC_SCENARIO
ORD-0002571,2026-11-10,Eldoret,PMS,OMC_C,79.66,79.66,NORMAL,SYNTHETIC_SCENARIO
ORD-0002572,2026-11-10,Eldoret,PMS,OMC_D,210.7,210.7,NORMAL,SYNTHETIC_SCENARIO
ORD-0002573,2026-11-10,Eldoret,PMS,OMC_E,33.32,33.32,NORMAL,SYNTHETIC_SCENARIO
ORD-0002574,2026-11-10,Eldoret,PMS,OMC_F,1.82,1.82,NORMAL,SYNTHETIC_SCENARIO
ORD-0002575,2026-11-11,Eldoret,PMS,OMC_A,183.24,183.24,NORMAL,SYNTHETIC_SCENARIO
ORD-0002576,2026-11-11,Eldoret,PMS,OMC_B,116.32,116.32,NORMAL,SYNTHETIC_SCENARIO
ORD-0002577,2026-11-11,Eldoret,PMS,OMC_C,232.77,232.77,NORMAL,SYNTHETIC_SCENARIO
ORD-0002578,2026-11-11,Eldoret,PMS,OMC_D,294.02,294.02,NORMAL,SYNTHETIC_SCENARIO
ORD-0002579,2026-11-11,Eldoret,PMS,OMC_E,4.7,4.7,NORMAL,SYNTHETIC_SCENARIO
ORD-0002580,2026-11-11,Eldoret,PMS,OMC_F,14.64,14.64,NORMAL,SYNTHETIC_SCENARIO
ORD-0002581,2026-11-12,Eldoret,PMS,OMC_A,161.54,161.54,NORMAL,SYNTHETIC_SCENARIO
ORD-0002582,2026-11-12,Eldoret,PMS,OMC_B,406.95,406.95,NORMAL,SYNTHETIC_SCENARIO
ORD-0002583,2026-11-12,Eldoret,PMS,OMC_C,61.4,61.4,NORMAL,SYNTHETIC_SCENARIO
ORD-0002584,2026-11-12,Eldoret,PMS,OMC_D,176.37,176.37,NORMAL,SYNTHETIC_SCENARIO
ORD-0002585,2026-11-12,Eldoret,PMS,OMC_E,36.07,36.07,NORMAL,SYNTHETIC_SCENARIO
ORD-0002586,2026-11-12,Eldoret,PMS,OMC_F,48.7,48.7,NORMAL,SYNTHETIC_SCENARIO
ORD-0002587,2026-11-13,Eldoret,PMS,OMC_A,158.33,158.33,NORMAL,SYNTHETIC_SCENARIO
ORD-0002588,2026-11-13,Eldoret,PMS,OMC_B,348.55,348.55,NORMAL,SYNTHETIC_SCENARIO
ORD-0002589,2026-11-13,Eldoret,PMS,OMC_C,240.45,240.45,NORMAL,SYNTHETIC_SCENARIO
ORD-0002590,2026-11-13,Eldoret,PMS,OMC_D,20.17,20.17,NORMAL,SYNTHETIC_SCENARIO
ORD-0002591,2026-11-13,Eldoret,PMS,OMC_E,21.64,21.64,NORMAL,SYNTHETIC_SCENARIO
ORD-0002592,2026-11-13,Eldoret,PMS,OMC_F,128.16,128.16,NORMAL,SYNTHETIC_SCENARIO
ORD-0002593,2026-11-14,Eldoret,PMS,OMC_A,255.0,255.0,NORMAL,SYNTHETIC_SCENARIO
ORD-0002594,2026-11-14,Eldoret,PMS,OMC_B,91.16,91.16,NORMAL,SYNTHETIC_SCENARIO
ORD-0002595,2026-11-14,Eldoret,PMS,OMC_C,197.43,197.43,NORMAL,SYNTHETIC_SCENARIO
ORD-0002596,2026-11-14,Eldoret,PMS,OMC_D,82.95,82.95,NORMAL,SYNTHETIC_SCENARIO
ORD-0002597,2026-11-14,Eldoret,PMS,OMC_E,84.45,84.45,NORMAL,SYNTHETIC_SCENARIO
ORD-0002598,2026-11-14,Eldoret,PMS,OMC_F,104.51,104.51,NORMAL,SYNTHETIC_SCENARIO
ORD-0002599,2026-11-15,Eldoret,PMS,OMC_A,127.91,127.91,NORMAL,SYNTHETIC_SCENARIO
ORD-0002600,2026-11-15,Eldoret,PMS,OMC_B,271.45,271.45,NORMAL,SYNTHETIC_SCENARIO
ORD-0002601,2026-11-15,Eldoret,PMS,OMC_C,69.34,69.34,NORMAL,SYNTHETIC_SCENARIO
ORD-0002602,2026-11-15,Eldoret,PMS,OMC_D,76.35,76.35,NORMAL,SYNTHETIC_SCENARIO
ORD-0002603,2026-11-15,Eldoret,PMS,OMC_E,170.97,170.97,NORMAL,SYNTHETIC_SCENARIO
ORD-0002604,2026-11-15,Eldoret,PMS,OMC_F,54.2,54.2,NORMAL,SYNTHETIC_SCENARIO
ORD-0002605,2026-11-16,Eldoret,PMS,OMC_A,337.37,337.37,NORMAL,SYNTHETIC_SCENARIO
ORD-0002606,2026-11-16,Eldoret,PMS,OMC_B,88.94,88.94,NORMAL,SYNTHETIC_SCENARIO
ORD-0002607,2026-11-16,Eldoret,PMS,OMC_C,222.75,222.75,NORMAL,SYNTHETIC_SCENARIO
ORD-0002608,2026-11-16,Eldoret,PMS,OMC_D,132.23,132.23,NORMAL,SYNTHETIC_SCENARIO
ORD-0002609,2026-11-16,Eldoret,PMS,OMC_E,67.69,67.69,HIGH,SYNTHETIC_SCENARIO
ORD-0002610,2026-11-16,Eldoret,PMS,OMC_F,10.54,10.54,NORMAL,SYNTHETIC_SCENARIO
ORD-0002611,2026-11-17,Eldoret,PMS,OMC_A,141.54,141.54,NORMAL,SYNTHETIC_SCENARIO
ORD-0002612,2026-11-17,Eldoret,PMS,OMC_B,90.71,90.71,NORMAL,SYNTHETIC_SCENARIO
ORD-0002613,2026-11-17,Eldoret,PMS,OMC_C,220.96,220.96,NORMAL,SYNTHETIC_SCENARIO
ORD-0002614,2026-11-17,Eldoret,PMS,OMC_D,167.82,167.82,NORMAL,SYNTHETIC_SCENARIO
ORD-0002615,2026-11-17,Eldoret,PMS,OMC_E,240.72,240.72,NORMAL,SYNTHETIC_SCENARIO
ORD-0002616,2026-11-17,Eldoret,PMS,OMC_F,48.23,48.23,NORMAL,SYNTHETIC_SCENARIO
ORD-0002617,2026-11-18,Eldoret,PMS,OMC_A,288.34,288.34,NORMAL,SYNTHETIC_SCENARIO
ORD-0002618,2026-11-18,Eldoret,PMS,OMC_B,102.96,102.96,NORMAL,SYNTHETIC_SCENARIO
ORD-0002619,2026-11-18,Eldoret,PMS,OMC_C,69.83,69.83,NORMAL,SYNTHETIC_SCENARIO
ORD-0002620,2026-11-18,Eldoret,PMS,OMC_D,62.45,62.45,NORMAL,SYNTHETIC_SCENARIO
ORD-0002621,2026-11-18,Eldoret,PMS,OMC_E,261.88,261.88,NORMAL,SYNTHETIC_SCENARIO
ORD-0002622,2026-11-18,Eldoret,PMS,OMC_F,46.48,46.48,NORMAL,SYNTHETIC_SCENARIO
ORD-0002623,2026-11-19,Eldoret,PMS,OMC_A,101.38,101.38,NORMAL,SYNTHETIC_SCENARIO
ORD-0002624,2026-11-19,Eldoret,PMS,OMC_B,47.51,47.51,NORMAL,SYNTHETIC_SCENARIO
ORD-0002625,2026-11-19,Eldoret,PMS,OMC_C,68.07,68.07,NORMAL,SYNTHETIC_SCENARIO
ORD-0002626,2026-11-19,Eldoret,PMS,OMC_D,433.02,433.02,NORMAL,SYNTHETIC_SCENARIO
ORD-0002627,2026-11-19,Eldoret,PMS,OMC_E,86.17,86.17,NORMAL,SYNTHETIC_SCENARIO
ORD-0002628,2026-11-19,Eldoret,PMS,OMC_F,130.95,130.95,NORMAL,SYNTHETIC_SCENARIO
ORD-0002629,2026-11-20,Eldoret,PMS,OMC_A,195.26,195.26,NORMAL,SYNTHETIC_SCENARIO
ORD-0002630,2026-11-20,Eldoret,PMS,OMC_B,227.2,227.2,NORMAL,SYNTHETIC_SCENARIO
ORD-0002631,2026-11-20,Eldoret,PMS,OMC_C,155.91,155.91,NORMAL,SYNTHETIC_SCENARIO
ORD-0002632,2026-11-20,Eldoret,PMS,OMC_D,132.04,132.04,NORMAL,SYNTHETIC_SCENARIO
ORD-0002633,2026-11-20,Eldoret,PMS,OMC_E,70.08,70.08,NORMAL,SYNTHETIC_SCENARIO
ORD-0002634,2026-11-20,Eldoret,PMS,OMC_F,54.98,54.98,NORMAL,SYNTHETIC_SCENARIO
ORD-0002635,2026-11-21,Eldoret,PMS,OMC_A,282.58,282.58,NORMAL,SYNTHETIC_SCENARIO
ORD-0002636,2026-11-21,Eldoret,PMS,OMC_B,231.72,231.72,NORMAL,SYNTHETIC_SCENARIO
ORD-0002637,2026-11-21,Eldoret,PMS,OMC_C,60.84,60.84,NORMAL,SYNTHETIC_SCENARIO
ORD-0002638,2026-11-21,Eldoret,PMS,OMC_D,80.11,80.11,NORMAL,SYNTHETIC_SCENARIO
ORD-0002639,2026-11-21,Eldoret,PMS,OMC_E,138.21,138.21,NORMAL,SYNTHETIC_SCENARIO
ORD-0002640,2026-11-21,Eldoret,PMS,OMC_F,105.24,105.24,HIGH,SYNTHETIC_SCENARIO
ORD-0002641,2026-11-22,Eldoret,PMS,OMC_A,131.91,131.91,NORMAL,SYNTHETIC_SCENARIO
ORD-0002642,2026-11-22,Eldoret,PMS,OMC_B,127.06,127.06,NORMAL,SYNTHETIC_SCENARIO
ORD-0002643,2026-11-22,Eldoret,PMS,OMC_C,280.88,280.88,HIGH,SYNTHETIC_SCENARIO
ORD-0002644,2026-11-22,Eldoret,PMS,OMC_D,184.9,184.9,NORMAL,SYNTHETIC_SCENARIO
ORD-0002645,2026-11-22,Eldoret,PMS,OMC_E,28.7,28.7,NORMAL,SYNTHETIC_SCENARIO
ORD-0002646,2026-11-22,Eldoret,PMS,OMC_F,16.98,16.98,NORMAL,SYNTHETIC_SCENARIO
ORD-0002647,2026-11-23,Eldoret,PMS,OMC_A,170.65,170.65,NORMAL,SYNTHETIC_SCENARIO
ORD-0002648,2026-11-23,Eldoret,PMS,OMC_B,70.36,70.36,NORMAL,SYNTHETIC_SCENARIO
ORD-0002649,2026-11-23,Eldoret,PMS,OMC_C,186.69,186.69,NORMAL,SYNTHETIC_SCENARIO
ORD-0002650,2026-11-23,Eldoret,PMS,OMC_D,313.89,313.89,NORMAL,SYNTHETIC_SCENARIO
ORD-0002651,2026-11-23,Eldoret,PMS,OMC_E,212.09,212.09,NORMAL,SYNTHETIC_SCENARIO
ORD-0002652,2026-11-23,Eldoret,PMS,OMC_F,7.69,7.69,NORMAL,SYNTHETIC_SCENARIO
ORD-0002653,2026-11-24,Eldoret,PMS,OMC_A,137.55,137.55,NORMAL,SYNTHETIC_SCENARIO
ORD-0002654,2026-11-24,Eldoret,PMS,OMC_B,76.41,76.41,NORMAL,SYNTHETIC_SCENARIO
ORD-0002655,2026-11-24,Eldoret,PMS,OMC_C,255.8,255.8,NORMAL,SYNTHETIC_SCENARIO
ORD-0002656,2026-11-24,Eldoret,PMS,OMC_D,132.25,132.25,NORMAL,SYNTHETIC_SCENARIO
ORD-0002657,2026-11-24,Eldoret,PMS,OMC_E,153.07,153.07,NORMAL,SYNTHETIC_SCENARIO
ORD-0002658,2026-11-24,Eldoret,PMS,OMC_F,114.29,114.29,NORMAL,SYNTHETIC_SCENARIO
ORD-0002659,2026-11-25,Eldoret,PMS,OMC_A,422.87,422.87,NORMAL,SYNTHETIC_SCENARIO
ORD-0002660,2026-11-25,Eldoret,PMS,OMC_B,210.87,210.87,NORMAL,SYNTHETIC_SCENARIO
ORD-0002661,2026-11-25,Eldoret,PMS,OMC_C,107.81,107.81,NORMAL,SYNTHETIC_SCENARIO
ORD-0002662,2026-11-25,Eldoret,PMS,OMC_D,71.76,71.76,NORMAL,SYNTHETIC_SCENARIO
ORD-0002663,2026-11-25,Eldoret,PMS,OMC_E,36.1,36.1,NORMAL,SYNTHETIC_SCENARIO
ORD-0002664,2026-11-25,Eldoret,PMS,OMC_F,47.67,47.67,NORMAL,SYNTHETIC_SCENARIO
ORD-0002665,2026-11-26,Eldoret,PMS,OMC_A,252.19,252.19,HIGH,SYNTHETIC_SCENARIO
ORD-0002666,2026-11-26,Eldoret,PMS,OMC_B,154.09,154.09,NORMAL,SYNTHETIC_SCENARIO
ORD-0002667,2026-11-26,Eldoret,PMS,OMC_C,131.82,131.82,NORMAL,SYNTHETIC_SCENARIO
ORD-0002668,2026-11-26,Eldoret,PMS,OMC_D,107.9,107.9,NORMAL,SYNTHETIC_SCENARIO
ORD-0002669,2026-11-26,Eldoret,PMS,OMC_E,46.23,46.23,NORMAL,SYNTHETIC_SCENARIO
ORD-0002670,2026-11-26,Eldoret,PMS,OMC_F,150.78,150.78,NORMAL,SYNTHETIC_SCENARIO
ORD-0002671,2026-11-27,Eldoret,PMS,OMC_A,157.02,157.02,NORMAL,SYNTHETIC_SCENARIO
ORD-0002672,2026-11-27,Eldoret,PMS,OMC_B,173.83,173.83,NORMAL,SYNTHETIC_SCENARIO
ORD-0002673,2026-11-27,Eldoret,PMS,OMC_C,248.96,248.96,NORMAL,SYNTHETIC_SCENARIO
ORD-0002674,2026-11-27,Eldoret,PMS,OMC_D,162.07,162.07,NORMAL,SYNTHETIC_SCENARIO
ORD-0002675,2026-11-27,Eldoret,PMS,OMC_E,100.74,100.74,NORMAL,SYNTHETIC_SCENARIO
ORD-0002676,2026-11-27,Eldoret,PMS,OMC_F,59.0,59.0,NORMAL,SYNTHETIC_SCENARIO
ORD-0002677,2026-11-28,Eldoret,PMS,OMC_A,371.61,371.61,NORMAL,SYNTHETIC_SCENARIO
ORD-0002678,2026-11-28,Eldoret,PMS,OMC_B,115.52,115.52,HIGH,SYNTHETIC_SCENARIO
ORD-0002679,2026-11-28,Eldoret,PMS,OMC_C,151.35,151.35,NORMAL,SYNTHETIC_SCENARIO
ORD-0002680,2026-11-28,Eldoret,PMS,OMC_D,25.64,25.64,NORMAL,SYNTHETIC_SCENARIO
ORD-0002681,2026-11-28,Eldoret,PMS,OMC_E,8.54,8.54,NORMAL,SYNTHETIC_SCENARIO
ORD-0002682,2026-11-28,Eldoret,PMS,OMC_F,77.49,77.49,NORMAL,SYNTHETIC_SCENARIO
ORD-0002683,2026-11-29,Eldoret,PMS,OMC_A,304.72,304.72,NORMAL,SYNTHETIC_SCENARIO
ORD-0002684,2026-11-29,Eldoret,PMS,OMC_B,93.97,93.97,NORMAL,SYNTHETIC_SCENARIO
ORD-0002685,2026-11-29,Eldoret,PMS,OMC_C,108.0,108.0,NORMAL,SYNTHETIC_SCENARIO
ORD-0002686,2026-11-29,Eldoret,PMS,OMC_D,113.17,113.17,NORMAL,SYNTHETIC_SCENARIO
ORD-0002687,2026-11-29,Eldoret,PMS,OMC_E,1.67,1.67,HIGH,SYNTHETIC_SCENARIO
ORD-0002688,2026-11-29,Eldoret,PMS,OMC_F,142.93,142.93,NORMAL,SYNTHETIC_SCENARIO
ORD-0002689,2026-11-30,Eldoret,PMS,OMC_A,262.67,262.67,NORMAL,SYNTHETIC_SCENARIO
ORD-0002690,2026-11-30,Eldoret,PMS,OMC_B,145.81,145.81,NORMAL,SYNTHETIC_SCENARIO
ORD-0002691,2026-11-30,Eldoret,PMS,OMC_C,265.21,265.21,NORMAL,SYNTHETIC_SCENARIO
ORD-0002692,2026-11-30,Eldoret,PMS,OMC_D,84.38,84.38,NORMAL,SYNTHETIC_SCENARIO
ORD-0002693,2026-11-30,Eldoret,PMS,OMC_E,119.88,119.88,NORMAL,SYNTHETIC_SCENARIO
ORD-0002694,2026-11-30,Eldoret,PMS,OMC_F,4.07,4.07,NORMAL,SYNTHETIC_SCENARIO
ORD-0002695,2026-12-01,Eldoret,PMS,OMC_A,243.53,243.53,NORMAL,SYNTHETIC_SCENARIO
ORD-0002696,2026-12-01,Eldoret,PMS,OMC_B,388.02,388.02,NORMAL,SYNTHETIC_SCENARIO
ORD-0002697,2026-12-01,Eldoret,PMS,OMC_C,61.52,61.52,NORMAL,SYNTHETIC_SCENARIO
ORD-0002698,2026-12-01,Eldoret,PMS,OMC_D,177.21,177.21,NORMAL,SYNTHETIC_SCENARIO
ORD-0002699,2026-12-01,Eldoret,PMS,OMC_E,110.81,110.81,NORMAL,SYNTHETIC_SCENARIO
ORD-0002700,2026-12-01,Eldoret,PMS,OMC_F,46.65,46.65,NORMAL,SYNTHETIC_SCENARIO
ORD-0002701,2026-12-02,Eldoret,PMS,OMC_A,407.84,407.84,NORMAL,SYNTHETIC_SCENARIO
ORD-0002702,2026-12-02,Eldoret,PMS,OMC_B,241.73,241.73,NORMAL,SYNTHETIC_SCENARIO
ORD-0002703,2026-12-02,Eldoret,PMS,OMC_C,150.39,150.39,NORMAL,SYNTHETIC_SCENARIO
ORD-0002704,2026-12-02,Eldoret,PMS,OMC_D,29.15,29.15,NORMAL,SYNTHETIC_SCENARIO
ORD-0002705,2026-12-02,Eldoret,PMS,OMC_E,14.14,14.14,NORMAL,SYNTHETIC_SCENARIO
ORD-0002706,2026-12-02,Eldoret,PMS,OMC_F,151.55,151.55,NORMAL,SYNTHETIC_SCENARIO
ORD-0002707,2026-12-03,Eldoret,PMS,OMC_A,263.12,263.12,HIGH,SYNTHETIC_SCENARIO
ORD-0002708,2026-12-03,Eldoret,PMS,OMC_B,123.97,123.97,NORMAL,SYNTHETIC_SCENARIO
ORD-0002709,2026-12-03,Eldoret,PMS,OMC_C,455.34,455.34,NORMAL,SYNTHETIC_SCENARIO
ORD-0002710,2026-12-03,Eldoret,PMS,OMC_D,100.0,100.0,NORMAL,SYNTHETIC_SCENARIO
ORD-0002711,2026-12-03,Eldoret,PMS,OMC_E,39.43,39.43,NORMAL,SYNTHETIC_SCENARIO
ORD-0002712,2026-12-03,Eldoret,PMS,OMC_F,110.34,110.34,NORMAL,SYNTHETIC_SCENARIO
ORD-0002713,2026-12-04,Eldoret,PMS,OMC_A,295.28,295.28,NORMAL,SYNTHETIC_SCENARIO
ORD-0002714,2026-12-04,Eldoret,PMS,OMC_B,104.87,104.87,NORMAL,SYNTHETIC_SCENARIO
ORD-0002715,2026-12-04,Eldoret,PMS,OMC_C,148.56,148.56,HIGH,SYNTHETIC_SCENARIO
ORD-0002716,2026-12-04,Eldoret,PMS,OMC_D,151.31,151.31,NORMAL,SYNTHETIC_SCENARIO
ORD-0002717,2026-12-04,Eldoret,PMS,OMC_E,108.7,108.7,NORMAL,SYNTHETIC_SCENARIO
ORD-0002718,2026-12-04,Eldoret,PMS,OMC_F,243.56,243.56,HIGH,SYNTHETIC_SCENARIO
ORD-0002719,2026-12-05,Eldoret,PMS,OMC_A,74.61,74.61,NORMAL,SYNTHETIC_SCENARIO
ORD-0002720,2026-12-05,Eldoret,PMS,OMC_B,258.45,258.45,NORMAL,SYNTHETIC_SCENARIO
ORD-0002721,2026-12-05,Eldoret,PMS,OMC_C,180.86,180.86,NORMAL,SYNTHETIC_SCENARIO
ORD-0002722,2026-12-05,Eldoret,PMS,OMC_D,196.43,196.43,NORMAL,SYNTHETIC_SCENARIO
ORD-0002723,2026-12-05,Eldoret,PMS,OMC_E,74.29,74.29,NORMAL,SYNTHETIC_SCENARIO
ORD-0002724,2026-12-05,Eldoret,PMS,OMC_F,168.35,168.35,NORMAL,SYNTHETIC_SCENARIO
ORD-0002725,2026-12-06,Eldoret,PMS,OMC_A,361.71,361.71,NORMAL,SYNTHETIC_SCENARIO
ORD-0002726,2026-12-06,Eldoret,PMS,OMC_B,108.01,108.01,NORMAL,SYNTHETIC_SCENARIO
ORD-0002727,2026-12-06,Eldoret,PMS,OMC_C,150.02,150.02,NORMAL,SYNTHETIC_SCENARIO
ORD-0002728,2026-12-06,Eldoret,PMS,OMC_D,258.78,258.78,NORMAL,SYNTHETIC_SCENARIO
ORD-0002729,2026-12-06,Eldoret,PMS,OMC_E,28.87,28.87,NORMAL,SYNTHETIC_SCENARIO
ORD-0002730,2026-12-06,Eldoret,PMS,OMC_F,17.52,17.52,NORMAL,SYNTHETIC_SCENARIO
ORD-0002731,2026-12-07,Eldoret,PMS,OMC_A,87.91,87.91,NORMAL,SYNTHETIC_SCENARIO
ORD-0002732,2026-12-07,Eldoret,PMS,OMC_B,631.48,631.48,NORMAL,SYNTHETIC_SCENARIO
ORD-0002733,2026-12-07,Eldoret,PMS,OMC_C,71.42,71.42,NORMAL,SYNTHETIC_SCENARIO
ORD-0002734,2026-12-07,Eldoret,PMS,OMC_D,98.04,98.04,NORMAL,SYNTHETIC_SCENARIO
ORD-0002735,2026-12-07,Eldoret,PMS,OMC_E,35.68,35.68,NORMAL,SYNTHETIC_SCENARIO
ORD-0002736,2026-12-07,Eldoret,PMS,OMC_F,67.85,67.85,NORMAL,SYNTHETIC_SCENARIO
ORD-0002737,2026-12-08,Eldoret,PMS,OMC_A,216.53,216.53,HIGH,SYNTHETIC_SCENARIO
ORD-0002738,2026-12-08,Eldoret,PMS,OMC_B,121.7,121.7,NORMAL,SYNTHETIC_SCENARIO
ORD-0002739,2026-12-08,Eldoret,PMS,OMC_C,456.93,456.93,NORMAL,SYNTHETIC_SCENARIO
ORD-0002740,2026-12-08,Eldoret,PMS,OMC_D,58.66,58.66,HIGH,SYNTHETIC_SCENARIO
ORD-0002741,2026-12-08,Eldoret,PMS,OMC_E,152.84,152.84,NORMAL,SYNTHETIC_SCENARIO
ORD-0002742,2026-12-08,Eldoret,PMS,OMC_F,50.22,50.22,HIGH,SYNTHETIC_SCENARIO
ORD-0002743,2026-12-09,Eldoret,PMS,OMC_A,146.75,146.75,NORMAL,SYNTHETIC_SCENARIO
ORD-0002744,2026-12-09,Eldoret,PMS,OMC_B,116.47,116.47,NORMAL,SYNTHETIC_SCENARIO
ORD-0002745,2026-12-09,Eldoret,PMS,OMC_C,385.97,385.97,NORMAL,SYNTHETIC_SCENARIO
ORD-0002746,2026-12-09,Eldoret,PMS,OMC_D,101.58,101.58,NORMAL,SYNTHETIC_SCENARIO
ORD-0002747,2026-12-09,Eldoret,PMS,OMC_E,175.22,175.22,NORMAL,SYNTHETIC_SCENARIO
ORD-0002748,2026-12-09,Eldoret,PMS,OMC_F,43.03,43.03,NORMAL,SYNTHETIC_SCENARIO
ORD-0002749,2026-12-10,Eldoret,PMS,OMC_A,231.17,231.17,NORMAL,SYNTHETIC_SCENARIO
ORD-0002750,2026-12-10,Eldoret,PMS,OMC_B,161.36,161.36,NORMAL,SYNTHETIC_SCENARIO
ORD-0002751,2026-12-10,Eldoret,PMS,OMC_C,230.67,230.67,NORMAL,SYNTHETIC_SCENARIO
ORD-0002752,2026-12-10,Eldoret,PMS,OMC_D,230.59,230.59,NORMAL,SYNTHETIC_SCENARIO
ORD-0002753,2026-12-10,Eldoret,PMS,OMC_E,84.77,84.77,NORMAL,SYNTHETIC_SCENARIO
ORD-0002754,2026-12-10,Eldoret,PMS,OMC_F,21.31,21.31,NORMAL,SYNTHETIC_SCENARIO
ORD-0002755,2026-12-11,Eldoret,PMS,OMC_A,290.72,290.72,NORMAL,SYNTHETIC_SCENARIO
ORD-0002756,2026-12-11,Eldoret,PMS,OMC_B,229.79,229.79,NORMAL,SYNTHETIC_SCENARIO
ORD-0002757,2026-12-11,Eldoret,PMS,OMC_C,169.82,169.82,NORMAL,SYNTHETIC_SCENARIO
ORD-0002758,2026-12-11,Eldoret,PMS,OMC_D,277.5,277.5,NORMAL,SYNTHETIC_SCENARIO
ORD-0002759,2026-12-11,Eldoret,PMS,OMC_E,10.08,10.08,NORMAL,SYNTHETIC_SCENARIO
ORD-0002760,2026-12-11,Eldoret,PMS,OMC_F,161.63,161.63,NORMAL,SYNTHETIC_SCENARIO
ORD-0002761,2026-12-12,Eldoret,PMS,OMC_A,242.38,242.38,HIGH,SYNTHETIC_SCENARIO
ORD-0002762,2026-12-12,Eldoret,PMS,OMC_B,282.49,282.49,NORMAL,SYNTHETIC_SCENARIO
ORD-0002763,2026-12-12,Eldoret,PMS,OMC_C,553.88,553.88,NORMAL,SYNTHETIC_SCENARIO
ORD-0002764,2026-12-12,Eldoret,PMS,OMC_D,32.9,32.9,NORMAL,SYNTHETIC_SCENARIO
ORD-0002765,2026-12-12,Eldoret,PMS,OMC_E,59.1,59.1,NORMAL,SYNTHETIC_SCENARIO
ORD-0002766,2026-12-12,Eldoret,PMS,OMC_F,0.42,0.42,NORMAL,SYNTHETIC_SCENARIO
ORD-0002767,2026-12-13,Eldoret,PMS,OMC_A,101.7,101.7,NORMAL,SYNTHETIC_SCENARIO
ORD-0002768,2026-12-13,Eldoret,PMS,OMC_B,472.9,472.9,NORMAL,SYNTHETIC_SCENARIO
ORD-0002769,2026-12-13,Eldoret,PMS,OMC_C,158.88,158.88,NORMAL,SYNTHETIC_SCENARIO
ORD-0002770,2026-12-13,Eldoret,PMS,OMC_D,46.82,46.82,NORMAL,SYNTHETIC_SCENARIO
ORD-0002771,2026-12-13,Eldoret,PMS,OMC_E,29.87,29.87,NORMAL,SYNTHETIC_SCENARIO
ORD-0002772,2026-12-13,Eldoret,PMS,OMC_F,106.36,106.36,NORMAL,SYNTHETIC_SCENARIO
ORD-0002773,2026-12-14,Eldoret,PMS,OMC_A,242.73,242.73,NORMAL,SYNTHETIC_SCENARIO
ORD-0002774,2026-12-14,Eldoret,PMS,OMC_B,242.23,242.23,NORMAL,SYNTHETIC_SCENARIO
ORD-0002775,2026-12-14,Eldoret,PMS,OMC_C,297.49,297.49,NORMAL,SYNTHETIC_SCENARIO
ORD-0002776,2026-12-14,Eldoret,PMS,OMC_D,37.32,37.32,NORMAL,SYNTHETIC_SCENARIO
ORD-0002777,2026-12-14,Eldoret,PMS,OMC_E,23.56,23.56,NORMAL,SYNTHETIC_SCENARIO
ORD-0002778,2026-12-14,Eldoret,PMS,OMC_F,134.41,134.41,NORMAL,SYNTHETIC_SCENARIO
ORD-0002779,2026-12-15,Eldoret,PMS,OMC_A,406.82,406.82,NORMAL,SYNTHETIC_SCENARIO
ORD-0002780,2026-12-15,Eldoret,PMS,OMC_B,179.19,179.19,NORMAL,SYNTHETIC_SCENARIO
ORD-0002781,2026-12-15,Eldoret,PMS,OMC_C,60.34,60.34,NORMAL,SYNTHETIC_SCENARIO
ORD-0002782,2026-12-15,Eldoret,PMS,OMC_D,158.08,158.08,NORMAL,SYNTHETIC_SCENARIO
ORD-0002783,2026-12-15,Eldoret,PMS,OMC_E,45.75,45.75,NORMAL,SYNTHETIC_SCENARIO
ORD-0002784,2026-12-15,Eldoret,PMS,OMC_F,163.45,163.45,NORMAL,SYNTHETIC_SCENARIO
ORD-0002785,2026-12-16,Eldoret,PMS,OMC_A,193.74,193.74,NORMAL,SYNTHETIC_SCENARIO
ORD-0002786,2026-12-16,Eldoret,PMS,OMC_B,129.24,129.24,NORMAL,SYNTHETIC_SCENARIO
ORD-0002787,2026-12-16,Eldoret,PMS,OMC_C,117.58,117.58,NORMAL,SYNTHETIC_SCENARIO
ORD-0002788,2026-12-16,Eldoret,PMS,OMC_D,84.84,84.84,NORMAL,SYNTHETIC_SCENARIO
ORD-0002789,2026-12-16,Eldoret,PMS,OMC_E,332.67,332.67,NORMAL,SYNTHETIC_SCENARIO
ORD-0002790,2026-12-16,Eldoret,PMS,OMC_F,98.59,98.59,NORMAL,SYNTHETIC_SCENARIO
ORD-0002791,2026-12-17,Eldoret,PMS,OMC_A,325.42,325.42,NORMAL,SYNTHETIC_SCENARIO
ORD-0002792,2026-12-17,Eldoret,PMS,OMC_B,333.43,333.43,NORMAL,SYNTHETIC_SCENARIO
ORD-0002793,2026-12-17,Eldoret,PMS,OMC_C,92.6,92.6,NORMAL,SYNTHETIC_SCENARIO
ORD-0002794,2026-12-17,Eldoret,PMS,OMC_D,122.21,122.21,NORMAL,SYNTHETIC_SCENARIO
ORD-0002795,2026-12-17,Eldoret,PMS,OMC_E,37.63,37.63,NORMAL,SYNTHETIC_SCENARIO
ORD-0002796,2026-12-17,Eldoret,PMS,OMC_F,161.05,161.05,NORMAL,SYNTHETIC_SCENARIO
ORD-0002797,2026-12-18,Eldoret,PMS,OMC_A,267.98,267.98,NORMAL,SYNTHETIC_SCENARIO
ORD-0002798,2026-12-18,Eldoret,PMS,OMC_B,206.75,206.75,NORMAL,SYNTHETIC_SCENARIO
ORD-0002799,2026-12-18,Eldoret,PMS,OMC_C,43.23,43.23,NORMAL,SYNTHETIC_SCENARIO
ORD-0002800,2026-12-18,Eldoret,PMS,OMC_D,131.46,131.46,NORMAL,SYNTHETIC_SCENARIO
ORD-0002801,2026-12-18,Eldoret,PMS,OMC_E,297.73,297.73,NORMAL,SYNTHETIC_SCENARIO
ORD-0002802,2026-12-18,Eldoret,PMS,OMC_F,201.0,201.0,NORMAL,SYNTHETIC_SCENARIO
ORD-0002803,2026-12-19,Eldoret,PMS,OMC_A,271.14,271.14,NORMAL,SYNTHETIC_SCENARIO
ORD-0002804,2026-12-19,Eldoret,PMS,OMC_B,200.27,200.27,NORMAL,SYNTHETIC_SCENARIO
ORD-0002805,2026-12-19,Eldoret,PMS,OMC_C,64.34,64.34,NORMAL,SYNTHETIC_SCENARIO
ORD-0002806,2026-12-19,Eldoret,PMS,OMC_D,78.65,78.65,NORMAL,SYNTHETIC_SCENARIO
ORD-0002807,2026-12-19,Eldoret,PMS,OMC_E,29.69,29.69,NORMAL,SYNTHETIC_SCENARIO
ORD-0002808,2026-12-19,Eldoret,PMS,OMC_F,271.0,271.0,NORMAL,SYNTHETIC_SCENARIO
ORD-0002809,2026-12-20,Eldoret,PMS,OMC_A,99.35,99.35,NORMAL,SYNTHETIC_SCENARIO
ORD-0002810,2026-12-20,Eldoret,PMS,OMC_B,153.64,153.64,NORMAL,SYNTHETIC_SCENARIO
ORD-0002811,2026-12-20,Eldoret,PMS,OMC_C,121.96,121.96,NORMAL,SYNTHETIC_SCENARIO
ORD-0002812,2026-12-20,Eldoret,PMS,OMC_D,421.7,421.7,NORMAL,SYNTHETIC_SCENARIO
ORD-0002813,2026-12-20,Eldoret,PMS,OMC_E,65.25,65.25,NORMAL,SYNTHETIC_SCENARIO
ORD-0002814,2026-12-20,Eldoret,PMS,OMC_F,2.96,2.96,NORMAL,SYNTHETIC_SCENARIO
ORD-0002815,2026-12-21,Eldoret,PMS,OMC_A,280.59,280.59,NORMAL,SYNTHETIC_SCENARIO
ORD-0002816,2026-12-21,Eldoret,PMS,OMC_B,192.56,192.56,HIGH,SYNTHETIC_SCENARIO
ORD-0002817,2026-12-21,Eldoret,PMS,OMC_C,243.56,243.56,NORMAL,SYNTHETIC_SCENARIO
ORD-0002818,2026-12-21,Eldoret,PMS,OMC_D,99.36,99.36,NORMAL,SYNTHETIC_SCENARIO
ORD-0002819,2026-12-21,Eldoret,PMS,OMC_E,175.61,175.61,HIGH,SYNTHETIC_SCENARIO
ORD-0002820,2026-12-21,Eldoret,PMS,OMC_F,44.7,44.7,NORMAL,SYNTHETIC_SCENARIO
ORD-0002821,2026-12-22,Eldoret,PMS,OMC_A,478.21,478.21,NORMAL,SYNTHETIC_SCENARIO
ORD-0002822,2026-12-22,Eldoret,PMS,OMC_B,175.61,175.61,NORMAL,SYNTHETIC_SCENARIO
ORD-0002823,2026-12-22,Eldoret,PMS,OMC_C,53.31,53.31,NORMAL,SYNTHETIC_SCENARIO
ORD-0002824,2026-12-22,Eldoret,PMS,OMC_D,205.47,205.47,NORMAL,SYNTHETIC_SCENARIO
ORD-0002825,2026-12-22,Eldoret,PMS,OMC_E,62.62,62.62,NORMAL,SYNTHETIC_SCENARIO
ORD-0002826,2026-12-22,Eldoret,PMS,OMC_F,27.21,27.21,NORMAL,SYNTHETIC_SCENARIO
ORD-0002827,2026-12-23,Eldoret,PMS,OMC_A,46.63,46.63,NORMAL,SYNTHETIC_SCENARIO
ORD-0002828,2026-12-23,Eldoret,PMS,OMC_B,472.04,472.04,NORMAL,SYNTHETIC_SCENARIO
ORD-0002829,2026-12-23,Eldoret,PMS,OMC_C,48.91,48.91,NORMAL,SYNTHETIC_SCENARIO
ORD-0002830,2026-12-23,Eldoret,PMS,OMC_D,140.04,140.04,NORMAL,SYNTHETIC_SCENARIO
ORD-0002831,2026-12-23,Eldoret,PMS,OMC_E,340.45,340.45,NORMAL,SYNTHETIC_SCENARIO
ORD-0002832,2026-12-23,Eldoret,PMS,OMC_F,3.36,3.36,NORMAL,SYNTHETIC_SCENARIO
ORD-0002833,2026-12-24,Eldoret,PMS,OMC_A,427.38,427.38,NORMAL,SYNTHETIC_SCENARIO
ORD-0002834,2026-12-24,Eldoret,PMS,OMC_B,142.05,142.05,NORMAL,SYNTHETIC_SCENARIO
ORD-0002835,2026-12-24,Eldoret,PMS,OMC_C,119.38,119.38,NORMAL,SYNTHETIC_SCENARIO
ORD-0002836,2026-12-24,Eldoret,PMS,OMC_D,143.12,143.12,NORMAL,SYNTHETIC_SCENARIO
ORD-0002837,2026-12-24,Eldoret,PMS,OMC_E,200.26,200.26,NORMAL,SYNTHETIC_SCENARIO
ORD-0002838,2026-12-24,Eldoret,PMS,OMC_F,103.38,103.38,NORMAL,SYNTHETIC_SCENARIO
ORD-0002839,2026-12-25,Eldoret,PMS,OMC_A,259.95,259.95,NORMAL,SYNTHETIC_SCENARIO
ORD-0002840,2026-12-25,Eldoret,PMS,OMC_B,87.79,87.79,NORMAL,SYNTHETIC_SCENARIO
ORD-0002841,2026-12-25,Eldoret,PMS,OMC_C,29.18,29.18,HIGH,SYNTHETIC_SCENARIO
ORD-0002842,2026-12-25,Eldoret,PMS,OMC_D,63.31,63.31,NORMAL,SYNTHETIC_SCENARIO
ORD-0002843,2026-12-25,Eldoret,PMS,OMC_E,270.16,270.16,NORMAL,SYNTHETIC_SCENARIO
ORD-0002844,2026-12-25,Eldoret,PMS,OMC_F,446.1,446.1,NORMAL,SYNTHETIC_SCENARIO
ORD-0002845,2026-12-26,Eldoret,PMS,OMC_A,457.85,457.85,NORMAL,SYNTHETIC_SCENARIO
ORD-0002846,2026-12-26,Eldoret,PMS,OMC_B,502.13,502.13,NORMAL,SYNTHETIC_SCENARIO
ORD-0002847,2026-12-26,Eldoret,PMS,OMC_C,34.48,34.48,NORMAL,SYNTHETIC_SCENARIO
ORD-0002848,2026-12-26,Eldoret,PMS,OMC_D,21.28,21.28,NORMAL,SYNTHETIC_SCENARIO
ORD-0002849,2026-12-26,Eldoret,PMS,OMC_E,8.19,8.19,NORMAL,SYNTHETIC_SCENARIO
ORD-0002850,2026-12-26,Eldoret,PMS,OMC_F,60.13,60.13,NORMAL,SYNTHETIC_SCENARIO
ORD-0002851,2026-12-27,Eldoret,PMS,OMC_A,159.14,159.14,NORMAL,SYNTHETIC_SCENARIO
ORD-0002852,2026-12-27,Eldoret,PMS,OMC_B,290.16,290.16,NORMAL,SYNTHETIC_SCENARIO
ORD-0002853,2026-12-27,Eldoret,PMS,OMC_C,80.75,80.75,HIGH,SYNTHETIC_SCENARIO
ORD-0002854,2026-12-27,Eldoret,PMS,OMC_D,21.57,21.57,NORMAL,SYNTHETIC_SCENARIO
ORD-0002855,2026-12-27,Eldoret,PMS,OMC_E,138.26,138.26,NORMAL,SYNTHETIC_SCENARIO
ORD-0002856,2026-12-27,Eldoret,PMS,OMC_F,171.65,171.65,NORMAL,SYNTHETIC_SCENARIO
ORD-0002857,2026-12-28,Eldoret,PMS,OMC_A,177.91,177.91,NORMAL,SYNTHETIC_SCENARIO
ORD-0002858,2026-12-28,Eldoret,PMS,OMC_B,127.99,127.99,NORMAL,SYNTHETIC_SCENARIO
ORD-0002859,2026-12-28,Eldoret,PMS,OMC_C,171.75,171.75,NORMAL,SYNTHETIC_SCENARIO
ORD-0002860,2026-12-28,Eldoret,PMS,OMC_D,322.44,322.44,HIGH,SYNTHETIC_SCENARIO
ORD-0002861,2026-12-28,Eldoret,PMS,OMC_E,14.25,14.25,NORMAL,SYNTHETIC_SCENARIO
ORD-0002862,2026-12-28,Eldoret,PMS,OMC_F,181.94,181.94,NORMAL,SYNTHETIC_SCENARIO
ORD-0002863,2026-12-29,Eldoret,PMS,OMC_A,419.39,419.39,NORMAL,SYNTHETIC_SCENARIO
ORD-0002864,2026-12-29,Eldoret,PMS,OMC_B,257.44,257.44,NORMAL,SYNTHETIC_SCENARIO
ORD-0002865,2026-12-29,Eldoret,PMS,OMC_C,138.3,138.3,NORMAL,SYNTHETIC_SCENARIO
ORD-0002866,2026-12-29,Eldoret,PMS,OMC_D,50.4,50.4,NORMAL,SYNTHETIC_SCENARIO
ORD-0002867,2026-12-29,Eldoret,PMS,OMC_E,142.85,142.85,NORMAL,SYNTHETIC_SCENARIO
ORD-0002868,2026-12-29,Eldoret,PMS,OMC_F,21.16,21.16,NORMAL,SYNTHETIC_SCENARIO
ORD-0002869,2026-12-30,Eldoret,PMS,OMC_A,671.6,671.6,NORMAL,SYNTHETIC_SCENARIO
ORD-0002870,2026-12-30,Eldoret,PMS,OMC_B,99.79,99.79,NORMAL,SYNTHETIC_SCENARIO
ORD-0002871,2026-12-30,Eldoret,PMS,OMC_C,124.72,124.72,NORMAL,SYNTHETIC_SCENARIO
ORD-0002872,2026-12-30,Eldoret,PMS,OMC_D,56.4,56.4,NORMAL,SYNTHETIC_SCENARIO
ORD-0002873,2026-12-30,Eldoret,PMS,OMC_E,50.07,50.07,NORMAL,SYNTHETIC_SCENARIO
ORD-0002874,2026-12-30,Eldoret,PMS,OMC_F,46.61,46.61,NORMAL,SYNTHETIC_SCENARIO
ORD-0002875,2026-12-31,Eldoret,PMS,OMC_A,231.65,231.65,NORMAL,SYNTHETIC_SCENARIO
ORD-0002876,2026-12-31,Eldoret,PMS,OMC_B,284.23,284.23,HIGH,SYNTHETIC_SCENARIO
ORD-0002877,2026-12-31,Eldoret,PMS,OMC_C,105.45,105.45,NORMAL,SYNTHETIC_SCENARIO
ORD-0002878,2026-12-31,Eldoret,PMS,OMC_D,91.49,91.49,NORMAL,SYNTHETIC_SCENARIO
ORD-0002879,2026-12-31,Eldoret,PMS,OMC_E,185.04,185.04,HIGH,SYNTHETIC_SCENARIO
ORD-0002880,2026-12-31,Eldoret,PMS,OMC_F,201.11,201.11,NORMAL,SYNTHETIC_SCENARIO
ORD-0002881,2026-09-03,Kisumu,AGO,OMC_A,721.18,721.18,NORMAL,SYNTHETIC_SCENARIO
ORD-0002882,2026-09-03,Kisumu,AGO,OMC_B,277.84,277.84,NORMAL,SYNTHETIC_SCENARIO
ORD-0002883,2026-09-03,Kisumu,AGO,OMC_C,36.4,36.4,NORMAL,SYNTHETIC_SCENARIO
ORD-0002884,2026-09-03,Kisumu,AGO,OMC_D,169.63,169.63,NORMAL,SYNTHETIC_SCENARIO
ORD-0002885,2026-09-03,Kisumu,AGO,OMC_E,36.01,36.01,HIGH,SYNTHETIC_SCENARIO
ORD-0002886,2026-09-03,Kisumu,AGO,OMC_F,14.82,14.82,NORMAL,SYNTHETIC_SCENARIO
ORD-0002887,2026-09-04,Kisumu,AGO,OMC_A,217.87,217.87,NORMAL,SYNTHETIC_SCENARIO
ORD-0002888,2026-09-04,Kisumu,AGO,OMC_B,370.39,370.39,NORMAL,SYNTHETIC_SCENARIO
ORD-0002889,2026-09-04,Kisumu,AGO,OMC_C,53.6,53.6,NORMAL,SYNTHETIC_SCENARIO
ORD-0002890,2026-09-04,Kisumu,AGO,OMC_D,211.33,211.33,NORMAL,SYNTHETIC_SCENARIO
ORD-0002891,2026-09-04,Kisumu,AGO,OMC_E,239.18,239.18,NORMAL,SYNTHETIC_SCENARIO
ORD-0002892,2026-09-04,Kisumu,AGO,OMC_F,309.3,309.3,NORMAL,SYNTHETIC_SCENARIO
ORD-0002893,2026-09-05,Kisumu,AGO,OMC_A,446.97,446.97,NORMAL,SYNTHETIC_SCENARIO
ORD-0002894,2026-09-05,Kisumu,AGO,OMC_B,214.12,214.12,HIGH,SYNTHETIC_SCENARIO
ORD-0002895,2026-09-05,Kisumu,AGO,OMC_C,209.38,209.38,NORMAL,SYNTHETIC_SCENARIO
ORD-0002896,2026-09-05,Kisumu,AGO,OMC_D,102.54,102.54,NORMAL,SYNTHETIC_SCENARIO
ORD-0002897,2026-09-05,Kisumu,AGO,OMC_E,16.28,16.28,NORMAL,SYNTHETIC_SCENARIO
ORD-0002898,2026-09-05,Kisumu,AGO,OMC_F,174.71,174.71,NORMAL,SYNTHETIC_SCENARIO
ORD-0002899,2026-09-06,Kisumu,AGO,OMC_A,272.36,272.36,NORMAL,SYNTHETIC_SCENARIO
ORD-0002900,2026-09-06,Kisumu,AGO,OMC_B,439.53,439.53,NORMAL,SYNTHETIC_SCENARIO
ORD-0002901,2026-09-06,Kisumu,AGO,OMC_C,75.34,75.34,NORMAL,SYNTHETIC_SCENARIO
ORD-0002902,2026-09-06,Kisumu,AGO,OMC_D,72.24,72.24,HIGH,SYNTHETIC_SCENARIO
ORD-0002903,2026-09-06,Kisumu,AGO,OMC_E,52.82,52.82,NORMAL,SYNTHETIC_SCENARIO
ORD-0002904,2026-09-06,Kisumu,AGO,OMC_F,120.84,120.84,NORMAL,SYNTHETIC_SCENARIO
ORD-0002905,2026-09-07,Kisumu,AGO,OMC_A,415.38,415.38,NORMAL,SYNTHETIC_SCENARIO
ORD-0002906,2026-09-07,Kisumu,AGO,OMC_B,193.66,193.66,NORMAL,SYNTHETIC_SCENARIO
ORD-0002907,2026-09-07,Kisumu,AGO,OMC_C,126.26,126.26,NORMAL,SYNTHETIC_SCENARIO
ORD-0002908,2026-09-07,Kisumu,AGO,OMC_D,5.34,5.34,NORMAL,SYNTHETIC_SCENARIO
ORD-0002909,2026-09-07,Kisumu,AGO,OMC_E,378.46,378.46,NORMAL,SYNTHETIC_SCENARIO
ORD-0002910,2026-09-07,Kisumu,AGO,OMC_F,139.13,139.13,NORMAL,SYNTHETIC_SCENARIO
ORD-0002911,2026-09-08,Kisumu,AGO,OMC_A,178.1,178.1,NORMAL,SYNTHETIC_SCENARIO
ORD-0002912,2026-09-08,Kisumu,AGO,OMC_B,149.03,149.03,NORMAL,SYNTHETIC_SCENARIO
ORD-0002913,2026-09-08,Kisumu,AGO,OMC_C,65.24,65.24,NORMAL,SYNTHETIC_SCENARIO
ORD-0002914,2026-09-08,Kisumu,AGO,OMC_D,356.32,356.32,NORMAL,SYNTHETIC_SCENARIO
ORD-0002915,2026-09-08,Kisumu,AGO,OMC_E,66.13,66.13,NORMAL,SYNTHETIC_SCENARIO
ORD-0002916,2026-09-08,Kisumu,AGO,OMC_F,434.97,434.97,HIGH,SYNTHETIC_SCENARIO
ORD-0002917,2026-09-09,Kisumu,AGO,OMC_A,373.8,373.8,NORMAL,SYNTHETIC_SCENARIO
ORD-0002918,2026-09-09,Kisumu,AGO,OMC_B,236.06,236.06,NORMAL,SYNTHETIC_SCENARIO
ORD-0002919,2026-09-09,Kisumu,AGO,OMC_C,306.79,306.79,NORMAL,SYNTHETIC_SCENARIO
ORD-0002920,2026-09-09,Kisumu,AGO,OMC_D,633.22,633.22,NORMAL,SYNTHETIC_SCENARIO
ORD-0002921,2026-09-09,Kisumu,AGO,OMC_E,54.31,54.31,NORMAL,SYNTHETIC_SCENARIO
ORD-0002922,2026-09-09,Kisumu,AGO,OMC_F,186.55,186.55,NORMAL,SYNTHETIC_SCENARIO
ORD-0002923,2026-09-10,Kisumu,AGO,OMC_A,308.57,308.57,NORMAL,SYNTHETIC_SCENARIO
ORD-0002924,2026-09-10,Kisumu,AGO,OMC_B,445.64,445.64,NORMAL,SYNTHETIC_SCENARIO
ORD-0002925,2026-09-10,Kisumu,AGO,OMC_C,102.22,102.22,NORMAL,SYNTHETIC_SCENARIO
ORD-0002926,2026-09-10,Kisumu,AGO,OMC_D,305.6,305.6,NORMAL,SYNTHETIC_SCENARIO
ORD-0002927,2026-09-10,Kisumu,AGO,OMC_E,150.47,150.47,NORMAL,SYNTHETIC_SCENARIO
ORD-0002928,2026-09-10,Kisumu,AGO,OMC_F,88.18,88.18,NORMAL,SYNTHETIC_SCENARIO
ORD-0002929,2026-09-11,Kisumu,AGO,OMC_A,289.26,289.26,NORMAL,SYNTHETIC_SCENARIO
ORD-0002930,2026-09-11,Kisumu,AGO,OMC_B,347.51,347.51,NORMAL,SYNTHETIC_SCENARIO
ORD-0002931,2026-09-11,Kisumu,AGO,OMC_C,315.59,315.59,NORMAL,SYNTHETIC_SCENARIO
ORD-0002932,2026-09-11,Kisumu,AGO,OMC_D,328.71,328.71,NORMAL,SYNTHETIC_SCENARIO
ORD-0002933,2026-09-11,Kisumu,AGO,OMC_E,106.88,106.88,NORMAL,SYNTHETIC_SCENARIO
ORD-0002934,2026-09-11,Kisumu,AGO,OMC_F,37.66,37.66,NORMAL,SYNTHETIC_SCENARIO
ORD-0002935,2026-09-12,Kisumu,AGO,OMC_A,169.22,169.22,NORMAL,SYNTHETIC_SCENARIO
ORD-0002936,2026-09-12,Kisumu,AGO,OMC_B,320.52,320.52,NORMAL,SYNTHETIC_SCENARIO
ORD-0002937,2026-09-12,Kisumu,AGO,OMC_C,288.53,288.53,NORMAL,SYNTHETIC_SCENARIO
ORD-0002938,2026-09-12,Kisumu,AGO,OMC_D,238.89,238.89,NORMAL,SYNTHETIC_SCENARIO
ORD-0002939,2026-09-12,Kisumu,AGO,OMC_E,47.48,47.48,NORMAL,SYNTHETIC_SCENARIO
ORD-0002940,2026-09-12,Kisumu,AGO,OMC_F,94.33,94.33,NORMAL,SYNTHETIC_SCENARIO
ORD-0002941,2026-09-13,Kisumu,AGO,OMC_A,63.16,63.16,NORMAL,SYNTHETIC_SCENARIO
ORD-0002942,2026-09-13,Kisumu,AGO,OMC_B,712.36,712.36,NORMAL,SYNTHETIC_SCENARIO
ORD-0002943,2026-09-13,Kisumu,AGO,OMC_C,129.43,129.43,HIGH,SYNTHETIC_SCENARIO
ORD-0002944,2026-09-13,Kisumu,AGO,OMC_D,9.53,9.53,NORMAL,SYNTHETIC_SCENARIO
ORD-0002945,2026-09-13,Kisumu,AGO,OMC_E,31.07,31.07,NORMAL,SYNTHETIC_SCENARIO
ORD-0002946,2026-09-13,Kisumu,AGO,OMC_F,41.27,41.27,NORMAL,SYNTHETIC_SCENARIO
ORD-0002947,2026-09-14,Kisumu,AGO,OMC_A,394.75,394.75,NORMAL,SYNTHETIC_SCENARIO
ORD-0002948,2026-09-14,Kisumu,AGO,OMC_B,457.42,457.42,NORMAL,SYNTHETIC_SCENARIO
ORD-0002949,2026-09-14,Kisumu,AGO,OMC_C,108.96,108.96,NORMAL,SYNTHETIC_SCENARIO
ORD-0002950,2026-09-14,Kisumu,AGO,OMC_D,174.67,174.67,NORMAL,SYNTHETIC_SCENARIO
ORD-0002951,2026-09-14,Kisumu,AGO,OMC_E,112.35,112.35,NORMAL,SYNTHETIC_SCENARIO
ORD-0002952,2026-09-14,Kisumu,AGO,OMC_F,12.81,12.81,HIGH,SYNTHETIC_SCENARIO
ORD-0002953,2026-09-15,Kisumu,AGO,OMC_A,183.09,183.09,NORMAL,SYNTHETIC_SCENARIO
ORD-0002954,2026-09-15,Kisumu,AGO,OMC_B,164.54,164.54,NORMAL,SYNTHETIC_SCENARIO
ORD-0002955,2026-09-15,Kisumu,AGO,OMC_C,690.97,690.97,NORMAL,SYNTHETIC_SCENARIO
ORD-0002956,2026-09-15,Kisumu,AGO,OMC_D,110.99,110.99,NORMAL,SYNTHETIC_SCENARIO
ORD-0002957,2026-09-15,Kisumu,AGO,OMC_E,230.85,230.85,NORMAL,SYNTHETIC_SCENARIO
ORD-0002958,2026-09-15,Kisumu,AGO,OMC_F,4.15,4.15,NORMAL,SYNTHETIC_SCENARIO
ORD-0002959,2026-09-16,Kisumu,AGO,OMC_A,448.39,448.39,NORMAL,SYNTHETIC_SCENARIO
ORD-0002960,2026-09-16,Kisumu,AGO,OMC_B,113.0,113.0,NORMAL,SYNTHETIC_SCENARIO
ORD-0002961,2026-09-16,Kisumu,AGO,OMC_C,217.99,217.99,NORMAL,SYNTHETIC_SCENARIO
ORD-0002962,2026-09-16,Kisumu,AGO,OMC_D,258.91,258.91,NORMAL,SYNTHETIC_SCENARIO
ORD-0002963,2026-09-16,Kisumu,AGO,OMC_E,135.35,135.35,NORMAL,SYNTHETIC_SCENARIO
ORD-0002964,2026-09-16,Kisumu,AGO,OMC_F,76.07,76.07,NORMAL,SYNTHETIC_SCENARIO
ORD-0002965,2026-09-17,Kisumu,AGO,OMC_A,150.52,150.52,NORMAL,SYNTHETIC_SCENARIO
ORD-0002966,2026-09-17,Kisumu,AGO,OMC_B,339.95,339.95,HIGH,SYNTHETIC_SCENARIO
ORD-0002967,2026-09-17,Kisumu,AGO,OMC_C,261.14,261.14,NORMAL,SYNTHETIC_SCENARIO
ORD-0002968,2026-09-17,Kisumu,AGO,OMC_D,242.13,242.13,NORMAL,SYNTHETIC_SCENARIO
ORD-0002969,2026-09-17,Kisumu,AGO,OMC_E,279.25,279.25,NORMAL,SYNTHETIC_SCENARIO
ORD-0002970,2026-09-17,Kisumu,AGO,OMC_F,113.04,113.04,NORMAL,SYNTHETIC_SCENARIO
ORD-0002971,2026-09-18,Kisumu,AGO,OMC_A,144.1,144.1,NORMAL,SYNTHETIC_SCENARIO
ORD-0002972,2026-09-18,Kisumu,AGO,OMC_B,271.6,271.6,NORMAL,SYNTHETIC_SCENARIO
ORD-0002973,2026-09-18,Kisumu,AGO,OMC_C,180.11,180.11,HIGH,SYNTHETIC_SCENARIO
ORD-0002974,2026-09-18,Kisumu,AGO,OMC_D,687.73,687.73,NORMAL,SYNTHETIC_SCENARIO
ORD-0002975,2026-09-18,Kisumu,AGO,OMC_E,117.3,117.3,NORMAL,SYNTHETIC_SCENARIO
ORD-0002976,2026-09-18,Kisumu,AGO,OMC_F,10.8,10.8,HIGH,SYNTHETIC_SCENARIO
ORD-0002977,2026-09-19,Kisumu,AGO,OMC_A,549.37,549.37,NORMAL,SYNTHETIC_SCENARIO
ORD-0002978,2026-09-19,Kisumu,AGO,OMC_B,236.49,236.49,NORMAL,SYNTHETIC_SCENARIO
ORD-0002979,2026-09-19,Kisumu,AGO,OMC_C,266.24,266.24,NORMAL,SYNTHETIC_SCENARIO
ORD-0002980,2026-09-19,Kisumu,AGO,OMC_D,30.71,30.71,NORMAL,SYNTHETIC_SCENARIO
ORD-0002981,2026-09-19,Kisumu,AGO,OMC_E,20.69,20.69,NORMAL,SYNTHETIC_SCENARIO
ORD-0002982,2026-09-19,Kisumu,AGO,OMC_F,158.66,158.66,HIGH,SYNTHETIC_SCENARIO
ORD-0002983,2026-09-20,Kisumu,AGO,OMC_A,214.3,214.3,NORMAL,SYNTHETIC_SCENARIO
ORD-0002984,2026-09-20,Kisumu,AGO,OMC_B,417.49,417.49,NORMAL,SYNTHETIC_SCENARIO
ORD-0002985,2026-09-20,Kisumu,AGO,OMC_C,210.73,210.73,NORMAL,SYNTHETIC_SCENARIO
ORD-0002986,2026-09-20,Kisumu,AGO,OMC_D,97.41,97.41,NORMAL,SYNTHETIC_SCENARIO
ORD-0002987,2026-09-20,Kisumu,AGO,OMC_E,77.32,77.32,NORMAL,SYNTHETIC_SCENARIO
ORD-0002988,2026-09-20,Kisumu,AGO,OMC_F,92.97,92.97,NORMAL,SYNTHETIC_SCENARIO
ORD-0002989,2026-09-21,Kisumu,AGO,OMC_A,250.83,250.83,NORMAL,SYNTHETIC_SCENARIO
ORD-0002990,2026-09-21,Kisumu,AGO,OMC_B,258.21,258.21,HIGH,SYNTHETIC_SCENARIO
ORD-0002991,2026-09-21,Kisumu,AGO,OMC_C,116.27,116.27,NORMAL,SYNTHETIC_SCENARIO
ORD-0002992,2026-09-21,Kisumu,AGO,OMC_D,279.98,279.98,NORMAL,SYNTHETIC_SCENARIO
ORD-0002993,2026-09-21,Kisumu,AGO,OMC_E,269.07,269.07,NORMAL,SYNTHETIC_SCENARIO
ORD-0002994,2026-09-21,Kisumu,AGO,OMC_F,217.72,217.72,NORMAL,SYNTHETIC_SCENARIO
ORD-0002995,2026-09-22,Kisumu,AGO,OMC_A,166.11,166.11,NORMAL,SYNTHETIC_SCENARIO
ORD-0002996,2026-09-22,Kisumu,AGO,OMC_B,68.51,68.51,NORMAL,SYNTHETIC_SCENARIO
ORD-0002997,2026-09-22,Kisumu,AGO,OMC_C,85.26,85.26,HIGH,SYNTHETIC_SCENARIO
ORD-0002998,2026-09-22,Kisumu,AGO,OMC_D,285.01,285.01,NORMAL,SYNTHETIC_SCENARIO
ORD-0002999,2026-09-22,Kisumu,AGO,OMC_E,355.7,355.7,NORMAL,SYNTHETIC_SCENARIO
ORD-0003000,2026-09-22,Kisumu,AGO,OMC_F,243.81,243.81,NORMAL,SYNTHETIC_SCENARIO
ORD-0003001,2026-09-23,Kisumu,AGO,OMC_A,504.27,504.27,NORMAL,SYNTHETIC_SCENARIO
ORD-0003002,2026-09-23,Kisumu,AGO,OMC_B,212.94,212.94,NORMAL,SYNTHETIC_SCENARIO
ORD-0003003,2026-09-23,Kisumu,AGO,OMC_C,98.65,98.65,NORMAL,SYNTHETIC_SCENARIO
ORD-0003004,2026-09-23,Kisumu,AGO,OMC_D,39.4,39.4,NORMAL,SYNTHETIC_SCENARIO
ORD-0003005,2026-09-23,Kisumu,AGO,OMC_E,84.0,84.0,NORMAL,SYNTHETIC_SCENARIO
ORD-0003006,2026-09-23,Kisumu,AGO,OMC_F,258.65,258.65,NORMAL,SYNTHETIC_SCENARIO
ORD-0003007,2026-09-24,Kisumu,AGO,OMC_A,206.1,206.1,NORMAL,SYNTHETIC_SCENARIO
ORD-0003008,2026-09-24,Kisumu,AGO,OMC_B,223.17,223.17,NORMAL,SYNTHETIC_SCENARIO
ORD-0003009,2026-09-24,Kisumu,AGO,OMC_C,368.12,368.12,NORMAL,SYNTHETIC_SCENARIO
ORD-0003010,2026-09-24,Kisumu,AGO,OMC_D,329.74,329.74,NORMAL,SYNTHETIC_SCENARIO
ORD-0003011,2026-09-24,Kisumu,AGO,OMC_E,4.42,4.42,NORMAL,SYNTHETIC_SCENARIO
ORD-0003012,2026-09-24,Kisumu,AGO,OMC_F,120.6,120.6,NORMAL,SYNTHETIC_SCENARIO
ORD-0003013,2026-09-25,Kisumu,AGO,OMC_A,475.87,475.87,NORMAL,SYNTHETIC_SCENARIO
ORD-0003014,2026-09-25,Kisumu,AGO,OMC_B,336.89,336.89,NORMAL,SYNTHETIC_SCENARIO
ORD-0003015,2026-09-25,Kisumu,AGO,OMC_C,174.37,174.37,NORMAL,SYNTHETIC_SCENARIO
ORD-0003016,2026-09-25,Kisumu,AGO,OMC_D,99.14,99.14,NORMAL,SYNTHETIC_SCENARIO
ORD-0003017,2026-09-25,Kisumu,AGO,OMC_E,191.56,191.56,NORMAL,SYNTHETIC_SCENARIO
ORD-0003018,2026-09-25,Kisumu,AGO,OMC_F,101.63,101.63,NORMAL,SYNTHETIC_SCENARIO
ORD-0003019,2026-09-26,Kisumu,AGO,OMC_A,351.44,351.44,NORMAL,SYNTHETIC_SCENARIO
ORD-0003020,2026-09-26,Kisumu,AGO,OMC_B,283.98,283.98,NORMAL,SYNTHETIC_SCENARIO
ORD-0003021,2026-09-26,Kisumu,AGO,OMC_C,142.67,142.67,NORMAL,SYNTHETIC_SCENARIO
ORD-0003022,2026-09-26,Kisumu,AGO,OMC_D,126.76,126.76,NORMAL,SYNTHETIC_SCENARIO
ORD-0003023,2026-09-26,Kisumu,AGO,OMC_E,113.98,113.98,NORMAL,SYNTHETIC_SCENARIO
ORD-0003024,2026-09-26,Kisumu,AGO,OMC_F,76.11,76.11,NORMAL,SYNTHETIC_SCENARIO
ORD-0003025,2026-09-27,Kisumu,AGO,OMC_A,502.57,502.57,NORMAL,SYNTHETIC_SCENARIO
ORD-0003026,2026-09-27,Kisumu,AGO,OMC_B,159.88,159.88,NORMAL,SYNTHETIC_SCENARIO
ORD-0003027,2026-09-27,Kisumu,AGO,OMC_C,313.45,313.45,NORMAL,SYNTHETIC_SCENARIO
ORD-0003028,2026-09-27,Kisumu,AGO,OMC_D,4.68,4.68,NORMAL,SYNTHETIC_SCENARIO
ORD-0003029,2026-09-27,Kisumu,AGO,OMC_E,156.32,156.32,NORMAL,SYNTHETIC_SCENARIO
ORD-0003030,2026-09-27,Kisumu,AGO,OMC_F,17.71,17.71,NORMAL,SYNTHETIC_SCENARIO
ORD-0003031,2026-09-28,Kisumu,AGO,OMC_A,208.69,208.69,NORMAL,SYNTHETIC_SCENARIO
ORD-0003032,2026-09-28,Kisumu,AGO,OMC_B,117.28,117.28,NORMAL,SYNTHETIC_SCENARIO
ORD-0003033,2026-09-28,Kisumu,AGO,OMC_C,440.88,440.88,NORMAL,SYNTHETIC_SCENARIO
ORD-0003034,2026-09-28,Kisumu,AGO,OMC_D,64.38,64.38,NORMAL,SYNTHETIC_SCENARIO
ORD-0003035,2026-09-28,Kisumu,AGO,OMC_E,357.89,357.89,NORMAL,SYNTHETIC_SCENARIO
ORD-0003036,2026-09-28,Kisumu,AGO,OMC_F,45.24,45.24,NORMAL,SYNTHETIC_SCENARIO
ORD-0003037,2026-09-29,Kisumu,AGO,OMC_A,380.47,380.47,NORMAL,SYNTHETIC_SCENARIO
ORD-0003038,2026-09-29,Kisumu,AGO,OMC_B,77.69,77.69,NORMAL,SYNTHETIC_SCENARIO
ORD-0003039,2026-09-29,Kisumu,AGO,OMC_C,281.3,281.3,NORMAL,SYNTHETIC_SCENARIO
ORD-0003040,2026-09-29,Kisumu,AGO,OMC_D,122.11,122.11,NORMAL,SYNTHETIC_SCENARIO
ORD-0003041,2026-09-29,Kisumu,AGO,OMC_E,238.7,238.7,NORMAL,SYNTHETIC_SCENARIO
ORD-0003042,2026-09-29,Kisumu,AGO,OMC_F,40.31,40.31,NORMAL,SYNTHETIC_SCENARIO
ORD-0003043,2026-09-30,Kisumu,AGO,OMC_A,169.26,169.26,HIGH,SYNTHETIC_SCENARIO
ORD-0003044,2026-09-30,Kisumu,AGO,OMC_B,607.87,607.87,NORMAL,SYNTHETIC_SCENARIO
ORD-0003045,2026-09-30,Kisumu,AGO,OMC_C,230.01,230.01,NORMAL,SYNTHETIC_SCENARIO
ORD-0003046,2026-09-30,Kisumu,AGO,OMC_D,116.96,116.96,NORMAL,SYNTHETIC_SCENARIO
ORD-0003047,2026-09-30,Kisumu,AGO,OMC_E,4.61,4.61,NORMAL,SYNTHETIC_SCENARIO
ORD-0003048,2026-09-30,Kisumu,AGO,OMC_F,314.47,314.47,NORMAL,SYNTHETIC_SCENARIO
ORD-0003049,2026-10-01,Kisumu,AGO,OMC_A,227.71,227.71,NORMAL,SYNTHETIC_SCENARIO
ORD-0003050,2026-10-01,Kisumu,AGO,OMC_B,281.02,281.02,NORMAL,SYNTHETIC_SCENARIO
ORD-0003051,2026-10-01,Kisumu,AGO,OMC_C,441.32,441.32,NORMAL,SYNTHETIC_SCENARIO
ORD-0003052,2026-10-01,Kisumu,AGO,OMC_D,39.44,39.44,NORMAL,SYNTHETIC_SCENARIO
ORD-0003053,2026-10-01,Kisumu,AGO,OMC_E,269.88,269.88,NORMAL,SYNTHETIC_SCENARIO
ORD-0003054,2026-10-01,Kisumu,AGO,OMC_F,200.66,200.66,NORMAL,SYNTHETIC_SCENARIO
ORD-0003055,2026-10-02,Kisumu,AGO,OMC_A,412.26,412.26,HIGH,SYNTHETIC_SCENARIO
ORD-0003056,2026-10-02,Kisumu,AGO,OMC_B,629.46,629.46,NORMAL,SYNTHETIC_SCENARIO
ORD-0003057,2026-10-02,Kisumu,AGO,OMC_C,208.47,208.47,NORMAL,SYNTHETIC_SCENARIO
ORD-0003058,2026-10-02,Kisumu,AGO,OMC_D,77.26,77.26,NORMAL,SYNTHETIC_SCENARIO
ORD-0003059,2026-10-02,Kisumu,AGO,OMC_E,192.92,192.92,NORMAL,SYNTHETIC_SCENARIO
ORD-0003060,2026-10-02,Kisumu,AGO,OMC_F,85.15,85.15,HIGH,SYNTHETIC_SCENARIO
ORD-0003061,2026-10-03,Kisumu,AGO,OMC_A,407.42,407.42,NORMAL,SYNTHETIC_SCENARIO
ORD-0003062,2026-10-03,Kisumu,AGO,OMC_B,549.34,549.34,NORMAL,SYNTHETIC_SCENARIO
ORD-0003063,2026-10-03,Kisumu,AGO,OMC_C,162.13,162.13,HIGH,SYNTHETIC_SCENARIO
ORD-0003064,2026-10-03,Kisumu,AGO,OMC_D,13.05,13.05,NORMAL,SYNTHETIC_SCENARIO
ORD-0003065,2026-10-03,Kisumu,AGO,OMC_E,127.45,127.45,NORMAL,SYNTHETIC_SCENARIO
ORD-0003066,2026-10-03,Kisumu,AGO,OMC_F,34.91,34.91,NORMAL,SYNTHETIC_SCENARIO
ORD-0003067,2026-10-04,Kisumu,AGO,OMC_A,411.7,411.7,NORMAL,SYNTHETIC_SCENARIO
ORD-0003068,2026-10-04,Kisumu,AGO,OMC_B,182.63,182.63,NORMAL,SYNTHETIC_SCENARIO
ORD-0003069,2026-10-04,Kisumu,AGO,OMC_C,50.49,50.49,NORMAL,SYNTHETIC_SCENARIO
ORD-0003070,2026-10-04,Kisumu,AGO,OMC_D,387.05,387.05,NORMAL,SYNTHETIC_SCENARIO
ORD-0003071,2026-10-04,Kisumu,AGO,OMC_E,82.26,82.26,NORMAL,SYNTHETIC_SCENARIO
ORD-0003072,2026-10-04,Kisumu,AGO,OMC_F,121.2,121.2,NORMAL,SYNTHETIC_SCENARIO
ORD-0003073,2026-10-05,Kisumu,AGO,OMC_A,60.42,60.42,NORMAL,SYNTHETIC_SCENARIO
ORD-0003074,2026-10-05,Kisumu,AGO,OMC_B,501.33,501.33,NORMAL,SYNTHETIC_SCENARIO
ORD-0003075,2026-10-05,Kisumu,AGO,OMC_C,485.72,485.72,NORMAL,SYNTHETIC_SCENARIO
ORD-0003076,2026-10-05,Kisumu,AGO,OMC_D,54.63,54.63,NORMAL,SYNTHETIC_SCENARIO
ORD-0003077,2026-10-05,Kisumu,AGO,OMC_E,349.49,349.49,HIGH,SYNTHETIC_SCENARIO
ORD-0003078,2026-10-05,Kisumu,AGO,OMC_F,17.01,17.01,NORMAL,SYNTHETIC_SCENARIO
ORD-0003079,2026-10-06,Kisumu,AGO,OMC_A,134.93,134.93,NORMAL,SYNTHETIC_SCENARIO
ORD-0003080,2026-10-06,Kisumu,AGO,OMC_B,293.03,293.03,NORMAL,SYNTHETIC_SCENARIO
ORD-0003081,2026-10-06,Kisumu,AGO,OMC_C,551.21,551.21,NORMAL,SYNTHETIC_SCENARIO
ORD-0003082,2026-10-06,Kisumu,AGO,OMC_D,139.99,139.99,NORMAL,SYNTHETIC_SCENARIO
ORD-0003083,2026-10-06,Kisumu,AGO,OMC_E,217.2,217.2,NORMAL,SYNTHETIC_SCENARIO
ORD-0003084,2026-10-06,Kisumu,AGO,OMC_F,96.63,96.63,NORMAL,SYNTHETIC_SCENARIO
ORD-0003085,2026-10-07,Kisumu,AGO,OMC_A,386.01,386.01,NORMAL,SYNTHETIC_SCENARIO
ORD-0003086,2026-10-07,Kisumu,AGO,OMC_B,507.18,507.18,NORMAL,SYNTHETIC_SCENARIO
ORD-0003087,2026-10-07,Kisumu,AGO,OMC_C,85.28,85.28,NORMAL,SYNTHETIC_SCENARIO
ORD-0003088,2026-10-07,Kisumu,AGO,OMC_D,121.32,121.32,NORMAL,SYNTHETIC_SCENARIO
ORD-0003089,2026-10-07,Kisumu,AGO,OMC_E,390.56,390.56,NORMAL,SYNTHETIC_SCENARIO
ORD-0003090,2026-10-07,Kisumu,AGO,OMC_F,130.27,130.27,NORMAL,SYNTHETIC_SCENARIO
ORD-0003091,2026-10-08,Kisumu,AGO,OMC_A,227.04,227.04,NORMAL,SYNTHETIC_SCENARIO
ORD-0003092,2026-10-08,Kisumu,AGO,OMC_B,291.77,291.77,NORMAL,SYNTHETIC_SCENARIO
ORD-0003093,2026-10-08,Kisumu,AGO,OMC_C,608.13,608.13,NORMAL,SYNTHETIC_SCENARIO
ORD-0003094,2026-10-08,Kisumu,AGO,OMC_D,225.39,225.39,HIGH,SYNTHETIC_SCENARIO
ORD-0003095,2026-10-08,Kisumu,AGO,OMC_E,37.18,37.18,NORMAL,SYNTHETIC_SCENARIO
ORD-0003096,2026-10-08,Kisumu,AGO,OMC_F,5.46,5.46,NORMAL,SYNTHETIC_SCENARIO
ORD-0003097,2026-10-09,Kisumu,AGO,OMC_A,941.68,941.68,NORMAL,SYNTHETIC_SCENARIO
ORD-0003098,2026-10-09,Kisumu,AGO,OMC_B,94.33,94.33,NORMAL,SYNTHETIC_SCENARIO
ORD-0003099,2026-10-09,Kisumu,AGO,OMC_C,155.04,155.04,NORMAL,SYNTHETIC_SCENARIO
ORD-0003100,2026-10-09,Kisumu,AGO,OMC_D,329.6,329.6,NORMAL,SYNTHETIC_SCENARIO
ORD-0003101,2026-10-09,Kisumu,AGO,OMC_E,43.58,43.58,NORMAL,SYNTHETIC_SCENARIO
ORD-0003102,2026-10-09,Kisumu,AGO,OMC_F,106.42,106.42,NORMAL,SYNTHETIC_SCENARIO
ORD-0003103,2026-10-10,Kisumu,AGO,OMC_A,366.41,366.41,NORMAL,SYNTHETIC_SCENARIO
ORD-0003104,2026-10-10,Kisumu,AGO,OMC_B,245.1,245.1,NORMAL,SYNTHETIC_SCENARIO
ORD-0003105,2026-10-10,Kisumu,AGO,OMC_C,101.1,101.1,NORMAL,SYNTHETIC_SCENARIO
ORD-0003106,2026-10-10,Kisumu,AGO,OMC_D,418.97,418.97,HIGH,SYNTHETIC_SCENARIO
ORD-0003107,2026-10-10,Kisumu,AGO,OMC_E,159.59,159.59,NORMAL,SYNTHETIC_SCENARIO
ORD-0003108,2026-10-10,Kisumu,AGO,OMC_F,83.68,83.68,NORMAL,SYNTHETIC_SCENARIO
ORD-0003109,2026-10-11,Kisumu,AGO,OMC_A,303.75,303.75,NORMAL,SYNTHETIC_SCENARIO
ORD-0003110,2026-10-11,Kisumu,AGO,OMC_B,19.34,19.34,NORMAL,SYNTHETIC_SCENARIO
ORD-0003111,2026-10-11,Kisumu,AGO,OMC_C,422.64,422.64,NORMAL,SYNTHETIC_SCENARIO
ORD-0003112,2026-10-11,Kisumu,AGO,OMC_D,384.31,384.31,NORMAL,SYNTHETIC_SCENARIO
ORD-0003113,2026-10-11,Kisumu,AGO,OMC_E,72.37,72.37,NORMAL,SYNTHETIC_SCENARIO
ORD-0003114,2026-10-11,Kisumu,AGO,OMC_F,108.51,108.51,NORMAL,SYNTHETIC_SCENARIO
ORD-0003115,2026-10-12,Kisumu,AGO,OMC_A,446.64,446.64,NORMAL,SYNTHETIC_SCENARIO
ORD-0003116,2026-10-12,Kisumu,AGO,OMC_B,324.41,324.41,NORMAL,SYNTHETIC_SCENARIO
ORD-0003117,2026-10-12,Kisumu,AGO,OMC_C,166.19,166.19,NORMAL,SYNTHETIC_SCENARIO
ORD-0003118,2026-10-12,Kisumu,AGO,OMC_D,222.43,222.43,NORMAL,SYNTHETIC_SCENARIO
ORD-0003119,2026-10-12,Kisumu,AGO,OMC_E,216.08,216.08,NORMAL,SYNTHETIC_SCENARIO
ORD-0003120,2026-10-12,Kisumu,AGO,OMC_F,76.65,76.65,NORMAL,SYNTHETIC_SCENARIO
ORD-0003121,2026-10-13,Kisumu,AGO,OMC_A,276.89,276.89,NORMAL,SYNTHETIC_SCENARIO
ORD-0003122,2026-10-13,Kisumu,AGO,OMC_B,639.32,639.32,NORMAL,SYNTHETIC_SCENARIO
ORD-0003123,2026-10-13,Kisumu,AGO,OMC_C,174.17,174.17,NORMAL,SYNTHETIC_SCENARIO
ORD-0003124,2026-10-13,Kisumu,AGO,OMC_D,169.66,169.66,NORMAL,SYNTHETIC_SCENARIO
ORD-0003125,2026-10-13,Kisumu,AGO,OMC_E,106.91,106.91,NORMAL,SYNTHETIC_SCENARIO
ORD-0003126,2026-10-13,Kisumu,AGO,OMC_F,150.72,150.72,NORMAL,SYNTHETIC_SCENARIO
ORD-0003127,2026-10-14,Kisumu,AGO,OMC_A,384.3,384.3,HIGH,SYNTHETIC_SCENARIO
ORD-0003128,2026-10-14,Kisumu,AGO,OMC_B,332.18,332.18,NORMAL,SYNTHETIC_SCENARIO
ORD-0003129,2026-10-14,Kisumu,AGO,OMC_C,155.9,155.9,NORMAL,SYNTHETIC_SCENARIO
ORD-0003130,2026-10-14,Kisumu,AGO,OMC_D,298.12,298.12,HIGH,SYNTHETIC_SCENARIO
ORD-0003131,2026-10-14,Kisumu,AGO,OMC_E,82.14,82.14,NORMAL,SYNTHETIC_SCENARIO
ORD-0003132,2026-10-14,Kisumu,AGO,OMC_F,199.31,199.31,NORMAL,SYNTHETIC_SCENARIO
ORD-0003133,2026-10-15,Kisumu,AGO,OMC_A,457.8,457.8,NORMAL,SYNTHETIC_SCENARIO
ORD-0003134,2026-10-15,Kisumu,AGO,OMC_B,192.55,192.55,NORMAL,SYNTHETIC_SCENARIO
ORD-0003135,2026-10-15,Kisumu,AGO,OMC_C,239.28,239.28,NORMAL,SYNTHETIC_SCENARIO
ORD-0003136,2026-10-15,Kisumu,AGO,OMC_D,405.68,405.68,NORMAL,SYNTHETIC_SCENARIO
ORD-0003137,2026-10-15,Kisumu,AGO,OMC_E,118.6,118.6,NORMAL,SYNTHETIC_SCENARIO
ORD-0003138,2026-10-15,Kisumu,AGO,OMC_F,96.05,96.05,NORMAL,SYNTHETIC_SCENARIO
ORD-0003139,2026-10-16,Kisumu,AGO,OMC_A,452.68,452.68,NORMAL,SYNTHETIC_SCENARIO
ORD-0003140,2026-10-16,Kisumu,AGO,OMC_B,394.64,394.64,NORMAL,SYNTHETIC_SCENARIO
ORD-0003141,2026-10-16,Kisumu,AGO,OMC_C,346.02,346.02,NORMAL,SYNTHETIC_SCENARIO
ORD-0003142,2026-10-16,Kisumu,AGO,OMC_D,197.39,197.39,NORMAL,SYNTHETIC_SCENARIO
ORD-0003143,2026-10-16,Kisumu,AGO,OMC_E,219.73,219.73,NORMAL,SYNTHETIC_SCENARIO
ORD-0003144,2026-10-16,Kisumu,AGO,OMC_F,88.65,88.65,NORMAL,SYNTHETIC_SCENARIO
ORD-0003145,2026-10-17,Kisumu,AGO,OMC_A,603.96,603.96,NORMAL,SYNTHETIC_SCENARIO
ORD-0003146,2026-10-17,Kisumu,AGO,OMC_B,64.7,64.7,NORMAL,SYNTHETIC_SCENARIO
ORD-0003147,2026-10-17,Kisumu,AGO,OMC_C,220.32,220.32,NORMAL,SYNTHETIC_SCENARIO
ORD-0003148,2026-10-17,Kisumu,AGO,OMC_D,253.06,253.06,NORMAL,SYNTHETIC_SCENARIO
ORD-0003149,2026-10-17,Kisumu,AGO,OMC_E,130.41,130.41,NORMAL,SYNTHETIC_SCENARIO
ORD-0003150,2026-10-17,Kisumu,AGO,OMC_F,128.18,128.18,NORMAL,SYNTHETIC_SCENARIO
ORD-0003151,2026-10-18,Kisumu,AGO,OMC_A,168.4,168.4,NORMAL,SYNTHETIC_SCENARIO
ORD-0003152,2026-10-18,Kisumu,AGO,OMC_B,607.79,607.79,NORMAL,SYNTHETIC_SCENARIO
ORD-0003153,2026-10-18,Kisumu,AGO,OMC_C,52.08,52.08,NORMAL,SYNTHETIC_SCENARIO
ORD-0003154,2026-10-18,Kisumu,AGO,OMC_D,105.99,105.99,NORMAL,SYNTHETIC_SCENARIO
ORD-0003155,2026-10-18,Kisumu,AGO,OMC_E,11.58,11.58,NORMAL,SYNTHETIC_SCENARIO
ORD-0003156,2026-10-18,Kisumu,AGO,OMC_F,307.67,307.67,NORMAL,SYNTHETIC_SCENARIO
ORD-0003157,2026-10-19,Kisumu,AGO,OMC_A,392.75,392.75,NORMAL,SYNTHETIC_SCENARIO
ORD-0003158,2026-10-19,Kisumu,AGO,OMC_B,205.17,205.17,NORMAL,SYNTHETIC_SCENARIO
ORD-0003159,2026-10-19,Kisumu,AGO,OMC_C,334.55,334.55,NORMAL,SYNTHETIC_SCENARIO
ORD-0003160,2026-10-19,Kisumu,AGO,OMC_D,43.9,43.9,NORMAL,SYNTHETIC_SCENARIO
ORD-0003161,2026-10-19,Kisumu,AGO,OMC_E,71.91,71.91,NORMAL,SYNTHETIC_SCENARIO
ORD-0003162,2026-10-19,Kisumu,AGO,OMC_F,419.24,419.24,HIGH,SYNTHETIC_SCENARIO
ORD-0003163,2026-10-20,Kisumu,AGO,OMC_A,784.9,784.9,NORMAL,SYNTHETIC_SCENARIO
ORD-0003164,2026-10-20,Kisumu,AGO,OMC_B,236.23,236.23,NORMAL,SYNTHETIC_SCENARIO
ORD-0003165,2026-10-20,Kisumu,AGO,OMC_C,113.89,113.89,HIGH,SYNTHETIC_SCENARIO
ORD-0003166,2026-10-20,Kisumu,AGO,OMC_D,90.25,90.25,NORMAL,SYNTHETIC_SCENARIO
ORD-0003167,2026-10-20,Kisumu,AGO,OMC_E,115.95,115.95,HIGH,SYNTHETIC_SCENARIO
ORD-0003168,2026-10-20,Kisumu,AGO,OMC_F,133.92,133.92,NORMAL,SYNTHETIC_SCENARIO
ORD-0003169,2026-10-21,Kisumu,AGO,OMC_A,282.92,282.92,NORMAL,SYNTHETIC_SCENARIO
ORD-0003170,2026-10-21,Kisumu,AGO,OMC_B,526.09,526.09,NORMAL,SYNTHETIC_SCENARIO
ORD-0003171,2026-10-21,Kisumu,AGO,OMC_C,276.46,276.46,NORMAL,SYNTHETIC_SCENARIO
ORD-0003172,2026-10-21,Kisumu,AGO,OMC_D,163.56,163.56,NORMAL,SYNTHETIC_SCENARIO
ORD-0003173,2026-10-21,Kisumu,AGO,OMC_E,56.48,56.48,NORMAL,SYNTHETIC_SCENARIO
ORD-0003174,2026-10-21,Kisumu,AGO,OMC_F,52.99,52.99,HIGH,SYNTHETIC_SCENARIO
ORD-0003175,2026-10-22,Kisumu,AGO,OMC_A,504.22,504.22,NORMAL,SYNTHETIC_SCENARIO
ORD-0003176,2026-10-22,Kisumu,AGO,OMC_B,306.68,306.68,NORMAL,SYNTHETIC_SCENARIO
ORD-0003177,2026-10-22,Kisumu,AGO,OMC_C,193.36,193.36,HIGH,SYNTHETIC_SCENARIO
ORD-0003178,2026-10-22,Kisumu,AGO,OMC_D,179.11,179.11,NORMAL,SYNTHETIC_SCENARIO
ORD-0003179,2026-10-22,Kisumu,AGO,OMC_E,56.38,56.38,NORMAL,SYNTHETIC_SCENARIO
ORD-0003180,2026-10-22,Kisumu,AGO,OMC_F,475.53,475.53,NORMAL,SYNTHETIC_SCENARIO
ORD-0003181,2026-10-23,Kisumu,AGO,OMC_A,480.01,480.01,NORMAL,SYNTHETIC_SCENARIO
ORD-0003182,2026-10-23,Kisumu,AGO,OMC_B,406.22,406.22,NORMAL,SYNTHETIC_SCENARIO
ORD-0003183,2026-10-23,Kisumu,AGO,OMC_C,107.52,107.52,NORMAL,SYNTHETIC_SCENARIO
ORD-0003184,2026-10-23,Kisumu,AGO,OMC_D,329.66,329.66,NORMAL,SYNTHETIC_SCENARIO
ORD-0003185,2026-10-23,Kisumu,AGO,OMC_E,67.95,67.95,NORMAL,SYNTHETIC_SCENARIO
ORD-0003186,2026-10-23,Kisumu,AGO,OMC_F,72.82,72.82,NORMAL,SYNTHETIC_SCENARIO
ORD-0003187,2026-10-24,Kisumu,AGO,OMC_A,651.68,651.68,NORMAL,SYNTHETIC_SCENARIO
ORD-0003188,2026-10-24,Kisumu,AGO,OMC_B,97.18,97.18,NORMAL,SYNTHETIC_SCENARIO
ORD-0003189,2026-10-24,Kisumu,AGO,OMC_C,332.53,332.53,NORMAL,SYNTHETIC_SCENARIO
ORD-0003190,2026-10-24,Kisumu,AGO,OMC_D,40.12,40.12,NORMAL,SYNTHETIC_SCENARIO
ORD-0003191,2026-10-24,Kisumu,AGO,OMC_E,3.68,3.68,NORMAL,SYNTHETIC_SCENARIO
ORD-0003192,2026-10-24,Kisumu,AGO,OMC_F,415.91,415.91,NORMAL,SYNTHETIC_SCENARIO
ORD-0003193,2026-10-25,Kisumu,AGO,OMC_A,737.84,737.84,NORMAL,SYNTHETIC_SCENARIO
ORD-0003194,2026-10-25,Kisumu,AGO,OMC_B,96.7,96.7,NORMAL,SYNTHETIC_SCENARIO
ORD-0003195,2026-10-25,Kisumu,AGO,OMC_C,91.46,91.46,NORMAL,SYNTHETIC_SCENARIO
ORD-0003196,2026-10-25,Kisumu,AGO,OMC_D,151.14,151.14,NORMAL,SYNTHETIC_SCENARIO
ORD-0003197,2026-10-25,Kisumu,AGO,OMC_E,138.38,138.38,NORMAL,SYNTHETIC_SCENARIO
ORD-0003198,2026-10-25,Kisumu,AGO,OMC_F,8.9,8.9,HIGH,SYNTHETIC_SCENARIO
ORD-0003199,2026-10-26,Kisumu,AGO,OMC_A,261.33,261.33,NORMAL,SYNTHETIC_SCENARIO
ORD-0003200,2026-10-26,Kisumu,AGO,OMC_B,106.82,106.82,NORMAL,SYNTHETIC_SCENARIO
ORD-0003201,2026-10-26,Kisumu,AGO,OMC_C,164.35,164.35,NORMAL,SYNTHETIC_SCENARIO
ORD-0003202,2026-10-26,Kisumu,AGO,OMC_D,188.09,188.09,NORMAL,SYNTHETIC_SCENARIO
ORD-0003203,2026-10-26,Kisumu,AGO,OMC_E,225.9,225.9,NORMAL,SYNTHETIC_SCENARIO
ORD-0003204,2026-10-26,Kisumu,AGO,OMC_F,648.04,648.04,NORMAL,SYNTHETIC_SCENARIO
ORD-0003205,2026-10-27,Kisumu,AGO,OMC_A,549.33,549.33,NORMAL,SYNTHETIC_SCENARIO
ORD-0003206,2026-10-27,Kisumu,AGO,OMC_B,309.63,309.63,NORMAL,SYNTHETIC_SCENARIO
ORD-0003207,2026-10-27,Kisumu,AGO,OMC_C,231.03,231.03,NORMAL,SYNTHETIC_SCENARIO
ORD-0003208,2026-10-27,Kisumu,AGO,OMC_D,515.1,515.1,NORMAL,SYNTHETIC_SCENARIO
ORD-0003209,2026-10-27,Kisumu,AGO,OMC_E,63.58,63.58,NORMAL,SYNTHETIC_SCENARIO
ORD-0003210,2026-10-27,Kisumu,AGO,OMC_F,19.05,19.05,NORMAL,SYNTHETIC_SCENARIO
ORD-0003211,2026-10-28,Kisumu,AGO,OMC_A,229.98,229.98,HIGH,SYNTHETIC_SCENARIO
ORD-0003212,2026-10-28,Kisumu,AGO,OMC_B,598.07,598.07,NORMAL,SYNTHETIC_SCENARIO
ORD-0003213,2026-10-28,Kisumu,AGO,OMC_C,367.98,367.98,NORMAL,SYNTHETIC_SCENARIO
ORD-0003214,2026-10-28,Kisumu,AGO,OMC_D,91.2,91.2,NORMAL,SYNTHETIC_SCENARIO
ORD-0003215,2026-10-28,Kisumu,AGO,OMC_E,87.02,87.02,NORMAL,SYNTHETIC_SCENARIO
ORD-0003216,2026-10-28,Kisumu,AGO,OMC_F,47.84,47.84,NORMAL,SYNTHETIC_SCENARIO
ORD-0003217,2026-10-29,Kisumu,AGO,OMC_A,180.45,180.45,NORMAL,SYNTHETIC_SCENARIO
ORD-0003218,2026-10-29,Kisumu,AGO,OMC_B,122.86,122.86,NORMAL,SYNTHETIC_SCENARIO
ORD-0003219,2026-10-29,Kisumu,AGO,OMC_C,613.47,613.47,NORMAL,SYNTHETIC_SCENARIO
ORD-0003220,2026-10-29,Kisumu,AGO,OMC_D,168.3,168.3,NORMAL,SYNTHETIC_SCENARIO
ORD-0003221,2026-10-29,Kisumu,AGO,OMC_E,360.7,360.7,NORMAL,SYNTHETIC_SCENARIO
ORD-0003222,2026-10-29,Kisumu,AGO,OMC_F,46.43,46.43,HIGH,SYNTHETIC_SCENARIO
ORD-0003223,2026-10-30,Kisumu,AGO,OMC_A,562.96,562.96,NORMAL,SYNTHETIC_SCENARIO
ORD-0003224,2026-10-30,Kisumu,AGO,OMC_B,231.69,231.69,NORMAL,SYNTHETIC_SCENARIO
ORD-0003225,2026-10-30,Kisumu,AGO,OMC_C,317.53,317.53,NORMAL,SYNTHETIC_SCENARIO
ORD-0003226,2026-10-30,Kisumu,AGO,OMC_D,234.91,234.91,HIGH,SYNTHETIC_SCENARIO
ORD-0003227,2026-10-30,Kisumu,AGO,OMC_E,184.17,184.17,HIGH,SYNTHETIC_SCENARIO
ORD-0003228,2026-10-30,Kisumu,AGO,OMC_F,77.26,77.26,NORMAL,SYNTHETIC_SCENARIO
ORD-0003229,2026-10-31,Kisumu,AGO,OMC_A,73.32,73.32,NORMAL,SYNTHETIC_SCENARIO
ORD-0003230,2026-10-31,Kisumu,AGO,OMC_B,481.49,481.49,NORMAL,SYNTHETIC_SCENARIO
ORD-0003231,2026-10-31,Kisumu,AGO,OMC_C,506.78,506.78,NORMAL,SYNTHETIC_SCENARIO
ORD-0003232,2026-10-31,Kisumu,AGO,OMC_D,76.31,76.31,NORMAL,SYNTHETIC_SCENARIO
ORD-0003233,2026-10-31,Kisumu,AGO,OMC_E,79.81,79.81,NORMAL,SYNTHETIC_SCENARIO
ORD-0003234,2026-10-31,Kisumu,AGO,OMC_F,94.61,94.61,NORMAL,SYNTHETIC_SCENARIO
ORD-0003235,2026-11-01,Kisumu,AGO,OMC_A,135.57,135.57,NORMAL,SYNTHETIC_SCENARIO
ORD-0003236,2026-11-01,Kisumu,AGO,OMC_B,188.99,188.99,NORMAL,SYNTHETIC_SCENARIO
ORD-0003237,2026-11-01,Kisumu,AGO,OMC_C,70.49,70.49,NORMAL,SYNTHETIC_SCENARIO
ORD-0003238,2026-11-01,Kisumu,AGO,OMC_D,54.78,54.78,NORMAL,SYNTHETIC_SCENARIO
ORD-0003239,2026-11-01,Kisumu,AGO,OMC_E,353.99,353.99,NORMAL,SYNTHETIC_SCENARIO
ORD-0003240,2026-11-01,Kisumu,AGO,OMC_F,209.69,209.69,NORMAL,SYNTHETIC_SCENARIO
ORD-0003241,2026-11-02,Kisumu,AGO,OMC_A,164.92,164.92,NORMAL,SYNTHETIC_SCENARIO
ORD-0003242,2026-11-02,Kisumu,AGO,OMC_B,777.33,777.33,NORMAL,SYNTHETIC_SCENARIO
ORD-0003243,2026-11-02,Kisumu,AGO,OMC_C,95.8,95.8,NORMAL,SYNTHETIC_SCENARIO
ORD-0003244,2026-11-02,Kisumu,AGO,OMC_D,132.98,132.98,NORMAL,SYNTHETIC_SCENARIO
ORD-0003245,2026-11-02,Kisumu,AGO,OMC_E,83.47,83.47,NORMAL,SYNTHETIC_SCENARIO
ORD-0003246,2026-11-02,Kisumu,AGO,OMC_F,68.13,68.13,NORMAL,SYNTHETIC_SCENARIO
ORD-0003247,2026-11-03,Kisumu,AGO,OMC_A,358.67,358.67,NORMAL,SYNTHETIC_SCENARIO
ORD-0003248,2026-11-03,Kisumu,AGO,OMC_B,257.9,257.9,NORMAL,SYNTHETIC_SCENARIO
ORD-0003249,2026-11-03,Kisumu,AGO,OMC_C,383.6,383.6,NORMAL,SYNTHETIC_SCENARIO
ORD-0003250,2026-11-03,Kisumu,AGO,OMC_D,60.42,60.42,NORMAL,SYNTHETIC_SCENARIO
ORD-0003251,2026-11-03,Kisumu,AGO,OMC_E,16.23,16.23,NORMAL,SYNTHETIC_SCENARIO
ORD-0003252,2026-11-03,Kisumu,AGO,OMC_F,184.15,184.15,NORMAL,SYNTHETIC_SCENARIO
ORD-0003253,2026-11-04,Kisumu,AGO,OMC_A,350.24,350.24,NORMAL,SYNTHETIC_SCENARIO
ORD-0003254,2026-11-04,Kisumu,AGO,OMC_B,337.93,337.93,NORMAL,SYNTHETIC_SCENARIO
ORD-0003255,2026-11-04,Kisumu,AGO,OMC_C,152.35,152.35,NORMAL,SYNTHETIC_SCENARIO
ORD-0003256,2026-11-04,Kisumu,AGO,OMC_D,10.82,10.82,NORMAL,SYNTHETIC_SCENARIO
ORD-0003257,2026-11-04,Kisumu,AGO,OMC_E,356.62,356.62,NORMAL,SYNTHETIC_SCENARIO
ORD-0003258,2026-11-04,Kisumu,AGO,OMC_F,55.8,55.8,NORMAL,SYNTHETIC_SCENARIO
ORD-0003259,2026-11-05,Kisumu,AGO,OMC_A,164.46,164.46,NORMAL,SYNTHETIC_SCENARIO
ORD-0003260,2026-11-05,Kisumu,AGO,OMC_B,421.51,421.51,NORMAL,SYNTHETIC_SCENARIO
ORD-0003261,2026-11-05,Kisumu,AGO,OMC_C,273.34,273.34,NORMAL,SYNTHETIC_SCENARIO
ORD-0003262,2026-11-05,Kisumu,AGO,OMC_D,175.83,175.83,NORMAL,SYNTHETIC_SCENARIO
ORD-0003263,2026-11-05,Kisumu,AGO,OMC_E,70.18,70.18,NORMAL,SYNTHETIC_SCENARIO
ORD-0003264,2026-11-05,Kisumu,AGO,OMC_F,64.6,64.6,NORMAL,SYNTHETIC_SCENARIO
ORD-0003265,2026-11-06,Kisumu,AGO,OMC_A,589.18,589.18,NORMAL,SYNTHETIC_SCENARIO
ORD-0003266,2026-11-06,Kisumu,AGO,OMC_B,313.72,313.72,NORMAL,SYNTHETIC_SCENARIO
ORD-0003267,2026-11-06,Kisumu,AGO,OMC_C,45.3,45.3,NORMAL,SYNTHETIC_SCENARIO
ORD-0003268,2026-11-06,Kisumu,AGO,OMC_D,352.79,352.79,NORMAL,SYNTHETIC_SCENARIO
ORD-0003269,2026-11-06,Kisumu,AGO,OMC_E,6.94,6.94,NORMAL,SYNTHETIC_SCENARIO
ORD-0003270,2026-11-06,Kisumu,AGO,OMC_F,42.75,42.75,NORMAL,SYNTHETIC_SCENARIO
ORD-0003271,2026-11-07,Kisumu,AGO,OMC_A,410.82,410.82,NORMAL,SYNTHETIC_SCENARIO
ORD-0003272,2026-11-07,Kisumu,AGO,OMC_B,160.24,160.24,NORMAL,SYNTHETIC_SCENARIO
ORD-0003273,2026-11-07,Kisumu,AGO,OMC_C,135.9,135.9,NORMAL,SYNTHETIC_SCENARIO
ORD-0003274,2026-11-07,Kisumu,AGO,OMC_D,441.11,441.11,NORMAL,SYNTHETIC_SCENARIO
ORD-0003275,2026-11-07,Kisumu,AGO,OMC_E,19.36,19.36,NORMAL,SYNTHETIC_SCENARIO
ORD-0003276,2026-11-07,Kisumu,AGO,OMC_F,1.44,1.44,NORMAL,SYNTHETIC_SCENARIO
ORD-0003277,2026-11-08,Kisumu,AGO,OMC_A,151.18,151.18,NORMAL,SYNTHETIC_SCENARIO
ORD-0003278,2026-11-08,Kisumu,AGO,OMC_B,268.1,268.1,NORMAL,SYNTHETIC_SCENARIO
ORD-0003279,2026-11-08,Kisumu,AGO,OMC_C,247.64,247.64,HIGH,SYNTHETIC_SCENARIO
ORD-0003280,2026-11-08,Kisumu,AGO,OMC_D,313.55,313.55,HIGH,SYNTHETIC_SCENARIO
ORD-0003281,2026-11-08,Kisumu,AGO,OMC_E,54.23,54.23,NORMAL,SYNTHETIC_SCENARIO
ORD-0003282,2026-11-08,Kisumu,AGO,OMC_F,41.07,41.07,NORMAL,SYNTHETIC_SCENARIO
ORD-0003283,2026-11-09,Kisumu,AGO,OMC_A,456.73,456.73,NORMAL,SYNTHETIC_SCENARIO
ORD-0003284,2026-11-09,Kisumu,AGO,OMC_B,376.09,376.09,NORMAL,SYNTHETIC_SCENARIO
ORD-0003285,2026-11-09,Kisumu,AGO,OMC_C,107.23,107.23,NORMAL,SYNTHETIC_SCENARIO
ORD-0003286,2026-11-09,Kisumu,AGO,OMC_D,61.39,61.39,HIGH,SYNTHETIC_SCENARIO
ORD-0003287,2026-11-09,Kisumu,AGO,OMC_E,206.52,206.52,NORMAL,SYNTHETIC_SCENARIO
ORD-0003288,2026-11-09,Kisumu,AGO,OMC_F,57.8,57.8,NORMAL,SYNTHETIC_SCENARIO
ORD-0003289,2026-11-10,Kisumu,AGO,OMC_A,402.32,402.32,NORMAL,SYNTHETIC_SCENARIO
ORD-0003290,2026-11-10,Kisumu,AGO,OMC_B,455.38,455.38,NORMAL,SYNTHETIC_SCENARIO
ORD-0003291,2026-11-10,Kisumu,AGO,OMC_C,323.58,323.58,NORMAL,SYNTHETIC_SCENARIO
ORD-0003292,2026-11-10,Kisumu,AGO,OMC_D,113.96,113.96,NORMAL,SYNTHETIC_SCENARIO
ORD-0003293,2026-11-10,Kisumu,AGO,OMC_E,52.41,52.41,NORMAL,SYNTHETIC_SCENARIO
ORD-0003294,2026-11-10,Kisumu,AGO,OMC_F,22.5,22.5,NORMAL,SYNTHETIC_SCENARIO
ORD-0003295,2026-11-11,Kisumu,AGO,OMC_A,377.84,377.84,NORMAL,SYNTHETIC_SCENARIO
ORD-0003296,2026-11-11,Kisumu,AGO,OMC_B,81.12,81.12,NORMAL,SYNTHETIC_SCENARIO
ORD-0003297,2026-11-11,Kisumu,AGO,OMC_C,581.99,581.99,NORMAL,SYNTHETIC_SCENARIO
ORD-0003298,2026-11-11,Kisumu,AGO,OMC_D,163.92,163.92,HIGH,SYNTHETIC_SCENARIO
ORD-0003299,2026-11-11,Kisumu,AGO,OMC_E,67.25,67.25,NORMAL,SYNTHETIC_SCENARIO
ORD-0003300,2026-11-11,Kisumu,AGO,OMC_F,35.15,35.15,NORMAL,SYNTHETIC_SCENARIO
ORD-0003301,2026-11-12,Kisumu,AGO,OMC_A,307.01,307.01,NORMAL,SYNTHETIC_SCENARIO
ORD-0003302,2026-11-12,Kisumu,AGO,OMC_B,620.88,620.88,HIGH,SYNTHETIC_SCENARIO
ORD-0003303,2026-11-12,Kisumu,AGO,OMC_C,108.97,108.97,NORMAL,SYNTHETIC_SCENARIO
ORD-0003304,2026-11-12,Kisumu,AGO,OMC_D,90.08,90.08,NORMAL,SYNTHETIC_SCENARIO
ORD-0003305,2026-11-12,Kisumu,AGO,OMC_E,100.58,100.58,HIGH,SYNTHETIC_SCENARIO
ORD-0003306,2026-11-12,Kisumu,AGO,OMC_F,98.43,98.43,NORMAL,SYNTHETIC_SCENARIO
ORD-0003307,2026-11-13,Kisumu,AGO,OMC_A,466.69,466.69,HIGH,SYNTHETIC_SCENARIO
ORD-0003308,2026-11-13,Kisumu,AGO,OMC_B,170.78,170.78,NORMAL,SYNTHETIC_SCENARIO
ORD-0003309,2026-11-13,Kisumu,AGO,OMC_C,168.42,168.42,NORMAL,SYNTHETIC_SCENARIO
ORD-0003310,2026-11-13,Kisumu,AGO,OMC_D,308.55,308.55,NORMAL,SYNTHETIC_SCENARIO
ORD-0003311,2026-11-13,Kisumu,AGO,OMC_E,68.83,68.83,NORMAL,SYNTHETIC_SCENARIO
ORD-0003312,2026-11-13,Kisumu,AGO,OMC_F,88.0,88.0,NORMAL,SYNTHETIC_SCENARIO
ORD-0003313,2026-11-14,Kisumu,AGO,OMC_A,134.76,134.76,NORMAL,SYNTHETIC_SCENARIO
ORD-0003314,2026-11-14,Kisumu,AGO,OMC_B,277.41,277.41,NORMAL,SYNTHETIC_SCENARIO
ORD-0003315,2026-11-14,Kisumu,AGO,OMC_C,669.43,669.43,NORMAL,SYNTHETIC_SCENARIO
ORD-0003316,2026-11-14,Kisumu,AGO,OMC_D,90.44,90.44,NORMAL,SYNTHETIC_SCENARIO
ORD-0003317,2026-11-14,Kisumu,AGO,OMC_E,2.98,2.98,NORMAL,SYNTHETIC_SCENARIO
ORD-0003318,2026-11-14,Kisumu,AGO,OMC_F,0.48,0.48,NORMAL,SYNTHETIC_SCENARIO
ORD-0003319,2026-11-15,Kisumu,AGO,OMC_A,231.89,231.89,NORMAL,SYNTHETIC_SCENARIO
ORD-0003320,2026-11-15,Kisumu,AGO,OMC_B,288.3,288.3,NORMAL,SYNTHETIC_SCENARIO
ORD-0003321,2026-11-15,Kisumu,AGO,OMC_C,209.21,209.21,NORMAL,SYNTHETIC_SCENARIO
ORD-0003322,2026-11-15,Kisumu,AGO,OMC_D,133.2,133.2,NORMAL,SYNTHETIC_SCENARIO
ORD-0003323,2026-11-15,Kisumu,AGO,OMC_E,129.05,129.05,NORMAL,SYNTHETIC_SCENARIO
ORD-0003324,2026-11-15,Kisumu,AGO,OMC_F,90.8,90.8,NORMAL,SYNTHETIC_SCENARIO
ORD-0003325,2026-11-16,Kisumu,AGO,OMC_A,429.24,429.24,NORMAL,SYNTHETIC_SCENARIO
ORD-0003326,2026-11-16,Kisumu,AGO,OMC_B,322.47,322.47,NORMAL,SYNTHETIC_SCENARIO
ORD-0003327,2026-11-16,Kisumu,AGO,OMC_C,141.27,141.27,NORMAL,SYNTHETIC_SCENARIO
ORD-0003328,2026-11-16,Kisumu,AGO,OMC_D,68.52,68.52,NORMAL,SYNTHETIC_SCENARIO
ORD-0003329,2026-11-16,Kisumu,AGO,OMC_E,270.68,270.68,NORMAL,SYNTHETIC_SCENARIO
ORD-0003330,2026-11-16,Kisumu,AGO,OMC_F,69.38,69.38,NORMAL,SYNTHETIC_SCENARIO
ORD-0003331,2026-11-17,Kisumu,AGO,OMC_A,362.8,362.8,NORMAL,SYNTHETIC_SCENARIO
ORD-0003332,2026-11-17,Kisumu,AGO,OMC_B,524.43,524.43,NORMAL,SYNTHETIC_SCENARIO
ORD-0003333,2026-11-17,Kisumu,AGO,OMC_C,138.27,138.27,NORMAL,SYNTHETIC_SCENARIO
ORD-0003334,2026-11-17,Kisumu,AGO,OMC_D,154.57,154.57,NORMAL,SYNTHETIC_SCENARIO
ORD-0003335,2026-11-17,Kisumu,AGO,OMC_E,86.22,86.22,NORMAL,SYNTHETIC_SCENARIO
ORD-0003336,2026-11-17,Kisumu,AGO,OMC_F,64.16,64.16,NORMAL,SYNTHETIC_SCENARIO
ORD-0003337,2026-11-18,Kisumu,AGO,OMC_A,91.01,91.01,NORMAL,SYNTHETIC_SCENARIO
ORD-0003338,2026-11-18,Kisumu,AGO,OMC_B,301.07,301.07,NORMAL,SYNTHETIC_SCENARIO
ORD-0003339,2026-11-18,Kisumu,AGO,OMC_C,108.36,108.36,NORMAL,SYNTHETIC_SCENARIO
ORD-0003340,2026-11-18,Kisumu,AGO,OMC_D,353.02,353.02,NORMAL,SYNTHETIC_SCENARIO
ORD-0003341,2026-11-18,Kisumu,AGO,OMC_E,83.03,83.03,NORMAL,SYNTHETIC_SCENARIO
ORD-0003342,2026-11-18,Kisumu,AGO,OMC_F,319.77,319.77,NORMAL,SYNTHETIC_SCENARIO
ORD-0003343,2026-11-19,Kisumu,AGO,OMC_A,343.9,343.9,NORMAL,SYNTHETIC_SCENARIO
ORD-0003344,2026-11-19,Kisumu,AGO,OMC_B,231.37,231.37,NORMAL,SYNTHETIC_SCENARIO
ORD-0003345,2026-11-19,Kisumu,AGO,OMC_C,304.56,304.56,NORMAL,SYNTHETIC_SCENARIO
ORD-0003346,2026-11-19,Kisumu,AGO,OMC_D,190.75,190.75,NORMAL,SYNTHETIC_SCENARIO
ORD-0003347,2026-11-19,Kisumu,AGO,OMC_E,263.45,263.45,NORMAL,SYNTHETIC_SCENARIO
ORD-0003348,2026-11-19,Kisumu,AGO,OMC_F,57.21,57.21,NORMAL,SYNTHETIC_SCENARIO
ORD-0003349,2026-11-20,Kisumu,AGO,OMC_A,386.87,386.87,NORMAL,SYNTHETIC_SCENARIO
ORD-0003350,2026-11-20,Kisumu,AGO,OMC_B,183.39,183.39,NORMAL,SYNTHETIC_SCENARIO
ORD-0003351,2026-11-20,Kisumu,AGO,OMC_C,605.72,605.72,NORMAL,SYNTHETIC_SCENARIO
ORD-0003352,2026-11-20,Kisumu,AGO,OMC_D,14.04,14.04,NORMAL,SYNTHETIC_SCENARIO
ORD-0003353,2026-11-20,Kisumu,AGO,OMC_E,27.49,27.49,NORMAL,SYNTHETIC_SCENARIO
ORD-0003354,2026-11-20,Kisumu,AGO,OMC_F,1.26,1.26,NORMAL,SYNTHETIC_SCENARIO
ORD-0003355,2026-11-21,Kisumu,AGO,OMC_A,133.31,133.31,NORMAL,SYNTHETIC_SCENARIO
ORD-0003356,2026-11-21,Kisumu,AGO,OMC_B,684.92,684.92,HIGH,SYNTHETIC_SCENARIO
ORD-0003357,2026-11-21,Kisumu,AGO,OMC_C,100.14,100.14,NORMAL,SYNTHETIC_SCENARIO
ORD-0003358,2026-11-21,Kisumu,AGO,OMC_D,119.68,119.68,NORMAL,SYNTHETIC_SCENARIO
ORD-0003359,2026-11-21,Kisumu,AGO,OMC_E,80.07,80.07,NORMAL,SYNTHETIC_SCENARIO
ORD-0003360,2026-11-21,Kisumu,AGO,OMC_F,8.03,8.03,NORMAL,SYNTHETIC_SCENARIO
ORD-0003361,2026-11-22,Kisumu,AGO,OMC_A,425.56,425.56,NORMAL,SYNTHETIC_SCENARIO
ORD-0003362,2026-11-22,Kisumu,AGO,OMC_B,212.24,212.24,NORMAL,SYNTHETIC_SCENARIO
ORD-0003363,2026-11-22,Kisumu,AGO,OMC_C,202.86,202.86,NORMAL,SYNTHETIC_SCENARIO
ORD-0003364,2026-11-22,Kisumu,AGO,OMC_D,61.87,61.87,NORMAL,SYNTHETIC_SCENARIO
ORD-0003365,2026-11-22,Kisumu,AGO,OMC_E,53.26,53.26,NORMAL,SYNTHETIC_SCENARIO
ORD-0003366,2026-11-22,Kisumu,AGO,OMC_F,140.51,140.51,NORMAL,SYNTHETIC_SCENARIO
ORD-0003367,2026-11-23,Kisumu,AGO,OMC_A,576.62,576.62,NORMAL,SYNTHETIC_SCENARIO
ORD-0003368,2026-11-23,Kisumu,AGO,OMC_B,155.79,155.79,NORMAL,SYNTHETIC_SCENARIO
ORD-0003369,2026-11-23,Kisumu,AGO,OMC_C,103.47,103.47,NORMAL,SYNTHETIC_SCENARIO
ORD-0003370,2026-11-23,Kisumu,AGO,OMC_D,163.44,163.44,NORMAL,SYNTHETIC_SCENARIO
ORD-0003371,2026-11-23,Kisumu,AGO,OMC_E,56.31,56.31,NORMAL,SYNTHETIC_SCENARIO
ORD-0003372,2026-11-23,Kisumu,AGO,OMC_F,180.97,180.97,NORMAL,SYNTHETIC_SCENARIO
ORD-0003373,2026-11-24,Kisumu,AGO,OMC_A,608.83,608.83,NORMAL,SYNTHETIC_SCENARIO
ORD-0003374,2026-11-24,Kisumu,AGO,OMC_B,338.1,338.1,NORMAL,SYNTHETIC_SCENARIO
ORD-0003375,2026-11-24,Kisumu,AGO,OMC_C,210.16,210.16,NORMAL,SYNTHETIC_SCENARIO
ORD-0003376,2026-11-24,Kisumu,AGO,OMC_D,28.54,28.54,NORMAL,SYNTHETIC_SCENARIO
ORD-0003377,2026-11-24,Kisumu,AGO,OMC_E,33.4,33.4,NORMAL,SYNTHETIC_SCENARIO
ORD-0003378,2026-11-24,Kisumu,AGO,OMC_F,32.52,32.52,NORMAL,SYNTHETIC_SCENARIO
ORD-0003379,2026-11-25,Kisumu,AGO,OMC_A,388.37,388.37,NORMAL,SYNTHETIC_SCENARIO
ORD-0003380,2026-11-25,Kisumu,AGO,OMC_B,89.16,89.16,HIGH,SYNTHETIC_SCENARIO
ORD-0003381,2026-11-25,Kisumu,AGO,OMC_C,352.51,352.51,NORMAL,SYNTHETIC_SCENARIO
ORD-0003382,2026-11-25,Kisumu,AGO,OMC_D,270.0,270.0,NORMAL,SYNTHETIC_SCENARIO
ORD-0003383,2026-11-25,Kisumu,AGO,OMC_E,45.05,45.05,NORMAL,SYNTHETIC_SCENARIO
ORD-0003384,2026-11-25,Kisumu,AGO,OMC_F,24.31,24.31,NORMAL,SYNTHETIC_SCENARIO
ORD-0003385,2026-11-26,Kisumu,AGO,OMC_A,186.4,186.4,NORMAL,SYNTHETIC_SCENARIO
ORD-0003386,2026-11-26,Kisumu,AGO,OMC_B,720.41,720.41,NORMAL,SYNTHETIC_SCENARIO
ORD-0003387,2026-11-26,Kisumu,AGO,OMC_C,67.24,67.24,HIGH,SYNTHETIC_SCENARIO
ORD-0003388,2026-11-26,Kisumu,AGO,OMC_D,285.44,285.44,NORMAL,SYNTHETIC_SCENARIO
ORD-0003389,2026-11-26,Kisumu,AGO,OMC_E,58.07,58.07,NORMAL,SYNTHETIC_SCENARIO
ORD-0003390,2026-11-26,Kisumu,AGO,OMC_F,6.41,6.41,HIGH,SYNTHETIC_SCENARIO
ORD-0003391,2026-11-27,Kisumu,AGO,OMC_A,254.79,254.79,NORMAL,SYNTHETIC_SCENARIO
ORD-0003392,2026-11-27,Kisumu,AGO,OMC_B,137.92,137.92,NORMAL,SYNTHETIC_SCENARIO
ORD-0003393,2026-11-27,Kisumu,AGO,OMC_C,286.89,286.89,NORMAL,SYNTHETIC_SCENARIO
ORD-0003394,2026-11-27,Kisumu,AGO,OMC_D,584.81,584.81,NORMAL,SYNTHETIC_SCENARIO
ORD-0003395,2026-11-27,Kisumu,AGO,OMC_E,98.65,98.65,NORMAL,SYNTHETIC_SCENARIO
ORD-0003396,2026-11-27,Kisumu,AGO,OMC_F,46.52,46.52,NORMAL,SYNTHETIC_SCENARIO
ORD-0003397,2026-11-28,Kisumu,AGO,OMC_A,263.81,263.81,NORMAL,SYNTHETIC_SCENARIO
ORD-0003398,2026-11-28,Kisumu,AGO,OMC_B,285.51,285.51,NORMAL,SYNTHETIC_SCENARIO
ORD-0003399,2026-11-28,Kisumu,AGO,OMC_C,98.21,98.21,NORMAL,SYNTHETIC_SCENARIO
ORD-0003400,2026-11-28,Kisumu,AGO,OMC_D,67.58,67.58,NORMAL,SYNTHETIC_SCENARIO
ORD-0003401,2026-11-28,Kisumu,AGO,OMC_E,491.96,491.96,NORMAL,SYNTHETIC_SCENARIO
ORD-0003402,2026-11-28,Kisumu,AGO,OMC_F,33.64,33.64,NORMAL,SYNTHETIC_SCENARIO
ORD-0003403,2026-11-29,Kisumu,AGO,OMC_A,245.53,245.53,NORMAL,SYNTHETIC_SCENARIO
ORD-0003404,2026-11-29,Kisumu,AGO,OMC_B,510.85,510.85,NORMAL,SYNTHETIC_SCENARIO
ORD-0003405,2026-11-29,Kisumu,AGO,OMC_C,238.24,238.24,NORMAL,SYNTHETIC_SCENARIO
ORD-0003406,2026-11-29,Kisumu,AGO,OMC_D,80.11,80.11,NORMAL,SYNTHETIC_SCENARIO
ORD-0003407,2026-11-29,Kisumu,AGO,OMC_E,62.92,62.92,NORMAL,SYNTHETIC_SCENARIO
ORD-0003408,2026-11-29,Kisumu,AGO,OMC_F,6.45,6.45,NORMAL,SYNTHETIC_SCENARIO
ORD-0003409,2026-11-30,Kisumu,AGO,OMC_A,487.1,487.1,NORMAL,SYNTHETIC_SCENARIO
ORD-0003410,2026-11-30,Kisumu,AGO,OMC_B,181.19,181.19,NORMAL,SYNTHETIC_SCENARIO
ORD-0003411,2026-11-30,Kisumu,AGO,OMC_C,522.9,522.9,NORMAL,SYNTHETIC_SCENARIO
ORD-0003412,2026-11-30,Kisumu,AGO,OMC_D,103.69,103.69,NORMAL,SYNTHETIC_SCENARIO
ORD-0003413,2026-11-30,Kisumu,AGO,OMC_E,31.0,31.0,NORMAL,SYNTHETIC_SCENARIO
ORD-0003414,2026-11-30,Kisumu,AGO,OMC_F,61.82,61.82,NORMAL,SYNTHETIC_SCENARIO
ORD-0003415,2026-12-01,Kisumu,AGO,OMC_A,296.8,296.8,NORMAL,SYNTHETIC_SCENARIO
ORD-0003416,2026-12-01,Kisumu,AGO,OMC_B,327.79,327.79,NORMAL,SYNTHETIC_SCENARIO
ORD-0003417,2026-12-01,Kisumu,AGO,OMC_C,243.31,243.31,NORMAL,SYNTHETIC_SCENARIO
ORD-0003418,2026-12-01,Kisumu,AGO,OMC_D,271.59,271.59,NORMAL,SYNTHETIC_SCENARIO
ORD-0003419,2026-12-01,Kisumu,AGO,OMC_E,159.77,159.77,NORMAL,SYNTHETIC_SCENARIO
ORD-0003420,2026-12-01,Kisumu,AGO,OMC_F,72.11,72.11,NORMAL,SYNTHETIC_SCENARIO
ORD-0003421,2026-12-02,Kisumu,AGO,OMC_A,368.23,368.23,NORMAL,SYNTHETIC_SCENARIO
ORD-0003422,2026-12-02,Kisumu,AGO,OMC_B,365.97,365.97,NORMAL,SYNTHETIC_SCENARIO
ORD-0003423,2026-12-02,Kisumu,AGO,OMC_C,183.87,183.87,NORMAL,SYNTHETIC_SCENARIO
ORD-0003424,2026-12-02,Kisumu,AGO,OMC_D,380.27,380.27,HIGH,SYNTHETIC_SCENARIO
ORD-0003425,2026-12-02,Kisumu,AGO,OMC_E,1.22,1.22,NORMAL,SYNTHETIC_SCENARIO
ORD-0003426,2026-12-02,Kisumu,AGO,OMC_F,52.88,52.88,NORMAL,SYNTHETIC_SCENARIO
ORD-0003427,2026-12-03,Kisumu,AGO,OMC_A,514.83,514.83,NORMAL,SYNTHETIC_SCENARIO
ORD-0003428,2026-12-03,Kisumu,AGO,OMC_B,315.82,315.82,NORMAL,SYNTHETIC_SCENARIO
ORD-0003429,2026-12-03,Kisumu,AGO,OMC_C,146.59,146.59,NORMAL,SYNTHETIC_SCENARIO
ORD-0003430,2026-12-03,Kisumu,AGO,OMC_D,156.27,156.27,HIGH,SYNTHETIC_SCENARIO
ORD-0003431,2026-12-03,Kisumu,AGO,OMC_E,204.48,204.48,NORMAL,SYNTHETIC_SCENARIO
ORD-0003432,2026-12-03,Kisumu,AGO,OMC_F,35.36,35.36,HIGH,SYNTHETIC_SCENARIO
ORD-0003433,2026-12-04,Kisumu,AGO,OMC_A,379.5,379.5,NORMAL,SYNTHETIC_SCENARIO
ORD-0003434,2026-12-04,Kisumu,AGO,OMC_B,255.17,255.17,NORMAL,SYNTHETIC_SCENARIO
ORD-0003435,2026-12-04,Kisumu,AGO,OMC_C,107.51,107.51,NORMAL,SYNTHETIC_SCENARIO
ORD-0003436,2026-12-04,Kisumu,AGO,OMC_D,217.32,217.32,NORMAL,SYNTHETIC_SCENARIO
ORD-0003437,2026-12-04,Kisumu,AGO,OMC_E,237.84,237.84,NORMAL,SYNTHETIC_SCENARIO
ORD-0003438,2026-12-04,Kisumu,AGO,OMC_F,57.38,57.38,NORMAL,SYNTHETIC_SCENARIO
ORD-0003439,2026-12-05,Kisumu,AGO,OMC_A,533.1,533.1,HIGH,SYNTHETIC_SCENARIO
ORD-0003440,2026-12-05,Kisumu,AGO,OMC_B,131.87,131.87,HIGH,SYNTHETIC_SCENARIO
ORD-0003441,2026-12-05,Kisumu,AGO,OMC_C,113.41,113.41,NORMAL,SYNTHETIC_SCENARIO
ORD-0003442,2026-12-05,Kisumu,AGO,OMC_D,73.4,73.4,NORMAL,SYNTHETIC_SCENARIO
ORD-0003443,2026-12-05,Kisumu,AGO,OMC_E,185.03,185.03,NORMAL,SYNTHETIC_SCENARIO
ORD-0003444,2026-12-05,Kisumu,AGO,OMC_F,78.84,78.84,NORMAL,SYNTHETIC_SCENARIO
ORD-0003445,2026-12-06,Kisumu,AGO,OMC_A,526.68,526.68,NORMAL,SYNTHETIC_SCENARIO
ORD-0003446,2026-12-06,Kisumu,AGO,OMC_B,174.1,174.1,NORMAL,SYNTHETIC_SCENARIO
ORD-0003447,2026-12-06,Kisumu,AGO,OMC_C,221.13,221.13,NORMAL,SYNTHETIC_SCENARIO
ORD-0003448,2026-12-06,Kisumu,AGO,OMC_D,90.77,90.77,NORMAL,SYNTHETIC_SCENARIO
ORD-0003449,2026-12-06,Kisumu,AGO,OMC_E,76.57,76.57,NORMAL,SYNTHETIC_SCENARIO
ORD-0003450,2026-12-06,Kisumu,AGO,OMC_F,60.91,60.91,NORMAL,SYNTHETIC_SCENARIO
ORD-0003451,2026-12-07,Kisumu,AGO,OMC_A,275.5,275.5,NORMAL,SYNTHETIC_SCENARIO
ORD-0003452,2026-12-07,Kisumu,AGO,OMC_B,161.89,161.89,NORMAL,SYNTHETIC_SCENARIO
ORD-0003453,2026-12-07,Kisumu,AGO,OMC_C,255.45,255.45,NORMAL,SYNTHETIC_SCENARIO
ORD-0003454,2026-12-07,Kisumu,AGO,OMC_D,22.04,22.04,NORMAL,SYNTHETIC_SCENARIO
ORD-0003455,2026-12-07,Kisumu,AGO,OMC_E,53.6,53.6,NORMAL,SYNTHETIC_SCENARIO
ORD-0003456,2026-12-07,Kisumu,AGO,OMC_F,487.03,487.03,NORMAL,SYNTHETIC_SCENARIO
ORD-0003457,2026-12-08,Kisumu,AGO,OMC_A,501.34,501.34,NORMAL,SYNTHETIC_SCENARIO
ORD-0003458,2026-12-08,Kisumu,AGO,OMC_B,165.55,165.55,NORMAL,SYNTHETIC_SCENARIO
ORD-0003459,2026-12-08,Kisumu,AGO,OMC_C,194.07,194.07,NORMAL,SYNTHETIC_SCENARIO
ORD-0003460,2026-12-08,Kisumu,AGO,OMC_D,268.37,268.37,NORMAL,SYNTHETIC_SCENARIO
ORD-0003461,2026-12-08,Kisumu,AGO,OMC_E,118.39,118.39,NORMAL,SYNTHETIC_SCENARIO
ORD-0003462,2026-12-08,Kisumu,AGO,OMC_F,4.81,4.81,NORMAL,SYNTHETIC_SCENARIO
ORD-0003463,2026-12-09,Kisumu,AGO,OMC_A,679.87,679.87,NORMAL,SYNTHETIC_SCENARIO
ORD-0003464,2026-12-09,Kisumu,AGO,OMC_B,159.42,159.42,NORMAL,SYNTHETIC_SCENARIO
ORD-0003465,2026-12-09,Kisumu,AGO,OMC_C,150.17,150.17,NORMAL,SYNTHETIC_SCENARIO
ORD-0003466,2026-12-09,Kisumu,AGO,OMC_D,130.28,130.28,NORMAL,SYNTHETIC_SCENARIO
ORD-0003467,2026-12-09,Kisumu,AGO,OMC_E,101.78,101.78,NORMAL,SYNTHETIC_SCENARIO
ORD-0003468,2026-12-09,Kisumu,AGO,OMC_F,35.84,35.84,NORMAL,SYNTHETIC_SCENARIO
ORD-0003469,2026-12-10,Kisumu,AGO,OMC_A,486.04,486.04,NORMAL,SYNTHETIC_SCENARIO
ORD-0003470,2026-12-10,Kisumu,AGO,OMC_B,114.73,114.73,HIGH,SYNTHETIC_SCENARIO
ORD-0003471,2026-12-10,Kisumu,AGO,OMC_C,73.57,73.57,NORMAL,SYNTHETIC_SCENARIO
ORD-0003472,2026-12-10,Kisumu,AGO,OMC_D,248.91,248.91,NORMAL,SYNTHETIC_SCENARIO
ORD-0003473,2026-12-10,Kisumu,AGO,OMC_E,222.92,222.92,NORMAL,SYNTHETIC_SCENARIO
ORD-0003474,2026-12-10,Kisumu,AGO,OMC_F,79.42,79.42,NORMAL,SYNTHETIC_SCENARIO
ORD-0003475,2026-12-11,Kisumu,AGO,OMC_A,204.03,204.03,HIGH,SYNTHETIC_SCENARIO
ORD-0003476,2026-12-11,Kisumu,AGO,OMC_B,183.54,183.54,NORMAL,SYNTHETIC_SCENARIO
ORD-0003477,2026-12-11,Kisumu,AGO,OMC_C,155.06,155.06,NORMAL,SYNTHETIC_SCENARIO
ORD-0003478,2026-12-11,Kisumu,AGO,OMC_D,576.77,576.77,NORMAL,SYNTHETIC_SCENARIO
ORD-0003479,2026-12-11,Kisumu,AGO,OMC_E,59.42,59.42,NORMAL,SYNTHETIC_SCENARIO
ORD-0003480,2026-12-11,Kisumu,AGO,OMC_F,144.99,144.99,NORMAL,SYNTHETIC_SCENARIO
ORD-0003481,2026-12-12,Kisumu,AGO,OMC_A,389.6,389.6,NORMAL,SYNTHETIC_SCENARIO
ORD-0003482,2026-12-12,Kisumu,AGO,OMC_B,203.48,203.48,NORMAL,SYNTHETIC_SCENARIO
ORD-0003483,2026-12-12,Kisumu,AGO,OMC_C,230.51,230.51,NORMAL,SYNTHETIC_SCENARIO
ORD-0003484,2026-12-12,Kisumu,AGO,OMC_D,115.66,115.66,NORMAL,SYNTHETIC_SCENARIO
ORD-0003485,2026-12-12,Kisumu,AGO,OMC_E,162.33,162.33,NORMAL,SYNTHETIC_SCENARIO
ORD-0003486,2026-12-12,Kisumu,AGO,OMC_F,4.46,4.46,NORMAL,SYNTHETIC_SCENARIO
ORD-0003487,2026-12-13,Kisumu,AGO,OMC_A,44.75,44.75,NORMAL,SYNTHETIC_SCENARIO
ORD-0003488,2026-12-13,Kisumu,AGO,OMC_B,345.28,345.28,NORMAL,SYNTHETIC_SCENARIO
ORD-0003489,2026-12-13,Kisumu,AGO,OMC_C,194.9,194.9,NORMAL,SYNTHETIC_SCENARIO
ORD-0003490,2026-12-13,Kisumu,AGO,OMC_D,204.96,204.96,NORMAL,SYNTHETIC_SCENARIO
ORD-0003491,2026-12-13,Kisumu,AGO,OMC_E,74.38,74.38,NORMAL,SYNTHETIC_SCENARIO
ORD-0003492,2026-12-13,Kisumu,AGO,OMC_F,151.12,151.12,NORMAL,SYNTHETIC_SCENARIO
ORD-0003493,2026-12-14,Kisumu,AGO,OMC_A,431.69,431.69,NORMAL,SYNTHETIC_SCENARIO
ORD-0003494,2026-12-14,Kisumu,AGO,OMC_B,107.63,107.63,NORMAL,SYNTHETIC_SCENARIO
ORD-0003495,2026-12-14,Kisumu,AGO,OMC_C,301.99,301.99,NORMAL,SYNTHETIC_SCENARIO
ORD-0003496,2026-12-14,Kisumu,AGO,OMC_D,137.8,137.8,NORMAL,SYNTHETIC_SCENARIO
ORD-0003497,2026-12-14,Kisumu,AGO,OMC_E,236.84,236.84,NORMAL,SYNTHETIC_SCENARIO
ORD-0003498,2026-12-14,Kisumu,AGO,OMC_F,67.57,67.57,NORMAL,SYNTHETIC_SCENARIO
ORD-0003499,2026-12-15,Kisumu,AGO,OMC_A,680.49,680.49,NORMAL,SYNTHETIC_SCENARIO
ORD-0003500,2026-12-15,Kisumu,AGO,OMC_B,308.08,308.08,NORMAL,SYNTHETIC_SCENARIO
ORD-0003501,2026-12-15,Kisumu,AGO,OMC_C,173.3,173.3,NORMAL,SYNTHETIC_SCENARIO
ORD-0003502,2026-12-15,Kisumu,AGO,OMC_D,96.91,96.91,NORMAL,SYNTHETIC_SCENARIO
ORD-0003503,2026-12-15,Kisumu,AGO,OMC_E,37.66,37.66,NORMAL,SYNTHETIC_SCENARIO
ORD-0003504,2026-12-15,Kisumu,AGO,OMC_F,56.56,56.56,NORMAL,SYNTHETIC_SCENARIO
ORD-0003505,2026-12-16,Kisumu,AGO,OMC_A,413.41,413.41,NORMAL,SYNTHETIC_SCENARIO
ORD-0003506,2026-12-16,Kisumu,AGO,OMC_B,246.17,246.17,NORMAL,SYNTHETIC_SCENARIO
ORD-0003507,2026-12-16,Kisumu,AGO,OMC_C,244.63,244.63,NORMAL,SYNTHETIC_SCENARIO
ORD-0003508,2026-12-16,Kisumu,AGO,OMC_D,89.75,89.75,NORMAL,SYNTHETIC_SCENARIO
ORD-0003509,2026-12-16,Kisumu,AGO,OMC_E,119.74,119.74,NORMAL,SYNTHETIC_SCENARIO
ORD-0003510,2026-12-16,Kisumu,AGO,OMC_F,170.99,170.99,NORMAL,SYNTHETIC_SCENARIO
ORD-0003511,2026-12-17,Kisumu,AGO,OMC_A,251.18,251.18,HIGH,SYNTHETIC_SCENARIO
ORD-0003512,2026-12-17,Kisumu,AGO,OMC_B,502.36,502.36,NORMAL,SYNTHETIC_SCENARIO
ORD-0003513,2026-12-17,Kisumu,AGO,OMC_C,229.34,229.34,NORMAL,SYNTHETIC_SCENARIO
ORD-0003514,2026-12-17,Kisumu,AGO,OMC_D,172.65,172.65,NORMAL,SYNTHETIC_SCENARIO
ORD-0003515,2026-12-17,Kisumu,AGO,OMC_E,49.45,49.45,NORMAL,SYNTHETIC_SCENARIO
ORD-0003516,2026-12-17,Kisumu,AGO,OMC_F,117.28,117.28,NORMAL,SYNTHETIC_SCENARIO
ORD-0003517,2026-12-18,Kisumu,AGO,OMC_A,205.28,205.28,NORMAL,SYNTHETIC_SCENARIO
ORD-0003518,2026-12-18,Kisumu,AGO,OMC_B,233.18,233.18,NORMAL,SYNTHETIC_SCENARIO
ORD-0003519,2026-12-18,Kisumu,AGO,OMC_C,296.69,296.69,NORMAL,SYNTHETIC_SCENARIO
ORD-0003520,2026-12-18,Kisumu,AGO,OMC_D,221.31,221.31,NORMAL,SYNTHETIC_SCENARIO
ORD-0003521,2026-12-18,Kisumu,AGO,OMC_E,271.59,271.59,NORMAL,SYNTHETIC_SCENARIO
ORD-0003522,2026-12-18,Kisumu,AGO,OMC_F,20.38,20.38,NORMAL,SYNTHETIC_SCENARIO
ORD-0003523,2026-12-19,Kisumu,AGO,OMC_A,625.25,625.25,NORMAL,SYNTHETIC_SCENARIO
ORD-0003524,2026-12-19,Kisumu,AGO,OMC_B,53.42,53.42,NORMAL,SYNTHETIC_SCENARIO
ORD-0003525,2026-12-19,Kisumu,AGO,OMC_C,222.19,222.19,NORMAL,SYNTHETIC_SCENARIO
ORD-0003526,2026-12-19,Kisumu,AGO,OMC_D,49.19,49.19,HIGH,SYNTHETIC_SCENARIO
ORD-0003527,2026-12-19,Kisumu,AGO,OMC_E,25.68,25.68,NORMAL,SYNTHETIC_SCENARIO
ORD-0003528,2026-12-19,Kisumu,AGO,OMC_F,55.82,55.82,NORMAL,SYNTHETIC_SCENARIO
ORD-0003529,2026-12-20,Kisumu,AGO,OMC_A,310.49,310.49,NORMAL,SYNTHETIC_SCENARIO
ORD-0003530,2026-12-20,Kisumu,AGO,OMC_B,104.67,104.67,NORMAL,SYNTHETIC_SCENARIO
ORD-0003531,2026-12-20,Kisumu,AGO,OMC_C,164.08,164.08,NORMAL,SYNTHETIC_SCENARIO
ORD-0003532,2026-12-20,Kisumu,AGO,OMC_D,133.62,133.62,NORMAL,SYNTHETIC_SCENARIO
ORD-0003533,2026-12-20,Kisumu,AGO,OMC_E,282.44,282.44,HIGH,SYNTHETIC_SCENARIO
ORD-0003534,2026-12-20,Kisumu,AGO,OMC_F,118.53,118.53,NORMAL,SYNTHETIC_SCENARIO
ORD-0003535,2026-12-21,Kisumu,AGO,OMC_A,472.98,472.98,NORMAL,SYNTHETIC_SCENARIO
ORD-0003536,2026-12-21,Kisumu,AGO,OMC_B,257.64,257.64,NORMAL,SYNTHETIC_SCENARIO
ORD-0003537,2026-12-21,Kisumu,AGO,OMC_C,161.07,161.07,NORMAL,SYNTHETIC_SCENARIO
ORD-0003538,2026-12-21,Kisumu,AGO,OMC_D,247.76,247.76,NORMAL,SYNTHETIC_SCENARIO
ORD-0003539,2026-12-21,Kisumu,AGO,OMC_E,37.61,37.61,NORMAL,SYNTHETIC_SCENARIO
ORD-0003540,2026-12-21,Kisumu,AGO,OMC_F,23.03,23.03,NORMAL,SYNTHETIC_SCENARIO
ORD-0003541,2026-12-22,Kisumu,AGO,OMC_A,597.11,597.11,NORMAL,SYNTHETIC_SCENARIO
ORD-0003542,2026-12-22,Kisumu,AGO,OMC_B,69.89,69.89,NORMAL,SYNTHETIC_SCENARIO
ORD-0003543,2026-12-22,Kisumu,AGO,OMC_C,296.52,296.52,NORMAL,SYNTHETIC_SCENARIO
ORD-0003544,2026-12-22,Kisumu,AGO,OMC_D,109.03,109.03,NORMAL,SYNTHETIC_SCENARIO
ORD-0003545,2026-12-22,Kisumu,AGO,OMC_E,107.56,107.56,NORMAL,SYNTHETIC_SCENARIO
ORD-0003546,2026-12-22,Kisumu,AGO,OMC_F,34.65,34.65,NORMAL,SYNTHETIC_SCENARIO
ORD-0003547,2026-12-23,Kisumu,AGO,OMC_A,264.21,264.21,NORMAL,SYNTHETIC_SCENARIO
ORD-0003548,2026-12-23,Kisumu,AGO,OMC_B,417.27,417.27,NORMAL,SYNTHETIC_SCENARIO
ORD-0003549,2026-12-23,Kisumu,AGO,OMC_C,43.5,43.5,NORMAL,SYNTHETIC_SCENARIO
ORD-0003550,2026-12-23,Kisumu,AGO,OMC_D,149.21,149.21,HIGH,SYNTHETIC_SCENARIO
ORD-0003551,2026-12-23,Kisumu,AGO,OMC_E,193.96,193.96,NORMAL,SYNTHETIC_SCENARIO
ORD-0003552,2026-12-23,Kisumu,AGO,OMC_F,128.14,128.14,NORMAL,SYNTHETIC_SCENARIO
ORD-0003553,2026-12-24,Kisumu,AGO,OMC_A,480.79,480.79,NORMAL,SYNTHETIC_SCENARIO
ORD-0003554,2026-12-24,Kisumu,AGO,OMC_B,367.62,367.62,NORMAL,SYNTHETIC_SCENARIO
ORD-0003555,2026-12-24,Kisumu,AGO,OMC_C,93.67,93.67,NORMAL,SYNTHETIC_SCENARIO
ORD-0003556,2026-12-24,Kisumu,AGO,OMC_D,179.86,179.86,NORMAL,SYNTHETIC_SCENARIO
ORD-0003557,2026-12-24,Kisumu,AGO,OMC_E,104.82,104.82,NORMAL,SYNTHETIC_SCENARIO
ORD-0003558,2026-12-24,Kisumu,AGO,OMC_F,20.2,20.2,HIGH,SYNTHETIC_SCENARIO
ORD-0003559,2026-12-25,Kisumu,AGO,OMC_A,362.94,362.94,NORMAL,SYNTHETIC_SCENARIO
ORD-0003560,2026-12-25,Kisumu,AGO,OMC_B,425.8,425.8,NORMAL,SYNTHETIC_SCENARIO
ORD-0003561,2026-12-25,Kisumu,AGO,OMC_C,331.27,331.27,NORMAL,SYNTHETIC_SCENARIO
ORD-0003562,2026-12-25,Kisumu,AGO,OMC_D,21.03,21.03,NORMAL,SYNTHETIC_SCENARIO
ORD-0003563,2026-12-25,Kisumu,AGO,OMC_E,130.7,130.7,NORMAL,SYNTHETIC_SCENARIO
ORD-0003564,2026-12-25,Kisumu,AGO,OMC_F,20.24,20.24,NORMAL,SYNTHETIC_SCENARIO
ORD-0003565,2026-12-26,Kisumu,AGO,OMC_A,453.67,453.67,NORMAL,SYNTHETIC_SCENARIO
ORD-0003566,2026-12-26,Kisumu,AGO,OMC_B,210.31,210.31,NORMAL,SYNTHETIC_SCENARIO
ORD-0003567,2026-12-26,Kisumu,AGO,OMC_C,144.51,144.51,NORMAL,SYNTHETIC_SCENARIO
ORD-0003568,2026-12-26,Kisumu,AGO,OMC_D,163.22,163.22,NORMAL,SYNTHETIC_SCENARIO
ORD-0003569,2026-12-26,Kisumu,AGO,OMC_E,39.15,39.15,NORMAL,SYNTHETIC_SCENARIO
ORD-0003570,2026-12-26,Kisumu,AGO,OMC_F,40.05,40.05,NORMAL,SYNTHETIC_SCENARIO
ORD-0003571,2026-12-27,Kisumu,AGO,OMC_A,370.72,370.72,NORMAL,SYNTHETIC_SCENARIO
ORD-0003572,2026-12-27,Kisumu,AGO,OMC_B,228.47,228.47,NORMAL,SYNTHETIC_SCENARIO
ORD-0003573,2026-12-27,Kisumu,AGO,OMC_C,52.35,52.35,NORMAL,SYNTHETIC_SCENARIO
ORD-0003574,2026-12-27,Kisumu,AGO,OMC_D,249.66,249.66,NORMAL,SYNTHETIC_SCENARIO
ORD-0003575,2026-12-27,Kisumu,AGO,OMC_E,58.6,58.6,NORMAL,SYNTHETIC_SCENARIO
ORD-0003576,2026-12-27,Kisumu,AGO,OMC_F,127.98,127.98,HIGH,SYNTHETIC_SCENARIO
ORD-0003577,2026-12-28,Kisumu,AGO,OMC_A,697.7,697.7,NORMAL,SYNTHETIC_SCENARIO
ORD-0003578,2026-12-28,Kisumu,AGO,OMC_B,198.79,198.79,NORMAL,SYNTHETIC_SCENARIO
ORD-0003579,2026-12-28,Kisumu,AGO,OMC_C,59.11,59.11,NORMAL,SYNTHETIC_SCENARIO
ORD-0003580,2026-12-28,Kisumu,AGO,OMC_D,316.46,316.46,NORMAL,SYNTHETIC_SCENARIO
ORD-0003581,2026-12-28,Kisumu,AGO,OMC_E,16.03,16.03,NORMAL,SYNTHETIC_SCENARIO
ORD-0003582,2026-12-28,Kisumu,AGO,OMC_F,8.89,8.89,NORMAL,SYNTHETIC_SCENARIO
ORD-0003583,2026-12-29,Kisumu,AGO,OMC_A,123.12,123.12,NORMAL,SYNTHETIC_SCENARIO
ORD-0003584,2026-12-29,Kisumu,AGO,OMC_B,232.29,232.29,NORMAL,SYNTHETIC_SCENARIO
ORD-0003585,2026-12-29,Kisumu,AGO,OMC_C,14.36,14.36,NORMAL,SYNTHETIC_SCENARIO
ORD-0003586,2026-12-29,Kisumu,AGO,OMC_D,354.37,354.37,HIGH,SYNTHETIC_SCENARIO
ORD-0003587,2026-12-29,Kisumu,AGO,OMC_E,263.57,263.57,HIGH,SYNTHETIC_SCENARIO
ORD-0003588,2026-12-29,Kisumu,AGO,OMC_F,312.37,312.37,HIGH,SYNTHETIC_SCENARIO
ORD-0003589,2026-12-30,Kisumu,AGO,OMC_A,357.02,357.02,NORMAL,SYNTHETIC_SCENARIO
ORD-0003590,2026-12-30,Kisumu,AGO,OMC_B,243.35,243.35,NORMAL,SYNTHETIC_SCENARIO
ORD-0003591,2026-12-30,Kisumu,AGO,OMC_C,385.62,385.62,NORMAL,SYNTHETIC_SCENARIO
ORD-0003592,2026-12-30,Kisumu,AGO,OMC_D,120.0,120.0,HIGH,SYNTHETIC_SCENARIO
ORD-0003593,2026-12-30,Kisumu,AGO,OMC_E,26.02,26.02,NORMAL,SYNTHETIC_SCENARIO
ORD-0003594,2026-12-30,Kisumu,AGO,OMC_F,134.36,134.36,NORMAL,SYNTHETIC_SCENARIO
ORD-0003595,2026-12-31,Kisumu,AGO,OMC_A,349.56,349.56,HIGH,SYNTHETIC_SCENARIO
ORD-0003596,2026-12-31,Kisumu,AGO,OMC_B,117.95,117.95,NORMAL,SYNTHETIC_SCENARIO
ORD-0003597,2026-12-31,Kisumu,AGO,OMC_C,244.03,244.03,HIGH,SYNTHETIC_SCENARIO
ORD-0003598,2026-12-31,Kisumu,AGO,OMC_D,540.96,540.96,NORMAL,SYNTHETIC_SCENARIO
ORD-0003599,2026-12-31,Kisumu,AGO,OMC_E,120.21,120.21,NORMAL,SYNTHETIC_SCENARIO
ORD-0003600,2026-12-31,Kisumu,AGO,OMC_F,14.3,14.3,HIGH,SYNTHETIC_SCENARIO
ORD-0003601,2026-09-03,Kisumu,DPK,OMC_A,3.74,3.74,NORMAL,SYNTHETIC_SCENARIO
ORD-0003602,2026-09-03,Kisumu,DPK,OMC_B,6.94,6.94,NORMAL,SYNTHETIC_SCENARIO
ORD-0003603,2026-09-03,Kisumu,DPK,OMC_C,0.95,0.95,NORMAL,SYNTHETIC_SCENARIO
ORD-0003604,2026-09-03,Kisumu,DPK,OMC_D,2.09,2.09,NORMAL,SYNTHETIC_SCENARIO
ORD-0003605,2026-09-03,Kisumu,DPK,OMC_E,0.54,0.54,NORMAL,SYNTHETIC_SCENARIO
ORD-0003606,2026-09-03,Kisumu,DPK,OMC_F,0.74,0.74,NORMAL,SYNTHETIC_SCENARIO
ORD-0003607,2026-09-04,Kisumu,DPK,OMC_A,4.79,4.79,NORMAL,SYNTHETIC_SCENARIO
ORD-0003608,2026-09-04,Kisumu,DPK,OMC_B,1.44,1.44,NORMAL,SYNTHETIC_SCENARIO
ORD-0003609,2026-09-04,Kisumu,DPK,OMC_C,2.7,2.7,NORMAL,SYNTHETIC_SCENARIO
ORD-0003610,2026-09-04,Kisumu,DPK,OMC_D,6.08,6.08,NORMAL,SYNTHETIC_SCENARIO
ORD-0003611,2026-09-04,Kisumu,DPK,OMC_E,1.91,1.91,NORMAL,SYNTHETIC_SCENARIO
ORD-0003612,2026-09-04,Kisumu,DPK,OMC_F,2.17,2.17,NORMAL,SYNTHETIC_SCENARIO
ORD-0003613,2026-09-05,Kisumu,DPK,OMC_A,3.03,3.03,NORMAL,SYNTHETIC_SCENARIO
ORD-0003614,2026-09-05,Kisumu,DPK,OMC_B,4.26,4.26,NORMAL,SYNTHETIC_SCENARIO
ORD-0003615,2026-09-05,Kisumu,DPK,OMC_C,7.05,7.05,NORMAL,SYNTHETIC_SCENARIO
ORD-0003616,2026-09-05,Kisumu,DPK,OMC_D,0.63,0.63,NORMAL,SYNTHETIC_SCENARIO
ORD-0003617,2026-09-05,Kisumu,DPK,OMC_E,1.5,1.5,HIGH,SYNTHETIC_SCENARIO
ORD-0003618,2026-09-05,Kisumu,DPK,OMC_F,0.79,0.79,NORMAL,SYNTHETIC_SCENARIO
ORD-0003619,2026-09-06,Kisumu,DPK,OMC_A,1.66,1.66,NORMAL,SYNTHETIC_SCENARIO
ORD-0003620,2026-09-06,Kisumu,DPK,OMC_B,4.5,4.5,NORMAL,SYNTHETIC_SCENARIO
ORD-0003621,2026-09-06,Kisumu,DPK,OMC_C,5.0,5.0,NORMAL,SYNTHETIC_SCENARIO
ORD-0003622,2026-09-06,Kisumu,DPK,OMC_D,0.24,0.24,NORMAL,SYNTHETIC_SCENARIO
ORD-0003623,2026-09-06,Kisumu,DPK,OMC_E,0.47,0.47,NORMAL,SYNTHETIC_SCENARIO
ORD-0003624,2026-09-06,Kisumu,DPK,OMC_F,2.5,2.5,NORMAL,SYNTHETIC_SCENARIO
ORD-0003625,2026-09-07,Kisumu,DPK,OMC_A,0.92,0.92,NORMAL,SYNTHETIC_SCENARIO
ORD-0003626,2026-09-07,Kisumu,DPK,OMC_B,10.68,10.68,NORMAL,SYNTHETIC_SCENARIO
ORD-0003627,2026-09-07,Kisumu,DPK,OMC_C,2.11,2.11,NORMAL,SYNTHETIC_SCENARIO
ORD-0003628,2026-09-07,Kisumu,DPK,OMC_D,2.57,2.57,NORMAL,SYNTHETIC_SCENARIO
ORD-0003629,2026-09-07,Kisumu,DPK,OMC_E,2.19,2.19,NORMAL,SYNTHETIC_SCENARIO
ORD-0003630,2026-09-07,Kisumu,DPK,OMC_F,0.01,0.01,NORMAL,SYNTHETIC_SCENARIO
ORD-0003631,2026-09-08,Kisumu,DPK,OMC_A,6.87,6.87,NORMAL,SYNTHETIC_SCENARIO
ORD-0003632,2026-09-08,Kisumu,DPK,OMC_B,2.99,2.99,NORMAL,SYNTHETIC_SCENARIO
ORD-0003633,2026-09-08,Kisumu,DPK,OMC_C,0.91,0.91,NORMAL,SYNTHETIC_SCENARIO
ORD-0003634,2026-09-08,Kisumu,DPK,OMC_D,1.83,1.83,NORMAL,SYNTHETIC_SCENARIO
ORD-0003635,2026-09-08,Kisumu,DPK,OMC_E,3.48,3.48,NORMAL,SYNTHETIC_SCENARIO
ORD-0003636,2026-09-08,Kisumu,DPK,OMC_F,1.61,1.61,NORMAL,SYNTHETIC_SCENARIO
ORD-0003637,2026-09-09,Kisumu,DPK,OMC_A,3.48,3.48,NORMAL,SYNTHETIC_SCENARIO
ORD-0003638,2026-09-09,Kisumu,DPK,OMC_B,4.97,4.97,NORMAL,SYNTHETIC_SCENARIO
ORD-0003639,2026-09-09,Kisumu,DPK,OMC_C,2.45,2.45,NORMAL,SYNTHETIC_SCENARIO
ORD-0003640,2026-09-09,Kisumu,DPK,OMC_D,3.38,3.38,HIGH,SYNTHETIC_SCENARIO
ORD-0003641,2026-09-09,Kisumu,DPK,OMC_E,2.96,2.96,NORMAL,SYNTHETIC_SCENARIO
ORD-0003642,2026-09-09,Kisumu,DPK,OMC_F,2.5,2.5,NORMAL,SYNTHETIC_SCENARIO
ORD-0003643,2026-09-10,Kisumu,DPK,OMC_A,4.93,4.93,NORMAL,SYNTHETIC_SCENARIO
ORD-0003644,2026-09-10,Kisumu,DPK,OMC_B,2.63,2.63,HIGH,SYNTHETIC_SCENARIO
ORD-0003645,2026-09-10,Kisumu,DPK,OMC_C,3.25,3.25,NORMAL,SYNTHETIC_SCENARIO
ORD-0003646,2026-09-10,Kisumu,DPK,OMC_D,1.64,1.64,NORMAL,SYNTHETIC_SCENARIO
ORD-0003647,2026-09-10,Kisumu,DPK,OMC_E,3.48,3.48,NORMAL,SYNTHETIC_SCENARIO
ORD-0003648,2026-09-10,Kisumu,DPK,OMC_F,0.49,0.49,NORMAL,SYNTHETIC_SCENARIO
ORD-0003649,2026-09-11,Kisumu,DPK,OMC_A,7.87,7.87,NORMAL,SYNTHETIC_SCENARIO
ORD-0003650,2026-09-11,Kisumu,DPK,OMC_B,1.68,1.68,NORMAL,SYNTHETIC_SCENARIO
ORD-0003651,2026-09-11,Kisumu,DPK,OMC_C,1.94,1.94,NORMAL,SYNTHETIC_SCENARIO
ORD-0003652,2026-09-11,Kisumu,DPK,OMC_D,1.15,1.15,NORMAL,SYNTHETIC_SCENARIO
ORD-0003653,2026-09-11,Kisumu,DPK,OMC_E,1.11,1.11,HIGH,SYNTHETIC_SCENARIO
ORD-0003654,2026-09-11,Kisumu,DPK,OMC_F,3.39,3.39,NORMAL,SYNTHETIC_SCENARIO
ORD-0003655,2026-09-12,Kisumu,DPK,OMC_A,6.66,6.66,NORMAL,SYNTHETIC_SCENARIO
ORD-0003656,2026-09-12,Kisumu,DPK,OMC_B,3.31,3.31,NORMAL,SYNTHETIC_SCENARIO
ORD-0003657,2026-09-12,Kisumu,DPK,OMC_C,0.57,0.57,HIGH,SYNTHETIC_SCENARIO
ORD-0003658,2026-09-12,Kisumu,DPK,OMC_D,2.72,2.72,NORMAL,SYNTHETIC_SCENARIO
ORD-0003659,2026-09-12,Kisumu,DPK,OMC_E,2.79,2.79,NORMAL,SYNTHETIC_SCENARIO
ORD-0003660,2026-09-12,Kisumu,DPK,OMC_F,0.79,0.79,NORMAL,SYNTHETIC_SCENARIO
ORD-0003661,2026-09-13,Kisumu,DPK,OMC_A,0.91,0.91,NORMAL,SYNTHETIC_SCENARIO
ORD-0003662,2026-09-13,Kisumu,DPK,OMC_B,6.59,6.59,NORMAL,SYNTHETIC_SCENARIO
ORD-0003663,2026-09-13,Kisumu,DPK,OMC_C,0.67,0.67,NORMAL,SYNTHETIC_SCENARIO
ORD-0003664,2026-09-13,Kisumu,DPK,OMC_D,2.82,2.82,NORMAL,SYNTHETIC_SCENARIO
ORD-0003665,2026-09-13,Kisumu,DPK,OMC_E,2.93,2.93,NORMAL,SYNTHETIC_SCENARIO
ORD-0003666,2026-09-13,Kisumu,DPK,OMC_F,0.81,0.81,NORMAL,SYNTHETIC_SCENARIO
ORD-0003667,2026-09-14,Kisumu,DPK,OMC_A,6.65,6.65,NORMAL,SYNTHETIC_SCENARIO
ORD-0003668,2026-09-14,Kisumu,DPK,OMC_B,0.9,0.9,NORMAL,SYNTHETIC_SCENARIO
ORD-0003669,2026-09-14,Kisumu,DPK,OMC_C,5.93,5.93,NORMAL,SYNTHETIC_SCENARIO
ORD-0003670,2026-09-14,Kisumu,DPK,OMC_D,1.15,1.15,NORMAL,SYNTHETIC_SCENARIO
ORD-0003671,2026-09-14,Kisumu,DPK,OMC_E,0.51,0.51,NORMAL,SYNTHETIC_SCENARIO
ORD-0003672,2026-09-14,Kisumu,DPK,OMC_F,0.76,0.76,NORMAL,SYNTHETIC_SCENARIO
ORD-0003673,2026-09-15,Kisumu,DPK,OMC_A,4.45,4.45,NORMAL,SYNTHETIC_SCENARIO
ORD-0003674,2026-09-15,Kisumu,DPK,OMC_B,5.89,5.89,NORMAL,SYNTHETIC_SCENARIO
ORD-0003675,2026-09-15,Kisumu,DPK,OMC_C,5.98,5.98,NORMAL,SYNTHETIC_SCENARIO
ORD-0003676,2026-09-15,Kisumu,DPK,OMC_D,0.65,0.65,NORMAL,SYNTHETIC_SCENARIO
ORD-0003677,2026-09-15,Kisumu,DPK,OMC_E,0.8,0.8,NORMAL,SYNTHETIC_SCENARIO
ORD-0003678,2026-09-15,Kisumu,DPK,OMC_F,0.61,0.61,NORMAL,SYNTHETIC_SCENARIO
ORD-0003679,2026-09-16,Kisumu,DPK,OMC_A,4.98,4.98,NORMAL,SYNTHETIC_SCENARIO
ORD-0003680,2026-09-16,Kisumu,DPK,OMC_B,9.35,9.35,NORMAL,SYNTHETIC_SCENARIO
ORD-0003681,2026-09-16,Kisumu,DPK,OMC_C,0.24,0.24,NORMAL,SYNTHETIC_SCENARIO
ORD-0003682,2026-09-16,Kisumu,DPK,OMC_D,0.69,0.69,NORMAL,SYNTHETIC_SCENARIO
ORD-0003683,2026-09-16,Kisumu,DPK,OMC_E,0.52,0.52,NORMAL,SYNTHETIC_SCENARIO
ORD-0003684,2026-09-16,Kisumu,DPK,OMC_F,0.02,0.02,HIGH,SYNTHETIC_SCENARIO
ORD-0003685,2026-09-17,Kisumu,DPK,OMC_A,6.42,6.42,NORMAL,SYNTHETIC_SCENARIO
ORD-0003686,2026-09-17,Kisumu,DPK,OMC_B,2.76,2.76,NORMAL,SYNTHETIC_SCENARIO
ORD-0003687,2026-09-17,Kisumu,DPK,OMC_C,1.47,1.47,NORMAL,SYNTHETIC_SCENARIO
ORD-0003688,2026-09-17,Kisumu,DPK,OMC_D,6.03,6.03,NORMAL,SYNTHETIC_SCENARIO
ORD-0003689,2026-09-17,Kisumu,DPK,OMC_E,0.78,0.78,NORMAL,SYNTHETIC_SCENARIO
ORD-0003690,2026-09-17,Kisumu,DPK,OMC_F,0.33,0.33,NORMAL,SYNTHETIC_SCENARIO
ORD-0003691,2026-09-18,Kisumu,DPK,OMC_A,1.29,1.29,NORMAL,SYNTHETIC_SCENARIO
ORD-0003692,2026-09-18,Kisumu,DPK,OMC_B,1.62,1.62,NORMAL,SYNTHETIC_SCENARIO
ORD-0003693,2026-09-18,Kisumu,DPK,OMC_C,8.37,8.37,NORMAL,SYNTHETIC_SCENARIO
ORD-0003694,2026-09-18,Kisumu,DPK,OMC_D,1.65,1.65,NORMAL,SYNTHETIC_SCENARIO
ORD-0003695,2026-09-18,Kisumu,DPK,OMC_E,0.51,0.51,NORMAL,SYNTHETIC_SCENARIO
ORD-0003696,2026-09-18,Kisumu,DPK,OMC_F,4.11,4.11,HIGH,SYNTHETIC_SCENARIO
ORD-0003697,2026-09-19,Kisumu,DPK,OMC_A,6.15,6.15,NORMAL,SYNTHETIC_SCENARIO
ORD-0003698,2026-09-19,Kisumu,DPK,OMC_B,3.47,3.47,NORMAL,SYNTHETIC_SCENARIO
ORD-0003699,2026-09-19,Kisumu,DPK,OMC_C,2.3,2.3,NORMAL,SYNTHETIC_SCENARIO
ORD-0003700,2026-09-19,Kisumu,DPK,OMC_D,2.83,2.83,HIGH,SYNTHETIC_SCENARIO
ORD-0003701,2026-09-19,Kisumu,DPK,OMC_E,0.66,0.66,HIGH,SYNTHETIC_SCENARIO
ORD-0003702,2026-09-19,Kisumu,DPK,OMC_F,0.66,0.66,NORMAL,SYNTHETIC_SCENARIO
ORD-0003703,2026-09-20,Kisumu,DPK,OMC_A,3.31,3.31,NORMAL,SYNTHETIC_SCENARIO
ORD-0003704,2026-09-20,Kisumu,DPK,OMC_B,2.59,2.59,NORMAL,SYNTHETIC_SCENARIO
ORD-0003705,2026-09-20,Kisumu,DPK,OMC_C,1.17,1.17,NORMAL,SYNTHETIC_SCENARIO
ORD-0003706,2026-09-20,Kisumu,DPK,OMC_D,4.41,4.41,NORMAL,SYNTHETIC_SCENARIO
ORD-0003707,2026-09-20,Kisumu,DPK,OMC_E,1.32,1.32,NORMAL,SYNTHETIC_SCENARIO
ORD-0003708,2026-09-20,Kisumu,DPK,OMC_F,2.03,2.03,NORMAL,SYNTHETIC_SCENARIO
ORD-0003709,2026-09-21,Kisumu,DPK,OMC_A,2.3,2.3,NORMAL,SYNTHETIC_SCENARIO
ORD-0003710,2026-09-21,Kisumu,DPK,OMC_B,5.35,5.35,HIGH,SYNTHETIC_SCENARIO
ORD-0003711,2026-09-21,Kisumu,DPK,OMC_C,2.13,2.13,NORMAL,SYNTHETIC_SCENARIO
ORD-0003712,2026-09-21,Kisumu,DPK,OMC_D,5.41,5.41,NORMAL,SYNTHETIC_SCENARIO
ORD-0003713,2026-09-21,Kisumu,DPK,OMC_E,2.74,2.74,NORMAL,SYNTHETIC_SCENARIO
ORD-0003714,2026-09-21,Kisumu,DPK,OMC_F,0.25,0.25,NORMAL,SYNTHETIC_SCENARIO
ORD-0003715,2026-09-22,Kisumu,DPK,OMC_A,4.35,4.35,NORMAL,SYNTHETIC_SCENARIO
ORD-0003716,2026-09-22,Kisumu,DPK,OMC_B,0.46,0.46,NORMAL,SYNTHETIC_SCENARIO
ORD-0003717,2026-09-22,Kisumu,DPK,OMC_C,6.0,6.0,NORMAL,SYNTHETIC_SCENARIO
ORD-0003718,2026-09-22,Kisumu,DPK,OMC_D,1.32,1.32,NORMAL,SYNTHETIC_SCENARIO
ORD-0003719,2026-09-22,Kisumu,DPK,OMC_E,0.54,0.54,NORMAL,SYNTHETIC_SCENARIO
ORD-0003720,2026-09-22,Kisumu,DPK,OMC_F,4.05,4.05,NORMAL,SYNTHETIC_SCENARIO
ORD-0003721,2026-09-23,Kisumu,DPK,OMC_A,3.99,3.99,NORMAL,SYNTHETIC_SCENARIO
ORD-0003722,2026-09-23,Kisumu,DPK,OMC_B,4.78,4.78,NORMAL,SYNTHETIC_SCENARIO
ORD-0003723,2026-09-23,Kisumu,DPK,OMC_C,7.9,7.9,NORMAL,SYNTHETIC_SCENARIO
ORD-0003724,2026-09-23,Kisumu,DPK,OMC_D,1.78,1.78,NORMAL,SYNTHETIC_SCENARIO
ORD-0003725,2026-09-23,Kisumu,DPK,OMC_E,0.93,0.93,NORMAL,SYNTHETIC_SCENARIO
ORD-0003726,2026-09-23,Kisumu,DPK,OMC_F,0.05,0.05,NORMAL,SYNTHETIC_SCENARIO
ORD-0003727,2026-09-24,Kisumu,DPK,OMC_A,1.64,1.64,NORMAL,SYNTHETIC_SCENARIO
ORD-0003728,2026-09-24,Kisumu,DPK,OMC_B,3.19,3.19,NORMAL,SYNTHETIC_SCENARIO
ORD-0003729,2026-09-24,Kisumu,DPK,OMC_C,11.32,11.32,NORMAL,SYNTHETIC_SCENARIO
ORD-0003730,2026-09-24,Kisumu,DPK,OMC_D,0.24,0.24,NORMAL,SYNTHETIC_SCENARIO
ORD-0003731,2026-09-24,Kisumu,DPK,OMC_E,0.14,0.14,NORMAL,SYNTHETIC_SCENARIO
ORD-0003732,2026-09-24,Kisumu,DPK,OMC_F,0.82,0.82,NORMAL,SYNTHETIC_SCENARIO
ORD-0003733,2026-09-25,Kisumu,DPK,OMC_A,6.89,6.89,NORMAL,SYNTHETIC_SCENARIO
ORD-0003734,2026-09-25,Kisumu,DPK,OMC_B,0.37,0.37,NORMAL,SYNTHETIC_SCENARIO
ORD-0003735,2026-09-25,Kisumu,DPK,OMC_C,2.37,2.37,NORMAL,SYNTHETIC_SCENARIO
ORD-0003736,2026-09-25,Kisumu,DPK,OMC_D,3.13,3.13,NORMAL,SYNTHETIC_SCENARIO
ORD-0003737,2026-09-25,Kisumu,DPK,OMC_E,2.94,2.94,NORMAL,SYNTHETIC_SCENARIO
ORD-0003738,2026-09-25,Kisumu,DPK,OMC_F,2.04,2.04,NORMAL,SYNTHETIC_SCENARIO
ORD-0003739,2026-09-26,Kisumu,DPK,OMC_A,2.57,2.57,NORMAL,SYNTHETIC_SCENARIO
ORD-0003740,2026-09-26,Kisumu,DPK,OMC_B,2.17,2.17,NORMAL,SYNTHETIC_SCENARIO
ORD-0003741,2026-09-26,Kisumu,DPK,OMC_C,5.23,5.23,NORMAL,SYNTHETIC_SCENARIO
ORD-0003742,2026-09-26,Kisumu,DPK,OMC_D,1.93,1.93,NORMAL,SYNTHETIC_SCENARIO
ORD-0003743,2026-09-26,Kisumu,DPK,OMC_E,0.89,0.89,HIGH,SYNTHETIC_SCENARIO
ORD-0003744,2026-09-26,Kisumu,DPK,OMC_F,2.59,2.59,NORMAL,SYNTHETIC_SCENARIO
ORD-0003745,2026-09-27,Kisumu,DPK,OMC_A,5.7,5.7,NORMAL,SYNTHETIC_SCENARIO
ORD-0003746,2026-09-27,Kisumu,DPK,OMC_B,0.79,0.79,NORMAL,SYNTHETIC_SCENARIO
ORD-0003747,2026-09-27,Kisumu,DPK,OMC_C,0.61,0.61,NORMAL,SYNTHETIC_SCENARIO
ORD-0003748,2026-09-27,Kisumu,DPK,OMC_D,1.9,1.9,NORMAL,SYNTHETIC_SCENARIO
ORD-0003749,2026-09-27,Kisumu,DPK,OMC_E,4.02,4.02,NORMAL,SYNTHETIC_SCENARIO
ORD-0003750,2026-09-27,Kisumu,DPK,OMC_F,0.71,0.71,NORMAL,SYNTHETIC_SCENARIO
ORD-0003751,2026-09-28,Kisumu,DPK,OMC_A,5.21,5.21,NORMAL,SYNTHETIC_SCENARIO
ORD-0003752,2026-09-28,Kisumu,DPK,OMC_B,3.22,3.22,NORMAL,SYNTHETIC_SCENARIO
ORD-0003753,2026-09-28,Kisumu,DPK,OMC_C,0.33,0.33,NORMAL,SYNTHETIC_SCENARIO
ORD-0003754,2026-09-28,Kisumu,DPK,OMC_D,4.98,4.98,NORMAL,SYNTHETIC_SCENARIO
ORD-0003755,2026-09-28,Kisumu,DPK,OMC_E,1.51,1.51,HIGH,SYNTHETIC_SCENARIO
ORD-0003756,2026-09-28,Kisumu,DPK,OMC_F,0.57,0.57,NORMAL,SYNTHETIC_SCENARIO
ORD-0003757,2026-09-29,Kisumu,DPK,OMC_A,6.23,6.23,NORMAL,SYNTHETIC_SCENARIO
ORD-0003758,2026-09-29,Kisumu,DPK,OMC_B,3.98,3.98,NORMAL,SYNTHETIC_SCENARIO
ORD-0003759,2026-09-29,Kisumu,DPK,OMC_C,0.98,0.98,NORMAL,SYNTHETIC_SCENARIO
ORD-0003760,2026-09-29,Kisumu,DPK,OMC_D,4.36,4.36,NORMAL,SYNTHETIC_SCENARIO
ORD-0003761,2026-09-29,Kisumu,DPK,OMC_E,1.67,1.67,NORMAL,SYNTHETIC_SCENARIO
ORD-0003762,2026-09-29,Kisumu,DPK,OMC_F,0.96,0.96,NORMAL,SYNTHETIC_SCENARIO
ORD-0003763,2026-09-30,Kisumu,DPK,OMC_A,6.76,6.76,NORMAL,SYNTHETIC_SCENARIO
ORD-0003764,2026-09-30,Kisumu,DPK,OMC_B,4.19,4.19,NORMAL,SYNTHETIC_SCENARIO
ORD-0003765,2026-09-30,Kisumu,DPK,OMC_C,2.91,2.91,NORMAL,SYNTHETIC_SCENARIO
ORD-0003766,2026-09-30,Kisumu,DPK,OMC_D,1.63,1.63,NORMAL,SYNTHETIC_SCENARIO
ORD-0003767,2026-09-30,Kisumu,DPK,OMC_E,0.02,0.02,HIGH,SYNTHETIC_SCENARIO
ORD-0003768,2026-09-30,Kisumu,DPK,OMC_F,1.86,1.86,NORMAL,SYNTHETIC_SCENARIO
ORD-0003769,2026-10-01,Kisumu,DPK,OMC_A,3.08,3.08,NORMAL,SYNTHETIC_SCENARIO
ORD-0003770,2026-10-01,Kisumu,DPK,OMC_B,3.07,3.07,NORMAL,SYNTHETIC_SCENARIO
ORD-0003771,2026-10-01,Kisumu,DPK,OMC_C,4.04,4.04,NORMAL,SYNTHETIC_SCENARIO
ORD-0003772,2026-10-01,Kisumu,DPK,OMC_D,4.99,4.99,NORMAL,SYNTHETIC_SCENARIO
ORD-0003773,2026-10-01,Kisumu,DPK,OMC_E,3.11,3.11,NORMAL,SYNTHETIC_SCENARIO
ORD-0003774,2026-10-01,Kisumu,DPK,OMC_F,1.8,1.8,NORMAL,SYNTHETIC_SCENARIO
ORD-0003775,2026-10-02,Kisumu,DPK,OMC_A,5.4,5.4,NORMAL,SYNTHETIC_SCENARIO
ORD-0003776,2026-10-02,Kisumu,DPK,OMC_B,3.66,3.66,NORMAL,SYNTHETIC_SCENARIO
ORD-0003777,2026-10-02,Kisumu,DPK,OMC_C,3.22,3.22,NORMAL,SYNTHETIC_SCENARIO
ORD-0003778,2026-10-02,Kisumu,DPK,OMC_D,5.36,5.36,NORMAL,SYNTHETIC_SCENARIO
ORD-0003779,2026-10-02,Kisumu,DPK,OMC_E,1.19,1.19,NORMAL,SYNTHETIC_SCENARIO
ORD-0003780,2026-10-02,Kisumu,DPK,OMC_F,0.17,0.17,NORMAL,SYNTHETIC_SCENARIO
ORD-0003781,2026-10-03,Kisumu,DPK,OMC_A,6.15,6.15,NORMAL,SYNTHETIC_SCENARIO
ORD-0003782,2026-10-03,Kisumu,DPK,OMC_B,1.56,1.56,NORMAL,SYNTHETIC_SCENARIO
ORD-0003783,2026-10-03,Kisumu,DPK,OMC_C,5.67,5.67,NORMAL,SYNTHETIC_SCENARIO
ORD-0003784,2026-10-03,Kisumu,DPK,OMC_D,3.28,3.28,HIGH,SYNTHETIC_SCENARIO
ORD-0003785,2026-10-03,Kisumu,DPK,OMC_E,0.11,0.11,NORMAL,SYNTHETIC_SCENARIO
ORD-0003786,2026-10-03,Kisumu,DPK,OMC_F,0.45,0.45,HIGH,SYNTHETIC_SCENARIO
ORD-0003787,2026-10-04,Kisumu,DPK,OMC_A,4.07,4.07,NORMAL,SYNTHETIC_SCENARIO
ORD-0003788,2026-10-04,Kisumu,DPK,OMC_B,2.45,2.45,NORMAL,SYNTHETIC_SCENARIO
ORD-0003789,2026-10-04,Kisumu,DPK,OMC_C,4.22,4.22,NORMAL,SYNTHETIC_SCENARIO
ORD-0003790,2026-10-04,Kisumu,DPK,OMC_D,0.9,0.9,NORMAL,SYNTHETIC_SCENARIO
ORD-0003791,2026-10-04,Kisumu,DPK,OMC_E,1.07,1.07,NORMAL,SYNTHETIC_SCENARIO
ORD-0003792,2026-10-04,Kisumu,DPK,OMC_F,3.1,3.1,NORMAL,SYNTHETIC_SCENARIO
ORD-0003793,2026-10-05,Kisumu,DPK,OMC_A,6.93,6.93,NORMAL,SYNTHETIC_SCENARIO
ORD-0003794,2026-10-05,Kisumu,DPK,OMC_B,4.23,4.23,HIGH,SYNTHETIC_SCENARIO
ORD-0003795,2026-10-05,Kisumu,DPK,OMC_C,2.72,2.72,NORMAL,SYNTHETIC_SCENARIO
ORD-0003796,2026-10-05,Kisumu,DPK,OMC_D,0.86,0.86,NORMAL,SYNTHETIC_SCENARIO
ORD-0003797,2026-10-05,Kisumu,DPK,OMC_E,1.09,1.09,NORMAL,SYNTHETIC_SCENARIO
ORD-0003798,2026-10-05,Kisumu,DPK,OMC_F,0.57,0.57,NORMAL,SYNTHETIC_SCENARIO
ORD-0003799,2026-10-06,Kisumu,DPK,OMC_A,6.98,6.98,NORMAL,SYNTHETIC_SCENARIO
ORD-0003800,2026-10-06,Kisumu,DPK,OMC_B,3.16,3.16,HIGH,SYNTHETIC_SCENARIO
ORD-0003801,2026-10-06,Kisumu,DPK,OMC_C,0.43,0.43,NORMAL,SYNTHETIC_SCENARIO
ORD-0003802,2026-10-06,Kisumu,DPK,OMC_D,1.44,1.44,NORMAL,SYNTHETIC_SCENARIO
ORD-0003803,2026-10-06,Kisumu,DPK,OMC_E,0.67,0.67,NORMAL,SYNTHETIC_SCENARIO
ORD-0003804,2026-10-06,Kisumu,DPK,OMC_F,4.68,4.68,NORMAL,SYNTHETIC_SCENARIO
ORD-0003805,2026-10-07,Kisumu,DPK,OMC_A,3.79,3.79,NORMAL,SYNTHETIC_SCENARIO
ORD-0003806,2026-10-07,Kisumu,DPK,OMC_B,5.17,5.17,NORMAL,SYNTHETIC_SCENARIO
ORD-0003807,2026-10-07,Kisumu,DPK,OMC_C,1.71,1.71,NORMAL,SYNTHETIC_SCENARIO
ORD-0003808,2026-10-07,Kisumu,DPK,OMC_D,3.81,3.81,NORMAL,SYNTHETIC_SCENARIO
ORD-0003809,2026-10-07,Kisumu,DPK,OMC_E,4.28,4.28,NORMAL,SYNTHETIC_SCENARIO
ORD-0003810,2026-10-07,Kisumu,DPK,OMC_F,0.21,0.21,NORMAL,SYNTHETIC_SCENARIO
ORD-0003811,2026-10-08,Kisumu,DPK,OMC_A,5.4,5.4,NORMAL,SYNTHETIC_SCENARIO
ORD-0003812,2026-10-08,Kisumu,DPK,OMC_B,1.22,1.22,NORMAL,SYNTHETIC_SCENARIO
ORD-0003813,2026-10-08,Kisumu,DPK,OMC_C,7.54,7.54,NORMAL,SYNTHETIC_SCENARIO
ORD-0003814,2026-10-08,Kisumu,DPK,OMC_D,2.34,2.34,HIGH,SYNTHETIC_SCENARIO
ORD-0003815,2026-10-08,Kisumu,DPK,OMC_E,3.35,3.35,NORMAL,SYNTHETIC_SCENARIO
ORD-0003816,2026-10-08,Kisumu,DPK,OMC_F,0.59,0.59,NORMAL,SYNTHETIC_SCENARIO
ORD-0003817,2026-10-09,Kisumu,DPK,OMC_A,4.93,4.93,HIGH,SYNTHETIC_SCENARIO
ORD-0003818,2026-10-09,Kisumu,DPK,OMC_B,7.3,7.3,NORMAL,SYNTHETIC_SCENARIO
ORD-0003819,2026-10-09,Kisumu,DPK,OMC_C,1.93,1.93,NORMAL,SYNTHETIC_SCENARIO
ORD-0003820,2026-10-09,Kisumu,DPK,OMC_D,3.02,3.02,NORMAL,SYNTHETIC_SCENARIO
ORD-0003821,2026-10-09,Kisumu,DPK,OMC_E,0.87,0.87,NORMAL,SYNTHETIC_SCENARIO
ORD-0003822,2026-10-09,Kisumu,DPK,OMC_F,0.9,0.9,NORMAL,SYNTHETIC_SCENARIO
ORD-0003823,2026-10-10,Kisumu,DPK,OMC_A,3.69,3.69,NORMAL,SYNTHETIC_SCENARIO
ORD-0003824,2026-10-10,Kisumu,DPK,OMC_B,5.01,5.01,NORMAL,SYNTHETIC_SCENARIO
ORD-0003825,2026-10-10,Kisumu,DPK,OMC_C,2.45,2.45,NORMAL,SYNTHETIC_SCENARIO
ORD-0003826,2026-10-10,Kisumu,DPK,OMC_D,4.65,4.65,NORMAL,SYNTHETIC_SCENARIO
ORD-0003827,2026-10-10,Kisumu,DPK,OMC_E,0.08,0.08,NORMAL,SYNTHETIC_SCENARIO
ORD-0003828,2026-10-10,Kisumu,DPK,OMC_F,1.47,1.47,NORMAL,SYNTHETIC_SCENARIO
ORD-0003829,2026-10-11,Kisumu,DPK,OMC_A,1.67,1.67,NORMAL,SYNTHETIC_SCENARIO
ORD-0003830,2026-10-11,Kisumu,DPK,OMC_B,8.35,8.35,HIGH,SYNTHETIC_SCENARIO
ORD-0003831,2026-10-11,Kisumu,DPK,OMC_C,2.09,2.09,NORMAL,SYNTHETIC_SCENARIO
ORD-0003832,2026-10-11,Kisumu,DPK,OMC_D,1.03,1.03,NORMAL,SYNTHETIC_SCENARIO
ORD-0003833,2026-10-11,Kisumu,DPK,OMC_E,1.1,1.1,NORMAL,SYNTHETIC_SCENARIO
ORD-0003834,2026-10-11,Kisumu,DPK,OMC_F,0.95,0.95,NORMAL,SYNTHETIC_SCENARIO
ORD-0003835,2026-10-12,Kisumu,DPK,OMC_A,4.31,4.31,NORMAL,SYNTHETIC_SCENARIO
ORD-0003836,2026-10-12,Kisumu,DPK,OMC_B,3.95,3.95,NORMAL,SYNTHETIC_SCENARIO
ORD-0003837,2026-10-12,Kisumu,DPK,OMC_C,2.51,2.51,NORMAL,SYNTHETIC_SCENARIO
ORD-0003838,2026-10-12,Kisumu,DPK,OMC_D,1.59,1.59,NORMAL,SYNTHETIC_SCENARIO
ORD-0003839,2026-10-12,Kisumu,DPK,OMC_E,1.32,1.32,NORMAL,SYNTHETIC_SCENARIO
ORD-0003840,2026-10-12,Kisumu,DPK,OMC_F,4.62,4.62,NORMAL,SYNTHETIC_SCENARIO
ORD-0003841,2026-10-13,Kisumu,DPK,OMC_A,6.72,6.72,HIGH,SYNTHETIC_SCENARIO
ORD-0003842,2026-10-13,Kisumu,DPK,OMC_B,2.82,2.82,NORMAL,SYNTHETIC_SCENARIO
ORD-0003843,2026-10-13,Kisumu,DPK,OMC_C,1.66,1.66,NORMAL,SYNTHETIC_SCENARIO
ORD-0003844,2026-10-13,Kisumu,DPK,OMC_D,2.98,2.98,NORMAL,SYNTHETIC_SCENARIO
ORD-0003845,2026-10-13,Kisumu,DPK,OMC_E,0.63,0.63,NORMAL,SYNTHETIC_SCENARIO
ORD-0003846,2026-10-13,Kisumu,DPK,OMC_F,2.64,2.64,NORMAL,SYNTHETIC_SCENARIO
ORD-0003847,2026-10-14,Kisumu,DPK,OMC_A,6.68,6.68,HIGH,SYNTHETIC_SCENARIO
ORD-0003848,2026-10-14,Kisumu,DPK,OMC_B,4.67,4.67,NORMAL,SYNTHETIC_SCENARIO
ORD-0003849,2026-10-14,Kisumu,DPK,OMC_C,1.94,1.94,NORMAL,SYNTHETIC_SCENARIO
ORD-0003850,2026-10-14,Kisumu,DPK,OMC_D,2.2,2.2,NORMAL,SYNTHETIC_SCENARIO
ORD-0003851,2026-10-14,Kisumu,DPK,OMC_E,1.66,1.66,NORMAL,SYNTHETIC_SCENARIO
ORD-0003852,2026-10-14,Kisumu,DPK,OMC_F,0.65,0.65,NORMAL,SYNTHETIC_SCENARIO
ORD-0003853,2026-10-15,Kisumu,DPK,OMC_A,4.59,4.59,NORMAL,SYNTHETIC_SCENARIO
ORD-0003854,2026-10-15,Kisumu,DPK,OMC_B,3.93,3.93,NORMAL,SYNTHETIC_SCENARIO
ORD-0003855,2026-10-15,Kisumu,DPK,OMC_C,2.09,2.09,NORMAL,SYNTHETIC_SCENARIO
ORD-0003856,2026-10-15,Kisumu,DPK,OMC_D,1.97,1.97,HIGH,SYNTHETIC_SCENARIO
ORD-0003857,2026-10-15,Kisumu,DPK,OMC_E,2.04,2.04,NORMAL,SYNTHETIC_SCENARIO
ORD-0003858,2026-10-15,Kisumu,DPK,OMC_F,3.03,3.03,NORMAL,SYNTHETIC_SCENARIO
ORD-0003859,2026-10-16,Kisumu,DPK,OMC_A,2.28,2.28,NORMAL,SYNTHETIC_SCENARIO
ORD-0003860,2026-10-16,Kisumu,DPK,OMC_B,6.44,6.44,NORMAL,SYNTHETIC_SCENARIO
ORD-0003861,2026-10-16,Kisumu,DPK,OMC_C,6.19,6.19,NORMAL,SYNTHETIC_SCENARIO
ORD-0003862,2026-10-16,Kisumu,DPK,OMC_D,2.68,2.68,NORMAL,SYNTHETIC_SCENARIO
ORD-0003863,2026-10-16,Kisumu,DPK,OMC_E,0.48,0.48,NORMAL,SYNTHETIC_SCENARIO
ORD-0003864,2026-10-16,Kisumu,DPK,OMC_F,0.05,0.05,NORMAL,SYNTHETIC_SCENARIO
ORD-0003865,2026-10-17,Kisumu,DPK,OMC_A,5.74,5.74,NORMAL,SYNTHETIC_SCENARIO
ORD-0003866,2026-10-17,Kisumu,DPK,OMC_B,1.97,1.97,NORMAL,SYNTHETIC_SCENARIO
ORD-0003867,2026-10-17,Kisumu,DPK,OMC_C,4.95,4.95,NORMAL,SYNTHETIC_SCENARIO
ORD-0003868,2026-10-17,Kisumu,DPK,OMC_D,3.21,3.21,NORMAL,SYNTHETIC_SCENARIO
ORD-0003869,2026-10-17,Kisumu,DPK,OMC_E,0.21,0.21,NORMAL,SYNTHETIC_SCENARIO
ORD-0003870,2026-10-17,Kisumu,DPK,OMC_F,1.11,1.11,NORMAL,SYNTHETIC_SCENARIO
ORD-0003871,2026-10-18,Kisumu,DPK,OMC_A,2.0,2.0,NORMAL,SYNTHETIC_SCENARIO
ORD-0003872,2026-10-18,Kisumu,DPK,OMC_B,2.2,2.2,NORMAL,SYNTHETIC_SCENARIO
ORD-0003873,2026-10-18,Kisumu,DPK,OMC_C,1.99,1.99,NORMAL,SYNTHETIC_SCENARIO
ORD-0003874,2026-10-18,Kisumu,DPK,OMC_D,4.45,4.45,NORMAL,SYNTHETIC_SCENARIO
ORD-0003875,2026-10-18,Kisumu,DPK,OMC_E,1.55,1.55,NORMAL,SYNTHETIC_SCENARIO
ORD-0003876,2026-10-18,Kisumu,DPK,OMC_F,3.31,3.31,NORMAL,SYNTHETIC_SCENARIO
ORD-0003877,2026-10-19,Kisumu,DPK,OMC_A,5.2,5.2,NORMAL,SYNTHETIC_SCENARIO
ORD-0003878,2026-10-19,Kisumu,DPK,OMC_B,3.86,3.86,NORMAL,SYNTHETIC_SCENARIO
ORD-0003879,2026-10-19,Kisumu,DPK,OMC_C,7.05,7.05,NORMAL,SYNTHETIC_SCENARIO
ORD-0003880,2026-10-19,Kisumu,DPK,OMC_D,0.04,0.04,NORMAL,SYNTHETIC_SCENARIO
ORD-0003881,2026-10-19,Kisumu,DPK,OMC_E,0.84,0.84,NORMAL,SYNTHETIC_SCENARIO
ORD-0003882,2026-10-19,Kisumu,DPK,OMC_F,0.25,0.25,NORMAL,SYNTHETIC_SCENARIO
ORD-0003883,2026-10-20,Kisumu,DPK,OMC_A,5.84,5.84,NORMAL,SYNTHETIC_SCENARIO
ORD-0003884,2026-10-20,Kisumu,DPK,OMC_B,1.3,1.3,NORMAL,SYNTHETIC_SCENARIO
ORD-0003885,2026-10-20,Kisumu,DPK,OMC_C,2.97,2.97,NORMAL,SYNTHETIC_SCENARIO
ORD-0003886,2026-10-20,Kisumu,DPK,OMC_D,2.6,2.6,NORMAL,SYNTHETIC_SCENARIO
ORD-0003887,2026-10-20,Kisumu,DPK,OMC_E,1.22,1.22,NORMAL,SYNTHETIC_SCENARIO
ORD-0003888,2026-10-20,Kisumu,DPK,OMC_F,4.5,4.5,NORMAL,SYNTHETIC_SCENARIO
ORD-0003889,2026-10-21,Kisumu,DPK,OMC_A,2.2,2.2,NORMAL,SYNTHETIC_SCENARIO
ORD-0003890,2026-10-21,Kisumu,DPK,OMC_B,3.81,3.81,NORMAL,SYNTHETIC_SCENARIO
ORD-0003891,2026-10-21,Kisumu,DPK,OMC_C,9.22,9.22,NORMAL,SYNTHETIC_SCENARIO
ORD-0003892,2026-10-21,Kisumu,DPK,OMC_D,0.82,0.82,NORMAL,SYNTHETIC_SCENARIO
ORD-0003893,2026-10-21,Kisumu,DPK,OMC_E,2.56,2.56,NORMAL,SYNTHETIC_SCENARIO
ORD-0003894,2026-10-21,Kisumu,DPK,OMC_F,0.03,0.03,HIGH,SYNTHETIC_SCENARIO
ORD-0003895,2026-10-22,Kisumu,DPK,OMC_A,2.94,2.94,NORMAL,SYNTHETIC_SCENARIO
ORD-0003896,2026-10-22,Kisumu,DPK,OMC_B,5.44,5.44,NORMAL,SYNTHETIC_SCENARIO
ORD-0003897,2026-10-22,Kisumu,DPK,OMC_C,5.02,5.02,NORMAL,SYNTHETIC_SCENARIO
ORD-0003898,2026-10-22,Kisumu,DPK,OMC_D,1.67,1.67,NORMAL,SYNTHETIC_SCENARIO
ORD-0003899,2026-10-22,Kisumu,DPK,OMC_E,3.6,3.6,NORMAL,SYNTHETIC_SCENARIO
ORD-0003900,2026-10-22,Kisumu,DPK,OMC_F,0.9,0.9,NORMAL,SYNTHETIC_SCENARIO
ORD-0003901,2026-10-23,Kisumu,DPK,OMC_A,8.25,8.25,NORMAL,SYNTHETIC_SCENARIO
ORD-0003902,2026-10-23,Kisumu,DPK,OMC_B,3.63,3.63,NORMAL,SYNTHETIC_SCENARIO
ORD-0003903,2026-10-23,Kisumu,DPK,OMC_C,3.45,3.45,NORMAL,SYNTHETIC_SCENARIO
ORD-0003904,2026-10-23,Kisumu,DPK,OMC_D,2.46,2.46,NORMAL,SYNTHETIC_SCENARIO
ORD-0003905,2026-10-23,Kisumu,DPK,OMC_E,0.26,0.26,NORMAL,SYNTHETIC_SCENARIO
ORD-0003906,2026-10-23,Kisumu,DPK,OMC_F,0.26,0.26,NORMAL,SYNTHETIC_SCENARIO
ORD-0003907,2026-10-24,Kisumu,DPK,OMC_A,5.93,5.93,NORMAL,SYNTHETIC_SCENARIO
ORD-0003908,2026-10-24,Kisumu,DPK,OMC_B,1.77,1.77,NORMAL,SYNTHETIC_SCENARIO
ORD-0003909,2026-10-24,Kisumu,DPK,OMC_C,1.52,1.52,NORMAL,SYNTHETIC_SCENARIO
ORD-0003910,2026-10-24,Kisumu,DPK,OMC_D,7.01,7.01,NORMAL,SYNTHETIC_SCENARIO
ORD-0003911,2026-10-24,Kisumu,DPK,OMC_E,0.21,0.21,NORMAL,SYNTHETIC_SCENARIO
ORD-0003912,2026-10-24,Kisumu,DPK,OMC_F,1.09,1.09,NORMAL,SYNTHETIC_SCENARIO
ORD-0003913,2026-10-25,Kisumu,DPK,OMC_A,5.13,5.13,NORMAL,SYNTHETIC_SCENARIO
ORD-0003914,2026-10-25,Kisumu,DPK,OMC_B,2.36,2.36,NORMAL,SYNTHETIC_SCENARIO
ORD-0003915,2026-10-25,Kisumu,DPK,OMC_C,0.94,0.94,NORMAL,SYNTHETIC_SCENARIO
ORD-0003916,2026-10-25,Kisumu,DPK,OMC_D,3.03,3.03,NORMAL,SYNTHETIC_SCENARIO
ORD-0003917,2026-10-25,Kisumu,DPK,OMC_E,1.79,1.79,NORMAL,SYNTHETIC_SCENARIO
ORD-0003918,2026-10-25,Kisumu,DPK,OMC_F,1.01,1.01,NORMAL,SYNTHETIC_SCENARIO
ORD-0003919,2026-10-26,Kisumu,DPK,OMC_A,2.35,2.35,NORMAL,SYNTHETIC_SCENARIO
ORD-0003920,2026-10-26,Kisumu,DPK,OMC_B,3.29,3.29,NORMAL,SYNTHETIC_SCENARIO
ORD-0003921,2026-10-26,Kisumu,DPK,OMC_C,1.39,1.39,NORMAL,SYNTHETIC_SCENARIO
ORD-0003922,2026-10-26,Kisumu,DPK,OMC_D,4.32,4.32,NORMAL,SYNTHETIC_SCENARIO
ORD-0003923,2026-10-26,Kisumu,DPK,OMC_E,5.53,5.53,NORMAL,SYNTHETIC_SCENARIO
ORD-0003924,2026-10-26,Kisumu,DPK,OMC_F,1.8,1.8,NORMAL,SYNTHETIC_SCENARIO
ORD-0003925,2026-10-27,Kisumu,DPK,OMC_A,4.19,4.19,NORMAL,SYNTHETIC_SCENARIO
ORD-0003926,2026-10-27,Kisumu,DPK,OMC_B,6.59,6.59,HIGH,SYNTHETIC_SCENARIO
ORD-0003927,2026-10-27,Kisumu,DPK,OMC_C,3.73,3.73,NORMAL,SYNTHETIC_SCENARIO
ORD-0003928,2026-10-27,Kisumu,DPK,OMC_D,1.13,1.13,HIGH,SYNTHETIC_SCENARIO
ORD-0003929,2026-10-27,Kisumu,DPK,OMC_E,0.45,0.45,NORMAL,SYNTHETIC_SCENARIO
ORD-0003930,2026-10-27,Kisumu,DPK,OMC_F,2.43,2.43,HIGH,SYNTHETIC_SCENARIO
ORD-0003931,2026-10-28,Kisumu,DPK,OMC_A,5.05,5.05,NORMAL,SYNTHETIC_SCENARIO
ORD-0003932,2026-10-28,Kisumu,DPK,OMC_B,3.94,3.94,NORMAL,SYNTHETIC_SCENARIO
ORD-0003933,2026-10-28,Kisumu,DPK,OMC_C,1.57,1.57,HIGH,SYNTHETIC_SCENARIO
ORD-0003934,2026-10-28,Kisumu,DPK,OMC_D,7.47,7.47,NORMAL,SYNTHETIC_SCENARIO
ORD-0003935,2026-10-28,Kisumu,DPK,OMC_E,0.03,0.03,NORMAL,SYNTHETIC_SCENARIO
ORD-0003936,2026-10-28,Kisumu,DPK,OMC_F,0.34,0.34,NORMAL,SYNTHETIC_SCENARIO
ORD-0003937,2026-10-29,Kisumu,DPK,OMC_A,5.39,5.39,NORMAL,SYNTHETIC_SCENARIO
ORD-0003938,2026-10-29,Kisumu,DPK,OMC_B,7.86,7.86,NORMAL,SYNTHETIC_SCENARIO
ORD-0003939,2026-10-29,Kisumu,DPK,OMC_C,1.49,1.49,NORMAL,SYNTHETIC_SCENARIO
ORD-0003940,2026-10-29,Kisumu,DPK,OMC_D,1.21,1.21,NORMAL,SYNTHETIC_SCENARIO
ORD-0003941,2026-10-29,Kisumu,DPK,OMC_E,1.93,1.93,NORMAL,SYNTHETIC_SCENARIO
ORD-0003942,2026-10-29,Kisumu,DPK,OMC_F,0.18,0.18,NORMAL,SYNTHETIC_SCENARIO
ORD-0003943,2026-10-30,Kisumu,DPK,OMC_A,7.26,7.26,NORMAL,SYNTHETIC_SCENARIO
ORD-0003944,2026-10-30,Kisumu,DPK,OMC_B,2.13,2.13,NORMAL,SYNTHETIC_SCENARIO
ORD-0003945,2026-10-30,Kisumu,DPK,OMC_C,5.19,5.19,NORMAL,SYNTHETIC_SCENARIO
ORD-0003946,2026-10-30,Kisumu,DPK,OMC_D,1.36,1.36,HIGH,SYNTHETIC_SCENARIO
ORD-0003947,2026-10-30,Kisumu,DPK,OMC_E,2.25,2.25,NORMAL,SYNTHETIC_SCENARIO
ORD-0003948,2026-10-30,Kisumu,DPK,OMC_F,0.7,0.7,NORMAL,SYNTHETIC_SCENARIO
ORD-0003949,2026-10-31,Kisumu,DPK,OMC_A,7.7,7.7,NORMAL,SYNTHETIC_SCENARIO
ORD-0003950,2026-10-31,Kisumu,DPK,OMC_B,6.67,6.67,NORMAL,SYNTHETIC_SCENARIO
ORD-0003951,2026-10-31,Kisumu,DPK,OMC_C,0.61,0.61,NORMAL,SYNTHETIC_SCENARIO
ORD-0003952,2026-10-31,Kisumu,DPK,OMC_D,0.48,0.48,NORMAL,SYNTHETIC_SCENARIO
ORD-0003953,2026-10-31,Kisumu,DPK,OMC_E,0.09,0.09,NORMAL,SYNTHETIC_SCENARIO
ORD-0003954,2026-10-31,Kisumu,DPK,OMC_F,0.84,0.84,NORMAL,SYNTHETIC_SCENARIO
ORD-0003955,2026-11-01,Kisumu,DPK,OMC_A,2.06,2.06,NORMAL,SYNTHETIC_SCENARIO
ORD-0003956,2026-11-01,Kisumu,DPK,OMC_B,1.85,1.85,NORMAL,SYNTHETIC_SCENARIO
ORD-0003957,2026-11-01,Kisumu,DPK,OMC_C,4.61,4.61,NORMAL,SYNTHETIC_SCENARIO
ORD-0003958,2026-11-01,Kisumu,DPK,OMC_D,3.21,3.21,NORMAL,SYNTHETIC_SCENARIO
ORD-0003959,2026-11-01,Kisumu,DPK,OMC_E,0.31,0.31,NORMAL,SYNTHETIC_SCENARIO
ORD-0003960,2026-11-01,Kisumu,DPK,OMC_F,1.84,1.84,NORMAL,SYNTHETIC_SCENARIO
ORD-0003961,2026-11-02,Kisumu,DPK,OMC_A,3.87,3.87,NORMAL,SYNTHETIC_SCENARIO
ORD-0003962,2026-11-02,Kisumu,DPK,OMC_B,1.41,1.41,NORMAL,SYNTHETIC_SCENARIO
ORD-0003963,2026-11-02,Kisumu,DPK,OMC_C,4.36,4.36,NORMAL,SYNTHETIC_SCENARIO
ORD-0003964,2026-11-02,Kisumu,DPK,OMC_D,0.71,0.71,NORMAL,SYNTHETIC_SCENARIO
ORD-0003965,2026-11-02,Kisumu,DPK,OMC_E,6.62,6.62,NORMAL,SYNTHETIC_SCENARIO
ORD-0003966,2026-11-02,Kisumu,DPK,OMC_F,0.75,0.75,NORMAL,SYNTHETIC_SCENARIO
ORD-0003967,2026-11-03,Kisumu,DPK,OMC_A,6.24,6.24,HIGH,SYNTHETIC_SCENARIO
ORD-0003968,2026-11-03,Kisumu,DPK,OMC_B,2.28,2.28,NORMAL,SYNTHETIC_SCENARIO
ORD-0003969,2026-11-03,Kisumu,DPK,OMC_C,0.99,0.99,NORMAL,SYNTHETIC_SCENARIO
ORD-0003970,2026-11-03,Kisumu,DPK,OMC_D,0.82,0.82,NORMAL,SYNTHETIC_SCENARIO
ORD-0003971,2026-11-03,Kisumu,DPK,OMC_E,3.56,3.56,NORMAL,SYNTHETIC_SCENARIO
ORD-0003972,2026-11-03,Kisumu,DPK,OMC_F,4.4,4.4,NORMAL,SYNTHETIC_SCENARIO
ORD-0003973,2026-11-04,Kisumu,DPK,OMC_A,4.81,4.81,NORMAL,SYNTHETIC_SCENARIO
ORD-0003974,2026-11-04,Kisumu,DPK,OMC_B,5.57,5.57,NORMAL,SYNTHETIC_SCENARIO
ORD-0003975,2026-11-04,Kisumu,DPK,OMC_C,1.79,1.79,NORMAL,SYNTHETIC_SCENARIO
ORD-0003976,2026-11-04,Kisumu,DPK,OMC_D,0.36,0.36,NORMAL,SYNTHETIC_SCENARIO
ORD-0003977,2026-11-04,Kisumu,DPK,OMC_E,0.96,0.96,NORMAL,SYNTHETIC_SCENARIO
ORD-0003978,2026-11-04,Kisumu,DPK,OMC_F,2.4,2.4,NORMAL,SYNTHETIC_SCENARIO
ORD-0003979,2026-11-05,Kisumu,DPK,OMC_A,1.65,1.65,NORMAL,SYNTHETIC_SCENARIO
ORD-0003980,2026-11-05,Kisumu,DPK,OMC_B,1.93,1.93,NORMAL,SYNTHETIC_SCENARIO
ORD-0003981,2026-11-05,Kisumu,DPK,OMC_C,2.18,2.18,NORMAL,SYNTHETIC_SCENARIO
ORD-0003982,2026-11-05,Kisumu,DPK,OMC_D,9.02,9.02,NORMAL,SYNTHETIC_SCENARIO
ORD-0003983,2026-11-05,Kisumu,DPK,OMC_E,2.81,2.81,NORMAL,SYNTHETIC_SCENARIO
ORD-0003984,2026-11-05,Kisumu,DPK,OMC_F,1.08,1.08,NORMAL,SYNTHETIC_SCENARIO
ORD-0003985,2026-11-06,Kisumu,DPK,OMC_A,4.03,4.03,HIGH,SYNTHETIC_SCENARIO
ORD-0003986,2026-11-06,Kisumu,DPK,OMC_B,5.4,5.4,NORMAL,SYNTHETIC_SCENARIO
ORD-0003987,2026-11-06,Kisumu,DPK,OMC_C,3.64,3.64,NORMAL,SYNTHETIC_SCENARIO
ORD-0003988,2026-11-06,Kisumu,DPK,OMC_D,0.69,0.69,NORMAL,SYNTHETIC_SCENARIO
ORD-0003989,2026-11-06,Kisumu,DPK,OMC_E,2.91,2.91,NORMAL,SYNTHETIC_SCENARIO
ORD-0003990,2026-11-06,Kisumu,DPK,OMC_F,0.61,0.61,NORMAL,SYNTHETIC_SCENARIO
ORD-0003991,2026-11-07,Kisumu,DPK,OMC_A,4.46,4.46,NORMAL,SYNTHETIC_SCENARIO
ORD-0003992,2026-11-07,Kisumu,DPK,OMC_B,3.28,3.28,NORMAL,SYNTHETIC_SCENARIO
ORD-0003993,2026-11-07,Kisumu,DPK,OMC_C,3.9,3.9,NORMAL,SYNTHETIC_SCENARIO
ORD-0003994,2026-11-07,Kisumu,DPK,OMC_D,3.1,3.1,NORMAL,SYNTHETIC_SCENARIO
ORD-0003995,2026-11-07,Kisumu,DPK,OMC_E,0.93,0.93,NORMAL,SYNTHETIC_SCENARIO
ORD-0003996,2026-11-07,Kisumu,DPK,OMC_F,1.0,1.0,NORMAL,SYNTHETIC_SCENARIO
ORD-0003997,2026-11-08,Kisumu,DPK,OMC_A,6.52,6.52,NORMAL,SYNTHETIC_SCENARIO
ORD-0003998,2026-11-08,Kisumu,DPK,OMC_B,5.43,5.43,HIGH,SYNTHETIC_SCENARIO
ORD-0003999,2026-11-08,Kisumu,DPK,OMC_C,1.36,1.36,NORMAL,SYNTHETIC_SCENARIO
ORD-0004000,2026-11-08,Kisumu,DPK,OMC_D,0.77,0.77,HIGH,SYNTHETIC_SCENARIO
ORD-0004001,2026-11-08,Kisumu,DPK,OMC_E,1.47,1.47,NORMAL,SYNTHETIC_SCENARIO
ORD-0004002,2026-11-08,Kisumu,DPK,OMC_F,0.3,0.3,NORMAL,SYNTHETIC_SCENARIO
ORD-0004003,2026-11-09,Kisumu,DPK,OMC_A,6.68,6.68,HIGH,SYNTHETIC_SCENARIO
ORD-0004004,2026-11-09,Kisumu,DPK,OMC_B,2.09,2.09,NORMAL,SYNTHETIC_SCENARIO
ORD-0004005,2026-11-09,Kisumu,DPK,OMC_C,1.33,1.33,NORMAL,SYNTHETIC_SCENARIO
ORD-0004006,2026-11-09,Kisumu,DPK,OMC_D,2.9,2.9,NORMAL,SYNTHETIC_SCENARIO
ORD-0004007,2026-11-09,Kisumu,DPK,OMC_E,1.65,1.65,NORMAL,SYNTHETIC_SCENARIO
ORD-0004008,2026-11-09,Kisumu,DPK,OMC_F,2.21,2.21,HIGH,SYNTHETIC_SCENARIO
ORD-0004009,2026-11-10,Kisumu,DPK,OMC_A,3.29,3.29,HIGH,SYNTHETIC_SCENARIO
ORD-0004010,2026-11-10,Kisumu,DPK,OMC_B,7.65,7.65,NORMAL,SYNTHETIC_SCENARIO
ORD-0004011,2026-11-10,Kisumu,DPK,OMC_C,0.79,0.79,NORMAL,SYNTHETIC_SCENARIO
ORD-0004012,2026-11-10,Kisumu,DPK,OMC_D,2.81,2.81,NORMAL,SYNTHETIC_SCENARIO
ORD-0004013,2026-11-10,Kisumu,DPK,OMC_E,0.98,0.98,NORMAL,SYNTHETIC_SCENARIO
ORD-0004014,2026-11-10,Kisumu,DPK,OMC_F,2.05,2.05,NORMAL,SYNTHETIC_SCENARIO
ORD-0004015,2026-11-11,Kisumu,DPK,OMC_A,9.34,9.34,NORMAL,SYNTHETIC_SCENARIO
ORD-0004016,2026-11-11,Kisumu,DPK,OMC_B,2.67,2.67,NORMAL,SYNTHETIC_SCENARIO
ORD-0004017,2026-11-11,Kisumu,DPK,OMC_C,1.66,1.66,HIGH,SYNTHETIC_SCENARIO
ORD-0004018,2026-11-11,Kisumu,DPK,OMC_D,2.05,2.05,HIGH,SYNTHETIC_SCENARIO
ORD-0004019,2026-11-11,Kisumu,DPK,OMC_E,0.27,0.27,NORMAL,SYNTHETIC_SCENARIO
ORD-0004020,2026-11-11,Kisumu,DPK,OMC_F,0.88,0.88,NORMAL,SYNTHETIC_SCENARIO
ORD-0004021,2026-11-12,Kisumu,DPK,OMC_A,3.53,3.53,NORMAL,SYNTHETIC_SCENARIO
ORD-0004022,2026-11-12,Kisumu,DPK,OMC_B,4.93,4.93,NORMAL,SYNTHETIC_SCENARIO
ORD-0004023,2026-11-12,Kisumu,DPK,OMC_C,1.88,1.88,NORMAL,SYNTHETIC_SCENARIO
ORD-0004024,2026-11-12,Kisumu,DPK,OMC_D,2.84,2.84,NORMAL,SYNTHETIC_SCENARIO
ORD-0004025,2026-11-12,Kisumu,DPK,OMC_E,0.86,0.86,NORMAL,SYNTHETIC_SCENARIO
ORD-0004026,2026-11-12,Kisumu,DPK,OMC_F,5.17,5.17,NORMAL,SYNTHETIC_SCENARIO
ORD-0004027,2026-11-13,Kisumu,DPK,OMC_A,1.59,1.59,NORMAL,SYNTHETIC_SCENARIO
ORD-0004028,2026-11-13,Kisumu,DPK,OMC_B,3.55,3.55,HIGH,SYNTHETIC_SCENARIO
ORD-0004029,2026-11-13,Kisumu,DPK,OMC_C,7.35,7.35,NORMAL,SYNTHETIC_SCENARIO
ORD-0004030,2026-11-13,Kisumu,DPK,OMC_D,2.41,2.41,NORMAL,SYNTHETIC_SCENARIO
ORD-0004031,2026-11-13,Kisumu,DPK,OMC_E,1.77,1.77,NORMAL,SYNTHETIC_SCENARIO
ORD-0004032,2026-11-13,Kisumu,DPK,OMC_F,1.07,1.07,NORMAL,SYNTHETIC_SCENARIO
ORD-0004033,2026-11-14,Kisumu,DPK,OMC_A,7.81,7.81,NORMAL,SYNTHETIC_SCENARIO
ORD-0004034,2026-11-14,Kisumu,DPK,OMC_B,6.9,6.9,NORMAL,SYNTHETIC_SCENARIO
ORD-0004035,2026-11-14,Kisumu,DPK,OMC_C,0.72,0.72,NORMAL,SYNTHETIC_SCENARIO
ORD-0004036,2026-11-14,Kisumu,DPK,OMC_D,1.35,1.35,NORMAL,SYNTHETIC_SCENARIO
ORD-0004037,2026-11-14,Kisumu,DPK,OMC_E,0.05,0.05,NORMAL,SYNTHETIC_SCENARIO
ORD-0004038,2026-11-14,Kisumu,DPK,OMC_F,0.02,0.02,NORMAL,SYNTHETIC_SCENARIO
ORD-0004039,2026-11-15,Kisumu,DPK,OMC_A,3.04,3.04,NORMAL,SYNTHETIC_SCENARIO
ORD-0004040,2026-11-15,Kisumu,DPK,OMC_B,1.1,1.1,NORMAL,SYNTHETIC_SCENARIO
ORD-0004041,2026-11-15,Kisumu,DPK,OMC_C,6.09,6.09,NORMAL,SYNTHETIC_SCENARIO
ORD-0004042,2026-11-15,Kisumu,DPK,OMC_D,1.93,1.93,HIGH,SYNTHETIC_SCENARIO
ORD-0004043,2026-11-15,Kisumu,DPK,OMC_E,0.6,0.6,NORMAL,SYNTHETIC_SCENARIO
ORD-0004044,2026-11-15,Kisumu,DPK,OMC_F,1.54,1.54,NORMAL,SYNTHETIC_SCENARIO
ORD-0004045,2026-11-16,Kisumu,DPK,OMC_A,3.75,3.75,NORMAL,SYNTHETIC_SCENARIO
ORD-0004046,2026-11-16,Kisumu,DPK,OMC_B,4.95,4.95,NORMAL,SYNTHETIC_SCENARIO
ORD-0004047,2026-11-16,Kisumu,DPK,OMC_C,2.88,2.88,HIGH,SYNTHETIC_SCENARIO
ORD-0004048,2026-11-16,Kisumu,DPK,OMC_D,2.57,2.57,NORMAL,SYNTHETIC_SCENARIO
ORD-0004049,2026-11-16,Kisumu,DPK,OMC_E,2.21,2.21,NORMAL,SYNTHETIC_SCENARIO
ORD-0004050,2026-11-16,Kisumu,DPK,OMC_F,1.53,1.53,NORMAL,SYNTHETIC_SCENARIO
ORD-0004051,2026-11-17,Kisumu,DPK,OMC_A,5.69,5.69,NORMAL,SYNTHETIC_SCENARIO
ORD-0004052,2026-11-17,Kisumu,DPK,OMC_B,3.16,3.16,NORMAL,SYNTHETIC_SCENARIO
ORD-0004053,2026-11-17,Kisumu,DPK,OMC_C,1.99,1.99,NORMAL,SYNTHETIC_SCENARIO
ORD-0004054,2026-11-17,Kisumu,DPK,OMC_D,2.93,2.93,HIGH,SYNTHETIC_SCENARIO
ORD-0004055,2026-11-17,Kisumu,DPK,OMC_E,2.25,2.25,NORMAL,SYNTHETIC_SCENARIO
ORD-0004056,2026-11-17,Kisumu,DPK,OMC_F,1.01,1.01,NORMAL,SYNTHETIC_SCENARIO
ORD-0004057,2026-11-18,Kisumu,DPK,OMC_A,2.35,2.35,HIGH,SYNTHETIC_SCENARIO
ORD-0004058,2026-11-18,Kisumu,DPK,OMC_B,4.34,4.34,NORMAL,SYNTHETIC_SCENARIO
ORD-0004059,2026-11-18,Kisumu,DPK,OMC_C,4.75,4.75,NORMAL,SYNTHETIC_SCENARIO
ORD-0004060,2026-11-18,Kisumu,DPK,OMC_D,2.67,2.67,NORMAL,SYNTHETIC_SCENARIO
ORD-0004061,2026-11-18,Kisumu,DPK,OMC_E,2.7,2.7,NORMAL,SYNTHETIC_SCENARIO
ORD-0004062,2026-11-18,Kisumu,DPK,OMC_F,0.17,0.17,NORMAL,SYNTHETIC_SCENARIO
ORD-0004063,2026-11-19,Kisumu,DPK,OMC_A,3.43,3.43,NORMAL,SYNTHETIC_SCENARIO
ORD-0004064,2026-11-19,Kisumu,DPK,OMC_B,2.77,2.77,NORMAL,SYNTHETIC_SCENARIO
ORD-0004065,2026-11-19,Kisumu,DPK,OMC_C,5.13,5.13,NORMAL,SYNTHETIC_SCENARIO
ORD-0004066,2026-11-19,Kisumu,DPK,OMC_D,4.41,4.41,NORMAL,SYNTHETIC_SCENARIO
ORD-0004067,2026-11-19,Kisumu,DPK,OMC_E,2.03,2.03,NORMAL,SYNTHETIC_SCENARIO
ORD-0004068,2026-11-19,Kisumu,DPK,OMC_F,0.91,0.91,NORMAL,SYNTHETIC_SCENARIO
ORD-0004069,2026-11-20,Kisumu,DPK,OMC_A,6.99,6.99,HIGH,SYNTHETIC_SCENARIO
ORD-0004070,2026-11-20,Kisumu,DPK,OMC_B,2.79,2.79,NORMAL,SYNTHETIC_SCENARIO
ORD-0004071,2026-11-20,Kisumu,DPK,OMC_C,0.58,0.58,NORMAL,SYNTHETIC_SCENARIO
ORD-0004072,2026-11-20,Kisumu,DPK,OMC_D,5.23,5.23,NORMAL,SYNTHETIC_SCENARIO
ORD-0004073,2026-11-20,Kisumu,DPK,OMC_E,3.24,3.24,NORMAL,SYNTHETIC_SCENARIO
ORD-0004074,2026-11-20,Kisumu,DPK,OMC_F,0.86,0.86,NORMAL,SYNTHETIC_SCENARIO
ORD-0004075,2026-11-21,Kisumu,DPK,OMC_A,2.36,2.36,NORMAL,SYNTHETIC_SCENARIO
ORD-0004076,2026-11-21,Kisumu,DPK,OMC_B,4.48,4.48,HIGH,SYNTHETIC_SCENARIO
ORD-0004077,2026-11-21,Kisumu,DPK,OMC_C,1.58,1.58,NORMAL,SYNTHETIC_SCENARIO
ORD-0004078,2026-11-21,Kisumu,DPK,OMC_D,4.7,4.7,NORMAL,SYNTHETIC_SCENARIO
ORD-0004079,2026-11-21,Kisumu,DPK,OMC_E,1.24,1.24,HIGH,SYNTHETIC_SCENARIO
ORD-0004080,2026-11-21,Kisumu,DPK,OMC_F,0.68,0.68,NORMAL,SYNTHETIC_SCENARIO
ORD-0004081,2026-11-22,Kisumu,DPK,OMC_A,5.86,5.86,NORMAL,SYNTHETIC_SCENARIO
ORD-0004082,2026-11-22,Kisumu,DPK,OMC_B,2.74,2.74,NORMAL,SYNTHETIC_SCENARIO
ORD-0004083,2026-11-22,Kisumu,DPK,OMC_C,0.88,0.88,NORMAL,SYNTHETIC_SCENARIO
ORD-0004084,2026-11-22,Kisumu,DPK,OMC_D,2.31,2.31,NORMAL,SYNTHETIC_SCENARIO
ORD-0004085,2026-11-22,Kisumu,DPK,OMC_E,1.07,1.07,NORMAL,SYNTHETIC_SCENARIO
ORD-0004086,2026-11-22,Kisumu,DPK,OMC_F,1.18,1.18,NORMAL,SYNTHETIC_SCENARIO
ORD-0004087,2026-11-23,Kisumu,DPK,OMC_A,3.08,3.08,NORMAL,SYNTHETIC_SCENARIO
ORD-0004088,2026-11-23,Kisumu,DPK,OMC_B,9.32,9.32,NORMAL,SYNTHETIC_SCENARIO
ORD-0004089,2026-11-23,Kisumu,DPK,OMC_C,2.89,2.89,NORMAL,SYNTHETIC_SCENARIO
ORD-0004090,2026-11-23,Kisumu,DPK,OMC_D,1.34,1.34,NORMAL,SYNTHETIC_SCENARIO
ORD-0004091,2026-11-23,Kisumu,DPK,OMC_E,0.37,0.37,NORMAL,SYNTHETIC_SCENARIO
ORD-0004092,2026-11-23,Kisumu,DPK,OMC_F,0.7,0.7,NORMAL,SYNTHETIC_SCENARIO
ORD-0004093,2026-11-24,Kisumu,DPK,OMC_A,5.3,5.3,NORMAL,SYNTHETIC_SCENARIO
ORD-0004094,2026-11-24,Kisumu,DPK,OMC_B,5.22,5.22,NORMAL,SYNTHETIC_SCENARIO
ORD-0004095,2026-11-24,Kisumu,DPK,OMC_C,2.21,2.21,NORMAL,SYNTHETIC_SCENARIO
ORD-0004096,2026-11-24,Kisumu,DPK,OMC_D,2.72,2.72,NORMAL,SYNTHETIC_SCENARIO
ORD-0004097,2026-11-24,Kisumu,DPK,OMC_E,2.45,2.45,NORMAL,SYNTHETIC_SCENARIO
ORD-0004098,2026-11-24,Kisumu,DPK,OMC_F,0.76,0.76,NORMAL,SYNTHETIC_SCENARIO
ORD-0004099,2026-11-25,Kisumu,DPK,OMC_A,10.62,10.62,NORMAL,SYNTHETIC_SCENARIO
ORD-0004100,2026-11-25,Kisumu,DPK,OMC_B,0.59,0.59,HIGH,SYNTHETIC_SCENARIO
ORD-0004101,2026-11-25,Kisumu,DPK,OMC_C,1.13,1.13,NORMAL,SYNTHETIC_SCENARIO
ORD-0004102,2026-11-25,Kisumu,DPK,OMC_D,4.55,4.55,NORMAL,SYNTHETIC_SCENARIO
ORD-0004103,2026-11-25,Kisumu,DPK,OMC_E,1.0,1.0,NORMAL,SYNTHETIC_SCENARIO
ORD-0004104,2026-11-25,Kisumu,DPK,OMC_F,0.58,0.58,NORMAL,SYNTHETIC_SCENARIO
ORD-0004105,2026-11-26,Kisumu,DPK,OMC_A,4.78,4.78,NORMAL,SYNTHETIC_SCENARIO
ORD-0004106,2026-11-26,Kisumu,DPK,OMC_B,7.82,7.82,NORMAL,SYNTHETIC_SCENARIO
ORD-0004107,2026-11-26,Kisumu,DPK,OMC_C,1.79,1.79,NORMAL,SYNTHETIC_SCENARIO
ORD-0004108,2026-11-26,Kisumu,DPK,OMC_D,1.47,1.47,NORMAL,SYNTHETIC_SCENARIO
ORD-0004109,2026-11-26,Kisumu,DPK,OMC_E,1.34,1.34,NORMAL,SYNTHETIC_SCENARIO
ORD-0004110,2026-11-26,Kisumu,DPK,OMC_F,1.55,1.55,NORMAL,SYNTHETIC_SCENARIO
ORD-0004111,2026-11-27,Kisumu,DPK,OMC_A,2.47,2.47,NORMAL,SYNTHETIC_SCENARIO
ORD-0004112,2026-11-27,Kisumu,DPK,OMC_B,5.06,5.06,NORMAL,SYNTHETIC_SCENARIO
ORD-0004113,2026-11-27,Kisumu,DPK,OMC_C,3.72,3.72,HIGH,SYNTHETIC_SCENARIO
ORD-0004114,2026-11-27,Kisumu,DPK,OMC_D,2.15,2.15,NORMAL,SYNTHETIC_SCENARIO
ORD-0004115,2026-11-27,Kisumu,DPK,OMC_E,2.23,2.23,NORMAL,SYNTHETIC_SCENARIO
ORD-0004116,2026-11-27,Kisumu,DPK,OMC_F,0.14,0.14,NORMAL,SYNTHETIC_SCENARIO
ORD-0004117,2026-11-28,Kisumu,DPK,OMC_A,3.56,3.56,NORMAL,SYNTHETIC_SCENARIO
ORD-0004118,2026-11-28,Kisumu,DPK,OMC_B,1.54,1.54,NORMAL,SYNTHETIC_SCENARIO
ORD-0004119,2026-11-28,Kisumu,DPK,OMC_C,5.05,5.05,NORMAL,SYNTHETIC_SCENARIO
ORD-0004120,2026-11-28,Kisumu,DPK,OMC_D,1.86,1.86,NORMAL,SYNTHETIC_SCENARIO
ORD-0004121,2026-11-28,Kisumu,DPK,OMC_E,1.32,1.32,NORMAL,SYNTHETIC_SCENARIO
ORD-0004122,2026-11-28,Kisumu,DPK,OMC_F,1.87,1.87,NORMAL,SYNTHETIC_SCENARIO
ORD-0004123,2026-11-29,Kisumu,DPK,OMC_A,1.85,1.85,NORMAL,SYNTHETIC_SCENARIO
ORD-0004124,2026-11-29,Kisumu,DPK,OMC_B,3.16,3.16,HIGH,SYNTHETIC_SCENARIO
ORD-0004125,2026-11-29,Kisumu,DPK,OMC_C,6.05,6.05,NORMAL,SYNTHETIC_SCENARIO
ORD-0004126,2026-11-29,Kisumu,DPK,OMC_D,3.12,3.12,HIGH,SYNTHETIC_SCENARIO
ORD-0004127,2026-11-29,Kisumu,DPK,OMC_E,0.31,0.31,NORMAL,SYNTHETIC_SCENARIO
ORD-0004128,2026-11-29,Kisumu,DPK,OMC_F,0.1,0.1,NORMAL,SYNTHETIC_SCENARIO
ORD-0004129,2026-11-30,Kisumu,DPK,OMC_A,7.02,7.02,NORMAL,SYNTHETIC_SCENARIO
ORD-0004130,2026-11-30,Kisumu,DPK,OMC_B,6.06,6.06,NORMAL,SYNTHETIC_SCENARIO
ORD-0004131,2026-11-30,Kisumu,DPK,OMC_C,1.74,1.74,NORMAL,SYNTHETIC_SCENARIO
ORD-0004132,2026-11-30,Kisumu,DPK,OMC_D,0.19,0.19,NORMAL,SYNTHETIC_SCENARIO
ORD-0004133,2026-11-30,Kisumu,DPK,OMC_E,0.53,0.53,NORMAL,SYNTHETIC_SCENARIO
ORD-0004134,2026-11-30,Kisumu,DPK,OMC_F,0.73,0.73,NORMAL,SYNTHETIC_SCENARIO
ORD-0004135,2026-12-01,Kisumu,DPK,OMC_A,7.99,7.99,NORMAL,SYNTHETIC_SCENARIO
ORD-0004136,2026-12-01,Kisumu,DPK,OMC_B,3.01,3.01,NORMAL,SYNTHETIC_SCENARIO
ORD-0004137,2026-12-01,Kisumu,DPK,OMC_C,1.97,1.97,NORMAL,SYNTHETIC_SCENARIO
ORD-0004138,2026-12-01,Kisumu,DPK,OMC_D,0.86,0.86,NORMAL,SYNTHETIC_SCENARIO
ORD-0004139,2026-12-01,Kisumu,DPK,OMC_E,2.44,2.44,NORMAL,SYNTHETIC_SCENARIO
ORD-0004140,2026-12-01,Kisumu,DPK,OMC_F,2.35,2.35,HIGH,SYNTHETIC_SCENARIO
ORD-0004141,2026-12-02,Kisumu,DPK,OMC_A,5.52,5.52,NORMAL,SYNTHETIC_SCENARIO
ORD-0004142,2026-12-02,Kisumu,DPK,OMC_B,5.05,5.05,NORMAL,SYNTHETIC_SCENARIO
ORD-0004143,2026-12-02,Kisumu,DPK,OMC_C,2.5,2.5,NORMAL,SYNTHETIC_SCENARIO
ORD-0004144,2026-12-02,Kisumu,DPK,OMC_D,4.45,4.45,NORMAL,SYNTHETIC_SCENARIO
ORD-0004145,2026-12-02,Kisumu,DPK,OMC_E,0.92,0.92,NORMAL,SYNTHETIC_SCENARIO
ORD-0004146,2026-12-02,Kisumu,DPK,OMC_F,0.58,0.58,NORMAL,SYNTHETIC_SCENARIO
ORD-0004147,2026-12-03,Kisumu,DPK,OMC_A,2.46,2.46,HIGH,SYNTHETIC_SCENARIO
ORD-0004148,2026-12-03,Kisumu,DPK,OMC_B,2.71,2.71,NORMAL,SYNTHETIC_SCENARIO
ORD-0004149,2026-12-03,Kisumu,DPK,OMC_C,9.25,9.25,NORMAL,SYNTHETIC_SCENARIO
ORD-0004150,2026-12-03,Kisumu,DPK,OMC_D,2.06,2.06,NORMAL,SYNTHETIC_SCENARIO
ORD-0004151,2026-12-03,Kisumu,DPK,OMC_E,2.53,2.53,HIGH,SYNTHETIC_SCENARIO
ORD-0004152,2026-12-03,Kisumu,DPK,OMC_F,0.13,0.13,NORMAL,SYNTHETIC_SCENARIO
ORD-0004153,2026-12-04,Kisumu,DPK,OMC_A,3.33,3.33,NORMAL,SYNTHETIC_SCENARIO
ORD-0004154,2026-12-04,Kisumu,DPK,OMC_B,2.04,2.04,NORMAL,SYNTHETIC_SCENARIO
ORD-0004155,2026-12-04,Kisumu,DPK,OMC_C,2.64,2.64,NORMAL,SYNTHETIC_SCENARIO
ORD-0004156,2026-12-04,Kisumu,DPK,OMC_D,3.43,3.43,NORMAL,SYNTHETIC_SCENARIO
ORD-0004157,2026-12-04,Kisumu,DPK,OMC_E,4.49,4.49,NORMAL,SYNTHETIC_SCENARIO
ORD-0004158,2026-12-04,Kisumu,DPK,OMC_F,4.04,4.04,NORMAL,SYNTHETIC_SCENARIO
ORD-0004159,2026-12-05,Kisumu,DPK,OMC_A,4.58,4.58,HIGH,SYNTHETIC_SCENARIO
ORD-0004160,2026-12-05,Kisumu,DPK,OMC_B,1.97,1.97,NORMAL,SYNTHETIC_SCENARIO
ORD-0004161,2026-12-05,Kisumu,DPK,OMC_C,3.09,3.09,NORMAL,SYNTHETIC_SCENARIO
ORD-0004162,2026-12-05,Kisumu,DPK,OMC_D,1.63,1.63,NORMAL,SYNTHETIC_SCENARIO
ORD-0004163,2026-12-05,Kisumu,DPK,OMC_E,2.89,2.89,NORMAL,SYNTHETIC_SCENARIO
ORD-0004164,2026-12-05,Kisumu,DPK,OMC_F,1.98,1.98,NORMAL,SYNTHETIC_SCENARIO
ORD-0004165,2026-12-06,Kisumu,DPK,OMC_A,4.44,4.44,NORMAL,SYNTHETIC_SCENARIO
ORD-0004166,2026-12-06,Kisumu,DPK,OMC_B,3.85,3.85,NORMAL,SYNTHETIC_SCENARIO
ORD-0004167,2026-12-06,Kisumu,DPK,OMC_C,0.94,0.94,NORMAL,SYNTHETIC_SCENARIO
ORD-0004168,2026-12-06,Kisumu,DPK,OMC_D,0.84,0.84,NORMAL,SYNTHETIC_SCENARIO
ORD-0004169,2026-12-06,Kisumu,DPK,OMC_E,4.7,4.7,NORMAL,SYNTHETIC_SCENARIO
ORD-0004170,2026-12-06,Kisumu,DPK,OMC_F,1.08,1.08,NORMAL,SYNTHETIC_SCENARIO
ORD-0004171,2026-12-07,Kisumu,DPK,OMC_A,3.41,3.41,NORMAL,SYNTHETIC_SCENARIO
ORD-0004172,2026-12-07,Kisumu,DPK,OMC_B,2.15,2.15,NORMAL,SYNTHETIC_SCENARIO
ORD-0004173,2026-12-07,Kisumu,DPK,OMC_C,1.46,1.46,NORMAL,SYNTHETIC_SCENARIO
ORD-0004174,2026-12-07,Kisumu,DPK,OMC_D,5.2,5.2,NORMAL,SYNTHETIC_SCENARIO
ORD-0004175,2026-12-07,Kisumu,DPK,OMC_E,3.31,3.31,NORMAL,SYNTHETIC_SCENARIO
ORD-0004176,2026-12-07,Kisumu,DPK,OMC_F,3.0,3.0,HIGH,SYNTHETIC_SCENARIO
ORD-0004177,2026-12-08,Kisumu,DPK,OMC_A,5.04,5.04,HIGH,SYNTHETIC_SCENARIO
ORD-0004178,2026-12-08,Kisumu,DPK,OMC_B,4.49,4.49,NORMAL,SYNTHETIC_SCENARIO
ORD-0004179,2026-12-08,Kisumu,DPK,OMC_C,2.83,2.83,NORMAL,SYNTHETIC_SCENARIO
ORD-0004180,2026-12-08,Kisumu,DPK,OMC_D,2.48,2.48,NORMAL,SYNTHETIC_SCENARIO
ORD-0004181,2026-12-08,Kisumu,DPK,OMC_E,1.8,1.8,HIGH,SYNTHETIC_SCENARIO
ORD-0004182,2026-12-08,Kisumu,DPK,OMC_F,0.69,0.69,HIGH,SYNTHETIC_SCENARIO
ORD-0004183,2026-12-09,Kisumu,DPK,OMC_A,8.19,8.19,NORMAL,SYNTHETIC_SCENARIO
ORD-0004184,2026-12-09,Kisumu,DPK,OMC_B,1.94,1.94,HIGH,SYNTHETIC_SCENARIO
ORD-0004185,2026-12-09,Kisumu,DPK,OMC_C,2.22,2.22,HIGH,SYNTHETIC_SCENARIO
ORD-0004186,2026-12-09,Kisumu,DPK,OMC_D,0.76,0.76,NORMAL,SYNTHETIC_SCENARIO
ORD-0004187,2026-12-09,Kisumu,DPK,OMC_E,2.73,2.73,NORMAL,SYNTHETIC_SCENARIO
ORD-0004188,2026-12-09,Kisumu,DPK,OMC_F,0.46,0.46,NORMAL,SYNTHETIC_SCENARIO
ORD-0004189,2026-12-10,Kisumu,DPK,OMC_A,1.59,1.59,NORMAL,SYNTHETIC_SCENARIO
ORD-0004190,2026-12-10,Kisumu,DPK,OMC_B,4.43,4.43,HIGH,SYNTHETIC_SCENARIO
ORD-0004191,2026-12-10,Kisumu,DPK,OMC_C,4.43,4.43,NORMAL,SYNTHETIC_SCENARIO
ORD-0004192,2026-12-10,Kisumu,DPK,OMC_D,6.62,6.62,NORMAL,SYNTHETIC_SCENARIO
ORD-0004193,2026-12-10,Kisumu,DPK,OMC_E,0.08,0.08,NORMAL,SYNTHETIC_SCENARIO
ORD-0004194,2026-12-10,Kisumu,DPK,OMC_F,0.86,0.86,HIGH,SYNTHETIC_SCENARIO
ORD-0004195,2026-12-11,Kisumu,DPK,OMC_A,3.78,3.78,NORMAL,SYNTHETIC_SCENARIO
ORD-0004196,2026-12-11,Kisumu,DPK,OMC_B,5.24,5.24,NORMAL,SYNTHETIC_SCENARIO
ORD-0004197,2026-12-11,Kisumu,DPK,OMC_C,3.19,3.19,NORMAL,SYNTHETIC_SCENARIO
ORD-0004198,2026-12-11,Kisumu,DPK,OMC_D,4.83,4.83,NORMAL,SYNTHETIC_SCENARIO
ORD-0004199,2026-12-11,Kisumu,DPK,OMC_E,0.79,0.79,NORMAL,SYNTHETIC_SCENARIO
ORD-0004200,2026-12-11,Kisumu,DPK,OMC_F,1.53,1.53,NORMAL,SYNTHETIC_SCENARIO
ORD-0004201,2026-12-12,Kisumu,DPK,OMC_A,1.89,1.89,HIGH,SYNTHETIC_SCENARIO
ORD-0004202,2026-12-12,Kisumu,DPK,OMC_B,3.96,3.96,NORMAL,SYNTHETIC_SCENARIO
ORD-0004203,2026-12-12,Kisumu,DPK,OMC_C,7.3,7.3,NORMAL,SYNTHETIC_SCENARIO
ORD-0004204,2026-12-12,Kisumu,DPK,OMC_D,1.11,1.11,NORMAL,SYNTHETIC_SCENARIO
ORD-0004205,2026-12-12,Kisumu,DPK,OMC_E,0.56,0.56,NORMAL,SYNTHETIC_SCENARIO
ORD-0004206,2026-12-12,Kisumu,DPK,OMC_F,1.1,1.1,NORMAL,SYNTHETIC_SCENARIO
ORD-0004207,2026-12-13,Kisumu,DPK,OMC_A,4.25,4.25,NORMAL,SYNTHETIC_SCENARIO
ORD-0004208,2026-12-13,Kisumu,DPK,OMC_B,0.57,0.57,NORMAL,SYNTHETIC_SCENARIO
ORD-0004209,2026-12-13,Kisumu,DPK,OMC_C,4.34,4.34,NORMAL,SYNTHETIC_SCENARIO
ORD-0004210,2026-12-13,Kisumu,DPK,OMC_D,2.12,2.12,HIGH,SYNTHETIC_SCENARIO
ORD-0004211,2026-12-13,Kisumu,DPK,OMC_E,0.19,0.19,NORMAL,SYNTHETIC_SCENARIO
ORD-0004212,2026-12-13,Kisumu,DPK,OMC_F,2.62,2.62,NORMAL,SYNTHETIC_SCENARIO
ORD-0004213,2026-12-14,Kisumu,DPK,OMC_A,2.69,2.69,NORMAL,SYNTHETIC_SCENARIO
ORD-0004214,2026-12-14,Kisumu,DPK,OMC_B,9.02,9.02,NORMAL,SYNTHETIC_SCENARIO
ORD-0004215,2026-12-14,Kisumu,DPK,OMC_C,1.86,1.86,NORMAL,SYNTHETIC_SCENARIO
ORD-0004216,2026-12-14,Kisumu,DPK,OMC_D,3.37,3.37,NORMAL,SYNTHETIC_SCENARIO
ORD-0004217,2026-12-14,Kisumu,DPK,OMC_E,1.17,1.17,NORMAL,SYNTHETIC_SCENARIO
ORD-0004218,2026-12-14,Kisumu,DPK,OMC_F,0.21,0.21,NORMAL,SYNTHETIC_SCENARIO
ORD-0004219,2026-12-15,Kisumu,DPK,OMC_A,1.21,1.21,NORMAL,SYNTHETIC_SCENARIO
ORD-0004220,2026-12-15,Kisumu,DPK,OMC_B,1.88,1.88,NORMAL,SYNTHETIC_SCENARIO
ORD-0004221,2026-12-15,Kisumu,DPK,OMC_C,2.78,2.78,HIGH,SYNTHETIC_SCENARIO
ORD-0004222,2026-12-15,Kisumu,DPK,OMC_D,5.86,5.86,NORMAL,SYNTHETIC_SCENARIO
ORD-0004223,2026-12-15,Kisumu,DPK,OMC_E,0.23,0.23,NORMAL,SYNTHETIC_SCENARIO
ORD-0004224,2026-12-15,Kisumu,DPK,OMC_F,5.73,5.73,NORMAL,SYNTHETIC_SCENARIO
ORD-0004225,2026-12-16,Kisumu,DPK,OMC_A,9.46,9.46,NORMAL,SYNTHETIC_SCENARIO
ORD-0004226,2026-12-16,Kisumu,DPK,OMC_B,3.8,3.8,NORMAL,SYNTHETIC_SCENARIO
ORD-0004227,2026-12-16,Kisumu,DPK,OMC_C,3.6,3.6,NORMAL,SYNTHETIC_SCENARIO
ORD-0004228,2026-12-16,Kisumu,DPK,OMC_D,1.11,1.11,NORMAL,SYNTHETIC_SCENARIO
ORD-0004229,2026-12-16,Kisumu,DPK,OMC_E,0.79,0.79,NORMAL,SYNTHETIC_SCENARIO
ORD-0004230,2026-12-16,Kisumu,DPK,OMC_F,0.57,0.57,NORMAL,SYNTHETIC_SCENARIO
ORD-0004231,2026-12-17,Kisumu,DPK,OMC_A,11.57,11.57,NORMAL,SYNTHETIC_SCENARIO
ORD-0004232,2026-12-17,Kisumu,DPK,OMC_B,2.22,2.22,NORMAL,SYNTHETIC_SCENARIO
ORD-0004233,2026-12-17,Kisumu,DPK,OMC_C,0.21,0.21,NORMAL,SYNTHETIC_SCENARIO
ORD-0004234,2026-12-17,Kisumu,DPK,OMC_D,1.37,1.37,NORMAL,SYNTHETIC_SCENARIO
ORD-0004235,2026-12-17,Kisumu,DPK,OMC_E,3.91,3.91,NORMAL,SYNTHETIC_SCENARIO
ORD-0004236,2026-12-17,Kisumu,DPK,OMC_F,0.74,0.74,NORMAL,SYNTHETIC_SCENARIO
ORD-0004237,2026-12-18,Kisumu,DPK,OMC_A,3.61,3.61,NORMAL,SYNTHETIC_SCENARIO
ORD-0004238,2026-12-18,Kisumu,DPK,OMC_B,5.9,5.9,NORMAL,SYNTHETIC_SCENARIO
ORD-0004239,2026-12-18,Kisumu,DPK,OMC_C,2.16,2.16,NORMAL,SYNTHETIC_SCENARIO
ORD-0004240,2026-12-18,Kisumu,DPK,OMC_D,3.29,3.29,NORMAL,SYNTHETIC_SCENARIO
ORD-0004241,2026-12-18,Kisumu,DPK,OMC_E,2.46,2.46,NORMAL,SYNTHETIC_SCENARIO
ORD-0004242,2026-12-18,Kisumu,DPK,OMC_F,2.16,2.16,NORMAL,SYNTHETIC_SCENARIO
ORD-0004243,2026-12-19,Kisumu,DPK,OMC_A,0.78,0.78,NORMAL,SYNTHETIC_SCENARIO
ORD-0004244,2026-12-19,Kisumu,DPK,OMC_B,4.64,4.64,NORMAL,SYNTHETIC_SCENARIO
ORD-0004245,2026-12-19,Kisumu,DPK,OMC_C,6.5,6.5,NORMAL,SYNTHETIC_SCENARIO
ORD-0004246,2026-12-19,Kisumu,DPK,OMC_D,3.39,3.39,NORMAL,SYNTHETIC_SCENARIO
ORD-0004247,2026-12-19,Kisumu,DPK,OMC_E,0.22,0.22,NORMAL,SYNTHETIC_SCENARIO
ORD-0004248,2026-12-19,Kisumu,DPK,OMC_F,0.5,0.5,NORMAL,SYNTHETIC_SCENARIO
ORD-0004249,2026-12-20,Kisumu,DPK,OMC_A,3.04,3.04,NORMAL,SYNTHETIC_SCENARIO
ORD-0004250,2026-12-20,Kisumu,DPK,OMC_B,3.48,3.48,NORMAL,SYNTHETIC_SCENARIO
ORD-0004251,2026-12-20,Kisumu,DPK,OMC_C,1.76,1.76,NORMAL,SYNTHETIC_SCENARIO
ORD-0004252,2026-12-20,Kisumu,DPK,OMC_D,7.2,7.2,NORMAL,SYNTHETIC_SCENARIO
ORD-0004253,2026-12-20,Kisumu,DPK,OMC_E,0.07,0.07,NORMAL,SYNTHETIC_SCENARIO
ORD-0004254,2026-12-20,Kisumu,DPK,OMC_F,0.16,0.16,NORMAL,SYNTHETIC_SCENARIO
ORD-0004255,2026-12-21,Kisumu,DPK,OMC_A,8.01,8.01,NORMAL,SYNTHETIC_SCENARIO
ORD-0004256,2026-12-21,Kisumu,DPK,OMC_B,4.08,4.08,NORMAL,SYNTHETIC_SCENARIO
ORD-0004257,2026-12-21,Kisumu,DPK,OMC_C,1.16,1.16,NORMAL,SYNTHETIC_SCENARIO
ORD-0004258,2026-12-21,Kisumu,DPK,OMC_D,1.16,1.16,NORMAL,SYNTHETIC_SCENARIO
ORD-0004259,2026-12-21,Kisumu,DPK,OMC_E,4.44,4.44,NORMAL,SYNTHETIC_SCENARIO
ORD-0004260,2026-12-21,Kisumu,DPK,OMC_F,0.13,0.13,NORMAL,SYNTHETIC_SCENARIO
ORD-0004261,2026-12-22,Kisumu,DPK,OMC_A,7.69,7.69,NORMAL,SYNTHETIC_SCENARIO
ORD-0004262,2026-12-22,Kisumu,DPK,OMC_B,2.91,2.91,NORMAL,SYNTHETIC_SCENARIO
ORD-0004263,2026-12-22,Kisumu,DPK,OMC_C,1.41,1.41,NORMAL,SYNTHETIC_SCENARIO
ORD-0004264,2026-12-22,Kisumu,DPK,OMC_D,0.65,0.65,NORMAL,SYNTHETIC_SCENARIO
ORD-0004265,2026-12-22,Kisumu,DPK,OMC_E,4.4,4.4,NORMAL,SYNTHETIC_SCENARIO
ORD-0004266,2026-12-22,Kisumu,DPK,OMC_F,0.22,0.22,NORMAL,SYNTHETIC_SCENARIO
ORD-0004267,2026-12-23,Kisumu,DPK,OMC_A,3.81,3.81,NORMAL,SYNTHETIC_SCENARIO
ORD-0004268,2026-12-23,Kisumu,DPK,OMC_B,2.02,2.02,NORMAL,SYNTHETIC_SCENARIO
ORD-0004269,2026-12-23,Kisumu,DPK,OMC_C,6.73,6.73,NORMAL,SYNTHETIC_SCENARIO
ORD-0004270,2026-12-23,Kisumu,DPK,OMC_D,2.71,2.71,NORMAL,SYNTHETIC_SCENARIO
ORD-0004271,2026-12-23,Kisumu,DPK,OMC_E,2.23,2.23,NORMAL,SYNTHETIC_SCENARIO
ORD-0004272,2026-12-23,Kisumu,DPK,OMC_F,1.25,1.25,NORMAL,SYNTHETIC_SCENARIO
ORD-0004273,2026-12-24,Kisumu,DPK,OMC_A,0.74,0.74,NORMAL,SYNTHETIC_SCENARIO
ORD-0004274,2026-12-24,Kisumu,DPK,OMC_B,8.78,8.78,NORMAL,SYNTHETIC_SCENARIO
ORD-0004275,2026-12-24,Kisumu,DPK,OMC_C,5.86,5.86,NORMAL,SYNTHETIC_SCENARIO
ORD-0004276,2026-12-24,Kisumu,DPK,OMC_D,1.35,1.35,NORMAL,SYNTHETIC_SCENARIO
ORD-0004277,2026-12-24,Kisumu,DPK,OMC_E,1.3,1.3,NORMAL,SYNTHETIC_SCENARIO
ORD-0004278,2026-12-24,Kisumu,DPK,OMC_F,0.15,0.15,NORMAL,SYNTHETIC_SCENARIO
ORD-0004279,2026-12-25,Kisumu,DPK,OMC_A,5.52,5.52,NORMAL,SYNTHETIC_SCENARIO
ORD-0004280,2026-12-25,Kisumu,DPK,OMC_B,3.49,3.49,NORMAL,SYNTHETIC_SCENARIO
ORD-0004281,2026-12-25,Kisumu,DPK,OMC_C,4.68,4.68,NORMAL,SYNTHETIC_SCENARIO
ORD-0004282,2026-12-25,Kisumu,DPK,OMC_D,2.35,2.35,NORMAL,SYNTHETIC_SCENARIO
ORD-0004283,2026-12-25,Kisumu,DPK,OMC_E,0.06,0.06,NORMAL,SYNTHETIC_SCENARIO
ORD-0004284,2026-12-25,Kisumu,DPK,OMC_F,2.61,2.61,NORMAL,SYNTHETIC_SCENARIO
ORD-0004285,2026-12-26,Kisumu,DPK,OMC_A,3.67,3.67,NORMAL,SYNTHETIC_SCENARIO
ORD-0004286,2026-12-26,Kisumu,DPK,OMC_B,1.01,1.01,NORMAL,SYNTHETIC_SCENARIO
ORD-0004287,2026-12-26,Kisumu,DPK,OMC_C,2.94,2.94,NORMAL,SYNTHETIC_SCENARIO
ORD-0004288,2026-12-26,Kisumu,DPK,OMC_D,2.51,2.51,NORMAL,SYNTHETIC_SCENARIO
ORD-0004289,2026-12-26,Kisumu,DPK,OMC_E,5.53,5.53,NORMAL,SYNTHETIC_SCENARIO
ORD-0004290,2026-12-26,Kisumu,DPK,OMC_F,1.96,1.96,NORMAL,SYNTHETIC_SCENARIO
ORD-0004291,2026-12-27,Kisumu,DPK,OMC_A,6.02,6.02,NORMAL,SYNTHETIC_SCENARIO
ORD-0004292,2026-12-27,Kisumu,DPK,OMC_B,2.88,2.88,NORMAL,SYNTHETIC_SCENARIO
ORD-0004293,2026-12-27,Kisumu,DPK,OMC_C,3.27,3.27,NORMAL,SYNTHETIC_SCENARIO
ORD-0004294,2026-12-27,Kisumu,DPK,OMC_D,0.25,0.25,NORMAL,SYNTHETIC_SCENARIO
ORD-0004295,2026-12-27,Kisumu,DPK,OMC_E,1.1,1.1,HIGH,SYNTHETIC_SCENARIO
ORD-0004296,2026-12-27,Kisumu,DPK,OMC_F,2.35,2.35,HIGH,SYNTHETIC_SCENARIO
ORD-0004297,2026-12-28,Kisumu,DPK,OMC_A,2.57,2.57,NORMAL,SYNTHETIC_SCENARIO
ORD-0004298,2026-12-28,Kisumu,DPK,OMC_B,4.91,4.91,NORMAL,SYNTHETIC_SCENARIO
ORD-0004299,2026-12-28,Kisumu,DPK,OMC_C,4.88,4.88,NORMAL,SYNTHETIC_SCENARIO
ORD-0004300,2026-12-28,Kisumu,DPK,OMC_D,3.97,3.97,NORMAL,SYNTHETIC_SCENARIO
ORD-0004301,2026-12-28,Kisumu,DPK,OMC_E,0.38,0.38,NORMAL,SYNTHETIC_SCENARIO
ORD-0004302,2026-12-28,Kisumu,DPK,OMC_F,1.18,1.18,NORMAL,SYNTHETIC_SCENARIO
ORD-0004303,2026-12-29,Kisumu,DPK,OMC_A,4.9,4.9,NORMAL,SYNTHETIC_SCENARIO
ORD-0004304,2026-12-29,Kisumu,DPK,OMC_B,3.29,3.29,NORMAL,SYNTHETIC_SCENARIO
ORD-0004305,2026-12-29,Kisumu,DPK,OMC_C,3.43,3.43,NORMAL,SYNTHETIC_SCENARIO
ORD-0004306,2026-12-29,Kisumu,DPK,OMC_D,0.99,0.99,NORMAL,SYNTHETIC_SCENARIO
ORD-0004307,2026-12-29,Kisumu,DPK,OMC_E,5.45,5.45,NORMAL,SYNTHETIC_SCENARIO
ORD-0004308,2026-12-29,Kisumu,DPK,OMC_F,0.14,0.14,NORMAL,SYNTHETIC_SCENARIO
ORD-0004309,2026-12-30,Kisumu,DPK,OMC_A,8.31,8.31,NORMAL,SYNTHETIC_SCENARIO
ORD-0004310,2026-12-30,Kisumu,DPK,OMC_B,4.14,4.14,HIGH,SYNTHETIC_SCENARIO
ORD-0004311,2026-12-30,Kisumu,DPK,OMC_C,3.81,3.81,NORMAL,SYNTHETIC_SCENARIO
ORD-0004312,2026-12-30,Kisumu,DPK,OMC_D,1.59,1.59,NORMAL,SYNTHETIC_SCENARIO
ORD-0004313,2026-12-30,Kisumu,DPK,OMC_E,0.94,0.94,NORMAL,SYNTHETIC_SCENARIO
ORD-0004314,2026-12-30,Kisumu,DPK,OMC_F,2.06,2.06,NORMAL,SYNTHETIC_SCENARIO
ORD-0004315,2026-12-31,Kisumu,DPK,OMC_A,2.2,2.2,NORMAL,SYNTHETIC_SCENARIO
ORD-0004316,2026-12-31,Kisumu,DPK,OMC_B,5.15,5.15,NORMAL,SYNTHETIC_SCENARIO
ORD-0004317,2026-12-31,Kisumu,DPK,OMC_C,6.32,6.32,NORMAL,SYNTHETIC_SCENARIO
ORD-0004318,2026-12-31,Kisumu,DPK,OMC_D,3.72,3.72,NORMAL,SYNTHETIC_SCENARIO
ORD-0004319,2026-12-31,Kisumu,DPK,OMC_E,0.94,0.94,NORMAL,SYNTHETIC_SCENARIO
ORD-0004320,2026-12-31,Kisumu,DPK,OMC_F,0.55,0.55,HIGH,SYNTHETIC_SCENARIO
ORD-0004321,2026-09-03,Kisumu,JET_A1,OMC_A,22.94,22.94,NORMAL,SYNTHETIC_SCENARIO
ORD-0004322,2026-09-03,Kisumu,JET_A1,OMC_B,17.68,17.68,HIGH,SYNTHETIC_SCENARIO
ORD-0004323,2026-09-03,Kisumu,JET_A1,OMC_C,18.62,18.62,NORMAL,SYNTHETIC_SCENARIO
ORD-0004324,2026-09-03,Kisumu,JET_A1,OMC_D,23.55,23.55,NORMAL,SYNTHETIC_SCENARIO
ORD-0004325,2026-09-03,Kisumu,JET_A1,OMC_E,20.31,20.31,HIGH,SYNTHETIC_SCENARIO
ORD-0004326,2026-09-03,Kisumu,JET_A1,OMC_F,1.0,1.0,HIGH,SYNTHETIC_SCENARIO
ORD-0004327,2026-09-04,Kisumu,JET_A1,OMC_A,33.17,33.17,NORMAL,SYNTHETIC_SCENARIO
ORD-0004328,2026-09-04,Kisumu,JET_A1,OMC_B,22.21,22.21,NORMAL,SYNTHETIC_SCENARIO
ORD-0004329,2026-09-04,Kisumu,JET_A1,OMC_C,21.72,21.72,NORMAL,SYNTHETIC_SCENARIO
ORD-0004330,2026-09-04,Kisumu,JET_A1,OMC_D,12.58,12.58,NORMAL,SYNTHETIC_SCENARIO
ORD-0004331,2026-09-04,Kisumu,JET_A1,OMC_E,5.58,5.58,HIGH,SYNTHETIC_SCENARIO
ORD-0004332,2026-09-04,Kisumu,JET_A1,OMC_F,5.1,5.1,NORMAL,SYNTHETIC_SCENARIO
ORD-0004333,2026-09-05,Kisumu,JET_A1,OMC_A,26.69,26.69,NORMAL,SYNTHETIC_SCENARIO
ORD-0004334,2026-09-05,Kisumu,JET_A1,OMC_B,6.53,6.53,NORMAL,SYNTHETIC_SCENARIO
ORD-0004335,2026-09-05,Kisumu,JET_A1,OMC_C,6.41,6.41,NORMAL,SYNTHETIC_SCENARIO
ORD-0004336,2026-09-05,Kisumu,JET_A1,OMC_D,16.69,16.69,NORMAL,SYNTHETIC_SCENARIO
ORD-0004337,2026-09-05,Kisumu,JET_A1,OMC_E,7.47,7.47,NORMAL,SYNTHETIC_SCENARIO
ORD-0004338,2026-09-05,Kisumu,JET_A1,OMC_F,27.36,27.36,NORMAL,SYNTHETIC_SCENARIO
ORD-0004339,2026-09-06,Kisumu,JET_A1,OMC_A,32.5,32.5,NORMAL,SYNTHETIC_SCENARIO
ORD-0004340,2026-09-06,Kisumu,JET_A1,OMC_B,14.5,14.5,NORMAL,SYNTHETIC_SCENARIO
ORD-0004341,2026-09-06,Kisumu,JET_A1,OMC_C,12.78,12.78,NORMAL,SYNTHETIC_SCENARIO
ORD-0004342,2026-09-06,Kisumu,JET_A1,OMC_D,11.42,11.42,NORMAL,SYNTHETIC_SCENARIO
ORD-0004343,2026-09-06,Kisumu,JET_A1,OMC_E,7.93,7.93,NORMAL,SYNTHETIC_SCENARIO
ORD-0004344,2026-09-06,Kisumu,JET_A1,OMC_F,8.65,8.65,NORMAL,SYNTHETIC_SCENARIO
ORD-0004345,2026-09-07,Kisumu,JET_A1,OMC_A,15.32,15.32,NORMAL,SYNTHETIC_SCENARIO
ORD-0004346,2026-09-07,Kisumu,JET_A1,OMC_B,26.3,26.3,NORMAL,SYNTHETIC_SCENARIO
ORD-0004347,2026-09-07,Kisumu,JET_A1,OMC_C,10.45,10.45,NORMAL,SYNTHETIC_SCENARIO
ORD-0004348,2026-09-07,Kisumu,JET_A1,OMC_D,5.49,5.49,NORMAL,SYNTHETIC_SCENARIO
ORD-0004349,2026-09-07,Kisumu,JET_A1,OMC_E,16.6,16.6,NORMAL,SYNTHETIC_SCENARIO
ORD-0004350,2026-09-07,Kisumu,JET_A1,OMC_F,18.79,18.79,NORMAL,SYNTHETIC_SCENARIO
ORD-0004351,2026-09-08,Kisumu,JET_A1,OMC_A,23.54,23.54,NORMAL,SYNTHETIC_SCENARIO
ORD-0004352,2026-09-08,Kisumu,JET_A1,OMC_B,14.89,14.89,NORMAL,SYNTHETIC_SCENARIO
ORD-0004353,2026-09-08,Kisumu,JET_A1,OMC_C,11.81,11.81,NORMAL,SYNTHETIC_SCENARIO
ORD-0004354,2026-09-08,Kisumu,JET_A1,OMC_D,8.59,8.59,HIGH,SYNTHETIC_SCENARIO
ORD-0004355,2026-09-08,Kisumu,JET_A1,OMC_E,26.52,26.52,NORMAL,SYNTHETIC_SCENARIO
ORD-0004356,2026-09-08,Kisumu,JET_A1,OMC_F,10.64,10.64,NORMAL,SYNTHETIC_SCENARIO
ORD-0004357,2026-09-09,Kisumu,JET_A1,OMC_A,42.9,42.9,NORMAL,SYNTHETIC_SCENARIO
ORD-0004358,2026-09-09,Kisumu,JET_A1,OMC_B,9.6,9.6,NORMAL,SYNTHETIC_SCENARIO
ORD-0004359,2026-09-09,Kisumu,JET_A1,OMC_C,26.18,26.18,NORMAL,SYNTHETIC_SCENARIO
ORD-0004360,2026-09-09,Kisumu,JET_A1,OMC_D,5.62,5.62,NORMAL,SYNTHETIC_SCENARIO
ORD-0004361,2026-09-09,Kisumu,JET_A1,OMC_E,10.4,10.4,NORMAL,SYNTHETIC_SCENARIO
ORD-0004362,2026-09-09,Kisumu,JET_A1,OMC_F,3.22,3.22,NORMAL,SYNTHETIC_SCENARIO
ORD-0004363,2026-09-10,Kisumu,JET_A1,OMC_A,48.54,48.54,NORMAL,SYNTHETIC_SCENARIO
ORD-0004364,2026-09-10,Kisumu,JET_A1,OMC_B,20.59,20.59,NORMAL,SYNTHETIC_SCENARIO
ORD-0004365,2026-09-10,Kisumu,JET_A1,OMC_C,10.41,10.41,NORMAL,SYNTHETIC_SCENARIO
ORD-0004366,2026-09-10,Kisumu,JET_A1,OMC_D,11.87,11.87,NORMAL,SYNTHETIC_SCENARIO
ORD-0004367,2026-09-10,Kisumu,JET_A1,OMC_E,11.35,11.35,NORMAL,SYNTHETIC_SCENARIO
ORD-0004368,2026-09-10,Kisumu,JET_A1,OMC_F,1.82,1.82,NORMAL,SYNTHETIC_SCENARIO
ORD-0004369,2026-09-11,Kisumu,JET_A1,OMC_A,20.72,20.72,NORMAL,SYNTHETIC_SCENARIO
ORD-0004370,2026-09-11,Kisumu,JET_A1,OMC_B,40.4,40.4,NORMAL,SYNTHETIC_SCENARIO
ORD-0004371,2026-09-11,Kisumu,JET_A1,OMC_C,2.83,2.83,HIGH,SYNTHETIC_SCENARIO
ORD-0004372,2026-09-11,Kisumu,JET_A1,OMC_D,24.75,24.75,HIGH,SYNTHETIC_SCENARIO
ORD-0004373,2026-09-11,Kisumu,JET_A1,OMC_E,4.46,4.46,NORMAL,SYNTHETIC_SCENARIO
ORD-0004374,2026-09-11,Kisumu,JET_A1,OMC_F,11.05,11.05,NORMAL,SYNTHETIC_SCENARIO
ORD-0004375,2026-09-12,Kisumu,JET_A1,OMC_A,15.5,15.5,NORMAL,SYNTHETIC_SCENARIO
ORD-0004376,2026-09-12,Kisumu,JET_A1,OMC_B,3.76,3.76,NORMAL,SYNTHETIC_SCENARIO
ORD-0004377,2026-09-12,Kisumu,JET_A1,OMC_C,29.66,29.66,NORMAL,SYNTHETIC_SCENARIO
ORD-0004378,2026-09-12,Kisumu,JET_A1,OMC_D,2.47,2.47,NORMAL,SYNTHETIC_SCENARIO
ORD-0004379,2026-09-12,Kisumu,JET_A1,OMC_E,10.55,10.55,NORMAL,SYNTHETIC_SCENARIO
ORD-0004380,2026-09-12,Kisumu,JET_A1,OMC_F,34.84,34.84,NORMAL,SYNTHETIC_SCENARIO
ORD-0004381,2026-09-13,Kisumu,JET_A1,OMC_A,42.66,42.66,NORMAL,SYNTHETIC_SCENARIO
ORD-0004382,2026-09-13,Kisumu,JET_A1,OMC_B,20.55,20.55,HIGH,SYNTHETIC_SCENARIO
ORD-0004383,2026-09-13,Kisumu,JET_A1,OMC_C,20.59,20.59,NORMAL,SYNTHETIC_SCENARIO
ORD-0004384,2026-09-13,Kisumu,JET_A1,OMC_D,2.66,2.66,NORMAL,SYNTHETIC_SCENARIO
ORD-0004385,2026-09-13,Kisumu,JET_A1,OMC_E,0.54,0.54,NORMAL,SYNTHETIC_SCENARIO
ORD-0004386,2026-09-13,Kisumu,JET_A1,OMC_F,5.35,5.35,NORMAL,SYNTHETIC_SCENARIO
ORD-0004387,2026-09-14,Kisumu,JET_A1,OMC_A,21.83,21.83,NORMAL,SYNTHETIC_SCENARIO
ORD-0004388,2026-09-14,Kisumu,JET_A1,OMC_B,28.43,28.43,NORMAL,SYNTHETIC_SCENARIO
ORD-0004389,2026-09-14,Kisumu,JET_A1,OMC_C,2.49,2.49,NORMAL,SYNTHETIC_SCENARIO
ORD-0004390,2026-09-14,Kisumu,JET_A1,OMC_D,30.01,30.01,NORMAL,SYNTHETIC_SCENARIO
ORD-0004391,2026-09-14,Kisumu,JET_A1,OMC_E,7.08,7.08,NORMAL,SYNTHETIC_SCENARIO
ORD-0004392,2026-09-14,Kisumu,JET_A1,OMC_F,9.86,9.86,NORMAL,SYNTHETIC_SCENARIO
ORD-0004393,2026-09-15,Kisumu,JET_A1,OMC_A,15.3,15.3,NORMAL,SYNTHETIC_SCENARIO
ORD-0004394,2026-09-15,Kisumu,JET_A1,OMC_B,31.32,31.32,HIGH,SYNTHETIC_SCENARIO
ORD-0004395,2026-09-15,Kisumu,JET_A1,OMC_C,10.27,10.27,NORMAL,SYNTHETIC_SCENARIO
ORD-0004396,2026-09-15,Kisumu,JET_A1,OMC_D,1.29,1.29,NORMAL,SYNTHETIC_SCENARIO
ORD-0004397,2026-09-15,Kisumu,JET_A1,OMC_E,13.89,13.89,HIGH,SYNTHETIC_SCENARIO
ORD-0004398,2026-09-15,Kisumu,JET_A1,OMC_F,27.93,27.93,NORMAL,SYNTHETIC_SCENARIO
ORD-0004399,2026-09-16,Kisumu,JET_A1,OMC_A,7.67,7.67,NORMAL,SYNTHETIC_SCENARIO
ORD-0004400,2026-09-16,Kisumu,JET_A1,OMC_B,39.14,39.14,NORMAL,SYNTHETIC_SCENARIO
ORD-0004401,2026-09-16,Kisumu,JET_A1,OMC_C,37.97,37.97,NORMAL,SYNTHETIC_SCENARIO
ORD-0004402,2026-09-16,Kisumu,JET_A1,OMC_D,13.8,13.8,NORMAL,SYNTHETIC_SCENARIO
ORD-0004403,2026-09-16,Kisumu,JET_A1,OMC_E,3.33,3.33,NORMAL,SYNTHETIC_SCENARIO
ORD-0004404,2026-09-16,Kisumu,JET_A1,OMC_F,0.62,0.62,NORMAL,SYNTHETIC_SCENARIO
ORD-0004405,2026-09-17,Kisumu,JET_A1,OMC_A,15.84,15.84,NORMAL,SYNTHETIC_SCENARIO
ORD-0004406,2026-09-17,Kisumu,JET_A1,OMC_B,17.65,17.65,HIGH,SYNTHETIC_SCENARIO
ORD-0004407,2026-09-17,Kisumu,JET_A1,OMC_C,39.13,39.13,NORMAL,SYNTHETIC_SCENARIO
ORD-0004408,2026-09-17,Kisumu,JET_A1,OMC_D,21.04,21.04,NORMAL,SYNTHETIC_SCENARIO
ORD-0004409,2026-09-17,Kisumu,JET_A1,OMC_E,7.95,7.95,NORMAL,SYNTHETIC_SCENARIO
ORD-0004410,2026-09-17,Kisumu,JET_A1,OMC_F,0.02,0.02,NORMAL,SYNTHETIC_SCENARIO
ORD-0004411,2026-09-18,Kisumu,JET_A1,OMC_A,43.32,43.32,NORMAL,SYNTHETIC_SCENARIO
ORD-0004412,2026-09-18,Kisumu,JET_A1,OMC_B,21.27,21.27,NORMAL,SYNTHETIC_SCENARIO
ORD-0004413,2026-09-18,Kisumu,JET_A1,OMC_C,15.01,15.01,NORMAL,SYNTHETIC_SCENARIO
ORD-0004414,2026-09-18,Kisumu,JET_A1,OMC_D,9.65,9.65,NORMAL,SYNTHETIC_SCENARIO
ORD-0004415,2026-09-18,Kisumu,JET_A1,OMC_E,13.86,13.86,NORMAL,SYNTHETIC_SCENARIO
ORD-0004416,2026-09-18,Kisumu,JET_A1,OMC_F,1.41,1.41,NORMAL,SYNTHETIC_SCENARIO
ORD-0004417,2026-09-19,Kisumu,JET_A1,OMC_A,47.43,47.43,NORMAL,SYNTHETIC_SCENARIO
ORD-0004418,2026-09-19,Kisumu,JET_A1,OMC_B,11.05,11.05,NORMAL,SYNTHETIC_SCENARIO
ORD-0004419,2026-09-19,Kisumu,JET_A1,OMC_C,13.81,13.81,NORMAL,SYNTHETIC_SCENARIO
ORD-0004420,2026-09-19,Kisumu,JET_A1,OMC_D,1.14,1.14,NORMAL,SYNTHETIC_SCENARIO
ORD-0004421,2026-09-19,Kisumu,JET_A1,OMC_E,11.15,11.15,NORMAL,SYNTHETIC_SCENARIO
ORD-0004422,2026-09-19,Kisumu,JET_A1,OMC_F,3.97,3.97,NORMAL,SYNTHETIC_SCENARIO
ORD-0004423,2026-09-20,Kisumu,JET_A1,OMC_A,17.52,17.52,NORMAL,SYNTHETIC_SCENARIO
ORD-0004424,2026-09-20,Kisumu,JET_A1,OMC_B,8.99,8.99,NORMAL,SYNTHETIC_SCENARIO
ORD-0004425,2026-09-20,Kisumu,JET_A1,OMC_C,8.71,8.71,HIGH,SYNTHETIC_SCENARIO
ORD-0004426,2026-09-20,Kisumu,JET_A1,OMC_D,23.81,23.81,NORMAL,SYNTHETIC_SCENARIO
ORD-0004427,2026-09-20,Kisumu,JET_A1,OMC_E,12.61,12.61,NORMAL,SYNTHETIC_SCENARIO
ORD-0004428,2026-09-20,Kisumu,JET_A1,OMC_F,5.63,5.63,NORMAL,SYNTHETIC_SCENARIO
ORD-0004429,2026-09-21,Kisumu,JET_A1,OMC_A,11.94,11.94,NORMAL,SYNTHETIC_SCENARIO
ORD-0004430,2026-09-21,Kisumu,JET_A1,OMC_B,43.56,43.56,NORMAL,SYNTHETIC_SCENARIO
ORD-0004431,2026-09-21,Kisumu,JET_A1,OMC_C,31.05,31.05,HIGH,SYNTHETIC_SCENARIO
ORD-0004432,2026-09-21,Kisumu,JET_A1,OMC_D,6.26,6.26,NORMAL,SYNTHETIC_SCENARIO
ORD-0004433,2026-09-21,Kisumu,JET_A1,OMC_E,0.68,0.68,NORMAL,SYNTHETIC_SCENARIO
ORD-0004434,2026-09-21,Kisumu,JET_A1,OMC_F,1.63,1.63,HIGH,SYNTHETIC_SCENARIO
ORD-0004435,2026-09-22,Kisumu,JET_A1,OMC_A,50.23,50.23,HIGH,SYNTHETIC_SCENARIO
ORD-0004436,2026-09-22,Kisumu,JET_A1,OMC_B,4.21,4.21,NORMAL,SYNTHETIC_SCENARIO
ORD-0004437,2026-09-22,Kisumu,JET_A1,OMC_C,13.9,13.9,NORMAL,SYNTHETIC_SCENARIO
ORD-0004438,2026-09-22,Kisumu,JET_A1,OMC_D,24.24,24.24,NORMAL,SYNTHETIC_SCENARIO
ORD-0004439,2026-09-22,Kisumu,JET_A1,OMC_E,7.07,7.07,NORMAL,SYNTHETIC_SCENARIO
ORD-0004440,2026-09-22,Kisumu,JET_A1,OMC_F,4.13,4.13,NORMAL,SYNTHETIC_SCENARIO
ORD-0004441,2026-09-23,Kisumu,JET_A1,OMC_A,45.2,45.2,HIGH,SYNTHETIC_SCENARIO
ORD-0004442,2026-09-23,Kisumu,JET_A1,OMC_B,25.57,25.57,HIGH,SYNTHETIC_SCENARIO
ORD-0004443,2026-09-23,Kisumu,JET_A1,OMC_C,6.31,6.31,NORMAL,SYNTHETIC_SCENARIO
ORD-0004444,2026-09-23,Kisumu,JET_A1,OMC_D,14.16,14.16,HIGH,SYNTHETIC_SCENARIO
ORD-0004445,2026-09-23,Kisumu,JET_A1,OMC_E,3.51,3.51,NORMAL,SYNTHETIC_SCENARIO
ORD-0004446,2026-09-23,Kisumu,JET_A1,OMC_F,7.53,7.53,HIGH,SYNTHETIC_SCENARIO
ORD-0004447,2026-09-24,Kisumu,JET_A1,OMC_A,43.33,43.33,NORMAL,SYNTHETIC_SCENARIO
ORD-0004448,2026-09-24,Kisumu,JET_A1,OMC_B,20.44,20.44,NORMAL,SYNTHETIC_SCENARIO
ORD-0004449,2026-09-24,Kisumu,JET_A1,OMC_C,1.03,1.03,NORMAL,SYNTHETIC_SCENARIO
ORD-0004450,2026-09-24,Kisumu,JET_A1,OMC_D,20.09,20.09,NORMAL,SYNTHETIC_SCENARIO
ORD-0004451,2026-09-24,Kisumu,JET_A1,OMC_E,11.41,11.41,NORMAL,SYNTHETIC_SCENARIO
ORD-0004452,2026-09-24,Kisumu,JET_A1,OMC_F,0.73,0.73,NORMAL,SYNTHETIC_SCENARIO
ORD-0004453,2026-09-25,Kisumu,JET_A1,OMC_A,37.01,37.01,NORMAL,SYNTHETIC_SCENARIO
ORD-0004454,2026-09-25,Kisumu,JET_A1,OMC_B,32.82,32.82,NORMAL,SYNTHETIC_SCENARIO
ORD-0004455,2026-09-25,Kisumu,JET_A1,OMC_C,10.51,10.51,NORMAL,SYNTHETIC_SCENARIO
ORD-0004456,2026-09-25,Kisumu,JET_A1,OMC_D,3.31,3.31,NORMAL,SYNTHETIC_SCENARIO
ORD-0004457,2026-09-25,Kisumu,JET_A1,OMC_E,2.85,2.85,NORMAL,SYNTHETIC_SCENARIO
ORD-0004458,2026-09-25,Kisumu,JET_A1,OMC_F,17.17,17.17,NORMAL,SYNTHETIC_SCENARIO
ORD-0004459,2026-09-26,Kisumu,JET_A1,OMC_A,20.93,20.93,NORMAL,SYNTHETIC_SCENARIO
ORD-0004460,2026-09-26,Kisumu,JET_A1,OMC_B,19.78,19.78,NORMAL,SYNTHETIC_SCENARIO
ORD-0004461,2026-09-26,Kisumu,JET_A1,OMC_C,10.43,10.43,NORMAL,SYNTHETIC_SCENARIO
ORD-0004462,2026-09-26,Kisumu,JET_A1,OMC_D,18.06,18.06,NORMAL,SYNTHETIC_SCENARIO
ORD-0004463,2026-09-26,Kisumu,JET_A1,OMC_E,18.41,18.41,NORMAL,SYNTHETIC_SCENARIO
ORD-0004464,2026-09-26,Kisumu,JET_A1,OMC_F,1.33,1.33,NORMAL,SYNTHETIC_SCENARIO
ORD-0004465,2026-09-27,Kisumu,JET_A1,OMC_A,10.13,10.13,NORMAL,SYNTHETIC_SCENARIO
ORD-0004466,2026-09-27,Kisumu,JET_A1,OMC_B,23.15,23.15,HIGH,SYNTHETIC_SCENARIO
ORD-0004467,2026-09-27,Kisumu,JET_A1,OMC_C,6.7,6.7,NORMAL,SYNTHETIC_SCENARIO
ORD-0004468,2026-09-27,Kisumu,JET_A1,OMC_D,18.62,18.62,NORMAL,SYNTHETIC_SCENARIO
ORD-0004469,2026-09-27,Kisumu,JET_A1,OMC_E,20.24,20.24,NORMAL,SYNTHETIC_SCENARIO
ORD-0004470,2026-09-27,Kisumu,JET_A1,OMC_F,3.96,3.96,NORMAL,SYNTHETIC_SCENARIO
ORD-0004471,2026-09-28,Kisumu,JET_A1,OMC_A,48.79,48.79,NORMAL,SYNTHETIC_SCENARIO
ORD-0004472,2026-09-28,Kisumu,JET_A1,OMC_B,13.48,13.48,NORMAL,SYNTHETIC_SCENARIO
ORD-0004473,2026-09-28,Kisumu,JET_A1,OMC_C,13.5,13.5,NORMAL,SYNTHETIC_SCENARIO
ORD-0004474,2026-09-28,Kisumu,JET_A1,OMC_D,9.32,9.32,NORMAL,SYNTHETIC_SCENARIO
ORD-0004475,2026-09-28,Kisumu,JET_A1,OMC_E,3.82,3.82,NORMAL,SYNTHETIC_SCENARIO
ORD-0004476,2026-09-28,Kisumu,JET_A1,OMC_F,10.19,10.19,NORMAL,SYNTHETIC_SCENARIO
ORD-0004477,2026-09-29,Kisumu,JET_A1,OMC_A,21.39,21.39,NORMAL,SYNTHETIC_SCENARIO
ORD-0004478,2026-09-29,Kisumu,JET_A1,OMC_B,20.14,20.14,NORMAL,SYNTHETIC_SCENARIO
ORD-0004479,2026-09-29,Kisumu,JET_A1,OMC_C,18.52,18.52,NORMAL,SYNTHETIC_SCENARIO
ORD-0004480,2026-09-29,Kisumu,JET_A1,OMC_D,27.57,27.57,NORMAL,SYNTHETIC_SCENARIO
ORD-0004481,2026-09-29,Kisumu,JET_A1,OMC_E,6.64,6.64,NORMAL,SYNTHETIC_SCENARIO
ORD-0004482,2026-09-29,Kisumu,JET_A1,OMC_F,1.44,1.44,NORMAL,SYNTHETIC_SCENARIO
ORD-0004483,2026-09-30,Kisumu,JET_A1,OMC_A,46.83,46.83,NORMAL,SYNTHETIC_SCENARIO
ORD-0004484,2026-09-30,Kisumu,JET_A1,OMC_B,17.89,17.89,HIGH,SYNTHETIC_SCENARIO
ORD-0004485,2026-09-30,Kisumu,JET_A1,OMC_C,4.56,4.56,NORMAL,SYNTHETIC_SCENARIO
ORD-0004486,2026-09-30,Kisumu,JET_A1,OMC_D,18.52,18.52,NORMAL,SYNTHETIC_SCENARIO
ORD-0004487,2026-09-30,Kisumu,JET_A1,OMC_E,7.16,7.16,HIGH,SYNTHETIC_SCENARIO
ORD-0004488,2026-09-30,Kisumu,JET_A1,OMC_F,6.96,6.96,NORMAL,SYNTHETIC_SCENARIO
ORD-0004489,2026-10-01,Kisumu,JET_A1,OMC_A,45.6,45.6,NORMAL,SYNTHETIC_SCENARIO
ORD-0004490,2026-10-01,Kisumu,JET_A1,OMC_B,25.87,25.87,NORMAL,SYNTHETIC_SCENARIO
ORD-0004491,2026-10-01,Kisumu,JET_A1,OMC_C,14.89,14.89,NORMAL,SYNTHETIC_SCENARIO
ORD-0004492,2026-10-01,Kisumu,JET_A1,OMC_D,1.37,1.37,NORMAL,SYNTHETIC_SCENARIO
ORD-0004493,2026-10-01,Kisumu,JET_A1,OMC_E,5.91,5.91,NORMAL,SYNTHETIC_SCENARIO
ORD-0004494,2026-10-01,Kisumu,JET_A1,OMC_F,9.25,9.25,NORMAL,SYNTHETIC_SCENARIO
ORD-0004495,2026-10-02,Kisumu,JET_A1,OMC_A,44.32,44.32,NORMAL,SYNTHETIC_SCENARIO
ORD-0004496,2026-10-02,Kisumu,JET_A1,OMC_B,9.55,9.55,NORMAL,SYNTHETIC_SCENARIO
ORD-0004497,2026-10-02,Kisumu,JET_A1,OMC_C,19.91,19.91,NORMAL,SYNTHETIC_SCENARIO
ORD-0004498,2026-10-02,Kisumu,JET_A1,OMC_D,18.32,18.32,NORMAL,SYNTHETIC_SCENARIO
ORD-0004499,2026-10-02,Kisumu,JET_A1,OMC_E,11.91,11.91,NORMAL,SYNTHETIC_SCENARIO
ORD-0004500,2026-10-02,Kisumu,JET_A1,OMC_F,2.97,2.97,NORMAL,SYNTHETIC_SCENARIO
ORD-0004501,2026-10-03,Kisumu,JET_A1,OMC_A,27.55,27.55,NORMAL,SYNTHETIC_SCENARIO
ORD-0004502,2026-10-03,Kisumu,JET_A1,OMC_B,22.88,22.88,NORMAL,SYNTHETIC_SCENARIO
ORD-0004503,2026-10-03,Kisumu,JET_A1,OMC_C,13.44,13.44,NORMAL,SYNTHETIC_SCENARIO
ORD-0004504,2026-10-03,Kisumu,JET_A1,OMC_D,22.14,22.14,NORMAL,SYNTHETIC_SCENARIO
ORD-0004505,2026-10-03,Kisumu,JET_A1,OMC_E,13.26,13.26,NORMAL,SYNTHETIC_SCENARIO
ORD-0004506,2026-10-03,Kisumu,JET_A1,OMC_F,1.97,1.97,NORMAL,SYNTHETIC_SCENARIO
ORD-0004507,2026-10-04,Kisumu,JET_A1,OMC_A,38.83,38.83,NORMAL,SYNTHETIC_SCENARIO
ORD-0004508,2026-10-04,Kisumu,JET_A1,OMC_B,16.02,16.02,NORMAL,SYNTHETIC_SCENARIO
ORD-0004509,2026-10-04,Kisumu,JET_A1,OMC_C,23.14,23.14,NORMAL,SYNTHETIC_SCENARIO
ORD-0004510,2026-10-04,Kisumu,JET_A1,OMC_D,7.77,7.77,NORMAL,SYNTHETIC_SCENARIO
ORD-0004511,2026-10-04,Kisumu,JET_A1,OMC_E,9.48,9.48,NORMAL,SYNTHETIC_SCENARIO
ORD-0004512,2026-10-04,Kisumu,JET_A1,OMC_F,1.39,1.39,NORMAL,SYNTHETIC_SCENARIO
ORD-0004513,2026-10-05,Kisumu,JET_A1,OMC_A,67.53,67.53,NORMAL,SYNTHETIC_SCENARIO
ORD-0004514,2026-10-05,Kisumu,JET_A1,OMC_B,2.68,2.68,NORMAL,SYNTHETIC_SCENARIO
ORD-0004515,2026-10-05,Kisumu,JET_A1,OMC_C,19.8,19.8,HIGH,SYNTHETIC_SCENARIO
ORD-0004516,2026-10-05,Kisumu,JET_A1,OMC_D,10.16,10.16,HIGH,SYNTHETIC_SCENARIO
ORD-0004517,2026-10-05,Kisumu,JET_A1,OMC_E,0.63,0.63,HIGH,SYNTHETIC_SCENARIO
ORD-0004518,2026-10-05,Kisumu,JET_A1,OMC_F,1.53,1.53,NORMAL,SYNTHETIC_SCENARIO
ORD-0004519,2026-10-06,Kisumu,JET_A1,OMC_A,36.99,36.99,NORMAL,SYNTHETIC_SCENARIO
ORD-0004520,2026-10-06,Kisumu,JET_A1,OMC_B,36.44,36.44,NORMAL,SYNTHETIC_SCENARIO
ORD-0004521,2026-10-06,Kisumu,JET_A1,OMC_C,5.78,5.78,NORMAL,SYNTHETIC_SCENARIO
ORD-0004522,2026-10-06,Kisumu,JET_A1,OMC_D,6.05,6.05,NORMAL,SYNTHETIC_SCENARIO
ORD-0004523,2026-10-06,Kisumu,JET_A1,OMC_E,7.9,7.9,NORMAL,SYNTHETIC_SCENARIO
ORD-0004524,2026-10-06,Kisumu,JET_A1,OMC_F,9.41,9.41,NORMAL,SYNTHETIC_SCENARIO
ORD-0004525,2026-10-07,Kisumu,JET_A1,OMC_A,14.07,14.07,NORMAL,SYNTHETIC_SCENARIO
ORD-0004526,2026-10-07,Kisumu,JET_A1,OMC_B,26.58,26.58,NORMAL,SYNTHETIC_SCENARIO
ORD-0004527,2026-10-07,Kisumu,JET_A1,OMC_C,43.47,43.47,NORMAL,SYNTHETIC_SCENARIO
ORD-0004528,2026-10-07,Kisumu,JET_A1,OMC_D,14.14,14.14,NORMAL,SYNTHETIC_SCENARIO
ORD-0004529,2026-10-07,Kisumu,JET_A1,OMC_E,0.9,0.9,NORMAL,SYNTHETIC_SCENARIO
ORD-0004530,2026-10-07,Kisumu,JET_A1,OMC_F,6.2,6.2,NORMAL,SYNTHETIC_SCENARIO
ORD-0004531,2026-10-08,Kisumu,JET_A1,OMC_A,42.71,42.71,NORMAL,SYNTHETIC_SCENARIO
ORD-0004532,2026-10-08,Kisumu,JET_A1,OMC_B,13.11,13.11,NORMAL,SYNTHETIC_SCENARIO
ORD-0004533,2026-10-08,Kisumu,JET_A1,OMC_C,30.39,30.39,NORMAL,SYNTHETIC_SCENARIO
ORD-0004534,2026-10-08,Kisumu,JET_A1,OMC_D,11.71,11.71,NORMAL,SYNTHETIC_SCENARIO
ORD-0004535,2026-10-08,Kisumu,JET_A1,OMC_E,6.89,6.89,NORMAL,SYNTHETIC_SCENARIO
ORD-0004536,2026-10-08,Kisumu,JET_A1,OMC_F,5.02,5.02,NORMAL,SYNTHETIC_SCENARIO
ORD-0004537,2026-10-09,Kisumu,JET_A1,OMC_A,32.62,32.62,NORMAL,SYNTHETIC_SCENARIO
ORD-0004538,2026-10-09,Kisumu,JET_A1,OMC_B,47.11,47.11,NORMAL,SYNTHETIC_SCENARIO
ORD-0004539,2026-10-09,Kisumu,JET_A1,OMC_C,17.7,17.7,NORMAL,SYNTHETIC_SCENARIO
ORD-0004540,2026-10-09,Kisumu,JET_A1,OMC_D,5.88,5.88,NORMAL,SYNTHETIC_SCENARIO
ORD-0004541,2026-10-09,Kisumu,JET_A1,OMC_E,19.04,19.04,NORMAL,SYNTHETIC_SCENARIO
ORD-0004542,2026-10-09,Kisumu,JET_A1,OMC_F,3.88,3.88,NORMAL,SYNTHETIC_SCENARIO
ORD-0004543,2026-10-10,Kisumu,JET_A1,OMC_A,5.69,5.69,HIGH,SYNTHETIC_SCENARIO
ORD-0004544,2026-10-10,Kisumu,JET_A1,OMC_B,27.19,27.19,NORMAL,SYNTHETIC_SCENARIO
ORD-0004545,2026-10-10,Kisumu,JET_A1,OMC_C,25.25,25.25,NORMAL,SYNTHETIC_SCENARIO
ORD-0004546,2026-10-10,Kisumu,JET_A1,OMC_D,3.33,3.33,NORMAL,SYNTHETIC_SCENARIO
ORD-0004547,2026-10-10,Kisumu,JET_A1,OMC_E,14.88,14.88,NORMAL,SYNTHETIC_SCENARIO
ORD-0004548,2026-10-10,Kisumu,JET_A1,OMC_F,19.4,19.4,NORMAL,SYNTHETIC_SCENARIO
ORD-0004549,2026-10-11,Kisumu,JET_A1,OMC_A,22.67,22.67,NORMAL,SYNTHETIC_SCENARIO
ORD-0004550,2026-10-11,Kisumu,JET_A1,OMC_B,18.71,18.71,NORMAL,SYNTHETIC_SCENARIO
ORD-0004551,2026-10-11,Kisumu,JET_A1,OMC_C,18.45,18.45,NORMAL,SYNTHETIC_SCENARIO
ORD-0004552,2026-10-11,Kisumu,JET_A1,OMC_D,12.93,12.93,NORMAL,SYNTHETIC_SCENARIO
ORD-0004553,2026-10-11,Kisumu,JET_A1,OMC_E,6.75,6.75,NORMAL,SYNTHETIC_SCENARIO
ORD-0004554,2026-10-11,Kisumu,JET_A1,OMC_F,11.76,11.76,NORMAL,SYNTHETIC_SCENARIO
ORD-0004555,2026-10-12,Kisumu,JET_A1,OMC_A,60.36,60.36,NORMAL,SYNTHETIC_SCENARIO
ORD-0004556,2026-10-12,Kisumu,JET_A1,OMC_B,11.58,11.58,NORMAL,SYNTHETIC_SCENARIO
ORD-0004557,2026-10-12,Kisumu,JET_A1,OMC_C,5.5,5.5,NORMAL,SYNTHETIC_SCENARIO
ORD-0004558,2026-10-12,Kisumu,JET_A1,OMC_D,24.05,24.05,NORMAL,SYNTHETIC_SCENARIO
ORD-0004559,2026-10-12,Kisumu,JET_A1,OMC_E,3.67,3.67,NORMAL,SYNTHETIC_SCENARIO
ORD-0004560,2026-10-12,Kisumu,JET_A1,OMC_F,2.7,2.7,NORMAL,SYNTHETIC_SCENARIO
ORD-0004561,2026-10-13,Kisumu,JET_A1,OMC_A,37.6,37.6,NORMAL,SYNTHETIC_SCENARIO
ORD-0004562,2026-10-13,Kisumu,JET_A1,OMC_B,7.84,7.84,NORMAL,SYNTHETIC_SCENARIO
ORD-0004563,2026-10-13,Kisumu,JET_A1,OMC_C,15.39,15.39,NORMAL,SYNTHETIC_SCENARIO
ORD-0004564,2026-10-13,Kisumu,JET_A1,OMC_D,16.36,16.36,NORMAL,SYNTHETIC_SCENARIO
ORD-0004565,2026-10-13,Kisumu,JET_A1,OMC_E,7.69,7.69,NORMAL,SYNTHETIC_SCENARIO
ORD-0004566,2026-10-13,Kisumu,JET_A1,OMC_F,12.37,12.37,NORMAL,SYNTHETIC_SCENARIO
ORD-0004567,2026-10-14,Kisumu,JET_A1,OMC_A,36.66,36.66,NORMAL,SYNTHETIC_SCENARIO
ORD-0004568,2026-10-14,Kisumu,JET_A1,OMC_B,8.28,8.28,NORMAL,SYNTHETIC_SCENARIO
ORD-0004569,2026-10-14,Kisumu,JET_A1,OMC_C,20.15,20.15,NORMAL,SYNTHETIC_SCENARIO
ORD-0004570,2026-10-14,Kisumu,JET_A1,OMC_D,15.22,15.22,NORMAL,SYNTHETIC_SCENARIO
ORD-0004571,2026-10-14,Kisumu,JET_A1,OMC_E,10.32,10.32,NORMAL,SYNTHETIC_SCENARIO
ORD-0004572,2026-10-14,Kisumu,JET_A1,OMC_F,20.56,20.56,NORMAL,SYNTHETIC_SCENARIO
ORD-0004573,2026-10-15,Kisumu,JET_A1,OMC_A,6.39,6.39,NORMAL,SYNTHETIC_SCENARIO
ORD-0004574,2026-10-15,Kisumu,JET_A1,OMC_B,31.48,31.48,NORMAL,SYNTHETIC_SCENARIO
ORD-0004575,2026-10-15,Kisumu,JET_A1,OMC_C,15.12,15.12,NORMAL,SYNTHETIC_SCENARIO
ORD-0004576,2026-10-15,Kisumu,JET_A1,OMC_D,4.49,4.49,NORMAL,SYNTHETIC_SCENARIO
ORD-0004577,2026-10-15,Kisumu,JET_A1,OMC_E,24.43,24.43,NORMAL,SYNTHETIC_SCENARIO
ORD-0004578,2026-10-15,Kisumu,JET_A1,OMC_F,16.24,16.24,NORMAL,SYNTHETIC_SCENARIO
ORD-0004579,2026-10-16,Kisumu,JET_A1,OMC_A,21.4,21.4,NORMAL,SYNTHETIC_SCENARIO
ORD-0004580,2026-10-16,Kisumu,JET_A1,OMC_B,26.34,26.34,NORMAL,SYNTHETIC_SCENARIO
ORD-0004581,2026-10-16,Kisumu,JET_A1,OMC_C,34.06,34.06,NORMAL,SYNTHETIC_SCENARIO
ORD-0004582,2026-10-16,Kisumu,JET_A1,OMC_D,20.22,20.22,NORMAL,SYNTHETIC_SCENARIO
ORD-0004583,2026-10-16,Kisumu,JET_A1,OMC_E,2.18,2.18,NORMAL,SYNTHETIC_SCENARIO
ORD-0004584,2026-10-16,Kisumu,JET_A1,OMC_F,1.24,1.24,NORMAL,SYNTHETIC_SCENARIO
ORD-0004585,2026-10-17,Kisumu,JET_A1,OMC_A,15.98,15.98,NORMAL,SYNTHETIC_SCENARIO
ORD-0004586,2026-10-17,Kisumu,JET_A1,OMC_B,16.29,16.29,NORMAL,SYNTHETIC_SCENARIO
ORD-0004587,2026-10-17,Kisumu,JET_A1,OMC_C,24.58,24.58,NORMAL,SYNTHETIC_SCENARIO
ORD-0004588,2026-10-17,Kisumu,JET_A1,OMC_D,19.69,19.69,NORMAL,SYNTHETIC_SCENARIO
ORD-0004589,2026-10-17,Kisumu,JET_A1,OMC_E,8.35,8.35,NORMAL,SYNTHETIC_SCENARIO
ORD-0004590,2026-10-17,Kisumu,JET_A1,OMC_F,10.14,10.14,NORMAL,SYNTHETIC_SCENARIO
ORD-0004591,2026-10-18,Kisumu,JET_A1,OMC_A,11.77,11.77,NORMAL,SYNTHETIC_SCENARIO
ORD-0004592,2026-10-18,Kisumu,JET_A1,OMC_B,9.08,9.08,NORMAL,SYNTHETIC_SCENARIO
ORD-0004593,2026-10-18,Kisumu,JET_A1,OMC_C,21.75,21.75,NORMAL,SYNTHETIC_SCENARIO
ORD-0004594,2026-10-18,Kisumu,JET_A1,OMC_D,17.77,17.77,NORMAL,SYNTHETIC_SCENARIO
ORD-0004595,2026-10-18,Kisumu,JET_A1,OMC_E,23.24,23.24,NORMAL,SYNTHETIC_SCENARIO
ORD-0004596,2026-10-18,Kisumu,JET_A1,OMC_F,0.42,0.42,NORMAL,SYNTHETIC_SCENARIO
ORD-0004597,2026-10-19,Kisumu,JET_A1,OMC_A,16.7,16.7,HIGH,SYNTHETIC_SCENARIO
ORD-0004598,2026-10-19,Kisumu,JET_A1,OMC_B,39.36,39.36,HIGH,SYNTHETIC_SCENARIO
ORD-0004599,2026-10-19,Kisumu,JET_A1,OMC_C,1.98,1.98,NORMAL,SYNTHETIC_SCENARIO
ORD-0004600,2026-10-19,Kisumu,JET_A1,OMC_D,24.79,24.79,NORMAL,SYNTHETIC_SCENARIO
ORD-0004601,2026-10-19,Kisumu,JET_A1,OMC_E,1.83,1.83,NORMAL,SYNTHETIC_SCENARIO
ORD-0004602,2026-10-19,Kisumu,JET_A1,OMC_F,19.42,19.42,NORMAL,SYNTHETIC_SCENARIO
ORD-0004603,2026-10-20,Kisumu,JET_A1,OMC_A,30.46,30.46,NORMAL,SYNTHETIC_SCENARIO
ORD-0004604,2026-10-20,Kisumu,JET_A1,OMC_B,16.07,16.07,NORMAL,SYNTHETIC_SCENARIO
ORD-0004605,2026-10-20,Kisumu,JET_A1,OMC_C,37.8,37.8,NORMAL,SYNTHETIC_SCENARIO
ORD-0004606,2026-10-20,Kisumu,JET_A1,OMC_D,13.6,13.6,NORMAL,SYNTHETIC_SCENARIO
ORD-0004607,2026-10-20,Kisumu,JET_A1,OMC_E,16.0,16.0,NORMAL,SYNTHETIC_SCENARIO
ORD-0004608,2026-10-20,Kisumu,JET_A1,OMC_F,0.09,0.09,NORMAL,SYNTHETIC_SCENARIO
ORD-0004609,2026-10-21,Kisumu,JET_A1,OMC_A,18.05,18.05,NORMAL,SYNTHETIC_SCENARIO
ORD-0004610,2026-10-21,Kisumu,JET_A1,OMC_B,26.01,26.01,NORMAL,SYNTHETIC_SCENARIO
ORD-0004611,2026-10-21,Kisumu,JET_A1,OMC_C,38.09,38.09,NORMAL,SYNTHETIC_SCENARIO
ORD-0004612,2026-10-21,Kisumu,JET_A1,OMC_D,14.56,14.56,NORMAL,SYNTHETIC_SCENARIO
ORD-0004613,2026-10-21,Kisumu,JET_A1,OMC_E,5.55,5.55,NORMAL,SYNTHETIC_SCENARIO
ORD-0004614,2026-10-21,Kisumu,JET_A1,OMC_F,5.96,5.96,NORMAL,SYNTHETIC_SCENARIO
ORD-0004615,2026-10-22,Kisumu,JET_A1,OMC_A,12.63,12.63,NORMAL,SYNTHETIC_SCENARIO
ORD-0004616,2026-10-22,Kisumu,JET_A1,OMC_B,14.04,14.04,NORMAL,SYNTHETIC_SCENARIO
ORD-0004617,2026-10-22,Kisumu,JET_A1,OMC_C,34.43,34.43,NORMAL,SYNTHETIC_SCENARIO
ORD-0004618,2026-10-22,Kisumu,JET_A1,OMC_D,10.88,10.88,NORMAL,SYNTHETIC_SCENARIO
ORD-0004619,2026-10-22,Kisumu,JET_A1,OMC_E,22.71,22.71,NORMAL,SYNTHETIC_SCENARIO
ORD-0004620,2026-10-22,Kisumu,JET_A1,OMC_F,9.62,9.62,NORMAL,SYNTHETIC_SCENARIO
ORD-0004621,2026-10-23,Kisumu,JET_A1,OMC_A,13.11,13.11,NORMAL,SYNTHETIC_SCENARIO
ORD-0004622,2026-10-23,Kisumu,JET_A1,OMC_B,27.06,27.06,HIGH,SYNTHETIC_SCENARIO
ORD-0004623,2026-10-23,Kisumu,JET_A1,OMC_C,6.62,6.62,NORMAL,SYNTHETIC_SCENARIO
ORD-0004624,2026-10-23,Kisumu,JET_A1,OMC_D,15.29,15.29,NORMAL,SYNTHETIC_SCENARIO
ORD-0004625,2026-10-23,Kisumu,JET_A1,OMC_E,37.97,37.97,NORMAL,SYNTHETIC_SCENARIO
ORD-0004626,2026-10-23,Kisumu,JET_A1,OMC_F,1.41,1.41,NORMAL,SYNTHETIC_SCENARIO
ORD-0004627,2026-10-24,Kisumu,JET_A1,OMC_A,24.06,24.06,NORMAL,SYNTHETIC_SCENARIO
ORD-0004628,2026-10-24,Kisumu,JET_A1,OMC_B,5.63,5.63,NORMAL,SYNTHETIC_SCENARIO
ORD-0004629,2026-10-24,Kisumu,JET_A1,OMC_C,40.05,40.05,NORMAL,SYNTHETIC_SCENARIO
ORD-0004630,2026-10-24,Kisumu,JET_A1,OMC_D,5.79,5.79,NORMAL,SYNTHETIC_SCENARIO
ORD-0004631,2026-10-24,Kisumu,JET_A1,OMC_E,12.98,12.98,NORMAL,SYNTHETIC_SCENARIO
ORD-0004632,2026-10-24,Kisumu,JET_A1,OMC_F,9.96,9.96,NORMAL,SYNTHETIC_SCENARIO
ORD-0004633,2026-10-25,Kisumu,JET_A1,OMC_A,14.94,14.94,NORMAL,SYNTHETIC_SCENARIO
ORD-0004634,2026-10-25,Kisumu,JET_A1,OMC_B,28.42,28.42,NORMAL,SYNTHETIC_SCENARIO
ORD-0004635,2026-10-25,Kisumu,JET_A1,OMC_C,15.18,15.18,NORMAL,SYNTHETIC_SCENARIO
ORD-0004636,2026-10-25,Kisumu,JET_A1,OMC_D,11.55,11.55,NORMAL,SYNTHETIC_SCENARIO
ORD-0004637,2026-10-25,Kisumu,JET_A1,OMC_E,19.51,19.51,NORMAL,SYNTHETIC_SCENARIO
ORD-0004638,2026-10-25,Kisumu,JET_A1,OMC_F,2.19,2.19,NORMAL,SYNTHETIC_SCENARIO
ORD-0004639,2026-10-26,Kisumu,JET_A1,OMC_A,33.75,33.75,NORMAL,SYNTHETIC_SCENARIO
ORD-0004640,2026-10-26,Kisumu,JET_A1,OMC_B,8.28,8.28,NORMAL,SYNTHETIC_SCENARIO
ORD-0004641,2026-10-26,Kisumu,JET_A1,OMC_C,19.47,19.47,NORMAL,SYNTHETIC_SCENARIO
ORD-0004642,2026-10-26,Kisumu,JET_A1,OMC_D,13.39,13.39,NORMAL,SYNTHETIC_SCENARIO
ORD-0004643,2026-10-26,Kisumu,JET_A1,OMC_E,17.97,17.97,NORMAL,SYNTHETIC_SCENARIO
ORD-0004644,2026-10-26,Kisumu,JET_A1,OMC_F,10.32,10.32,NORMAL,SYNTHETIC_SCENARIO
ORD-0004645,2026-10-27,Kisumu,JET_A1,OMC_A,8.92,8.92,NORMAL,SYNTHETIC_SCENARIO
ORD-0004646,2026-10-27,Kisumu,JET_A1,OMC_B,6.79,6.79,NORMAL,SYNTHETIC_SCENARIO
ORD-0004647,2026-10-27,Kisumu,JET_A1,OMC_C,7.43,7.43,NORMAL,SYNTHETIC_SCENARIO
ORD-0004648,2026-10-27,Kisumu,JET_A1,OMC_D,19.32,19.32,NORMAL,SYNTHETIC_SCENARIO
ORD-0004649,2026-10-27,Kisumu,JET_A1,OMC_E,4.77,4.77,NORMAL,SYNTHETIC_SCENARIO
ORD-0004650,2026-10-27,Kisumu,JET_A1,OMC_F,55.62,55.62,NORMAL,SYNTHETIC_SCENARIO
ORD-0004651,2026-10-28,Kisumu,JET_A1,OMC_A,29.75,29.75,NORMAL,SYNTHETIC_SCENARIO
ORD-0004652,2026-10-28,Kisumu,JET_A1,OMC_B,43.41,43.41,NORMAL,SYNTHETIC_SCENARIO
ORD-0004653,2026-10-28,Kisumu,JET_A1,OMC_C,12.26,12.26,NORMAL,SYNTHETIC_SCENARIO
ORD-0004654,2026-10-28,Kisumu,JET_A1,OMC_D,9.42,9.42,HIGH,SYNTHETIC_SCENARIO
ORD-0004655,2026-10-28,Kisumu,JET_A1,OMC_E,0.83,0.83,HIGH,SYNTHETIC_SCENARIO
ORD-0004656,2026-10-28,Kisumu,JET_A1,OMC_F,12.48,12.48,NORMAL,SYNTHETIC_SCENARIO
ORD-0004657,2026-10-29,Kisumu,JET_A1,OMC_A,12.47,12.47,NORMAL,SYNTHETIC_SCENARIO
ORD-0004658,2026-10-29,Kisumu,JET_A1,OMC_B,4.39,4.39,NORMAL,SYNTHETIC_SCENARIO
ORD-0004659,2026-10-29,Kisumu,JET_A1,OMC_C,53.16,53.16,NORMAL,SYNTHETIC_SCENARIO
ORD-0004660,2026-10-29,Kisumu,JET_A1,OMC_D,10.3,10.3,NORMAL,SYNTHETIC_SCENARIO
ORD-0004661,2026-10-29,Kisumu,JET_A1,OMC_E,5.94,5.94,NORMAL,SYNTHETIC_SCENARIO
ORD-0004662,2026-10-29,Kisumu,JET_A1,OMC_F,20.67,20.67,NORMAL,SYNTHETIC_SCENARIO
ORD-0004663,2026-10-30,Kisumu,JET_A1,OMC_A,33.0,33.0,NORMAL,SYNTHETIC_SCENARIO
ORD-0004664,2026-10-30,Kisumu,JET_A1,OMC_B,27.58,27.58,NORMAL,SYNTHETIC_SCENARIO
ORD-0004665,2026-10-30,Kisumu,JET_A1,OMC_C,7.65,7.65,NORMAL,SYNTHETIC_SCENARIO
ORD-0004666,2026-10-30,Kisumu,JET_A1,OMC_D,11.54,11.54,NORMAL,SYNTHETIC_SCENARIO
ORD-0004667,2026-10-30,Kisumu,JET_A1,OMC_E,11.28,11.28,NORMAL,SYNTHETIC_SCENARIO
ORD-0004668,2026-10-30,Kisumu,JET_A1,OMC_F,14.64,14.64,NORMAL,SYNTHETIC_SCENARIO
ORD-0004669,2026-10-31,Kisumu,JET_A1,OMC_A,8.72,8.72,NORMAL,SYNTHETIC_SCENARIO
ORD-0004670,2026-10-31,Kisumu,JET_A1,OMC_B,35.15,35.15,NORMAL,SYNTHETIC_SCENARIO
ORD-0004671,2026-10-31,Kisumu,JET_A1,OMC_C,22.32,22.32,HIGH,SYNTHETIC_SCENARIO
ORD-0004672,2026-10-31,Kisumu,JET_A1,OMC_D,22.06,22.06,NORMAL,SYNTHETIC_SCENARIO
ORD-0004673,2026-10-31,Kisumu,JET_A1,OMC_E,0.18,0.18,NORMAL,SYNTHETIC_SCENARIO
ORD-0004674,2026-10-31,Kisumu,JET_A1,OMC_F,5.77,5.77,NORMAL,SYNTHETIC_SCENARIO
ORD-0004675,2026-11-01,Kisumu,JET_A1,OMC_A,30.8,30.8,NORMAL,SYNTHETIC_SCENARIO
ORD-0004676,2026-11-01,Kisumu,JET_A1,OMC_B,18.47,18.47,NORMAL,SYNTHETIC_SCENARIO
ORD-0004677,2026-11-01,Kisumu,JET_A1,OMC_C,6.88,6.88,HIGH,SYNTHETIC_SCENARIO
ORD-0004678,2026-11-01,Kisumu,JET_A1,OMC_D,11.06,11.06,NORMAL,SYNTHETIC_SCENARIO
ORD-0004679,2026-11-01,Kisumu,JET_A1,OMC_E,4.79,4.79,NORMAL,SYNTHETIC_SCENARIO
ORD-0004680,2026-11-01,Kisumu,JET_A1,OMC_F,9.53,9.53,NORMAL,SYNTHETIC_SCENARIO
ORD-0004681,2026-11-02,Kisumu,JET_A1,OMC_A,31.23,31.23,NORMAL,SYNTHETIC_SCENARIO
ORD-0004682,2026-11-02,Kisumu,JET_A1,OMC_B,21.95,21.95,NORMAL,SYNTHETIC_SCENARIO
ORD-0004683,2026-11-02,Kisumu,JET_A1,OMC_C,24.1,24.1,NORMAL,SYNTHETIC_SCENARIO
ORD-0004684,2026-11-02,Kisumu,JET_A1,OMC_D,10.01,10.01,NORMAL,SYNTHETIC_SCENARIO
ORD-0004685,2026-11-02,Kisumu,JET_A1,OMC_E,11.6,11.6,NORMAL,SYNTHETIC_SCENARIO
ORD-0004686,2026-11-02,Kisumu,JET_A1,OMC_F,0.17,0.17,NORMAL,SYNTHETIC_SCENARIO
ORD-0004687,2026-11-03,Kisumu,JET_A1,OMC_A,26.53,26.53,NORMAL,SYNTHETIC_SCENARIO
ORD-0004688,2026-11-03,Kisumu,JET_A1,OMC_B,23.04,23.04,NORMAL,SYNTHETIC_SCENARIO
ORD-0004689,2026-11-03,Kisumu,JET_A1,OMC_C,22.79,22.79,NORMAL,SYNTHETIC_SCENARIO
ORD-0004690,2026-11-03,Kisumu,JET_A1,OMC_D,2.74,2.74,NORMAL,SYNTHETIC_SCENARIO
ORD-0004691,2026-11-03,Kisumu,JET_A1,OMC_E,8.19,8.19,NORMAL,SYNTHETIC_SCENARIO
ORD-0004692,2026-11-03,Kisumu,JET_A1,OMC_F,5.96,5.96,NORMAL,SYNTHETIC_SCENARIO
ORD-0004693,2026-11-04,Kisumu,JET_A1,OMC_A,33.19,33.19,NORMAL,SYNTHETIC_SCENARIO
ORD-0004694,2026-11-04,Kisumu,JET_A1,OMC_B,16.91,16.91,NORMAL,SYNTHETIC_SCENARIO
ORD-0004695,2026-11-04,Kisumu,JET_A1,OMC_C,11.26,11.26,NORMAL,SYNTHETIC_SCENARIO
ORD-0004696,2026-11-04,Kisumu,JET_A1,OMC_D,25.73,25.73,NORMAL,SYNTHETIC_SCENARIO
ORD-0004697,2026-11-04,Kisumu,JET_A1,OMC_E,6.5,6.5,NORMAL,SYNTHETIC_SCENARIO
ORD-0004698,2026-11-04,Kisumu,JET_A1,OMC_F,3.38,3.38,NORMAL,SYNTHETIC_SCENARIO
ORD-0004699,2026-11-05,Kisumu,JET_A1,OMC_A,57.68,57.68,NORMAL,SYNTHETIC_SCENARIO
ORD-0004700,2026-11-05,Kisumu,JET_A1,OMC_B,9.32,9.32,NORMAL,SYNTHETIC_SCENARIO
ORD-0004701,2026-11-05,Kisumu,JET_A1,OMC_C,13.28,13.28,NORMAL,SYNTHETIC_SCENARIO
ORD-0004702,2026-11-05,Kisumu,JET_A1,OMC_D,9.33,9.33,NORMAL,SYNTHETIC_SCENARIO
ORD-0004703,2026-11-05,Kisumu,JET_A1,OMC_E,6.14,6.14,NORMAL,SYNTHETIC_SCENARIO
ORD-0004704,2026-11-05,Kisumu,JET_A1,OMC_F,0.76,0.76,NORMAL,SYNTHETIC_SCENARIO
ORD-0004705,2026-11-06,Kisumu,JET_A1,OMC_A,21.61,21.61,NORMAL,SYNTHETIC_SCENARIO
ORD-0004706,2026-11-06,Kisumu,JET_A1,OMC_B,28.35,28.35,NORMAL,SYNTHETIC_SCENARIO
ORD-0004707,2026-11-06,Kisumu,JET_A1,OMC_C,3.46,3.46,NORMAL,SYNTHETIC_SCENARIO
ORD-0004708,2026-11-06,Kisumu,JET_A1,OMC_D,31.08,31.08,NORMAL,SYNTHETIC_SCENARIO
ORD-0004709,2026-11-06,Kisumu,JET_A1,OMC_E,7.89,7.89,NORMAL,SYNTHETIC_SCENARIO
ORD-0004710,2026-11-06,Kisumu,JET_A1,OMC_F,15.7,15.7,NORMAL,SYNTHETIC_SCENARIO
ORD-0004711,2026-11-07,Kisumu,JET_A1,OMC_A,40.03,40.03,NORMAL,SYNTHETIC_SCENARIO
ORD-0004712,2026-11-07,Kisumu,JET_A1,OMC_B,13.01,13.01,NORMAL,SYNTHETIC_SCENARIO
ORD-0004713,2026-11-07,Kisumu,JET_A1,OMC_C,8.74,8.74,NORMAL,SYNTHETIC_SCENARIO
ORD-0004714,2026-11-07,Kisumu,JET_A1,OMC_D,0.67,0.67,NORMAL,SYNTHETIC_SCENARIO
ORD-0004715,2026-11-07,Kisumu,JET_A1,OMC_E,14.25,14.25,NORMAL,SYNTHETIC_SCENARIO
ORD-0004716,2026-11-07,Kisumu,JET_A1,OMC_F,12.64,12.64,HIGH,SYNTHETIC_SCENARIO
ORD-0004717,2026-11-08,Kisumu,JET_A1,OMC_A,10.81,10.81,NORMAL,SYNTHETIC_SCENARIO
ORD-0004718,2026-11-08,Kisumu,JET_A1,OMC_B,13.4,13.4,NORMAL,SYNTHETIC_SCENARIO
ORD-0004719,2026-11-08,Kisumu,JET_A1,OMC_C,26.79,26.79,NORMAL,SYNTHETIC_SCENARIO
ORD-0004720,2026-11-08,Kisumu,JET_A1,OMC_D,3.49,3.49,NORMAL,SYNTHETIC_SCENARIO
ORD-0004721,2026-11-08,Kisumu,JET_A1,OMC_E,10.06,10.06,NORMAL,SYNTHETIC_SCENARIO
ORD-0004722,2026-11-08,Kisumu,JET_A1,OMC_F,12.73,12.73,HIGH,SYNTHETIC_SCENARIO
ORD-0004723,2026-11-09,Kisumu,JET_A1,OMC_A,39.96,39.96,NORMAL,SYNTHETIC_SCENARIO
ORD-0004724,2026-11-09,Kisumu,JET_A1,OMC_B,26.07,26.07,NORMAL,SYNTHETIC_SCENARIO
ORD-0004725,2026-11-09,Kisumu,JET_A1,OMC_C,16.46,16.46,NORMAL,SYNTHETIC_SCENARIO
ORD-0004726,2026-11-09,Kisumu,JET_A1,OMC_D,15.65,15.65,NORMAL,SYNTHETIC_SCENARIO
ORD-0004727,2026-11-09,Kisumu,JET_A1,OMC_E,2.16,2.16,NORMAL,SYNTHETIC_SCENARIO
ORD-0004728,2026-11-09,Kisumu,JET_A1,OMC_F,4.34,4.34,NORMAL,SYNTHETIC_SCENARIO
ORD-0004729,2026-11-10,Kisumu,JET_A1,OMC_A,47.25,47.25,NORMAL,SYNTHETIC_SCENARIO
ORD-0004730,2026-11-10,Kisumu,JET_A1,OMC_B,25.75,25.75,NORMAL,SYNTHETIC_SCENARIO
ORD-0004731,2026-11-10,Kisumu,JET_A1,OMC_C,7.51,7.51,NORMAL,SYNTHETIC_SCENARIO
ORD-0004732,2026-11-10,Kisumu,JET_A1,OMC_D,11.3,11.3,NORMAL,SYNTHETIC_SCENARIO
ORD-0004733,2026-11-10,Kisumu,JET_A1,OMC_E,4.98,4.98,NORMAL,SYNTHETIC_SCENARIO
ORD-0004734,2026-11-10,Kisumu,JET_A1,OMC_F,0.65,0.65,HIGH,SYNTHETIC_SCENARIO
ORD-0004735,2026-11-11,Kisumu,JET_A1,OMC_A,28.29,28.29,NORMAL,SYNTHETIC_SCENARIO
ORD-0004736,2026-11-11,Kisumu,JET_A1,OMC_B,10.12,10.12,NORMAL,SYNTHETIC_SCENARIO
ORD-0004737,2026-11-11,Kisumu,JET_A1,OMC_C,10.07,10.07,NORMAL,SYNTHETIC_SCENARIO
ORD-0004738,2026-11-11,Kisumu,JET_A1,OMC_D,30.46,30.46,NORMAL,SYNTHETIC_SCENARIO
ORD-0004739,2026-11-11,Kisumu,JET_A1,OMC_E,4.09,4.09,NORMAL,SYNTHETIC_SCENARIO
ORD-0004740,2026-11-11,Kisumu,JET_A1,OMC_F,24.04,24.04,NORMAL,SYNTHETIC_SCENARIO
ORD-0004741,2026-11-12,Kisumu,JET_A1,OMC_A,19.39,19.39,NORMAL,SYNTHETIC_SCENARIO
ORD-0004742,2026-11-12,Kisumu,JET_A1,OMC_B,24.68,24.68,NORMAL,SYNTHETIC_SCENARIO
ORD-0004743,2026-11-12,Kisumu,JET_A1,OMC_C,18.8,18.8,NORMAL,SYNTHETIC_SCENARIO
ORD-0004744,2026-11-12,Kisumu,JET_A1,OMC_D,5.7,5.7,NORMAL,SYNTHETIC_SCENARIO
ORD-0004745,2026-11-12,Kisumu,JET_A1,OMC_E,16.49,16.49,NORMAL,SYNTHETIC_SCENARIO
ORD-0004746,2026-11-12,Kisumu,JET_A1,OMC_F,12.33,12.33,NORMAL,SYNTHETIC_SCENARIO
ORD-0004747,2026-11-13,Kisumu,JET_A1,OMC_A,4.83,4.83,NORMAL,SYNTHETIC_SCENARIO
ORD-0004748,2026-11-13,Kisumu,JET_A1,OMC_B,19.68,19.68,NORMAL,SYNTHETIC_SCENARIO
ORD-0004749,2026-11-13,Kisumu,JET_A1,OMC_C,32.8,32.8,NORMAL,SYNTHETIC_SCENARIO
ORD-0004750,2026-11-13,Kisumu,JET_A1,OMC_D,32.37,32.37,NORMAL,SYNTHETIC_SCENARIO
ORD-0004751,2026-11-13,Kisumu,JET_A1,OMC_E,10.05,10.05,NORMAL,SYNTHETIC_SCENARIO
ORD-0004752,2026-11-13,Kisumu,JET_A1,OMC_F,4.92,4.92,NORMAL,SYNTHETIC_SCENARIO
ORD-0004753,2026-11-14,Kisumu,JET_A1,OMC_A,7.92,7.92,NORMAL,SYNTHETIC_SCENARIO
ORD-0004754,2026-11-14,Kisumu,JET_A1,OMC_B,18.91,18.91,NORMAL,SYNTHETIC_SCENARIO
ORD-0004755,2026-11-14,Kisumu,JET_A1,OMC_C,7.65,7.65,NORMAL,SYNTHETIC_SCENARIO
ORD-0004756,2026-11-14,Kisumu,JET_A1,OMC_D,48.45,48.45,NORMAL,SYNTHETIC_SCENARIO
ORD-0004757,2026-11-14,Kisumu,JET_A1,OMC_E,9.92,9.92,NORMAL,SYNTHETIC_SCENARIO
ORD-0004758,2026-11-14,Kisumu,JET_A1,OMC_F,0.32,0.32,NORMAL,SYNTHETIC_SCENARIO
ORD-0004759,2026-11-15,Kisumu,JET_A1,OMC_A,29.46,29.46,NORMAL,SYNTHETIC_SCENARIO
ORD-0004760,2026-11-15,Kisumu,JET_A1,OMC_B,27.79,27.79,NORMAL,SYNTHETIC_SCENARIO
ORD-0004761,2026-11-15,Kisumu,JET_A1,OMC_C,9.35,9.35,NORMAL,SYNTHETIC_SCENARIO
ORD-0004762,2026-11-15,Kisumu,JET_A1,OMC_D,1.57,1.57,NORMAL,SYNTHETIC_SCENARIO
ORD-0004763,2026-11-15,Kisumu,JET_A1,OMC_E,4.31,4.31,NORMAL,SYNTHETIC_SCENARIO
ORD-0004764,2026-11-15,Kisumu,JET_A1,OMC_F,1.42,1.42,NORMAL,SYNTHETIC_SCENARIO
ORD-0004765,2026-11-16,Kisumu,JET_A1,OMC_A,38.46,38.46,NORMAL,SYNTHETIC_SCENARIO
ORD-0004766,2026-11-16,Kisumu,JET_A1,OMC_B,7.04,7.04,NORMAL,SYNTHETIC_SCENARIO
ORD-0004767,2026-11-16,Kisumu,JET_A1,OMC_C,2.81,2.81,NORMAL,SYNTHETIC_SCENARIO
ORD-0004768,2026-11-16,Kisumu,JET_A1,OMC_D,23.0,23.0,NORMAL,SYNTHETIC_SCENARIO
ORD-0004769,2026-11-16,Kisumu,JET_A1,OMC_E,15.84,15.84,HIGH,SYNTHETIC_SCENARIO
ORD-0004770,2026-11-16,Kisumu,JET_A1,OMC_F,14.29,14.29,NORMAL,SYNTHETIC_SCENARIO
ORD-0004771,2026-11-17,Kisumu,JET_A1,OMC_A,15.32,15.32,NORMAL,SYNTHETIC_SCENARIO
ORD-0004772,2026-11-17,Kisumu,JET_A1,OMC_B,20.08,20.08,NORMAL,SYNTHETIC_SCENARIO
ORD-0004773,2026-11-17,Kisumu,JET_A1,OMC_C,6.61,6.61,NORMAL,SYNTHETIC_SCENARIO
ORD-0004774,2026-11-17,Kisumu,JET_A1,OMC_D,16.07,16.07,NORMAL,SYNTHETIC_SCENARIO
ORD-0004775,2026-11-17,Kisumu,JET_A1,OMC_E,26.22,26.22,NORMAL,SYNTHETIC_SCENARIO
ORD-0004776,2026-11-17,Kisumu,JET_A1,OMC_F,13.55,13.55,HIGH,SYNTHETIC_SCENARIO
ORD-0004777,2026-11-18,Kisumu,JET_A1,OMC_A,24.57,24.57,NORMAL,SYNTHETIC_SCENARIO
ORD-0004778,2026-11-18,Kisumu,JET_A1,OMC_B,10.62,10.62,NORMAL,SYNTHETIC_SCENARIO
ORD-0004779,2026-11-18,Kisumu,JET_A1,OMC_C,2.38,2.38,NORMAL,SYNTHETIC_SCENARIO
ORD-0004780,2026-11-18,Kisumu,JET_A1,OMC_D,29.65,29.65,NORMAL,SYNTHETIC_SCENARIO
ORD-0004781,2026-11-18,Kisumu,JET_A1,OMC_E,11.2,11.2,NORMAL,SYNTHETIC_SCENARIO
ORD-0004782,2026-11-18,Kisumu,JET_A1,OMC_F,14.13,14.13,HIGH,SYNTHETIC_SCENARIO
ORD-0004783,2026-11-19,Kisumu,JET_A1,OMC_A,48.72,48.72,NORMAL,SYNTHETIC_SCENARIO
ORD-0004784,2026-11-19,Kisumu,JET_A1,OMC_B,3.34,3.34,NORMAL,SYNTHETIC_SCENARIO
ORD-0004785,2026-11-19,Kisumu,JET_A1,OMC_C,23.49,23.49,NORMAL,SYNTHETIC_SCENARIO
ORD-0004786,2026-11-19,Kisumu,JET_A1,OMC_D,14.45,14.45,NORMAL,SYNTHETIC_SCENARIO
ORD-0004787,2026-11-19,Kisumu,JET_A1,OMC_E,7.41,7.41,NORMAL,SYNTHETIC_SCENARIO
ORD-0004788,2026-11-19,Kisumu,JET_A1,OMC_F,2.7,2.7,NORMAL,SYNTHETIC_SCENARIO
ORD-0004789,2026-11-20,Kisumu,JET_A1,OMC_A,48.75,48.75,NORMAL,SYNTHETIC_SCENARIO
ORD-0004790,2026-11-20,Kisumu,JET_A1,OMC_B,14.61,14.61,NORMAL,SYNTHETIC_SCENARIO
ORD-0004791,2026-11-20,Kisumu,JET_A1,OMC_C,17.47,17.47,NORMAL,SYNTHETIC_SCENARIO
ORD-0004792,2026-11-20,Kisumu,JET_A1,OMC_D,25.78,25.78,NORMAL,SYNTHETIC_SCENARIO
ORD-0004793,2026-11-20,Kisumu,JET_A1,OMC_E,0.76,0.76,NORMAL,SYNTHETIC_SCENARIO
ORD-0004794,2026-11-20,Kisumu,JET_A1,OMC_F,2.05,2.05,NORMAL,SYNTHETIC_SCENARIO
ORD-0004795,2026-11-21,Kisumu,JET_A1,OMC_A,22.71,22.71,NORMAL,SYNTHETIC_SCENARIO
ORD-0004796,2026-11-21,Kisumu,JET_A1,OMC_B,34.92,34.92,NORMAL,SYNTHETIC_SCENARIO
ORD-0004797,2026-11-21,Kisumu,JET_A1,OMC_C,15.88,15.88,NORMAL,SYNTHETIC_SCENARIO
ORD-0004798,2026-11-21,Kisumu,JET_A1,OMC_D,19.66,19.66,NORMAL,SYNTHETIC_SCENARIO
ORD-0004799,2026-11-21,Kisumu,JET_A1,OMC_E,1.68,1.68,NORMAL,SYNTHETIC_SCENARIO
ORD-0004800,2026-11-21,Kisumu,JET_A1,OMC_F,0.3,0.3,NORMAL,SYNTHETIC_SCENARIO
ORD-0004801,2026-11-22,Kisumu,JET_A1,OMC_A,21.28,21.28,NORMAL,SYNTHETIC_SCENARIO
ORD-0004802,2026-11-22,Kisumu,JET_A1,OMC_B,24.77,24.77,NORMAL,SYNTHETIC_SCENARIO
ORD-0004803,2026-11-22,Kisumu,JET_A1,OMC_C,23.38,23.38,NORMAL,SYNTHETIC_SCENARIO
ORD-0004804,2026-11-22,Kisumu,JET_A1,OMC_D,3.35,3.35,NORMAL,SYNTHETIC_SCENARIO
ORD-0004805,2026-11-22,Kisumu,JET_A1,OMC_E,14.4,14.4,NORMAL,SYNTHETIC_SCENARIO
ORD-0004806,2026-11-22,Kisumu,JET_A1,OMC_F,0.09,0.09,NORMAL,SYNTHETIC_SCENARIO
ORD-0004807,2026-11-23,Kisumu,JET_A1,OMC_A,40.82,40.82,NORMAL,SYNTHETIC_SCENARIO
ORD-0004808,2026-11-23,Kisumu,JET_A1,OMC_B,4.02,4.02,NORMAL,SYNTHETIC_SCENARIO
ORD-0004809,2026-11-23,Kisumu,JET_A1,OMC_C,11.19,11.19,NORMAL,SYNTHETIC_SCENARIO
ORD-0004810,2026-11-23,Kisumu,JET_A1,OMC_D,12.05,12.05,NORMAL,SYNTHETIC_SCENARIO
ORD-0004811,2026-11-23,Kisumu,JET_A1,OMC_E,10.97,10.97,NORMAL,SYNTHETIC_SCENARIO
ORD-0004812,2026-11-23,Kisumu,JET_A1,OMC_F,16.12,16.12,NORMAL,SYNTHETIC_SCENARIO
ORD-0004813,2026-11-24,Kisumu,JET_A1,OMC_A,48.91,48.91,NORMAL,SYNTHETIC_SCENARIO
ORD-0004814,2026-11-24,Kisumu,JET_A1,OMC_B,27.9,27.9,NORMAL,SYNTHETIC_SCENARIO
ORD-0004815,2026-11-24,Kisumu,JET_A1,OMC_C,9.19,9.19,NORMAL,SYNTHETIC_SCENARIO
ORD-0004816,2026-11-24,Kisumu,JET_A1,OMC_D,7.5,7.5,NORMAL,SYNTHETIC_SCENARIO
ORD-0004817,2026-11-24,Kisumu,JET_A1,OMC_E,4.8,4.8,HIGH,SYNTHETIC_SCENARIO
ORD-0004818,2026-11-24,Kisumu,JET_A1,OMC_F,0.66,0.66,NORMAL,SYNTHETIC_SCENARIO
ORD-0004819,2026-11-25,Kisumu,JET_A1,OMC_A,16.48,16.48,NORMAL,SYNTHETIC_SCENARIO
ORD-0004820,2026-11-25,Kisumu,JET_A1,OMC_B,34.33,34.33,NORMAL,SYNTHETIC_SCENARIO
ORD-0004821,2026-11-25,Kisumu,JET_A1,OMC_C,33.17,33.17,NORMAL,SYNTHETIC_SCENARIO
ORD-0004822,2026-11-25,Kisumu,JET_A1,OMC_D,6.79,6.79,NORMAL,SYNTHETIC_SCENARIO
ORD-0004823,2026-11-25,Kisumu,JET_A1,OMC_E,0.92,0.92,NORMAL,SYNTHETIC_SCENARIO
ORD-0004824,2026-11-25,Kisumu,JET_A1,OMC_F,11.36,11.36,NORMAL,SYNTHETIC_SCENARIO
ORD-0004825,2026-11-26,Kisumu,JET_A1,OMC_A,22.88,22.88,NORMAL,SYNTHETIC_SCENARIO
ORD-0004826,2026-11-26,Kisumu,JET_A1,OMC_B,20.3,20.3,NORMAL,SYNTHETIC_SCENARIO
ORD-0004827,2026-11-26,Kisumu,JET_A1,OMC_C,18.12,18.12,HIGH,SYNTHETIC_SCENARIO
ORD-0004828,2026-11-26,Kisumu,JET_A1,OMC_D,19.13,19.13,HIGH,SYNTHETIC_SCENARIO
ORD-0004829,2026-11-26,Kisumu,JET_A1,OMC_E,8.09,8.09,NORMAL,SYNTHETIC_SCENARIO
ORD-0004830,2026-11-26,Kisumu,JET_A1,OMC_F,4.42,4.42,NORMAL,SYNTHETIC_SCENARIO
ORD-0004831,2026-11-27,Kisumu,JET_A1,OMC_A,21.7,21.7,NORMAL,SYNTHETIC_SCENARIO
ORD-0004832,2026-11-27,Kisumu,JET_A1,OMC_B,23.9,23.9,NORMAL,SYNTHETIC_SCENARIO
ORD-0004833,2026-11-27,Kisumu,JET_A1,OMC_C,3.11,3.11,NORMAL,SYNTHETIC_SCENARIO
ORD-0004834,2026-11-27,Kisumu,JET_A1,OMC_D,23.45,23.45,NORMAL,SYNTHETIC_SCENARIO
ORD-0004835,2026-11-27,Kisumu,JET_A1,OMC_E,2.13,2.13,NORMAL,SYNTHETIC_SCENARIO
ORD-0004836,2026-11-27,Kisumu,JET_A1,OMC_F,19.7,19.7,NORMAL,SYNTHETIC_SCENARIO
ORD-0004837,2026-11-28,Kisumu,JET_A1,OMC_A,33.57,33.57,NORMAL,SYNTHETIC_SCENARIO
ORD-0004838,2026-11-28,Kisumu,JET_A1,OMC_B,11.73,11.73,NORMAL,SYNTHETIC_SCENARIO
ORD-0004839,2026-11-28,Kisumu,JET_A1,OMC_C,23.0,23.0,NORMAL,SYNTHETIC_SCENARIO
ORD-0004840,2026-11-28,Kisumu,JET_A1,OMC_D,24.56,24.56,NORMAL,SYNTHETIC_SCENARIO
ORD-0004841,2026-11-28,Kisumu,JET_A1,OMC_E,1.59,1.59,NORMAL,SYNTHETIC_SCENARIO
ORD-0004842,2026-11-28,Kisumu,JET_A1,OMC_F,5.83,5.83,NORMAL,SYNTHETIC_SCENARIO
ORD-0004843,2026-11-29,Kisumu,JET_A1,OMC_A,7.15,7.15,NORMAL,SYNTHETIC_SCENARIO
ORD-0004844,2026-11-29,Kisumu,JET_A1,OMC_B,15.58,15.58,NORMAL,SYNTHETIC_SCENARIO
ORD-0004845,2026-11-29,Kisumu,JET_A1,OMC_C,14.06,14.06,NORMAL,SYNTHETIC_SCENARIO
ORD-0004846,2026-11-29,Kisumu,JET_A1,OMC_D,7.11,7.11,HIGH,SYNTHETIC_SCENARIO
ORD-0004847,2026-11-29,Kisumu,JET_A1,OMC_E,12.09,12.09,HIGH,SYNTHETIC_SCENARIO
ORD-0004848,2026-11-29,Kisumu,JET_A1,OMC_F,25.82,25.82,NORMAL,SYNTHETIC_SCENARIO
ORD-0004849,2026-11-30,Kisumu,JET_A1,OMC_A,32.17,32.17,NORMAL,SYNTHETIC_SCENARIO
ORD-0004850,2026-11-30,Kisumu,JET_A1,OMC_B,16.34,16.34,NORMAL,SYNTHETIC_SCENARIO
ORD-0004851,2026-11-30,Kisumu,JET_A1,OMC_C,34.4,34.4,NORMAL,SYNTHETIC_SCENARIO
ORD-0004852,2026-11-30,Kisumu,JET_A1,OMC_D,0.54,0.54,NORMAL,SYNTHETIC_SCENARIO
ORD-0004853,2026-11-30,Kisumu,JET_A1,OMC_E,16.6,16.6,NORMAL,SYNTHETIC_SCENARIO
ORD-0004854,2026-11-30,Kisumu,JET_A1,OMC_F,2.65,2.65,NORMAL,SYNTHETIC_SCENARIO
ORD-0004855,2026-12-01,Kisumu,JET_A1,OMC_A,16.13,16.13,NORMAL,SYNTHETIC_SCENARIO
ORD-0004856,2026-12-01,Kisumu,JET_A1,OMC_B,38.66,38.66,NORMAL,SYNTHETIC_SCENARIO
ORD-0004857,2026-12-01,Kisumu,JET_A1,OMC_C,24.31,24.31,NORMAL,SYNTHETIC_SCENARIO
ORD-0004858,2026-12-01,Kisumu,JET_A1,OMC_D,8.29,8.29,NORMAL,SYNTHETIC_SCENARIO
ORD-0004859,2026-12-01,Kisumu,JET_A1,OMC_E,21.65,21.65,NORMAL,SYNTHETIC_SCENARIO
ORD-0004860,2026-12-01,Kisumu,JET_A1,OMC_F,6.68,6.68,NORMAL,SYNTHETIC_SCENARIO
ORD-0004861,2026-12-02,Kisumu,JET_A1,OMC_A,20.91,20.91,NORMAL,SYNTHETIC_SCENARIO
ORD-0004862,2026-12-02,Kisumu,JET_A1,OMC_B,5.66,5.66,NORMAL,SYNTHETIC_SCENARIO
ORD-0004863,2026-12-02,Kisumu,JET_A1,OMC_C,12.04,12.04,NORMAL,SYNTHETIC_SCENARIO
ORD-0004864,2026-12-02,Kisumu,JET_A1,OMC_D,10.73,10.73,HIGH,SYNTHETIC_SCENARIO
ORD-0004865,2026-12-02,Kisumu,JET_A1,OMC_E,54.8,54.8,NORMAL,SYNTHETIC_SCENARIO
ORD-0004866,2026-12-02,Kisumu,JET_A1,OMC_F,4.6,4.6,NORMAL,SYNTHETIC_SCENARIO
ORD-0004867,2026-12-03,Kisumu,JET_A1,OMC_A,37.11,37.11,NORMAL,SYNTHETIC_SCENARIO
ORD-0004868,2026-12-03,Kisumu,JET_A1,OMC_B,14.43,14.43,NORMAL,SYNTHETIC_SCENARIO
ORD-0004869,2026-12-03,Kisumu,JET_A1,OMC_C,11.15,11.15,HIGH,SYNTHETIC_SCENARIO
ORD-0004870,2026-12-03,Kisumu,JET_A1,OMC_D,33.01,33.01,HIGH,SYNTHETIC_SCENARIO
ORD-0004871,2026-12-03,Kisumu,JET_A1,OMC_E,4.08,4.08,NORMAL,SYNTHETIC_SCENARIO
ORD-0004872,2026-12-03,Kisumu,JET_A1,OMC_F,17.38,17.38,NORMAL,SYNTHETIC_SCENARIO
ORD-0004873,2026-12-04,Kisumu,JET_A1,OMC_A,33.45,33.45,NORMAL,SYNTHETIC_SCENARIO
ORD-0004874,2026-12-04,Kisumu,JET_A1,OMC_B,24.58,24.58,NORMAL,SYNTHETIC_SCENARIO
ORD-0004875,2026-12-04,Kisumu,JET_A1,OMC_C,30.5,30.5,NORMAL,SYNTHETIC_SCENARIO
ORD-0004876,2026-12-04,Kisumu,JET_A1,OMC_D,30.51,30.51,NORMAL,SYNTHETIC_SCENARIO
ORD-0004877,2026-12-04,Kisumu,JET_A1,OMC_E,2.51,2.51,NORMAL,SYNTHETIC_SCENARIO
ORD-0004878,2026-12-04,Kisumu,JET_A1,OMC_F,2.11,2.11,NORMAL,SYNTHETIC_SCENARIO
ORD-0004879,2026-12-05,Kisumu,JET_A1,OMC_A,31.04,31.04,NORMAL,SYNTHETIC_SCENARIO
ORD-0004880,2026-12-05,Kisumu,JET_A1,OMC_B,21.24,21.24,NORMAL,SYNTHETIC_SCENARIO
ORD-0004881,2026-12-05,Kisumu,JET_A1,OMC_C,16.9,16.9,NORMAL,SYNTHETIC_SCENARIO
ORD-0004882,2026-12-05,Kisumu,JET_A1,OMC_D,14.74,14.74,HIGH,SYNTHETIC_SCENARIO
ORD-0004883,2026-12-05,Kisumu,JET_A1,OMC_E,4.8,4.8,NORMAL,SYNTHETIC_SCENARIO
ORD-0004884,2026-12-05,Kisumu,JET_A1,OMC_F,13.46,13.46,NORMAL,SYNTHETIC_SCENARIO
ORD-0004885,2026-12-06,Kisumu,JET_A1,OMC_A,27.81,27.81,NORMAL,SYNTHETIC_SCENARIO
ORD-0004886,2026-12-06,Kisumu,JET_A1,OMC_B,23.93,23.93,NORMAL,SYNTHETIC_SCENARIO
ORD-0004887,2026-12-06,Kisumu,JET_A1,OMC_C,15.12,15.12,NORMAL,SYNTHETIC_SCENARIO
ORD-0004888,2026-12-06,Kisumu,JET_A1,OMC_D,9.87,9.87,HIGH,SYNTHETIC_SCENARIO
ORD-0004889,2026-12-06,Kisumu,JET_A1,OMC_E,5.07,5.07,NORMAL,SYNTHETIC_SCENARIO
ORD-0004890,2026-12-06,Kisumu,JET_A1,OMC_F,12.8,12.8,NORMAL,SYNTHETIC_SCENARIO
ORD-0004891,2026-12-07,Kisumu,JET_A1,OMC_A,22.76,22.76,NORMAL,SYNTHETIC_SCENARIO
ORD-0004892,2026-12-07,Kisumu,JET_A1,OMC_B,23.36,23.36,NORMAL,SYNTHETIC_SCENARIO
ORD-0004893,2026-12-07,Kisumu,JET_A1,OMC_C,24.8,24.8,NORMAL,SYNTHETIC_SCENARIO
ORD-0004894,2026-12-07,Kisumu,JET_A1,OMC_D,12.53,12.53,NORMAL,SYNTHETIC_SCENARIO
ORD-0004895,2026-12-07,Kisumu,JET_A1,OMC_E,6.36,6.36,NORMAL,SYNTHETIC_SCENARIO
ORD-0004896,2026-12-07,Kisumu,JET_A1,OMC_F,29.49,29.49,NORMAL,SYNTHETIC_SCENARIO
ORD-0004897,2026-12-08,Kisumu,JET_A1,OMC_A,21.7,21.7,NORMAL,SYNTHETIC_SCENARIO
ORD-0004898,2026-12-08,Kisumu,JET_A1,OMC_B,26.78,26.78,NORMAL,SYNTHETIC_SCENARIO
ORD-0004899,2026-12-08,Kisumu,JET_A1,OMC_C,19.14,19.14,HIGH,SYNTHETIC_SCENARIO
ORD-0004900,2026-12-08,Kisumu,JET_A1,OMC_D,10.23,10.23,NORMAL,SYNTHETIC_SCENARIO
ORD-0004901,2026-12-08,Kisumu,JET_A1,OMC_E,39.69,39.69,NORMAL,SYNTHETIC_SCENARIO
ORD-0004902,2026-12-08,Kisumu,JET_A1,OMC_F,2.9,2.9,NORMAL,SYNTHETIC_SCENARIO
ORD-0004903,2026-12-09,Kisumu,JET_A1,OMC_A,13.25,13.25,NORMAL,SYNTHETIC_SCENARIO
ORD-0004904,2026-12-09,Kisumu,JET_A1,OMC_B,9.68,9.68,NORMAL,SYNTHETIC_SCENARIO
ORD-0004905,2026-12-09,Kisumu,JET_A1,OMC_C,58.85,58.85,NORMAL,SYNTHETIC_SCENARIO
ORD-0004906,2026-12-09,Kisumu,JET_A1,OMC_D,25.43,25.43,NORMAL,SYNTHETIC_SCENARIO
ORD-0004907,2026-12-09,Kisumu,JET_A1,OMC_E,10.98,10.98,NORMAL,SYNTHETIC_SCENARIO
ORD-0004908,2026-12-09,Kisumu,JET_A1,OMC_F,5.01,5.01,NORMAL,SYNTHETIC_SCENARIO
ORD-0004909,2026-12-10,Kisumu,JET_A1,OMC_A,45.06,45.06,NORMAL,SYNTHETIC_SCENARIO
ORD-0004910,2026-12-10,Kisumu,JET_A1,OMC_B,40.02,40.02,NORMAL,SYNTHETIC_SCENARIO
ORD-0004911,2026-12-10,Kisumu,JET_A1,OMC_C,2.23,2.23,NORMAL,SYNTHETIC_SCENARIO
ORD-0004912,2026-12-10,Kisumu,JET_A1,OMC_D,19.31,19.31,HIGH,SYNTHETIC_SCENARIO
ORD-0004913,2026-12-10,Kisumu,JET_A1,OMC_E,3.73,3.73,NORMAL,SYNTHETIC_SCENARIO
ORD-0004914,2026-12-10,Kisumu,JET_A1,OMC_F,0.86,0.86,NORMAL,SYNTHETIC_SCENARIO
ORD-0004915,2026-12-11,Kisumu,JET_A1,OMC_A,18.85,18.85,NORMAL,SYNTHETIC_SCENARIO
ORD-0004916,2026-12-11,Kisumu,JET_A1,OMC_B,57.18,57.18,NORMAL,SYNTHETIC_SCENARIO
ORD-0004917,2026-12-11,Kisumu,JET_A1,OMC_C,6.71,6.71,NORMAL,SYNTHETIC_SCENARIO
ORD-0004918,2026-12-11,Kisumu,JET_A1,OMC_D,13.57,13.57,NORMAL,SYNTHETIC_SCENARIO
ORD-0004919,2026-12-11,Kisumu,JET_A1,OMC_E,5.45,5.45,NORMAL,SYNTHETIC_SCENARIO
ORD-0004920,2026-12-11,Kisumu,JET_A1,OMC_F,26.35,26.35,HIGH,SYNTHETIC_SCENARIO
ORD-0004921,2026-12-12,Kisumu,JET_A1,OMC_A,16.96,16.96,NORMAL,SYNTHETIC_SCENARIO
ORD-0004922,2026-12-12,Kisumu,JET_A1,OMC_B,37.31,37.31,NORMAL,SYNTHETIC_SCENARIO
ORD-0004923,2026-12-12,Kisumu,JET_A1,OMC_C,11.64,11.64,NORMAL,SYNTHETIC_SCENARIO
ORD-0004924,2026-12-12,Kisumu,JET_A1,OMC_D,10.7,10.7,NORMAL,SYNTHETIC_SCENARIO
ORD-0004925,2026-12-12,Kisumu,JET_A1,OMC_E,29.57,29.57,NORMAL,SYNTHETIC_SCENARIO
ORD-0004926,2026-12-12,Kisumu,JET_A1,OMC_F,6.09,6.09,NORMAL,SYNTHETIC_SCENARIO
ORD-0004927,2026-12-13,Kisumu,JET_A1,OMC_A,23.61,23.61,NORMAL,SYNTHETIC_SCENARIO
ORD-0004928,2026-12-13,Kisumu,JET_A1,OMC_B,39.37,39.37,NORMAL,SYNTHETIC_SCENARIO
ORD-0004929,2026-12-13,Kisumu,JET_A1,OMC_C,15.05,15.05,NORMAL,SYNTHETIC_SCENARIO
ORD-0004930,2026-12-13,Kisumu,JET_A1,OMC_D,6.2,6.2,NORMAL,SYNTHETIC_SCENARIO
ORD-0004931,2026-12-13,Kisumu,JET_A1,OMC_E,2.07,2.07,NORMAL,SYNTHETIC_SCENARIO
ORD-0004932,2026-12-13,Kisumu,JET_A1,OMC_F,15.73,15.73,NORMAL,SYNTHETIC_SCENARIO
ORD-0004933,2026-12-14,Kisumu,JET_A1,OMC_A,24.74,24.74,NORMAL,SYNTHETIC_SCENARIO
ORD-0004934,2026-12-14,Kisumu,JET_A1,OMC_B,30.11,30.11,NORMAL,SYNTHETIC_SCENARIO
ORD-0004935,2026-12-14,Kisumu,JET_A1,OMC_C,24.68,24.68,NORMAL,SYNTHETIC_SCENARIO
ORD-0004936,2026-12-14,Kisumu,JET_A1,OMC_D,19.8,19.8,NORMAL,SYNTHETIC_SCENARIO
ORD-0004937,2026-12-14,Kisumu,JET_A1,OMC_E,6.18,6.18,NORMAL,SYNTHETIC_SCENARIO
ORD-0004938,2026-12-14,Kisumu,JET_A1,OMC_F,2.38,2.38,NORMAL,SYNTHETIC_SCENARIO
ORD-0004939,2026-12-15,Kisumu,JET_A1,OMC_A,37.09,37.09,NORMAL,SYNTHETIC_SCENARIO
ORD-0004940,2026-12-15,Kisumu,JET_A1,OMC_B,7.37,7.37,NORMAL,SYNTHETIC_SCENARIO
ORD-0004941,2026-12-15,Kisumu,JET_A1,OMC_C,30.29,30.29,NORMAL,SYNTHETIC_SCENARIO
ORD-0004942,2026-12-15,Kisumu,JET_A1,OMC_D,7.36,7.36,NORMAL,SYNTHETIC_SCENARIO
ORD-0004943,2026-12-15,Kisumu,JET_A1,OMC_E,14.62,14.62,NORMAL,SYNTHETIC_SCENARIO
ORD-0004944,2026-12-15,Kisumu,JET_A1,OMC_F,4.99,4.99,NORMAL,SYNTHETIC_SCENARIO
ORD-0004945,2026-12-16,Kisumu,JET_A1,OMC_A,54.2,54.2,NORMAL,SYNTHETIC_SCENARIO
ORD-0004946,2026-12-16,Kisumu,JET_A1,OMC_B,13.51,13.51,NORMAL,SYNTHETIC_SCENARIO
ORD-0004947,2026-12-16,Kisumu,JET_A1,OMC_C,27.68,27.68,NORMAL,SYNTHETIC_SCENARIO
ORD-0004948,2026-12-16,Kisumu,JET_A1,OMC_D,12.15,12.15,NORMAL,SYNTHETIC_SCENARIO
ORD-0004949,2026-12-16,Kisumu,JET_A1,OMC_E,1.06,1.06,NORMAL,SYNTHETIC_SCENARIO
ORD-0004950,2026-12-16,Kisumu,JET_A1,OMC_F,0.81,0.81,NORMAL,SYNTHETIC_SCENARIO
ORD-0004951,2026-12-17,Kisumu,JET_A1,OMC_A,18.33,18.33,NORMAL,SYNTHETIC_SCENARIO
ORD-0004952,2026-12-17,Kisumu,JET_A1,OMC_B,8.95,8.95,NORMAL,SYNTHETIC_SCENARIO
ORD-0004953,2026-12-17,Kisumu,JET_A1,OMC_C,36.25,36.25,NORMAL,SYNTHETIC_SCENARIO
ORD-0004954,2026-12-17,Kisumu,JET_A1,OMC_D,9.21,9.21,NORMAL,SYNTHETIC_SCENARIO
ORD-0004955,2026-12-17,Kisumu,JET_A1,OMC_E,19.47,19.47,NORMAL,SYNTHETIC_SCENARIO
ORD-0004956,2026-12-17,Kisumu,JET_A1,OMC_F,16.94,16.94,NORMAL,SYNTHETIC_SCENARIO
ORD-0004957,2026-12-18,Kisumu,JET_A1,OMC_A,37.03,37.03,NORMAL,SYNTHETIC_SCENARIO
ORD-0004958,2026-12-18,Kisumu,JET_A1,OMC_B,52.85,52.85,NORMAL,SYNTHETIC_SCENARIO
ORD-0004959,2026-12-18,Kisumu,JET_A1,OMC_C,8.66,8.66,NORMAL,SYNTHETIC_SCENARIO
ORD-0004960,2026-12-18,Kisumu,JET_A1,OMC_D,14.4,14.4,NORMAL,SYNTHETIC_SCENARIO
ORD-0004961,2026-12-18,Kisumu,JET_A1,OMC_E,4.99,4.99,NORMAL,SYNTHETIC_SCENARIO
ORD-0004962,2026-12-18,Kisumu,JET_A1,OMC_F,1.17,1.17,NORMAL,SYNTHETIC_SCENARIO
ORD-0004963,2026-12-19,Kisumu,JET_A1,OMC_A,19.62,19.62,NORMAL,SYNTHETIC_SCENARIO
ORD-0004964,2026-12-19,Kisumu,JET_A1,OMC_B,29.95,29.95,NORMAL,SYNTHETIC_SCENARIO
ORD-0004965,2026-12-19,Kisumu,JET_A1,OMC_C,9.61,9.61,NORMAL,SYNTHETIC_SCENARIO
ORD-0004966,2026-12-19,Kisumu,JET_A1,OMC_D,41.68,41.68,NORMAL,SYNTHETIC_SCENARIO
ORD-0004967,2026-12-19,Kisumu,JET_A1,OMC_E,3.41,3.41,NORMAL,SYNTHETIC_SCENARIO
ORD-0004968,2026-12-19,Kisumu,JET_A1,OMC_F,0.66,0.66,NORMAL,SYNTHETIC_SCENARIO
ORD-0004969,2026-12-20,Kisumu,JET_A1,OMC_A,41.83,41.83,NORMAL,SYNTHETIC_SCENARIO
ORD-0004970,2026-12-20,Kisumu,JET_A1,OMC_B,17.28,17.28,NORMAL,SYNTHETIC_SCENARIO
ORD-0004971,2026-12-20,Kisumu,JET_A1,OMC_C,5.44,5.44,NORMAL,SYNTHETIC_SCENARIO
ORD-0004972,2026-12-20,Kisumu,JET_A1,OMC_D,5.8,5.8,NORMAL,SYNTHETIC_SCENARIO
ORD-0004973,2026-12-20,Kisumu,JET_A1,OMC_E,20.2,20.2,NORMAL,SYNTHETIC_SCENARIO
ORD-0004974,2026-12-20,Kisumu,JET_A1,OMC_F,6.34,6.34,NORMAL,SYNTHETIC_SCENARIO
ORD-0004975,2026-12-21,Kisumu,JET_A1,OMC_A,48.46,48.46,NORMAL,SYNTHETIC_SCENARIO
ORD-0004976,2026-12-21,Kisumu,JET_A1,OMC_B,10.58,10.58,NORMAL,SYNTHETIC_SCENARIO
ORD-0004977,2026-12-21,Kisumu,JET_A1,OMC_C,15.89,15.89,NORMAL,SYNTHETIC_SCENARIO
ORD-0004978,2026-12-21,Kisumu,JET_A1,OMC_D,27.04,27.04,NORMAL,SYNTHETIC_SCENARIO
ORD-0004979,2026-12-21,Kisumu,JET_A1,OMC_E,9.16,9.16,NORMAL,SYNTHETIC_SCENARIO
ORD-0004980,2026-12-21,Kisumu,JET_A1,OMC_F,0.81,0.81,NORMAL,SYNTHETIC_SCENARIO
ORD-0004981,2026-12-22,Kisumu,JET_A1,OMC_A,41.09,41.09,NORMAL,SYNTHETIC_SCENARIO
ORD-0004982,2026-12-22,Kisumu,JET_A1,OMC_B,7.36,7.36,NORMAL,SYNTHETIC_SCENARIO
ORD-0004983,2026-12-22,Kisumu,JET_A1,OMC_C,18.3,18.3,HIGH,SYNTHETIC_SCENARIO
ORD-0004984,2026-12-22,Kisumu,JET_A1,OMC_D,21.95,21.95,NORMAL,SYNTHETIC_SCENARIO
ORD-0004985,2026-12-22,Kisumu,JET_A1,OMC_E,2.55,2.55,NORMAL,SYNTHETIC_SCENARIO
ORD-0004986,2026-12-22,Kisumu,JET_A1,OMC_F,18.28,18.28,NORMAL,SYNTHETIC_SCENARIO
ORD-0004987,2026-12-23,Kisumu,JET_A1,OMC_A,43.79,43.79,NORMAL,SYNTHETIC_SCENARIO
ORD-0004988,2026-12-23,Kisumu,JET_A1,OMC_B,23.71,23.71,NORMAL,SYNTHETIC_SCENARIO
ORD-0004989,2026-12-23,Kisumu,JET_A1,OMC_C,16.29,16.29,NORMAL,SYNTHETIC_SCENARIO
ORD-0004990,2026-12-23,Kisumu,JET_A1,OMC_D,19.23,19.23,NORMAL,SYNTHETIC_SCENARIO
ORD-0004991,2026-12-23,Kisumu,JET_A1,OMC_E,1.71,1.71,NORMAL,SYNTHETIC_SCENARIO
ORD-0004992,2026-12-23,Kisumu,JET_A1,OMC_F,3.03,3.03,HIGH,SYNTHETIC_SCENARIO
ORD-0004993,2026-12-24,Kisumu,JET_A1,OMC_A,26.31,26.31,NORMAL,SYNTHETIC_SCENARIO
ORD-0004994,2026-12-24,Kisumu,JET_A1,OMC_B,41.5,41.5,NORMAL,SYNTHETIC_SCENARIO
ORD-0004995,2026-12-24,Kisumu,JET_A1,OMC_C,20.25,20.25,NORMAL,SYNTHETIC_SCENARIO
ORD-0004996,2026-12-24,Kisumu,JET_A1,OMC_D,16.23,16.23,NORMAL,SYNTHETIC_SCENARIO
ORD-0004997,2026-12-24,Kisumu,JET_A1,OMC_E,4.22,4.22,NORMAL,SYNTHETIC_SCENARIO
ORD-0004998,2026-12-24,Kisumu,JET_A1,OMC_F,5.65,5.65,NORMAL,SYNTHETIC_SCENARIO
ORD-0004999,2026-12-25,Kisumu,JET_A1,OMC_A,59.98,59.98,NORMAL,SYNTHETIC_SCENARIO
ORD-0005000,2026-12-25,Kisumu,JET_A1,OMC_B,20.32,20.32,NORMAL,SYNTHETIC_SCENARIO
ORD-0005001,2026-12-25,Kisumu,JET_A1,OMC_C,7.73,7.73,NORMAL,SYNTHETIC_SCENARIO
ORD-0005002,2026-12-25,Kisumu,JET_A1,OMC_D,16.43,16.43,NORMAL,SYNTHETIC_SCENARIO
ORD-0005003,2026-12-25,Kisumu,JET_A1,OMC_E,23.69,23.69,NORMAL,SYNTHETIC_SCENARIO
ORD-0005004,2026-12-25,Kisumu,JET_A1,OMC_F,4.23,4.23,NORMAL,SYNTHETIC_SCENARIO
ORD-0005005,2026-12-26,Kisumu,JET_A1,OMC_A,35.9,35.9,NORMAL,SYNTHETIC_SCENARIO
ORD-0005006,2026-12-26,Kisumu,JET_A1,OMC_B,20.39,20.39,NORMAL,SYNTHETIC_SCENARIO
ORD-0005007,2026-12-26,Kisumu,JET_A1,OMC_C,23.31,23.31,NORMAL,SYNTHETIC_SCENARIO
ORD-0005008,2026-12-26,Kisumu,JET_A1,OMC_D,12.13,12.13,NORMAL,SYNTHETIC_SCENARIO
ORD-0005009,2026-12-26,Kisumu,JET_A1,OMC_E,10.26,10.26,NORMAL,SYNTHETIC_SCENARIO
ORD-0005010,2026-12-26,Kisumu,JET_A1,OMC_F,11.41,11.41,NORMAL,SYNTHETIC_SCENARIO
ORD-0005011,2026-12-27,Kisumu,JET_A1,OMC_A,16.41,16.41,NORMAL,SYNTHETIC_SCENARIO
ORD-0005012,2026-12-27,Kisumu,JET_A1,OMC_B,23.26,23.26,NORMAL,SYNTHETIC_SCENARIO
ORD-0005013,2026-12-27,Kisumu,JET_A1,OMC_C,14.43,14.43,NORMAL,SYNTHETIC_SCENARIO
ORD-0005014,2026-12-27,Kisumu,JET_A1,OMC_D,28.1,28.1,NORMAL,SYNTHETIC_SCENARIO
ORD-0005015,2026-12-27,Kisumu,JET_A1,OMC_E,8.04,8.04,NORMAL,SYNTHETIC_SCENARIO
ORD-0005016,2026-12-27,Kisumu,JET_A1,OMC_F,10.76,10.76,NORMAL,SYNTHETIC_SCENARIO
ORD-0005017,2026-12-28,Kisumu,JET_A1,OMC_A,26.23,26.23,NORMAL,SYNTHETIC_SCENARIO
ORD-0005018,2026-12-28,Kisumu,JET_A1,OMC_B,10.31,10.31,NORMAL,SYNTHETIC_SCENARIO
ORD-0005019,2026-12-28,Kisumu,JET_A1,OMC_C,47.24,47.24,NORMAL,SYNTHETIC_SCENARIO
ORD-0005020,2026-12-28,Kisumu,JET_A1,OMC_D,16.04,16.04,NORMAL,SYNTHETIC_SCENARIO
ORD-0005021,2026-12-28,Kisumu,JET_A1,OMC_E,6.33,6.33,NORMAL,SYNTHETIC_SCENARIO
ORD-0005022,2026-12-28,Kisumu,JET_A1,OMC_F,7.13,7.13,NORMAL,SYNTHETIC_SCENARIO
ORD-0005023,2026-12-29,Kisumu,JET_A1,OMC_A,30.11,30.11,NORMAL,SYNTHETIC_SCENARIO
ORD-0005024,2026-12-29,Kisumu,JET_A1,OMC_B,9.52,9.52,NORMAL,SYNTHETIC_SCENARIO
ORD-0005025,2026-12-29,Kisumu,JET_A1,OMC_C,5.62,5.62,NORMAL,SYNTHETIC_SCENARIO
ORD-0005026,2026-12-29,Kisumu,JET_A1,OMC_D,20.55,20.55,NORMAL,SYNTHETIC_SCENARIO
ORD-0005027,2026-12-29,Kisumu,JET_A1,OMC_E,20.11,20.11,NORMAL,SYNTHETIC_SCENARIO
ORD-0005028,2026-12-29,Kisumu,JET_A1,OMC_F,21.06,21.06,NORMAL,SYNTHETIC_SCENARIO
ORD-0005029,2026-12-30,Kisumu,JET_A1,OMC_A,39.16,39.16,NORMAL,SYNTHETIC_SCENARIO
ORD-0005030,2026-12-30,Kisumu,JET_A1,OMC_B,45.59,45.59,NORMAL,SYNTHETIC_SCENARIO
ORD-0005031,2026-12-30,Kisumu,JET_A1,OMC_C,13.45,13.45,NORMAL,SYNTHETIC_SCENARIO
ORD-0005032,2026-12-30,Kisumu,JET_A1,OMC_D,7.09,7.09,NORMAL,SYNTHETIC_SCENARIO
ORD-0005033,2026-12-30,Kisumu,JET_A1,OMC_E,3.98,3.98,NORMAL,SYNTHETIC_SCENARIO
ORD-0005034,2026-12-30,Kisumu,JET_A1,OMC_F,4.09,4.09,NORMAL,SYNTHETIC_SCENARIO
ORD-0005035,2026-12-31,Kisumu,JET_A1,OMC_A,42.18,42.18,NORMAL,SYNTHETIC_SCENARIO
ORD-0005036,2026-12-31,Kisumu,JET_A1,OMC_B,4.19,4.19,NORMAL,SYNTHETIC_SCENARIO
ORD-0005037,2026-12-31,Kisumu,JET_A1,OMC_C,16.7,16.7,NORMAL,SYNTHETIC_SCENARIO
ORD-0005038,2026-12-31,Kisumu,JET_A1,OMC_D,22.55,22.55,NORMAL,SYNTHETIC_SCENARIO
ORD-0005039,2026-12-31,Kisumu,JET_A1,OMC_E,12.19,12.19,NORMAL,SYNTHETIC_SCENARIO
ORD-0005040,2026-12-31,Kisumu,JET_A1,OMC_F,15.95,15.95,NORMAL,SYNTHETIC_SCENARIO
ORD-0005041,2026-09-03,Kisumu,PMS,OMC_A,163.34,163.34,NORMAL,SYNTHETIC_SCENARIO
ORD-0005042,2026-09-03,Kisumu,PMS,OMC_B,77.0,77.0,NORMAL,SYNTHETIC_SCENARIO
ORD-0005043,2026-09-03,Kisumu,PMS,OMC_C,155.85,155.85,NORMAL,SYNTHETIC_SCENARIO
ORD-0005044,2026-09-03,Kisumu,PMS,OMC_D,206.28,206.28,NORMAL,SYNTHETIC_SCENARIO
ORD-0005045,2026-09-03,Kisumu,PMS,OMC_E,9.51,9.51,NORMAL,SYNTHETIC_SCENARIO
ORD-0005046,2026-09-03,Kisumu,PMS,OMC_F,151.66,151.66,NORMAL,SYNTHETIC_SCENARIO
ORD-0005047,2026-09-04,Kisumu,PMS,OMC_A,215.98,215.98,NORMAL,SYNTHETIC_SCENARIO
ORD-0005048,2026-09-04,Kisumu,PMS,OMC_B,75.33,75.33,NORMAL,SYNTHETIC_SCENARIO
ORD-0005049,2026-09-04,Kisumu,PMS,OMC_C,38.2,38.2,NORMAL,SYNTHETIC_SCENARIO
ORD-0005050,2026-09-04,Kisumu,PMS,OMC_D,247.62,247.62,NORMAL,SYNTHETIC_SCENARIO
ORD-0005051,2026-09-04,Kisumu,PMS,OMC_E,98.14,98.14,NORMAL,SYNTHETIC_SCENARIO
ORD-0005052,2026-09-04,Kisumu,PMS,OMC_F,48.55,48.55,NORMAL,SYNTHETIC_SCENARIO
ORD-0005053,2026-09-05,Kisumu,PMS,OMC_A,360.13,360.13,NORMAL,SYNTHETIC_SCENARIO
ORD-0005054,2026-09-05,Kisumu,PMS,OMC_B,30.11,30.11,NORMAL,SYNTHETIC_SCENARIO
ORD-0005055,2026-09-05,Kisumu,PMS,OMC_C,46.89,46.89,NORMAL,SYNTHETIC_SCENARIO
ORD-0005056,2026-09-05,Kisumu,PMS,OMC_D,190.51,190.51,NORMAL,SYNTHETIC_SCENARIO
ORD-0005057,2026-09-05,Kisumu,PMS,OMC_E,36.59,36.59,NORMAL,SYNTHETIC_SCENARIO
ORD-0005058,2026-09-05,Kisumu,PMS,OMC_F,42.48,42.48,NORMAL,SYNTHETIC_SCENARIO
ORD-0005059,2026-09-06,Kisumu,PMS,OMC_A,170.97,170.97,NORMAL,SYNTHETIC_SCENARIO
ORD-0005060,2026-09-06,Kisumu,PMS,OMC_B,76.84,76.84,NORMAL,SYNTHETIC_SCENARIO
ORD-0005061,2026-09-06,Kisumu,PMS,OMC_C,82.65,82.65,NORMAL,SYNTHETIC_SCENARIO
ORD-0005062,2026-09-06,Kisumu,PMS,OMC_D,49.07,49.07,NORMAL,SYNTHETIC_SCENARIO
ORD-0005063,2026-09-06,Kisumu,PMS,OMC_E,148.53,148.53,NORMAL,SYNTHETIC_SCENARIO
ORD-0005064,2026-09-06,Kisumu,PMS,OMC_F,65.38,65.38,NORMAL,SYNTHETIC_SCENARIO
ORD-0005065,2026-09-07,Kisumu,PMS,OMC_A,184.96,184.96,NORMAL,SYNTHETIC_SCENARIO
ORD-0005066,2026-09-07,Kisumu,PMS,OMC_B,202.12,202.12,NORMAL,SYNTHETIC_SCENARIO
ORD-0005067,2026-09-07,Kisumu,PMS,OMC_C,178.1,178.1,NORMAL,SYNTHETIC_SCENARIO
ORD-0005068,2026-09-07,Kisumu,PMS,OMC_D,37.57,37.57,NORMAL,SYNTHETIC_SCENARIO
ORD-0005069,2026-09-07,Kisumu,PMS,OMC_E,126.83,126.83,NORMAL,SYNTHETIC_SCENARIO
ORD-0005070,2026-09-07,Kisumu,PMS,OMC_F,18.82,18.82,NORMAL,SYNTHETIC_SCENARIO
ORD-0005071,2026-09-08,Kisumu,PMS,OMC_A,94.62,94.62,NORMAL,SYNTHETIC_SCENARIO
ORD-0005072,2026-09-08,Kisumu,PMS,OMC_B,79.54,79.54,NORMAL,SYNTHETIC_SCENARIO
ORD-0005073,2026-09-08,Kisumu,PMS,OMC_C,212.43,212.43,NORMAL,SYNTHETIC_SCENARIO
ORD-0005074,2026-09-08,Kisumu,PMS,OMC_D,288.3,288.3,NORMAL,SYNTHETIC_SCENARIO
ORD-0005075,2026-09-08,Kisumu,PMS,OMC_E,3.38,3.38,HIGH,SYNTHETIC_SCENARIO
ORD-0005076,2026-09-08,Kisumu,PMS,OMC_F,62.44,62.44,HIGH,SYNTHETIC_SCENARIO
ORD-0005077,2026-09-09,Kisumu,PMS,OMC_A,98.16,98.16,NORMAL,SYNTHETIC_SCENARIO
ORD-0005078,2026-09-09,Kisumu,PMS,OMC_B,190.61,190.61,NORMAL,SYNTHETIC_SCENARIO
ORD-0005079,2026-09-09,Kisumu,PMS,OMC_C,143.58,143.58,NORMAL,SYNTHETIC_SCENARIO
ORD-0005080,2026-09-09,Kisumu,PMS,OMC_D,195.47,195.47,NORMAL,SYNTHETIC_SCENARIO
ORD-0005081,2026-09-09,Kisumu,PMS,OMC_E,64.64,64.64,NORMAL,SYNTHETIC_SCENARIO
ORD-0005082,2026-09-09,Kisumu,PMS,OMC_F,20.56,20.56,NORMAL,SYNTHETIC_SCENARIO
ORD-0005083,2026-09-10,Kisumu,PMS,OMC_A,190.39,190.39,NORMAL,SYNTHETIC_SCENARIO
ORD-0005084,2026-09-10,Kisumu,PMS,OMC_B,90.25,90.25,NORMAL,SYNTHETIC_SCENARIO
ORD-0005085,2026-09-10,Kisumu,PMS,OMC_C,221.49,221.49,NORMAL,SYNTHETIC_SCENARIO
ORD-0005086,2026-09-10,Kisumu,PMS,OMC_D,48.47,48.47,NORMAL,SYNTHETIC_SCENARIO
ORD-0005087,2026-09-10,Kisumu,PMS,OMC_E,141.14,141.14,NORMAL,SYNTHETIC_SCENARIO
ORD-0005088,2026-09-10,Kisumu,PMS,OMC_F,84.28,84.28,NORMAL,SYNTHETIC_SCENARIO
ORD-0005089,2026-09-11,Kisumu,PMS,OMC_A,261.2,261.2,NORMAL,SYNTHETIC_SCENARIO
ORD-0005090,2026-09-11,Kisumu,PMS,OMC_B,178.2,178.2,NORMAL,SYNTHETIC_SCENARIO
ORD-0005091,2026-09-11,Kisumu,PMS,OMC_C,97.09,97.09,NORMAL,SYNTHETIC_SCENARIO
ORD-0005092,2026-09-11,Kisumu,PMS,OMC_D,34.59,34.59,NORMAL,SYNTHETIC_SCENARIO
ORD-0005093,2026-09-11,Kisumu,PMS,OMC_E,97.42,97.42,NORMAL,SYNTHETIC_SCENARIO
ORD-0005094,2026-09-11,Kisumu,PMS,OMC_F,110.94,110.94,NORMAL,SYNTHETIC_SCENARIO
ORD-0005095,2026-09-12,Kisumu,PMS,OMC_A,183.72,183.72,NORMAL,SYNTHETIC_SCENARIO
ORD-0005096,2026-09-12,Kisumu,PMS,OMC_B,77.34,77.34,NORMAL,SYNTHETIC_SCENARIO
ORD-0005097,2026-09-12,Kisumu,PMS,OMC_C,63.19,63.19,NORMAL,SYNTHETIC_SCENARIO
ORD-0005098,2026-09-12,Kisumu,PMS,OMC_D,118.68,118.68,NORMAL,SYNTHETIC_SCENARIO
ORD-0005099,2026-09-12,Kisumu,PMS,OMC_E,201.2,201.2,NORMAL,SYNTHETIC_SCENARIO
ORD-0005100,2026-09-12,Kisumu,PMS,OMC_F,5.07,5.07,NORMAL,SYNTHETIC_SCENARIO
ORD-0005101,2026-09-13,Kisumu,PMS,OMC_A,275.81,275.81,NORMAL,SYNTHETIC_SCENARIO
ORD-0005102,2026-09-13,Kisumu,PMS,OMC_B,53.2,53.2,NORMAL,SYNTHETIC_SCENARIO
ORD-0005103,2026-09-13,Kisumu,PMS,OMC_C,98.12,98.12,NORMAL,SYNTHETIC_SCENARIO
ORD-0005104,2026-09-13,Kisumu,PMS,OMC_D,139.01,139.01,NORMAL,SYNTHETIC_SCENARIO
ORD-0005105,2026-09-13,Kisumu,PMS,OMC_E,43.01,43.01,NORMAL,SYNTHETIC_SCENARIO
ORD-0005106,2026-09-13,Kisumu,PMS,OMC_F,17.28,17.28,NORMAL,SYNTHETIC_SCENARIO
ORD-0005107,2026-09-14,Kisumu,PMS,OMC_A,107.16,107.16,NORMAL,SYNTHETIC_SCENARIO
ORD-0005108,2026-09-14,Kisumu,PMS,OMC_B,81.96,81.96,NORMAL,SYNTHETIC_SCENARIO
ORD-0005109,2026-09-14,Kisumu,PMS,OMC_C,176.0,176.0,NORMAL,SYNTHETIC_SCENARIO
ORD-0005110,2026-09-14,Kisumu,PMS,OMC_D,210.26,210.26,NORMAL,SYNTHETIC_SCENARIO
ORD-0005111,2026-09-14,Kisumu,PMS,OMC_E,79.89,79.89,NORMAL,SYNTHETIC_SCENARIO
ORD-0005112,2026-09-14,Kisumu,PMS,OMC_F,3.7,3.7,NORMAL,SYNTHETIC_SCENARIO
ORD-0005113,2026-09-15,Kisumu,PMS,OMC_A,161.49,161.49,NORMAL,SYNTHETIC_SCENARIO
ORD-0005114,2026-09-15,Kisumu,PMS,OMC_B,49.81,49.81,NORMAL,SYNTHETIC_SCENARIO
ORD-0005115,2026-09-15,Kisumu,PMS,OMC_C,199.6,199.6,NORMAL,SYNTHETIC_SCENARIO
ORD-0005116,2026-09-15,Kisumu,PMS,OMC_D,101.02,101.02,NORMAL,SYNTHETIC_SCENARIO
ORD-0005117,2026-09-15,Kisumu,PMS,OMC_E,62.28,62.28,NORMAL,SYNTHETIC_SCENARIO
ORD-0005118,2026-09-15,Kisumu,PMS,OMC_F,178.8,178.8,NORMAL,SYNTHETIC_SCENARIO
ORD-0005119,2026-09-16,Kisumu,PMS,OMC_A,48.5,48.5,HIGH,SYNTHETIC_SCENARIO
ORD-0005120,2026-09-16,Kisumu,PMS,OMC_B,305.94,305.94,NORMAL,SYNTHETIC_SCENARIO
ORD-0005121,2026-09-16,Kisumu,PMS,OMC_C,80.33,80.33,NORMAL,SYNTHETIC_SCENARIO
ORD-0005122,2026-09-16,Kisumu,PMS,OMC_D,231.39,231.39,NORMAL,SYNTHETIC_SCENARIO
ORD-0005123,2026-09-16,Kisumu,PMS,OMC_E,27.73,27.73,NORMAL,SYNTHETIC_SCENARIO
ORD-0005124,2026-09-16,Kisumu,PMS,OMC_F,54.58,54.58,NORMAL,SYNTHETIC_SCENARIO
ORD-0005125,2026-09-17,Kisumu,PMS,OMC_A,263.23,263.23,NORMAL,SYNTHETIC_SCENARIO
ORD-0005126,2026-09-17,Kisumu,PMS,OMC_B,133.76,133.76,NORMAL,SYNTHETIC_SCENARIO
ORD-0005127,2026-09-17,Kisumu,PMS,OMC_C,137.93,137.93,HIGH,SYNTHETIC_SCENARIO
ORD-0005128,2026-09-17,Kisumu,PMS,OMC_D,124.33,124.33,NORMAL,SYNTHETIC_SCENARIO
ORD-0005129,2026-09-17,Kisumu,PMS,OMC_E,10.18,10.18,NORMAL,SYNTHETIC_SCENARIO
ORD-0005130,2026-09-17,Kisumu,PMS,OMC_F,34.11,34.11,HIGH,SYNTHETIC_SCENARIO
ORD-0005131,2026-09-18,Kisumu,PMS,OMC_A,249.81,249.81,NORMAL,SYNTHETIC_SCENARIO
ORD-0005132,2026-09-18,Kisumu,PMS,OMC_B,111.91,111.91,NORMAL,SYNTHETIC_SCENARIO
ORD-0005133,2026-09-18,Kisumu,PMS,OMC_C,204.85,204.85,HIGH,SYNTHETIC_SCENARIO
ORD-0005134,2026-09-18,Kisumu,PMS,OMC_D,32.81,32.81,NORMAL,SYNTHETIC_SCENARIO
ORD-0005135,2026-09-18,Kisumu,PMS,OMC_E,166.01,166.01,NORMAL,SYNTHETIC_SCENARIO
ORD-0005136,2026-09-18,Kisumu,PMS,OMC_F,0.19,0.19,NORMAL,SYNTHETIC_SCENARIO
ORD-0005137,2026-09-19,Kisumu,PMS,OMC_A,208.32,208.32,NORMAL,SYNTHETIC_SCENARIO
ORD-0005138,2026-09-19,Kisumu,PMS,OMC_B,280.34,280.34,HIGH,SYNTHETIC_SCENARIO
ORD-0005139,2026-09-19,Kisumu,PMS,OMC_C,43.36,43.36,NORMAL,SYNTHETIC_SCENARIO
ORD-0005140,2026-09-19,Kisumu,PMS,OMC_D,97.94,97.94,HIGH,SYNTHETIC_SCENARIO
ORD-0005141,2026-09-19,Kisumu,PMS,OMC_E,21.19,21.19,NORMAL,SYNTHETIC_SCENARIO
ORD-0005142,2026-09-19,Kisumu,PMS,OMC_F,2.95,2.95,NORMAL,SYNTHETIC_SCENARIO
ORD-0005143,2026-09-20,Kisumu,PMS,OMC_A,248.8,248.8,NORMAL,SYNTHETIC_SCENARIO
ORD-0005144,2026-09-20,Kisumu,PMS,OMC_B,77.78,77.78,NORMAL,SYNTHETIC_SCENARIO
ORD-0005145,2026-09-20,Kisumu,PMS,OMC_C,43.92,43.92,NORMAL,SYNTHETIC_SCENARIO
ORD-0005146,2026-09-20,Kisumu,PMS,OMC_D,82.95,82.95,NORMAL,SYNTHETIC_SCENARIO
ORD-0005147,2026-09-20,Kisumu,PMS,OMC_E,109.56,109.56,NORMAL,SYNTHETIC_SCENARIO
ORD-0005148,2026-09-20,Kisumu,PMS,OMC_F,22.15,22.15,NORMAL,SYNTHETIC_SCENARIO
ORD-0005149,2026-09-21,Kisumu,PMS,OMC_A,222.95,222.95,NORMAL,SYNTHETIC_SCENARIO
ORD-0005150,2026-09-21,Kisumu,PMS,OMC_B,142.78,142.78,NORMAL,SYNTHETIC_SCENARIO
ORD-0005151,2026-09-21,Kisumu,PMS,OMC_C,45.02,45.02,NORMAL,SYNTHETIC_SCENARIO
ORD-0005152,2026-09-21,Kisumu,PMS,OMC_D,244.61,244.61,NORMAL,SYNTHETIC_SCENARIO
ORD-0005153,2026-09-21,Kisumu,PMS,OMC_E,61.15,61.15,NORMAL,SYNTHETIC_SCENARIO
ORD-0005154,2026-09-21,Kisumu,PMS,OMC_F,78.63,78.63,NORMAL,SYNTHETIC_SCENARIO
ORD-0005155,2026-09-22,Kisumu,PMS,OMC_A,153.16,153.16,NORMAL,SYNTHETIC_SCENARIO
ORD-0005156,2026-09-22,Kisumu,PMS,OMC_B,55.49,55.49,NORMAL,SYNTHETIC_SCENARIO
ORD-0005157,2026-09-22,Kisumu,PMS,OMC_C,355.7,355.7,NORMAL,SYNTHETIC_SCENARIO
ORD-0005158,2026-09-22,Kisumu,PMS,OMC_D,68.43,68.43,NORMAL,SYNTHETIC_SCENARIO
ORD-0005159,2026-09-22,Kisumu,PMS,OMC_E,47.42,47.42,NORMAL,SYNTHETIC_SCENARIO
ORD-0005160,2026-09-22,Kisumu,PMS,OMC_F,54.12,54.12,NORMAL,SYNTHETIC_SCENARIO
ORD-0005161,2026-09-23,Kisumu,PMS,OMC_A,45.53,45.53,NORMAL,SYNTHETIC_SCENARIO
ORD-0005162,2026-09-23,Kisumu,PMS,OMC_B,462.74,462.74,NORMAL,SYNTHETIC_SCENARIO
ORD-0005163,2026-09-23,Kisumu,PMS,OMC_C,78.15,78.15,HIGH,SYNTHETIC_SCENARIO
ORD-0005164,2026-09-23,Kisumu,PMS,OMC_D,30.97,30.97,NORMAL,SYNTHETIC_SCENARIO
ORD-0005165,2026-09-23,Kisumu,PMS,OMC_E,19.7,19.7,NORMAL,SYNTHETIC_SCENARIO
ORD-0005166,2026-09-23,Kisumu,PMS,OMC_F,68.84,68.84,HIGH,SYNTHETIC_SCENARIO
ORD-0005167,2026-09-24,Kisumu,PMS,OMC_A,262.29,262.29,NORMAL,SYNTHETIC_SCENARIO
ORD-0005168,2026-09-24,Kisumu,PMS,OMC_B,186.33,186.33,NORMAL,SYNTHETIC_SCENARIO
ORD-0005169,2026-09-24,Kisumu,PMS,OMC_C,57.1,57.1,NORMAL,SYNTHETIC_SCENARIO
ORD-0005170,2026-09-24,Kisumu,PMS,OMC_D,63.49,63.49,NORMAL,SYNTHETIC_SCENARIO
ORD-0005171,2026-09-24,Kisumu,PMS,OMC_E,61.32,61.32,NORMAL,SYNTHETIC_SCENARIO
ORD-0005172,2026-09-24,Kisumu,PMS,OMC_F,155.6,155.6,NORMAL,SYNTHETIC_SCENARIO
ORD-0005173,2026-09-25,Kisumu,PMS,OMC_A,206.98,206.98,NORMAL,SYNTHETIC_SCENARIO
ORD-0005174,2026-09-25,Kisumu,PMS,OMC_B,327.19,327.19,NORMAL,SYNTHETIC_SCENARIO
ORD-0005175,2026-09-25,Kisumu,PMS,OMC_C,24.21,24.21,NORMAL,SYNTHETIC_SCENARIO
ORD-0005176,2026-09-25,Kisumu,PMS,OMC_D,202.25,202.25,NORMAL,SYNTHETIC_SCENARIO
ORD-0005177,2026-09-25,Kisumu,PMS,OMC_E,32.58,32.58,NORMAL,SYNTHETIC_SCENARIO
ORD-0005178,2026-09-25,Kisumu,PMS,OMC_F,4.4,4.4,NORMAL,SYNTHETIC_SCENARIO
ORD-0005179,2026-09-26,Kisumu,PMS,OMC_A,72.41,72.41,NORMAL,SYNTHETIC_SCENARIO
ORD-0005180,2026-09-26,Kisumu,PMS,OMC_B,92.08,92.08,NORMAL,SYNTHETIC_SCENARIO
ORD-0005181,2026-09-26,Kisumu,PMS,OMC_C,194.66,194.66,NORMAL,SYNTHETIC_SCENARIO
ORD-0005182,2026-09-26,Kisumu,PMS,OMC_D,102.95,102.95,NORMAL,SYNTHETIC_SCENARIO
ORD-0005183,2026-09-26,Kisumu,PMS,OMC_E,219.47,219.47,NORMAL,SYNTHETIC_SCENARIO
ORD-0005184,2026-09-26,Kisumu,PMS,OMC_F,3.56,3.56,NORMAL,SYNTHETIC_SCENARIO
ORD-0005185,2026-09-27,Kisumu,PMS,OMC_A,131.78,131.78,NORMAL,SYNTHETIC_SCENARIO
ORD-0005186,2026-09-27,Kisumu,PMS,OMC_B,112.3,112.3,NORMAL,SYNTHETIC_SCENARIO
ORD-0005187,2026-09-27,Kisumu,PMS,OMC_C,171.08,171.08,NORMAL,SYNTHETIC_SCENARIO
ORD-0005188,2026-09-27,Kisumu,PMS,OMC_D,98.83,98.83,NORMAL,SYNTHETIC_SCENARIO
ORD-0005189,2026-09-27,Kisumu,PMS,OMC_E,4.93,4.93,NORMAL,SYNTHETIC_SCENARIO
ORD-0005190,2026-09-27,Kisumu,PMS,OMC_F,64.61,64.61,NORMAL,SYNTHETIC_SCENARIO
ORD-0005191,2026-09-28,Kisumu,PMS,OMC_A,40.66,40.66,NORMAL,SYNTHETIC_SCENARIO
ORD-0005192,2026-09-28,Kisumu,PMS,OMC_B,269.44,269.44,NORMAL,SYNTHETIC_SCENARIO
ORD-0005193,2026-09-28,Kisumu,PMS,OMC_C,157.94,157.94,NORMAL,SYNTHETIC_SCENARIO
ORD-0005194,2026-09-28,Kisumu,PMS,OMC_D,170.17,170.17,NORMAL,SYNTHETIC_SCENARIO
ORD-0005195,2026-09-28,Kisumu,PMS,OMC_E,32.91,32.91,HIGH,SYNTHETIC_SCENARIO
ORD-0005196,2026-09-28,Kisumu,PMS,OMC_F,66.81,66.81,NORMAL,SYNTHETIC_SCENARIO
ORD-0005197,2026-09-29,Kisumu,PMS,OMC_A,311.97,311.97,NORMAL,SYNTHETIC_SCENARIO
ORD-0005198,2026-09-29,Kisumu,PMS,OMC_B,172.68,172.68,NORMAL,SYNTHETIC_SCENARIO
ORD-0005199,2026-09-29,Kisumu,PMS,OMC_C,77.08,77.08,NORMAL,SYNTHETIC_SCENARIO
ORD-0005200,2026-09-29,Kisumu,PMS,OMC_D,55.37,55.37,NORMAL,SYNTHETIC_SCENARIO
ORD-0005201,2026-09-29,Kisumu,PMS,OMC_E,52.71,52.71,NORMAL,SYNTHETIC_SCENARIO
ORD-0005202,2026-09-29,Kisumu,PMS,OMC_F,108.4,108.4,NORMAL,SYNTHETIC_SCENARIO
ORD-0005203,2026-09-30,Kisumu,PMS,OMC_A,196.53,196.53,NORMAL,SYNTHETIC_SCENARIO
ORD-0005204,2026-09-30,Kisumu,PMS,OMC_B,261.45,261.45,NORMAL,SYNTHETIC_SCENARIO
ORD-0005205,2026-09-30,Kisumu,PMS,OMC_C,256.54,256.54,NORMAL,SYNTHETIC_SCENARIO
ORD-0005206,2026-09-30,Kisumu,PMS,OMC_D,66.82,66.82,NORMAL,SYNTHETIC_SCENARIO
ORD-0005207,2026-09-30,Kisumu,PMS,OMC_E,1.11,1.11,NORMAL,SYNTHETIC_SCENARIO
ORD-0005208,2026-09-30,Kisumu,PMS,OMC_F,7.8,7.8,NORMAL,SYNTHETIC_SCENARIO
ORD-0005209,2026-10-01,Kisumu,PMS,OMC_A,387.41,387.41,NORMAL,SYNTHETIC_SCENARIO
ORD-0005210,2026-10-01,Kisumu,PMS,OMC_B,75.95,75.95,NORMAL,SYNTHETIC_SCENARIO
ORD-0005211,2026-10-01,Kisumu,PMS,OMC_C,44.03,44.03,NORMAL,SYNTHETIC_SCENARIO
ORD-0005212,2026-10-01,Kisumu,PMS,OMC_D,82.04,82.04,HIGH,SYNTHETIC_SCENARIO
ORD-0005213,2026-10-01,Kisumu,PMS,OMC_E,186.36,186.36,NORMAL,SYNTHETIC_SCENARIO
ORD-0005214,2026-10-01,Kisumu,PMS,OMC_F,35.57,35.57,NORMAL,SYNTHETIC_SCENARIO
ORD-0005215,2026-10-02,Kisumu,PMS,OMC_A,239.77,239.77,NORMAL,SYNTHETIC_SCENARIO
ORD-0005216,2026-10-02,Kisumu,PMS,OMC_B,16.58,16.58,NORMAL,SYNTHETIC_SCENARIO
ORD-0005217,2026-10-02,Kisumu,PMS,OMC_C,186.99,186.99,NORMAL,SYNTHETIC_SCENARIO
ORD-0005218,2026-10-02,Kisumu,PMS,OMC_D,142.52,142.52,NORMAL,SYNTHETIC_SCENARIO
ORD-0005219,2026-10-02,Kisumu,PMS,OMC_E,107.81,107.81,NORMAL,SYNTHETIC_SCENARIO
ORD-0005220,2026-10-02,Kisumu,PMS,OMC_F,102.58,102.58,NORMAL,SYNTHETIC_SCENARIO
ORD-0005221,2026-10-03,Kisumu,PMS,OMC_A,151.85,151.85,NORMAL,SYNTHETIC_SCENARIO
ORD-0005222,2026-10-03,Kisumu,PMS,OMC_B,159.41,159.41,NORMAL,SYNTHETIC_SCENARIO
ORD-0005223,2026-10-03,Kisumu,PMS,OMC_C,226.21,226.21,NORMAL,SYNTHETIC_SCENARIO
ORD-0005224,2026-10-03,Kisumu,PMS,OMC_D,52.04,52.04,NORMAL,SYNTHETIC_SCENARIO
ORD-0005225,2026-10-03,Kisumu,PMS,OMC_E,15.8,15.8,NORMAL,SYNTHETIC_SCENARIO
ORD-0005226,2026-10-03,Kisumu,PMS,OMC_F,65.52,65.52,HIGH,SYNTHETIC_SCENARIO
ORD-0005227,2026-10-04,Kisumu,PMS,OMC_A,231.27,231.27,HIGH,SYNTHETIC_SCENARIO
ORD-0005228,2026-10-04,Kisumu,PMS,OMC_B,136.82,136.82,NORMAL,SYNTHETIC_SCENARIO
ORD-0005229,2026-10-04,Kisumu,PMS,OMC_C,59.39,59.39,NORMAL,SYNTHETIC_SCENARIO
ORD-0005230,2026-10-04,Kisumu,PMS,OMC_D,154.33,154.33,NORMAL,SYNTHETIC_SCENARIO
ORD-0005231,2026-10-04,Kisumu,PMS,OMC_E,37.5,37.5,NORMAL,SYNTHETIC_SCENARIO
ORD-0005232,2026-10-04,Kisumu,PMS,OMC_F,27.46,27.46,NORMAL,SYNTHETIC_SCENARIO
ORD-0005233,2026-10-05,Kisumu,PMS,OMC_A,243.15,243.15,NORMAL,SYNTHETIC_SCENARIO
ORD-0005234,2026-10-05,Kisumu,PMS,OMC_B,176.68,176.68,NORMAL,SYNTHETIC_SCENARIO
ORD-0005235,2026-10-05,Kisumu,PMS,OMC_C,9.13,9.13,NORMAL,SYNTHETIC_SCENARIO
ORD-0005236,2026-10-05,Kisumu,PMS,OMC_D,229.91,229.91,NORMAL,SYNTHETIC_SCENARIO
ORD-0005237,2026-10-05,Kisumu,PMS,OMC_E,5.85,5.85,NORMAL,SYNTHETIC_SCENARIO
ORD-0005238,2026-10-05,Kisumu,PMS,OMC_F,55.37,55.37,NORMAL,SYNTHETIC_SCENARIO
ORD-0005239,2026-10-06,Kisumu,PMS,OMC_A,142.07,142.07,NORMAL,SYNTHETIC_SCENARIO
ORD-0005240,2026-10-06,Kisumu,PMS,OMC_B,225.9,225.9,NORMAL,SYNTHETIC_SCENARIO
ORD-0005241,2026-10-06,Kisumu,PMS,OMC_C,72.46,72.46,NORMAL,SYNTHETIC_SCENARIO
ORD-0005242,2026-10-06,Kisumu,PMS,OMC_D,144.55,144.55,NORMAL,SYNTHETIC_SCENARIO
ORD-0005243,2026-10-06,Kisumu,PMS,OMC_E,147.59,147.59,NORMAL,SYNTHETIC_SCENARIO
ORD-0005244,2026-10-06,Kisumu,PMS,OMC_F,53.62,53.62,NORMAL,SYNTHETIC_SCENARIO
ORD-0005245,2026-10-07,Kisumu,PMS,OMC_A,88.31,88.31,NORMAL,SYNTHETIC_SCENARIO
ORD-0005246,2026-10-07,Kisumu,PMS,OMC_B,150.55,150.55,NORMAL,SYNTHETIC_SCENARIO
ORD-0005247,2026-10-07,Kisumu,PMS,OMC_C,229.51,229.51,NORMAL,SYNTHETIC_SCENARIO
ORD-0005248,2026-10-07,Kisumu,PMS,OMC_D,175.48,175.48,NORMAL,SYNTHETIC_SCENARIO
ORD-0005249,2026-10-07,Kisumu,PMS,OMC_E,1.33,1.33,NORMAL,SYNTHETIC_SCENARIO
ORD-0005250,2026-10-07,Kisumu,PMS,OMC_F,33.61,33.61,NORMAL,SYNTHETIC_SCENARIO
ORD-0005251,2026-10-08,Kisumu,PMS,OMC_A,306.33,306.33,NORMAL,SYNTHETIC_SCENARIO
ORD-0005252,2026-10-08,Kisumu,PMS,OMC_B,203.2,203.2,HIGH,SYNTHETIC_SCENARIO
ORD-0005253,2026-10-08,Kisumu,PMS,OMC_C,49.22,49.22,NORMAL,SYNTHETIC_SCENARIO
ORD-0005254,2026-10-08,Kisumu,PMS,OMC_D,115.3,115.3,NORMAL,SYNTHETIC_SCENARIO
ORD-0005255,2026-10-08,Kisumu,PMS,OMC_E,8.91,8.91,NORMAL,SYNTHETIC_SCENARIO
ORD-0005256,2026-10-08,Kisumu,PMS,OMC_F,2.44,2.44,NORMAL,SYNTHETIC_SCENARIO
ORD-0005257,2026-10-09,Kisumu,PMS,OMC_A,150.25,150.25,HIGH,SYNTHETIC_SCENARIO
ORD-0005258,2026-10-09,Kisumu,PMS,OMC_B,301.65,301.65,NORMAL,SYNTHETIC_SCENARIO
ORD-0005259,2026-10-09,Kisumu,PMS,OMC_C,41.31,41.31,NORMAL,SYNTHETIC_SCENARIO
ORD-0005260,2026-10-09,Kisumu,PMS,OMC_D,302.45,302.45,NORMAL,SYNTHETIC_SCENARIO
ORD-0005261,2026-10-09,Kisumu,PMS,OMC_E,34.84,34.84,NORMAL,SYNTHETIC_SCENARIO
ORD-0005262,2026-10-09,Kisumu,PMS,OMC_F,49.44,49.44,NORMAL,SYNTHETIC_SCENARIO
ORD-0005263,2026-10-10,Kisumu,PMS,OMC_A,115.01,115.01,NORMAL,SYNTHETIC_SCENARIO
ORD-0005264,2026-10-10,Kisumu,PMS,OMC_B,53.18,53.18,NORMAL,SYNTHETIC_SCENARIO
ORD-0005265,2026-10-10,Kisumu,PMS,OMC_C,288.88,288.88,NORMAL,SYNTHETIC_SCENARIO
ORD-0005266,2026-10-10,Kisumu,PMS,OMC_D,82.3,82.3,NORMAL,SYNTHETIC_SCENARIO
ORD-0005267,2026-10-10,Kisumu,PMS,OMC_E,91.73,91.73,NORMAL,SYNTHETIC_SCENARIO
ORD-0005268,2026-10-10,Kisumu,PMS,OMC_F,19.11,19.11,NORMAL,SYNTHETIC_SCENARIO
ORD-0005269,2026-10-11,Kisumu,PMS,OMC_A,58.43,58.43,NORMAL,SYNTHETIC_SCENARIO
ORD-0005270,2026-10-11,Kisumu,PMS,OMC_B,195.92,195.92,NORMAL,SYNTHETIC_SCENARIO
ORD-0005271,2026-10-11,Kisumu,PMS,OMC_C,128.44,128.44,NORMAL,SYNTHETIC_SCENARIO
ORD-0005272,2026-10-11,Kisumu,PMS,OMC_D,159.84,159.84,NORMAL,SYNTHETIC_SCENARIO
ORD-0005273,2026-10-11,Kisumu,PMS,OMC_E,86.65,86.65,NORMAL,SYNTHETIC_SCENARIO
ORD-0005274,2026-10-11,Kisumu,PMS,OMC_F,78.13,78.13,NORMAL,SYNTHETIC_SCENARIO
ORD-0005275,2026-10-12,Kisumu,PMS,OMC_A,250.42,250.42,NORMAL,SYNTHETIC_SCENARIO
ORD-0005276,2026-10-12,Kisumu,PMS,OMC_B,90.08,90.08,NORMAL,SYNTHETIC_SCENARIO
ORD-0005277,2026-10-12,Kisumu,PMS,OMC_C,122.8,122.8,NORMAL,SYNTHETIC_SCENARIO
ORD-0005278,2026-10-12,Kisumu,PMS,OMC_D,127.48,127.48,NORMAL,SYNTHETIC_SCENARIO
ORD-0005279,2026-10-12,Kisumu,PMS,OMC_E,51.06,51.06,NORMAL,SYNTHETIC_SCENARIO
ORD-0005280,2026-10-12,Kisumu,PMS,OMC_F,44.04,44.04,NORMAL,SYNTHETIC_SCENARIO
ORD-0005281,2026-10-13,Kisumu,PMS,OMC_A,182.9,182.9,NORMAL,SYNTHETIC_SCENARIO
ORD-0005282,2026-10-13,Kisumu,PMS,OMC_B,142.27,142.27,NORMAL,SYNTHETIC_SCENARIO
ORD-0005283,2026-10-13,Kisumu,PMS,OMC_C,146.7,146.7,NORMAL,SYNTHETIC_SCENARIO
ORD-0005284,2026-10-13,Kisumu,PMS,OMC_D,156.83,156.83,NORMAL,SYNTHETIC_SCENARIO
ORD-0005285,2026-10-13,Kisumu,PMS,OMC_E,26.68,26.68,NORMAL,SYNTHETIC_SCENARIO
ORD-0005286,2026-10-13,Kisumu,PMS,OMC_F,77.51,77.51,NORMAL,SYNTHETIC_SCENARIO
ORD-0005287,2026-10-14,Kisumu,PMS,OMC_A,176.91,176.91,NORMAL,SYNTHETIC_SCENARIO
ORD-0005288,2026-10-14,Kisumu,PMS,OMC_B,172.55,172.55,NORMAL,SYNTHETIC_SCENARIO
ORD-0005289,2026-10-14,Kisumu,PMS,OMC_C,151.75,151.75,NORMAL,SYNTHETIC_SCENARIO
ORD-0005290,2026-10-14,Kisumu,PMS,OMC_D,215.19,215.19,NORMAL,SYNTHETIC_SCENARIO
ORD-0005291,2026-10-14,Kisumu,PMS,OMC_E,17.2,17.2,NORMAL,SYNTHETIC_SCENARIO
ORD-0005292,2026-10-14,Kisumu,PMS,OMC_F,5.51,5.51,NORMAL,SYNTHETIC_SCENARIO
ORD-0005293,2026-10-15,Kisumu,PMS,OMC_A,73.02,73.02,NORMAL,SYNTHETIC_SCENARIO
ORD-0005294,2026-10-15,Kisumu,PMS,OMC_B,249.69,249.69,NORMAL,SYNTHETIC_SCENARIO
ORD-0005295,2026-10-15,Kisumu,PMS,OMC_C,283.18,283.18,NORMAL,SYNTHETIC_SCENARIO
ORD-0005296,2026-10-15,Kisumu,PMS,OMC_D,104.74,104.74,NORMAL,SYNTHETIC_SCENARIO
ORD-0005297,2026-10-15,Kisumu,PMS,OMC_E,68.92,68.92,NORMAL,SYNTHETIC_SCENARIO
ORD-0005298,2026-10-15,Kisumu,PMS,OMC_F,36.62,36.62,NORMAL,SYNTHETIC_SCENARIO
ORD-0005299,2026-10-16,Kisumu,PMS,OMC_A,237.73,237.73,NORMAL,SYNTHETIC_SCENARIO
ORD-0005300,2026-10-16,Kisumu,PMS,OMC_B,318.95,318.95,NORMAL,SYNTHETIC_SCENARIO
ORD-0005301,2026-10-16,Kisumu,PMS,OMC_C,6.9,6.9,NORMAL,SYNTHETIC_SCENARIO
ORD-0005302,2026-10-16,Kisumu,PMS,OMC_D,39.74,39.74,NORMAL,SYNTHETIC_SCENARIO
ORD-0005303,2026-10-16,Kisumu,PMS,OMC_E,0.68,0.68,NORMAL,SYNTHETIC_SCENARIO
ORD-0005304,2026-10-16,Kisumu,PMS,OMC_F,160.97,160.97,HIGH,SYNTHETIC_SCENARIO
ORD-0005305,2026-10-17,Kisumu,PMS,OMC_A,229.91,229.91,NORMAL,SYNTHETIC_SCENARIO
ORD-0005306,2026-10-17,Kisumu,PMS,OMC_B,42.96,42.96,NORMAL,SYNTHETIC_SCENARIO
ORD-0005307,2026-10-17,Kisumu,PMS,OMC_C,123.49,123.49,NORMAL,SYNTHETIC_SCENARIO
ORD-0005308,2026-10-17,Kisumu,PMS,OMC_D,171.2,171.2,NORMAL,SYNTHETIC_SCENARIO
ORD-0005309,2026-10-17,Kisumu,PMS,OMC_E,3.0,3.0,NORMAL,SYNTHETIC_SCENARIO
ORD-0005310,2026-10-17,Kisumu,PMS,OMC_F,153.48,153.48,NORMAL,SYNTHETIC_SCENARIO
ORD-0005311,2026-10-18,Kisumu,PMS,OMC_A,207.75,207.75,NORMAL,SYNTHETIC_SCENARIO
ORD-0005312,2026-10-18,Kisumu,PMS,OMC_B,150.95,150.95,NORMAL,SYNTHETIC_SCENARIO
ORD-0005313,2026-10-18,Kisumu,PMS,OMC_C,86.44,86.44,NORMAL,SYNTHETIC_SCENARIO
ORD-0005314,2026-10-18,Kisumu,PMS,OMC_D,119.63,119.63,NORMAL,SYNTHETIC_SCENARIO
ORD-0005315,2026-10-18,Kisumu,PMS,OMC_E,51.36,51.36,NORMAL,SYNTHETIC_SCENARIO
ORD-0005316,2026-10-18,Kisumu,PMS,OMC_F,15.81,15.81,NORMAL,SYNTHETIC_SCENARIO
ORD-0005317,2026-10-19,Kisumu,PMS,OMC_A,212.09,212.09,NORMAL,SYNTHETIC_SCENARIO
ORD-0005318,2026-10-19,Kisumu,PMS,OMC_B,258.98,258.98,NORMAL,SYNTHETIC_SCENARIO
ORD-0005319,2026-10-19,Kisumu,PMS,OMC_C,148.72,148.72,NORMAL,SYNTHETIC_SCENARIO
ORD-0005320,2026-10-19,Kisumu,PMS,OMC_D,28.62,28.62,NORMAL,SYNTHETIC_SCENARIO
ORD-0005321,2026-10-19,Kisumu,PMS,OMC_E,141.1,141.1,NORMAL,SYNTHETIC_SCENARIO
ORD-0005322,2026-10-19,Kisumu,PMS,OMC_F,55.32,55.32,NORMAL,SYNTHETIC_SCENARIO
ORD-0005323,2026-10-20,Kisumu,PMS,OMC_A,368.58,368.58,NORMAL,SYNTHETIC_SCENARIO
ORD-0005324,2026-10-20,Kisumu,PMS,OMC_B,112.42,112.42,NORMAL,SYNTHETIC_SCENARIO
ORD-0005325,2026-10-20,Kisumu,PMS,OMC_C,92.01,92.01,NORMAL,SYNTHETIC_SCENARIO
ORD-0005326,2026-10-20,Kisumu,PMS,OMC_D,94.36,94.36,NORMAL,SYNTHETIC_SCENARIO
ORD-0005327,2026-10-20,Kisumu,PMS,OMC_E,20.67,20.67,NORMAL,SYNTHETIC_SCENARIO
ORD-0005328,2026-10-20,Kisumu,PMS,OMC_F,266.72,266.72,NORMAL,SYNTHETIC_SCENARIO
ORD-0005329,2026-10-21,Kisumu,PMS,OMC_A,121.16,121.16,NORMAL,SYNTHETIC_SCENARIO
ORD-0005330,2026-10-21,Kisumu,PMS,OMC_B,40.26,40.26,NORMAL,SYNTHETIC_SCENARIO
ORD-0005331,2026-10-21,Kisumu,PMS,OMC_C,146.2,146.2,NORMAL,SYNTHETIC_SCENARIO
ORD-0005332,2026-10-21,Kisumu,PMS,OMC_D,312.91,312.91,NORMAL,SYNTHETIC_SCENARIO
ORD-0005333,2026-10-21,Kisumu,PMS,OMC_E,74.17,74.17,NORMAL,SYNTHETIC_SCENARIO
ORD-0005334,2026-10-21,Kisumu,PMS,OMC_F,5.02,5.02,NORMAL,SYNTHETIC_SCENARIO
ORD-0005335,2026-10-22,Kisumu,PMS,OMC_A,134.31,134.31,NORMAL,SYNTHETIC_SCENARIO
ORD-0005336,2026-10-22,Kisumu,PMS,OMC_B,177.67,177.67,NORMAL,SYNTHETIC_SCENARIO
ORD-0005337,2026-10-22,Kisumu,PMS,OMC_C,42.19,42.19,NORMAL,SYNTHETIC_SCENARIO
ORD-0005338,2026-10-22,Kisumu,PMS,OMC_D,209.1,209.1,NORMAL,SYNTHETIC_SCENARIO
ORD-0005339,2026-10-22,Kisumu,PMS,OMC_E,178.8,178.8,NORMAL,SYNTHETIC_SCENARIO
ORD-0005340,2026-10-22,Kisumu,PMS,OMC_F,9.72,9.72,NORMAL,SYNTHETIC_SCENARIO
ORD-0005341,2026-10-23,Kisumu,PMS,OMC_A,369.17,369.17,NORMAL,SYNTHETIC_SCENARIO
ORD-0005342,2026-10-23,Kisumu,PMS,OMC_B,230.45,230.45,NORMAL,SYNTHETIC_SCENARIO
ORD-0005343,2026-10-23,Kisumu,PMS,OMC_C,61.61,61.61,NORMAL,SYNTHETIC_SCENARIO
ORD-0005344,2026-10-23,Kisumu,PMS,OMC_D,23.69,23.69,NORMAL,SYNTHETIC_SCENARIO
ORD-0005345,2026-10-23,Kisumu,PMS,OMC_E,16.09,16.09,HIGH,SYNTHETIC_SCENARIO
ORD-0005346,2026-10-23,Kisumu,PMS,OMC_F,48.03,48.03,NORMAL,SYNTHETIC_SCENARIO
ORD-0005347,2026-10-24,Kisumu,PMS,OMC_A,138.75,138.75,NORMAL,SYNTHETIC_SCENARIO
ORD-0005348,2026-10-24,Kisumu,PMS,OMC_B,237.83,237.83,NORMAL,SYNTHETIC_SCENARIO
ORD-0005349,2026-10-24,Kisumu,PMS,OMC_C,180.03,180.03,NORMAL,SYNTHETIC_SCENARIO
ORD-0005350,2026-10-24,Kisumu,PMS,OMC_D,27.86,27.86,NORMAL,SYNTHETIC_SCENARIO
ORD-0005351,2026-10-24,Kisumu,PMS,OMC_E,84.91,84.91,NORMAL,SYNTHETIC_SCENARIO
ORD-0005352,2026-10-24,Kisumu,PMS,OMC_F,9.75,9.75,NORMAL,SYNTHETIC_SCENARIO
ORD-0005353,2026-10-25,Kisumu,PMS,OMC_A,94.96,94.96,NORMAL,SYNTHETIC_SCENARIO
ORD-0005354,2026-10-25,Kisumu,PMS,OMC_B,200.68,200.68,NORMAL,SYNTHETIC_SCENARIO
ORD-0005355,2026-10-25,Kisumu,PMS,OMC_C,42.52,42.52,HIGH,SYNTHETIC_SCENARIO
ORD-0005356,2026-10-25,Kisumu,PMS,OMC_D,76.07,76.07,NORMAL,SYNTHETIC_SCENARIO
ORD-0005357,2026-10-25,Kisumu,PMS,OMC_E,178.85,178.85,NORMAL,SYNTHETIC_SCENARIO
ORD-0005358,2026-10-25,Kisumu,PMS,OMC_F,16.45,16.45,NORMAL,SYNTHETIC_SCENARIO
ORD-0005359,2026-10-26,Kisumu,PMS,OMC_A,145.55,145.55,NORMAL,SYNTHETIC_SCENARIO
ORD-0005360,2026-10-26,Kisumu,PMS,OMC_B,183.31,183.31,NORMAL,SYNTHETIC_SCENARIO
ORD-0005361,2026-10-26,Kisumu,PMS,OMC_C,107.76,107.76,NORMAL,SYNTHETIC_SCENARIO
ORD-0005362,2026-10-26,Kisumu,PMS,OMC_D,179.86,179.86,NORMAL,SYNTHETIC_SCENARIO
ORD-0005363,2026-10-26,Kisumu,PMS,OMC_E,190.07,190.07,NORMAL,SYNTHETIC_SCENARIO
ORD-0005364,2026-10-26,Kisumu,PMS,OMC_F,0.5,0.5,NORMAL,SYNTHETIC_SCENARIO
ORD-0005365,2026-10-27,Kisumu,PMS,OMC_A,51.75,51.75,NORMAL,SYNTHETIC_SCENARIO
ORD-0005366,2026-10-27,Kisumu,PMS,OMC_B,190.45,190.45,NORMAL,SYNTHETIC_SCENARIO
ORD-0005367,2026-10-27,Kisumu,PMS,OMC_C,128.61,128.61,NORMAL,SYNTHETIC_SCENARIO
ORD-0005368,2026-10-27,Kisumu,PMS,OMC_D,92.97,92.97,NORMAL,SYNTHETIC_SCENARIO
ORD-0005369,2026-10-27,Kisumu,PMS,OMC_E,136.4,136.4,NORMAL,SYNTHETIC_SCENARIO
ORD-0005370,2026-10-27,Kisumu,PMS,OMC_F,84.03,84.03,NORMAL,SYNTHETIC_SCENARIO
ORD-0005371,2026-10-28,Kisumu,PMS,OMC_A,134.18,134.18,NORMAL,SYNTHETIC_SCENARIO
ORD-0005372,2026-10-28,Kisumu,PMS,OMC_B,183.44,183.44,NORMAL,SYNTHETIC_SCENARIO
ORD-0005373,2026-10-28,Kisumu,PMS,OMC_C,150.51,150.51,NORMAL,SYNTHETIC_SCENARIO
ORD-0005374,2026-10-28,Kisumu,PMS,OMC_D,84.1,84.1,NORMAL,SYNTHETIC_SCENARIO
ORD-0005375,2026-10-28,Kisumu,PMS,OMC_E,96.99,96.99,HIGH,SYNTHETIC_SCENARIO
ORD-0005376,2026-10-28,Kisumu,PMS,OMC_F,112.44,112.44,NORMAL,SYNTHETIC_SCENARIO
ORD-0005377,2026-10-29,Kisumu,PMS,OMC_A,171.79,171.79,NORMAL,SYNTHETIC_SCENARIO
ORD-0005378,2026-10-29,Kisumu,PMS,OMC_B,75.95,75.95,NORMAL,SYNTHETIC_SCENARIO
ORD-0005379,2026-10-29,Kisumu,PMS,OMC_C,208.04,208.04,NORMAL,SYNTHETIC_SCENARIO
ORD-0005380,2026-10-29,Kisumu,PMS,OMC_D,45.1,45.1,NORMAL,SYNTHETIC_SCENARIO
ORD-0005381,2026-10-29,Kisumu,PMS,OMC_E,132.6,132.6,NORMAL,SYNTHETIC_SCENARIO
ORD-0005382,2026-10-29,Kisumu,PMS,OMC_F,153.16,153.16,NORMAL,SYNTHETIC_SCENARIO
ORD-0005383,2026-10-30,Kisumu,PMS,OMC_A,176.72,176.72,NORMAL,SYNTHETIC_SCENARIO
ORD-0005384,2026-10-30,Kisumu,PMS,OMC_B,177.16,177.16,NORMAL,SYNTHETIC_SCENARIO
ORD-0005385,2026-10-30,Kisumu,PMS,OMC_C,112.99,112.99,NORMAL,SYNTHETIC_SCENARIO
ORD-0005386,2026-10-30,Kisumu,PMS,OMC_D,195.41,195.41,NORMAL,SYNTHETIC_SCENARIO
ORD-0005387,2026-10-30,Kisumu,PMS,OMC_E,80.17,80.17,NORMAL,SYNTHETIC_SCENARIO
ORD-0005388,2026-10-30,Kisumu,PMS,OMC_F,77.12,77.12,NORMAL,SYNTHETIC_SCENARIO
ORD-0005389,2026-10-31,Kisumu,PMS,OMC_A,156.97,156.97,NORMAL,SYNTHETIC_SCENARIO
ORD-0005390,2026-10-31,Kisumu,PMS,OMC_B,28.83,28.83,NORMAL,SYNTHETIC_SCENARIO
ORD-0005391,2026-10-31,Kisumu,PMS,OMC_C,288.46,288.46,NORMAL,SYNTHETIC_SCENARIO
ORD-0005392,2026-10-31,Kisumu,PMS,OMC_D,68.65,68.65,NORMAL,SYNTHETIC_SCENARIO
ORD-0005393,2026-10-31,Kisumu,PMS,OMC_E,36.12,36.12,NORMAL,SYNTHETIC_SCENARIO
ORD-0005394,2026-10-31,Kisumu,PMS,OMC_F,69.27,69.27,NORMAL,SYNTHETIC_SCENARIO
ORD-0005395,2026-11-01,Kisumu,PMS,OMC_A,163.05,163.05,NORMAL,SYNTHETIC_SCENARIO
ORD-0005396,2026-11-01,Kisumu,PMS,OMC_B,207.62,207.62,NORMAL,SYNTHETIC_SCENARIO
ORD-0005397,2026-11-01,Kisumu,PMS,OMC_C,70.82,70.82,NORMAL,SYNTHETIC_SCENARIO
ORD-0005398,2026-11-01,Kisumu,PMS,OMC_D,112.88,112.88,NORMAL,SYNTHETIC_SCENARIO
ORD-0005399,2026-11-01,Kisumu,PMS,OMC_E,29.38,29.38,NORMAL,SYNTHETIC_SCENARIO
ORD-0005400,2026-11-01,Kisumu,PMS,OMC_F,20.36,20.36,NORMAL,SYNTHETIC_SCENARIO
ORD-0005401,2026-11-02,Kisumu,PMS,OMC_A,378.34,378.34,NORMAL,SYNTHETIC_SCENARIO
ORD-0005402,2026-11-02,Kisumu,PMS,OMC_B,96.82,96.82,NORMAL,SYNTHETIC_SCENARIO
ORD-0005403,2026-11-02,Kisumu,PMS,OMC_C,69.49,69.49,HIGH,SYNTHETIC_SCENARIO
ORD-0005404,2026-11-02,Kisumu,PMS,OMC_D,121.83,121.83,NORMAL,SYNTHETIC_SCENARIO
ORD-0005405,2026-11-02,Kisumu,PMS,OMC_E,97.01,97.01,NORMAL,SYNTHETIC_SCENARIO
ORD-0005406,2026-11-02,Kisumu,PMS,OMC_F,16.66,16.66,NORMAL,SYNTHETIC_SCENARIO
ORD-0005407,2026-11-03,Kisumu,PMS,OMC_A,228.84,228.84,HIGH,SYNTHETIC_SCENARIO
ORD-0005408,2026-11-03,Kisumu,PMS,OMC_B,154.35,154.35,HIGH,SYNTHETIC_SCENARIO
ORD-0005409,2026-11-03,Kisumu,PMS,OMC_C,155.64,155.64,NORMAL,SYNTHETIC_SCENARIO
ORD-0005410,2026-11-03,Kisumu,PMS,OMC_D,69.61,69.61,NORMAL,SYNTHETIC_SCENARIO
ORD-0005411,2026-11-03,Kisumu,PMS,OMC_E,60.03,60.03,HIGH,SYNTHETIC_SCENARIO
ORD-0005412,2026-11-03,Kisumu,PMS,OMC_F,48.45,48.45,NORMAL,SYNTHETIC_SCENARIO
ORD-0005413,2026-11-04,Kisumu,PMS,OMC_A,74.99,74.99,NORMAL,SYNTHETIC_SCENARIO
ORD-0005414,2026-11-04,Kisumu,PMS,OMC_B,124.15,124.15,NORMAL,SYNTHETIC_SCENARIO
ORD-0005415,2026-11-04,Kisumu,PMS,OMC_C,476.7,476.7,HIGH,SYNTHETIC_SCENARIO
ORD-0005416,2026-11-04,Kisumu,PMS,OMC_D,68.94,68.94,NORMAL,SYNTHETIC_SCENARIO
ORD-0005417,2026-11-04,Kisumu,PMS,OMC_E,15.44,15.44,NORMAL,SYNTHETIC_SCENARIO
ORD-0005418,2026-11-04,Kisumu,PMS,OMC_F,15.04,15.04,NORMAL,SYNTHETIC_SCENARIO
ORD-0005419,2026-11-05,Kisumu,PMS,OMC_A,118.27,118.27,NORMAL,SYNTHETIC_SCENARIO
ORD-0005420,2026-11-05,Kisumu,PMS,OMC_B,146.34,146.34,NORMAL,SYNTHETIC_SCENARIO
ORD-0005421,2026-11-05,Kisumu,PMS,OMC_C,279.23,279.23,NORMAL,SYNTHETIC_SCENARIO
ORD-0005422,2026-11-05,Kisumu,PMS,OMC_D,145.86,145.86,NORMAL,SYNTHETIC_SCENARIO
ORD-0005423,2026-11-05,Kisumu,PMS,OMC_E,17.45,17.45,HIGH,SYNTHETIC_SCENARIO
ORD-0005424,2026-11-05,Kisumu,PMS,OMC_F,59.7,59.7,NORMAL,SYNTHETIC_SCENARIO
ORD-0005425,2026-11-06,Kisumu,PMS,OMC_A,91.84,91.84,NORMAL,SYNTHETIC_SCENARIO
ORD-0005426,2026-11-06,Kisumu,PMS,OMC_B,258.38,258.38,HIGH,SYNTHETIC_SCENARIO
ORD-0005427,2026-11-06,Kisumu,PMS,OMC_C,280.43,280.43,NORMAL,SYNTHETIC_SCENARIO
ORD-0005428,2026-11-06,Kisumu,PMS,OMC_D,53.78,53.78,NORMAL,SYNTHETIC_SCENARIO
ORD-0005429,2026-11-06,Kisumu,PMS,OMC_E,65.14,65.14,NORMAL,SYNTHETIC_SCENARIO
ORD-0005430,2026-11-06,Kisumu,PMS,OMC_F,0.1,0.1,NORMAL,SYNTHETIC_SCENARIO
ORD-0005431,2026-11-07,Kisumu,PMS,OMC_A,214.98,214.98,NORMAL,SYNTHETIC_SCENARIO
ORD-0005432,2026-11-07,Kisumu,PMS,OMC_B,275.31,275.31,NORMAL,SYNTHETIC_SCENARIO
ORD-0005433,2026-11-07,Kisumu,PMS,OMC_C,85.08,85.08,NORMAL,SYNTHETIC_SCENARIO
ORD-0005434,2026-11-07,Kisumu,PMS,OMC_D,21.54,21.54,NORMAL,SYNTHETIC_SCENARIO
ORD-0005435,2026-11-07,Kisumu,PMS,OMC_E,7.9,7.9,NORMAL,SYNTHETIC_SCENARIO
ORD-0005436,2026-11-07,Kisumu,PMS,OMC_F,42.91,42.91,NORMAL,SYNTHETIC_SCENARIO
ORD-0005437,2026-11-08,Kisumu,PMS,OMC_A,119.79,119.79,NORMAL,SYNTHETIC_SCENARIO
ORD-0005438,2026-11-08,Kisumu,PMS,OMC_B,277.78,277.78,NORMAL,SYNTHETIC_SCENARIO
ORD-0005439,2026-11-08,Kisumu,PMS,OMC_C,127.03,127.03,NORMAL,SYNTHETIC_SCENARIO
ORD-0005440,2026-11-08,Kisumu,PMS,OMC_D,29.21,29.21,NORMAL,SYNTHETIC_SCENARIO
ORD-0005441,2026-11-08,Kisumu,PMS,OMC_E,24.03,24.03,NORMAL,SYNTHETIC_SCENARIO
ORD-0005442,2026-11-08,Kisumu,PMS,OMC_F,34.98,34.98,NORMAL,SYNTHETIC_SCENARIO
ORD-0005443,2026-11-09,Kisumu,PMS,OMC_A,275.03,275.03,NORMAL,SYNTHETIC_SCENARIO
ORD-0005444,2026-11-09,Kisumu,PMS,OMC_B,180.49,180.49,NORMAL,SYNTHETIC_SCENARIO
ORD-0005445,2026-11-09,Kisumu,PMS,OMC_C,85.63,85.63,NORMAL,SYNTHETIC_SCENARIO
ORD-0005446,2026-11-09,Kisumu,PMS,OMC_D,73.79,73.79,NORMAL,SYNTHETIC_SCENARIO
ORD-0005447,2026-11-09,Kisumu,PMS,OMC_E,114.13,114.13,NORMAL,SYNTHETIC_SCENARIO
ORD-0005448,2026-11-09,Kisumu,PMS,OMC_F,3.94,3.94,HIGH,SYNTHETIC_SCENARIO
ORD-0005449,2026-11-10,Kisumu,PMS,OMC_A,467.95,467.95,NORMAL,SYNTHETIC_SCENARIO
ORD-0005450,2026-11-10,Kisumu,PMS,OMC_B,53.18,53.18,NORMAL,SYNTHETIC_SCENARIO
ORD-0005451,2026-11-10,Kisumu,PMS,OMC_C,138.46,138.46,NORMAL,SYNTHETIC_SCENARIO
ORD-0005452,2026-11-10,Kisumu,PMS,OMC_D,26.91,26.91,NORMAL,SYNTHETIC_SCENARIO
ORD-0005453,2026-11-10,Kisumu,PMS,OMC_E,59.76,59.76,NORMAL,SYNTHETIC_SCENARIO
ORD-0005454,2026-11-10,Kisumu,PMS,OMC_F,20.18,20.18,NORMAL,SYNTHETIC_SCENARIO
ORD-0005455,2026-11-11,Kisumu,PMS,OMC_A,88.19,88.19,NORMAL,SYNTHETIC_SCENARIO
ORD-0005456,2026-11-11,Kisumu,PMS,OMC_B,77.48,77.48,NORMAL,SYNTHETIC_SCENARIO
ORD-0005457,2026-11-11,Kisumu,PMS,OMC_C,49.3,49.3,NORMAL,SYNTHETIC_SCENARIO
ORD-0005458,2026-11-11,Kisumu,PMS,OMC_D,409.53,409.53,NORMAL,SYNTHETIC_SCENARIO
ORD-0005459,2026-11-11,Kisumu,PMS,OMC_E,115.11,115.11,NORMAL,SYNTHETIC_SCENARIO
ORD-0005460,2026-11-11,Kisumu,PMS,OMC_F,13.06,13.06,NORMAL,SYNTHETIC_SCENARIO
ORD-0005461,2026-11-12,Kisumu,PMS,OMC_A,63.24,63.24,NORMAL,SYNTHETIC_SCENARIO
ORD-0005462,2026-11-12,Kisumu,PMS,OMC_B,77.49,77.49,NORMAL,SYNTHETIC_SCENARIO
ORD-0005463,2026-11-12,Kisumu,PMS,OMC_C,272.52,272.52,NORMAL,SYNTHETIC_SCENARIO
ORD-0005464,2026-11-12,Kisumu,PMS,OMC_D,151.06,151.06,NORMAL,SYNTHETIC_SCENARIO
ORD-0005465,2026-11-12,Kisumu,PMS,OMC_E,107.04,107.04,HIGH,SYNTHETIC_SCENARIO
ORD-0005466,2026-11-12,Kisumu,PMS,OMC_F,98.06,98.06,NORMAL,SYNTHETIC_SCENARIO
ORD-0005467,2026-11-13,Kisumu,PMS,OMC_A,270.5,270.5,NORMAL,SYNTHETIC_SCENARIO
ORD-0005468,2026-11-13,Kisumu,PMS,OMC_B,81.14,81.14,NORMAL,SYNTHETIC_SCENARIO
ORD-0005469,2026-11-13,Kisumu,PMS,OMC_C,260.09,260.09,NORMAL,SYNTHETIC_SCENARIO
ORD-0005470,2026-11-13,Kisumu,PMS,OMC_D,90.73,90.73,NORMAL,SYNTHETIC_SCENARIO
ORD-0005471,2026-11-13,Kisumu,PMS,OMC_E,27.55,27.55,NORMAL,SYNTHETIC_SCENARIO
ORD-0005472,2026-11-13,Kisumu,PMS,OMC_F,1.26,1.26,NORMAL,SYNTHETIC_SCENARIO
ORD-0005473,2026-11-14,Kisumu,PMS,OMC_A,47.21,47.21,NORMAL,SYNTHETIC_SCENARIO
ORD-0005474,2026-11-14,Kisumu,PMS,OMC_B,207.99,207.99,NORMAL,SYNTHETIC_SCENARIO
ORD-0005475,2026-11-14,Kisumu,PMS,OMC_C,145.43,145.43,NORMAL,SYNTHETIC_SCENARIO
ORD-0005476,2026-11-14,Kisumu,PMS,OMC_D,107.68,107.68,NORMAL,SYNTHETIC_SCENARIO
ORD-0005477,2026-11-14,Kisumu,PMS,OMC_E,11.2,11.2,HIGH,SYNTHETIC_SCENARIO
ORD-0005478,2026-11-14,Kisumu,PMS,OMC_F,52.05,52.05,NORMAL,SYNTHETIC_SCENARIO
ORD-0005479,2026-11-15,Kisumu,PMS,OMC_A,222.71,222.71,NORMAL,SYNTHETIC_SCENARIO
ORD-0005480,2026-11-15,Kisumu,PMS,OMC_B,43.67,43.67,NORMAL,SYNTHETIC_SCENARIO
ORD-0005481,2026-11-15,Kisumu,PMS,OMC_C,64.43,64.43,NORMAL,SYNTHETIC_SCENARIO
ORD-0005482,2026-11-15,Kisumu,PMS,OMC_D,145.92,145.92,NORMAL,SYNTHETIC_SCENARIO
ORD-0005483,2026-11-15,Kisumu,PMS,OMC_E,48.8,48.8,NORMAL,SYNTHETIC_SCENARIO
ORD-0005484,2026-11-15,Kisumu,PMS,OMC_F,64.21,64.21,NORMAL,SYNTHETIC_SCENARIO
ORD-0005485,2026-11-16,Kisumu,PMS,OMC_A,171.15,171.15,NORMAL,SYNTHETIC_SCENARIO
ORD-0005486,2026-11-16,Kisumu,PMS,OMC_B,225.92,225.92,NORMAL,SYNTHETIC_SCENARIO
ORD-0005487,2026-11-16,Kisumu,PMS,OMC_C,245.47,245.47,NORMAL,SYNTHETIC_SCENARIO
ORD-0005488,2026-11-16,Kisumu,PMS,OMC_D,55.71,55.71,NORMAL,SYNTHETIC_SCENARIO
ORD-0005489,2026-11-16,Kisumu,PMS,OMC_E,16.88,16.88,NORMAL,SYNTHETIC_SCENARIO
ORD-0005490,2026-11-16,Kisumu,PMS,OMC_F,9.74,9.74,NORMAL,SYNTHETIC_SCENARIO
ORD-0005491,2026-11-17,Kisumu,PMS,OMC_A,182.12,182.12,HIGH,SYNTHETIC_SCENARIO
ORD-0005492,2026-11-17,Kisumu,PMS,OMC_B,75.19,75.19,NORMAL,SYNTHETIC_SCENARIO
ORD-0005493,2026-11-17,Kisumu,PMS,OMC_C,82.92,82.92,NORMAL,SYNTHETIC_SCENARIO
ORD-0005494,2026-11-17,Kisumu,PMS,OMC_D,212.75,212.75,NORMAL,SYNTHETIC_SCENARIO
ORD-0005495,2026-11-17,Kisumu,PMS,OMC_E,63.11,63.11,NORMAL,SYNTHETIC_SCENARIO
ORD-0005496,2026-11-17,Kisumu,PMS,OMC_F,86.63,86.63,NORMAL,SYNTHETIC_SCENARIO
ORD-0005497,2026-11-18,Kisumu,PMS,OMC_A,227.98,227.98,NORMAL,SYNTHETIC_SCENARIO
ORD-0005498,2026-11-18,Kisumu,PMS,OMC_B,255.22,255.22,NORMAL,SYNTHETIC_SCENARIO
ORD-0005499,2026-11-18,Kisumu,PMS,OMC_C,159.12,159.12,NORMAL,SYNTHETIC_SCENARIO
ORD-0005500,2026-11-18,Kisumu,PMS,OMC_D,85.4,85.4,NORMAL,SYNTHETIC_SCENARIO
ORD-0005501,2026-11-18,Kisumu,PMS,OMC_E,14.0,14.0,NORMAL,SYNTHETIC_SCENARIO
ORD-0005502,2026-11-18,Kisumu,PMS,OMC_F,12.3,12.3,NORMAL,SYNTHETIC_SCENARIO
ORD-0005503,2026-11-19,Kisumu,PMS,OMC_A,154.34,154.34,NORMAL,SYNTHETIC_SCENARIO
ORD-0005504,2026-11-19,Kisumu,PMS,OMC_B,28.95,28.95,NORMAL,SYNTHETIC_SCENARIO
ORD-0005505,2026-11-19,Kisumu,PMS,OMC_C,127.95,127.95,NORMAL,SYNTHETIC_SCENARIO
ORD-0005506,2026-11-19,Kisumu,PMS,OMC_D,334.29,334.29,NORMAL,SYNTHETIC_SCENARIO
ORD-0005507,2026-11-19,Kisumu,PMS,OMC_E,26.53,26.53,NORMAL,SYNTHETIC_SCENARIO
ORD-0005508,2026-11-19,Kisumu,PMS,OMC_F,49.27,49.27,NORMAL,SYNTHETIC_SCENARIO
ORD-0005509,2026-11-20,Kisumu,PMS,OMC_A,257.97,257.97,NORMAL,SYNTHETIC_SCENARIO
ORD-0005510,2026-11-20,Kisumu,PMS,OMC_B,134.87,134.87,NORMAL,SYNTHETIC_SCENARIO
ORD-0005511,2026-11-20,Kisumu,PMS,OMC_C,174.03,174.03,NORMAL,SYNTHETIC_SCENARIO
ORD-0005512,2026-11-20,Kisumu,PMS,OMC_D,51.69,51.69,NORMAL,SYNTHETIC_SCENARIO
ORD-0005513,2026-11-20,Kisumu,PMS,OMC_E,31.1,31.1,NORMAL,SYNTHETIC_SCENARIO
ORD-0005514,2026-11-20,Kisumu,PMS,OMC_F,102.94,102.94,NORMAL,SYNTHETIC_SCENARIO
ORD-0005515,2026-11-21,Kisumu,PMS,OMC_A,195.8,195.8,NORMAL,SYNTHETIC_SCENARIO
ORD-0005516,2026-11-21,Kisumu,PMS,OMC_B,154.63,154.63,NORMAL,SYNTHETIC_SCENARIO
ORD-0005517,2026-11-21,Kisumu,PMS,OMC_C,83.72,83.72,NORMAL,SYNTHETIC_SCENARIO
ORD-0005518,2026-11-21,Kisumu,PMS,OMC_D,136.61,136.61,NORMAL,SYNTHETIC_SCENARIO
ORD-0005519,2026-11-21,Kisumu,PMS,OMC_E,39.93,39.93,NORMAL,SYNTHETIC_SCENARIO
ORD-0005520,2026-11-21,Kisumu,PMS,OMC_F,36.66,36.66,NORMAL,SYNTHETIC_SCENARIO
ORD-0005521,2026-11-22,Kisumu,PMS,OMC_A,92.54,92.54,NORMAL,SYNTHETIC_SCENARIO
ORD-0005522,2026-11-22,Kisumu,PMS,OMC_B,150.56,150.56,NORMAL,SYNTHETIC_SCENARIO
ORD-0005523,2026-11-22,Kisumu,PMS,OMC_C,49.99,49.99,NORMAL,SYNTHETIC_SCENARIO
ORD-0005524,2026-11-22,Kisumu,PMS,OMC_D,105.24,105.24,NORMAL,SYNTHETIC_SCENARIO
ORD-0005525,2026-11-22,Kisumu,PMS,OMC_E,34.08,34.08,NORMAL,SYNTHETIC_SCENARIO
ORD-0005526,2026-11-22,Kisumu,PMS,OMC_F,118.68,118.68,NORMAL,SYNTHETIC_SCENARIO
ORD-0005527,2026-11-23,Kisumu,PMS,OMC_A,112.99,112.99,NORMAL,SYNTHETIC_SCENARIO
ORD-0005528,2026-11-23,Kisumu,PMS,OMC_B,380.44,380.44,NORMAL,SYNTHETIC_SCENARIO
ORD-0005529,2026-11-23,Kisumu,PMS,OMC_C,208.38,208.38,NORMAL,SYNTHETIC_SCENARIO
ORD-0005530,2026-11-23,Kisumu,PMS,OMC_D,11.48,11.48,NORMAL,SYNTHETIC_SCENARIO
ORD-0005531,2026-11-23,Kisumu,PMS,OMC_E,20.39,20.39,NORMAL,SYNTHETIC_SCENARIO
ORD-0005532,2026-11-23,Kisumu,PMS,OMC_F,9.36,9.36,NORMAL,SYNTHETIC_SCENARIO
ORD-0005533,2026-11-24,Kisumu,PMS,OMC_A,109.21,109.21,NORMAL,SYNTHETIC_SCENARIO
ORD-0005534,2026-11-24,Kisumu,PMS,OMC_B,226.25,226.25,NORMAL,SYNTHETIC_SCENARIO
ORD-0005535,2026-11-24,Kisumu,PMS,OMC_C,90.39,90.39,NORMAL,SYNTHETIC_SCENARIO
ORD-0005536,2026-11-24,Kisumu,PMS,OMC_D,161.35,161.35,NORMAL,SYNTHETIC_SCENARIO
ORD-0005537,2026-11-24,Kisumu,PMS,OMC_E,25.85,25.85,NORMAL,SYNTHETIC_SCENARIO
ORD-0005538,2026-11-24,Kisumu,PMS,OMC_F,93.4,93.4,HIGH,SYNTHETIC_SCENARIO
ORD-0005539,2026-11-25,Kisumu,PMS,OMC_A,243.23,243.23,NORMAL,SYNTHETIC_SCENARIO
ORD-0005540,2026-11-25,Kisumu,PMS,OMC_B,273.14,273.14,HIGH,SYNTHETIC_SCENARIO
ORD-0005541,2026-11-25,Kisumu,PMS,OMC_C,68.32,68.32,NORMAL,SYNTHETIC_SCENARIO
ORD-0005542,2026-11-25,Kisumu,PMS,OMC_D,60.11,60.11,NORMAL,SYNTHETIC_SCENARIO
ORD-0005543,2026-11-25,Kisumu,PMS,OMC_E,103.75,103.75,HIGH,SYNTHETIC_SCENARIO
ORD-0005544,2026-11-25,Kisumu,PMS,OMC_F,7.8,7.8,HIGH,SYNTHETIC_SCENARIO
ORD-0005545,2026-11-26,Kisumu,PMS,OMC_A,82.38,82.38,NORMAL,SYNTHETIC_SCENARIO
ORD-0005546,2026-11-26,Kisumu,PMS,OMC_B,109.91,109.91,NORMAL,SYNTHETIC_SCENARIO
ORD-0005547,2026-11-26,Kisumu,PMS,OMC_C,67.28,67.28,NORMAL,SYNTHETIC_SCENARIO
ORD-0005548,2026-11-26,Kisumu,PMS,OMC_D,223.78,223.78,NORMAL,SYNTHETIC_SCENARIO
ORD-0005549,2026-11-26,Kisumu,PMS,OMC_E,75.84,75.84,NORMAL,SYNTHETIC_SCENARIO
ORD-0005550,2026-11-26,Kisumu,PMS,OMC_F,105.85,105.85,NORMAL,SYNTHETIC_SCENARIO
ORD-0005551,2026-11-27,Kisumu,PMS,OMC_A,291.17,291.17,HIGH,SYNTHETIC_SCENARIO
ORD-0005552,2026-11-27,Kisumu,PMS,OMC_B,182.49,182.49,NORMAL,SYNTHETIC_SCENARIO
ORD-0005553,2026-11-27,Kisumu,PMS,OMC_C,161.93,161.93,NORMAL,SYNTHETIC_SCENARIO
ORD-0005554,2026-11-27,Kisumu,PMS,OMC_D,93.74,93.74,HIGH,SYNTHETIC_SCENARIO
ORD-0005555,2026-11-27,Kisumu,PMS,OMC_E,1.52,1.52,NORMAL,SYNTHETIC_SCENARIO
ORD-0005556,2026-11-27,Kisumu,PMS,OMC_F,77.88,77.88,NORMAL,SYNTHETIC_SCENARIO
ORD-0005557,2026-11-28,Kisumu,PMS,OMC_A,100.51,100.51,NORMAL,SYNTHETIC_SCENARIO
ORD-0005558,2026-11-28,Kisumu,PMS,OMC_B,426.74,426.74,NORMAL,SYNTHETIC_SCENARIO
ORD-0005559,2026-11-28,Kisumu,PMS,OMC_C,67.43,67.43,NORMAL,SYNTHETIC_SCENARIO
ORD-0005560,2026-11-28,Kisumu,PMS,OMC_D,19.69,19.69,NORMAL,SYNTHETIC_SCENARIO
ORD-0005561,2026-11-28,Kisumu,PMS,OMC_E,97.89,97.89,NORMAL,SYNTHETIC_SCENARIO
ORD-0005562,2026-11-28,Kisumu,PMS,OMC_F,8.54,8.54,NORMAL,SYNTHETIC_SCENARIO
ORD-0005563,2026-11-29,Kisumu,PMS,OMC_A,98.1,98.1,NORMAL,SYNTHETIC_SCENARIO
ORD-0005564,2026-11-29,Kisumu,PMS,OMC_B,147.23,147.23,NORMAL,SYNTHETIC_SCENARIO
ORD-0005565,2026-11-29,Kisumu,PMS,OMC_C,39.15,39.15,HIGH,SYNTHETIC_SCENARIO
ORD-0005566,2026-11-29,Kisumu,PMS,OMC_D,160.7,160.7,NORMAL,SYNTHETIC_SCENARIO
ORD-0005567,2026-11-29,Kisumu,PMS,OMC_E,116.3,116.3,NORMAL,SYNTHETIC_SCENARIO
ORD-0005568,2026-11-29,Kisumu,PMS,OMC_F,0.21,0.21,NORMAL,SYNTHETIC_SCENARIO
ORD-0005569,2026-11-30,Kisumu,PMS,OMC_A,174.35,174.35,NORMAL,SYNTHETIC_SCENARIO
ORD-0005570,2026-11-30,Kisumu,PMS,OMC_B,155.42,155.42,NORMAL,SYNTHETIC_SCENARIO
ORD-0005571,2026-11-30,Kisumu,PMS,OMC_C,77.04,77.04,NORMAL,SYNTHETIC_SCENARIO
ORD-0005572,2026-11-30,Kisumu,PMS,OMC_D,230.0,230.0,NORMAL,SYNTHETIC_SCENARIO
ORD-0005573,2026-11-30,Kisumu,PMS,OMC_E,56.56,56.56,NORMAL,SYNTHETIC_SCENARIO
ORD-0005574,2026-11-30,Kisumu,PMS,OMC_F,43.8,43.8,NORMAL,SYNTHETIC_SCENARIO
ORD-0005575,2026-12-01,Kisumu,PMS,OMC_A,412.88,412.88,NORMAL,SYNTHETIC_SCENARIO
ORD-0005576,2026-12-01,Kisumu,PMS,OMC_B,98.94,98.94,NORMAL,SYNTHETIC_SCENARIO
ORD-0005577,2026-12-01,Kisumu,PMS,OMC_C,135.51,135.51,HIGH,SYNTHETIC_SCENARIO
ORD-0005578,2026-12-01,Kisumu,PMS,OMC_D,122.8,122.8,NORMAL,SYNTHETIC_SCENARIO
ORD-0005579,2026-12-01,Kisumu,PMS,OMC_E,93.17,93.17,NORMAL,SYNTHETIC_SCENARIO
ORD-0005580,2026-12-01,Kisumu,PMS,OMC_F,47.14,47.14,NORMAL,SYNTHETIC_SCENARIO
ORD-0005581,2026-12-02,Kisumu,PMS,OMC_A,331.58,331.58,NORMAL,SYNTHETIC_SCENARIO
ORD-0005582,2026-12-02,Kisumu,PMS,OMC_B,165.55,165.55,NORMAL,SYNTHETIC_SCENARIO
ORD-0005583,2026-12-02,Kisumu,PMS,OMC_C,149.19,149.19,NORMAL,SYNTHETIC_SCENARIO
ORD-0005584,2026-12-02,Kisumu,PMS,OMC_D,191.36,191.36,NORMAL,SYNTHETIC_SCENARIO
ORD-0005585,2026-12-02,Kisumu,PMS,OMC_E,25.86,25.86,NORMAL,SYNTHETIC_SCENARIO
ORD-0005586,2026-12-02,Kisumu,PMS,OMC_F,2.94,2.94,NORMAL,SYNTHETIC_SCENARIO
ORD-0005587,2026-12-03,Kisumu,PMS,OMC_A,256.91,256.91,NORMAL,SYNTHETIC_SCENARIO
ORD-0005588,2026-12-03,Kisumu,PMS,OMC_B,113.07,113.07,NORMAL,SYNTHETIC_SCENARIO
ORD-0005589,2026-12-03,Kisumu,PMS,OMC_C,161.86,161.86,NORMAL,SYNTHETIC_SCENARIO
ORD-0005590,2026-12-03,Kisumu,PMS,OMC_D,96.19,96.19,NORMAL,SYNTHETIC_SCENARIO
ORD-0005591,2026-12-03,Kisumu,PMS,OMC_E,115.05,115.05,NORMAL,SYNTHETIC_SCENARIO
ORD-0005592,2026-12-03,Kisumu,PMS,OMC_F,119.1,119.1,NORMAL,SYNTHETIC_SCENARIO
ORD-0005593,2026-12-04,Kisumu,PMS,OMC_A,428.58,428.58,NORMAL,SYNTHETIC_SCENARIO
ORD-0005594,2026-12-04,Kisumu,PMS,OMC_B,181.96,181.96,NORMAL,SYNTHETIC_SCENARIO
ORD-0005595,2026-12-04,Kisumu,PMS,OMC_C,100.79,100.79,NORMAL,SYNTHETIC_SCENARIO
ORD-0005596,2026-12-04,Kisumu,PMS,OMC_D,120.08,120.08,NORMAL,SYNTHETIC_SCENARIO
ORD-0005597,2026-12-04,Kisumu,PMS,OMC_E,44.18,44.18,NORMAL,SYNTHETIC_SCENARIO
ORD-0005598,2026-12-04,Kisumu,PMS,OMC_F,82.85,82.85,HIGH,SYNTHETIC_SCENARIO
ORD-0005599,2026-12-05,Kisumu,PMS,OMC_A,297.35,297.35,NORMAL,SYNTHETIC_SCENARIO
ORD-0005600,2026-12-05,Kisumu,PMS,OMC_B,183.85,183.85,NORMAL,SYNTHETIC_SCENARIO
ORD-0005601,2026-12-05,Kisumu,PMS,OMC_C,60.77,60.77,NORMAL,SYNTHETIC_SCENARIO
ORD-0005602,2026-12-05,Kisumu,PMS,OMC_D,32.77,32.77,HIGH,SYNTHETIC_SCENARIO
ORD-0005603,2026-12-05,Kisumu,PMS,OMC_E,109.52,109.52,HIGH,SYNTHETIC_SCENARIO
ORD-0005604,2026-12-05,Kisumu,PMS,OMC_F,49.81,49.81,NORMAL,SYNTHETIC_SCENARIO
ORD-0005605,2026-12-06,Kisumu,PMS,OMC_A,114.32,114.32,NORMAL,SYNTHETIC_SCENARIO
ORD-0005606,2026-12-06,Kisumu,PMS,OMC_B,205.83,205.83,NORMAL,SYNTHETIC_SCENARIO
ORD-0005607,2026-12-06,Kisumu,PMS,OMC_C,142.79,142.79,NORMAL,SYNTHETIC_SCENARIO
ORD-0005608,2026-12-06,Kisumu,PMS,OMC_D,52.51,52.51,NORMAL,SYNTHETIC_SCENARIO
ORD-0005609,2026-12-06,Kisumu,PMS,OMC_E,43.64,43.64,NORMAL,SYNTHETIC_SCENARIO
ORD-0005610,2026-12-06,Kisumu,PMS,OMC_F,169.87,169.87,HIGH,SYNTHETIC_SCENARIO
ORD-0005611,2026-12-07,Kisumu,PMS,OMC_A,273.96,273.96,NORMAL,SYNTHETIC_SCENARIO
ORD-0005612,2026-12-07,Kisumu,PMS,OMC_B,95.0,95.0,NORMAL,SYNTHETIC_SCENARIO
ORD-0005613,2026-12-07,Kisumu,PMS,OMC_C,246.89,246.89,NORMAL,SYNTHETIC_SCENARIO
ORD-0005614,2026-12-07,Kisumu,PMS,OMC_D,130.56,130.56,NORMAL,SYNTHETIC_SCENARIO
ORD-0005615,2026-12-07,Kisumu,PMS,OMC_E,81.54,81.54,NORMAL,SYNTHETIC_SCENARIO
ORD-0005616,2026-12-07,Kisumu,PMS,OMC_F,49.77,49.77,NORMAL,SYNTHETIC_SCENARIO
ORD-0005617,2026-12-08,Kisumu,PMS,OMC_A,416.03,416.03,NORMAL,SYNTHETIC_SCENARIO
ORD-0005618,2026-12-08,Kisumu,PMS,OMC_B,333.57,333.57,NORMAL,SYNTHETIC_SCENARIO
ORD-0005619,2026-12-08,Kisumu,PMS,OMC_C,101.33,101.33,NORMAL,SYNTHETIC_SCENARIO
ORD-0005620,2026-12-08,Kisumu,PMS,OMC_D,32.68,32.68,NORMAL,SYNTHETIC_SCENARIO
ORD-0005621,2026-12-08,Kisumu,PMS,OMC_E,7.3,7.3,NORMAL,SYNTHETIC_SCENARIO
ORD-0005622,2026-12-08,Kisumu,PMS,OMC_F,51.68,51.68,NORMAL,SYNTHETIC_SCENARIO
ORD-0005623,2026-12-09,Kisumu,PMS,OMC_A,469.76,469.76,NORMAL,SYNTHETIC_SCENARIO
ORD-0005624,2026-12-09,Kisumu,PMS,OMC_B,206.66,206.66,NORMAL,SYNTHETIC_SCENARIO
ORD-0005625,2026-12-09,Kisumu,PMS,OMC_C,144.26,144.26,HIGH,SYNTHETIC_SCENARIO
ORD-0005626,2026-12-09,Kisumu,PMS,OMC_D,53.48,53.48,NORMAL,SYNTHETIC_SCENARIO
ORD-0005627,2026-12-09,Kisumu,PMS,OMC_E,124.46,124.46,NORMAL,SYNTHETIC_SCENARIO
ORD-0005628,2026-12-09,Kisumu,PMS,OMC_F,5.92,5.92,NORMAL,SYNTHETIC_SCENARIO
ORD-0005629,2026-12-10,Kisumu,PMS,OMC_A,471.94,471.94,NORMAL,SYNTHETIC_SCENARIO
ORD-0005630,2026-12-10,Kisumu,PMS,OMC_B,141.56,141.56,NORMAL,SYNTHETIC_SCENARIO
ORD-0005631,2026-12-10,Kisumu,PMS,OMC_C,69.04,69.04,HIGH,SYNTHETIC_SCENARIO
ORD-0005632,2026-12-10,Kisumu,PMS,OMC_D,74.68,74.68,NORMAL,SYNTHETIC_SCENARIO
ORD-0005633,2026-12-10,Kisumu,PMS,OMC_E,85.55,85.55,NORMAL,SYNTHETIC_SCENARIO
ORD-0005634,2026-12-10,Kisumu,PMS,OMC_F,85.36,85.36,NORMAL,SYNTHETIC_SCENARIO
ORD-0005635,2026-12-11,Kisumu,PMS,OMC_A,134.64,134.64,NORMAL,SYNTHETIC_SCENARIO
ORD-0005636,2026-12-11,Kisumu,PMS,OMC_B,33.52,33.52,NORMAL,SYNTHETIC_SCENARIO
ORD-0005637,2026-12-11,Kisumu,PMS,OMC_C,124.15,124.15,NORMAL,SYNTHETIC_SCENARIO
ORD-0005638,2026-12-11,Kisumu,PMS,OMC_D,32.04,32.04,NORMAL,SYNTHETIC_SCENARIO
ORD-0005639,2026-12-11,Kisumu,PMS,OMC_E,448.11,448.11,NORMAL,SYNTHETIC_SCENARIO
ORD-0005640,2026-12-11,Kisumu,PMS,OMC_F,52.06,52.06,NORMAL,SYNTHETIC_SCENARIO
ORD-0005641,2026-12-12,Kisumu,PMS,OMC_A,297.59,297.59,NORMAL,SYNTHETIC_SCENARIO
ORD-0005642,2026-12-12,Kisumu,PMS,OMC_B,227.6,227.6,NORMAL,SYNTHETIC_SCENARIO
ORD-0005643,2026-12-12,Kisumu,PMS,OMC_C,15.94,15.94,NORMAL,SYNTHETIC_SCENARIO
ORD-0005644,2026-12-12,Kisumu,PMS,OMC_D,191.49,191.49,NORMAL,SYNTHETIC_SCENARIO
ORD-0005645,2026-12-12,Kisumu,PMS,OMC_E,45.97,45.97,NORMAL,SYNTHETIC_SCENARIO
ORD-0005646,2026-12-12,Kisumu,PMS,OMC_F,159.28,159.28,NORMAL,SYNTHETIC_SCENARIO
ORD-0005647,2026-12-13,Kisumu,PMS,OMC_A,91.76,91.76,NORMAL,SYNTHETIC_SCENARIO
ORD-0005648,2026-12-13,Kisumu,PMS,OMC_B,91.67,91.67,NORMAL,SYNTHETIC_SCENARIO
ORD-0005649,2026-12-13,Kisumu,PMS,OMC_C,20.78,20.78,NORMAL,SYNTHETIC_SCENARIO
ORD-0005650,2026-12-13,Kisumu,PMS,OMC_D,102.01,102.01,NORMAL,SYNTHETIC_SCENARIO
ORD-0005651,2026-12-13,Kisumu,PMS,OMC_E,400.37,400.37,NORMAL,SYNTHETIC_SCENARIO
ORD-0005652,2026-12-13,Kisumu,PMS,OMC_F,6.02,6.02,NORMAL,SYNTHETIC_SCENARIO
ORD-0005653,2026-12-14,Kisumu,PMS,OMC_A,340.52,340.52,NORMAL,SYNTHETIC_SCENARIO
ORD-0005654,2026-12-14,Kisumu,PMS,OMC_B,152.12,152.12,NORMAL,SYNTHETIC_SCENARIO
ORD-0005655,2026-12-14,Kisumu,PMS,OMC_C,246.21,246.21,NORMAL,SYNTHETIC_SCENARIO
ORD-0005656,2026-12-14,Kisumu,PMS,OMC_D,30.34,30.34,NORMAL,SYNTHETIC_SCENARIO
ORD-0005657,2026-12-14,Kisumu,PMS,OMC_E,39.2,39.2,NORMAL,SYNTHETIC_SCENARIO
ORD-0005658,2026-12-14,Kisumu,PMS,OMC_F,105.86,105.86,NORMAL,SYNTHETIC_SCENARIO
ORD-0005659,2026-12-15,Kisumu,PMS,OMC_A,107.4,107.4,NORMAL,SYNTHETIC_SCENARIO
ORD-0005660,2026-12-15,Kisumu,PMS,OMC_B,365.29,365.29,NORMAL,SYNTHETIC_SCENARIO
ORD-0005661,2026-12-15,Kisumu,PMS,OMC_C,54.3,54.3,HIGH,SYNTHETIC_SCENARIO
ORD-0005662,2026-12-15,Kisumu,PMS,OMC_D,129.13,129.13,NORMAL,SYNTHETIC_SCENARIO
ORD-0005663,2026-12-15,Kisumu,PMS,OMC_E,74.24,74.24,NORMAL,SYNTHETIC_SCENARIO
ORD-0005664,2026-12-15,Kisumu,PMS,OMC_F,129.09,129.09,NORMAL,SYNTHETIC_SCENARIO
ORD-0005665,2026-12-16,Kisumu,PMS,OMC_A,307.42,307.42,NORMAL,SYNTHETIC_SCENARIO
ORD-0005666,2026-12-16,Kisumu,PMS,OMC_B,191.54,191.54,NORMAL,SYNTHETIC_SCENARIO
ORD-0005667,2026-12-16,Kisumu,PMS,OMC_C,86.46,86.46,NORMAL,SYNTHETIC_SCENARIO
ORD-0005668,2026-12-16,Kisumu,PMS,OMC_D,43.26,43.26,NORMAL,SYNTHETIC_SCENARIO
ORD-0005669,2026-12-16,Kisumu,PMS,OMC_E,199.33,199.33,NORMAL,SYNTHETIC_SCENARIO
ORD-0005670,2026-12-16,Kisumu,PMS,OMC_F,68.88,68.88,HIGH,SYNTHETIC_SCENARIO
ORD-0005671,2026-12-17,Kisumu,PMS,OMC_A,225.95,225.95,NORMAL,SYNTHETIC_SCENARIO
ORD-0005672,2026-12-17,Kisumu,PMS,OMC_B,313.76,313.76,NORMAL,SYNTHETIC_SCENARIO
ORD-0005673,2026-12-17,Kisumu,PMS,OMC_C,158.51,158.51,NORMAL,SYNTHETIC_SCENARIO
ORD-0005674,2026-12-17,Kisumu,PMS,OMC_D,67.48,67.48,NORMAL,SYNTHETIC_SCENARIO
ORD-0005675,2026-12-17,Kisumu,PMS,OMC_E,61.18,61.18,NORMAL,SYNTHETIC_SCENARIO
ORD-0005676,2026-12-17,Kisumu,PMS,OMC_F,13.72,13.72,NORMAL,SYNTHETIC_SCENARIO
ORD-0005677,2026-12-18,Kisumu,PMS,OMC_A,325.34,325.34,NORMAL,SYNTHETIC_SCENARIO
ORD-0005678,2026-12-18,Kisumu,PMS,OMC_B,265.25,265.25,NORMAL,SYNTHETIC_SCENARIO
ORD-0005679,2026-12-18,Kisumu,PMS,OMC_C,104.53,104.53,NORMAL,SYNTHETIC_SCENARIO
ORD-0005680,2026-12-18,Kisumu,PMS,OMC_D,147.66,147.66,NORMAL,SYNTHETIC_SCENARIO
ORD-0005681,2026-12-18,Kisumu,PMS,OMC_E,38.75,38.75,NORMAL,SYNTHETIC_SCENARIO
ORD-0005682,2026-12-18,Kisumu,PMS,OMC_F,44.28,44.28,NORMAL,SYNTHETIC_SCENARIO
ORD-0005683,2026-12-19,Kisumu,PMS,OMC_A,157.2,157.2,NORMAL,SYNTHETIC_SCENARIO
ORD-0005684,2026-12-19,Kisumu,PMS,OMC_B,55.63,55.63,NORMAL,SYNTHETIC_SCENARIO
ORD-0005685,2026-12-19,Kisumu,PMS,OMC_C,274.08,274.08,NORMAL,SYNTHETIC_SCENARIO
ORD-0005686,2026-12-19,Kisumu,PMS,OMC_D,217.95,217.95,NORMAL,SYNTHETIC_SCENARIO
ORD-0005687,2026-12-19,Kisumu,PMS,OMC_E,142.91,142.91,NORMAL,SYNTHETIC_SCENARIO
ORD-0005688,2026-12-19,Kisumu,PMS,OMC_F,22.14,22.14,NORMAL,SYNTHETIC_SCENARIO
ORD-0005689,2026-12-20,Kisumu,PMS,OMC_A,146.0,146.0,HIGH,SYNTHETIC_SCENARIO
ORD-0005690,2026-12-20,Kisumu,PMS,OMC_B,41.54,41.54,NORMAL,SYNTHETIC_SCENARIO
ORD-0005691,2026-12-20,Kisumu,PMS,OMC_C,102.07,102.07,NORMAL,SYNTHETIC_SCENARIO
ORD-0005692,2026-12-20,Kisumu,PMS,OMC_D,320.07,320.07,NORMAL,SYNTHETIC_SCENARIO
ORD-0005693,2026-12-20,Kisumu,PMS,OMC_E,77.55,77.55,HIGH,SYNTHETIC_SCENARIO
ORD-0005694,2026-12-20,Kisumu,PMS,OMC_F,2.12,2.12,NORMAL,SYNTHETIC_SCENARIO
ORD-0005695,2026-12-21,Kisumu,PMS,OMC_A,209.52,209.52,NORMAL,SYNTHETIC_SCENARIO
ORD-0005696,2026-12-21,Kisumu,PMS,OMC_B,191.2,191.2,NORMAL,SYNTHETIC_SCENARIO
ORD-0005697,2026-12-21,Kisumu,PMS,OMC_C,86.25,86.25,NORMAL,SYNTHETIC_SCENARIO
ORD-0005698,2026-12-21,Kisumu,PMS,OMC_D,159.3,159.3,NORMAL,SYNTHETIC_SCENARIO
ORD-0005699,2026-12-21,Kisumu,PMS,OMC_E,162.25,162.25,NORMAL,SYNTHETIC_SCENARIO
ORD-0005700,2026-12-21,Kisumu,PMS,OMC_F,52.32,52.32,NORMAL,SYNTHETIC_SCENARIO
ORD-0005701,2026-12-22,Kisumu,PMS,OMC_A,391.68,391.68,NORMAL,SYNTHETIC_SCENARIO
ORD-0005702,2026-12-22,Kisumu,PMS,OMC_B,103.85,103.85,NORMAL,SYNTHETIC_SCENARIO
ORD-0005703,2026-12-22,Kisumu,PMS,OMC_C,57.56,57.56,NORMAL,SYNTHETIC_SCENARIO
ORD-0005704,2026-12-22,Kisumu,PMS,OMC_D,70.13,70.13,HIGH,SYNTHETIC_SCENARIO
ORD-0005705,2026-12-22,Kisumu,PMS,OMC_E,49.84,49.84,NORMAL,SYNTHETIC_SCENARIO
ORD-0005706,2026-12-22,Kisumu,PMS,OMC_F,153.75,153.75,NORMAL,SYNTHETIC_SCENARIO
ORD-0005707,2026-12-23,Kisumu,PMS,OMC_A,131.46,131.46,NORMAL,SYNTHETIC_SCENARIO
ORD-0005708,2026-12-23,Kisumu,PMS,OMC_B,303.9,303.9,NORMAL,SYNTHETIC_SCENARIO
ORD-0005709,2026-12-23,Kisumu,PMS,OMC_C,71.75,71.75,NORMAL,SYNTHETIC_SCENARIO
ORD-0005710,2026-12-23,Kisumu,PMS,OMC_D,27.38,27.38,NORMAL,SYNTHETIC_SCENARIO
ORD-0005711,2026-12-23,Kisumu,PMS,OMC_E,78.33,78.33,NORMAL,SYNTHETIC_SCENARIO
ORD-0005712,2026-12-23,Kisumu,PMS,OMC_F,182.41,182.41,NORMAL,SYNTHETIC_SCENARIO
ORD-0005713,2026-12-24,Kisumu,PMS,OMC_A,416.82,416.82,HIGH,SYNTHETIC_SCENARIO
ORD-0005714,2026-12-24,Kisumu,PMS,OMC_B,112.84,112.84,NORMAL,SYNTHETIC_SCENARIO
ORD-0005715,2026-12-24,Kisumu,PMS,OMC_C,227.15,227.15,NORMAL,SYNTHETIC_SCENARIO
ORD-0005716,2026-12-24,Kisumu,PMS,OMC_D,61.64,61.64,NORMAL,SYNTHETIC_SCENARIO
ORD-0005717,2026-12-24,Kisumu,PMS,OMC_E,13.51,13.51,HIGH,SYNTHETIC_SCENARIO
ORD-0005718,2026-12-24,Kisumu,PMS,OMC_F,52.93,52.93,NORMAL,SYNTHETIC_SCENARIO
ORD-0005719,2026-12-25,Kisumu,PMS,OMC_A,307.21,307.21,NORMAL,SYNTHETIC_SCENARIO
ORD-0005720,2026-12-25,Kisumu,PMS,OMC_B,241.05,241.05,NORMAL,SYNTHETIC_SCENARIO
ORD-0005721,2026-12-25,Kisumu,PMS,OMC_C,182.0,182.0,NORMAL,SYNTHETIC_SCENARIO
ORD-0005722,2026-12-25,Kisumu,PMS,OMC_D,29.33,29.33,NORMAL,SYNTHETIC_SCENARIO
ORD-0005723,2026-12-25,Kisumu,PMS,OMC_E,98.64,98.64,NORMAL,SYNTHETIC_SCENARIO
ORD-0005724,2026-12-25,Kisumu,PMS,OMC_F,115.52,115.52,NORMAL,SYNTHETIC_SCENARIO
ORD-0005725,2026-12-26,Kisumu,PMS,OMC_A,485.98,485.98,NORMAL,SYNTHETIC_SCENARIO
ORD-0005726,2026-12-26,Kisumu,PMS,OMC_B,122.33,122.33,NORMAL,SYNTHETIC_SCENARIO
ORD-0005727,2026-12-26,Kisumu,PMS,OMC_C,180.0,180.0,NORMAL,SYNTHETIC_SCENARIO
ORD-0005728,2026-12-26,Kisumu,PMS,OMC_D,95.2,95.2,NORMAL,SYNTHETIC_SCENARIO
ORD-0005729,2026-12-26,Kisumu,PMS,OMC_E,9.97,9.97,NORMAL,SYNTHETIC_SCENARIO
ORD-0005730,2026-12-26,Kisumu,PMS,OMC_F,40.39,40.39,NORMAL,SYNTHETIC_SCENARIO
ORD-0005731,2026-12-27,Kisumu,PMS,OMC_A,121.15,121.15,NORMAL,SYNTHETIC_SCENARIO
ORD-0005732,2026-12-27,Kisumu,PMS,OMC_B,208.79,208.79,NORMAL,SYNTHETIC_SCENARIO
ORD-0005733,2026-12-27,Kisumu,PMS,OMC_C,122.22,122.22,NORMAL,SYNTHETIC_SCENARIO
ORD-0005734,2026-12-27,Kisumu,PMS,OMC_D,89.31,89.31,HIGH,SYNTHETIC_SCENARIO
ORD-0005735,2026-12-27,Kisumu,PMS,OMC_E,85.85,85.85,HIGH,SYNTHETIC_SCENARIO
ORD-0005736,2026-12-27,Kisumu,PMS,OMC_F,114.24,114.24,HIGH,SYNTHETIC_SCENARIO
ORD-0005737,2026-12-28,Kisumu,PMS,OMC_A,383.16,383.16,NORMAL,SYNTHETIC_SCENARIO
ORD-0005738,2026-12-28,Kisumu,PMS,OMC_B,322.72,322.72,NORMAL,SYNTHETIC_SCENARIO
ORD-0005739,2026-12-28,Kisumu,PMS,OMC_C,28.06,28.06,NORMAL,SYNTHETIC_SCENARIO
ORD-0005740,2026-12-28,Kisumu,PMS,OMC_D,32.18,32.18,NORMAL,SYNTHETIC_SCENARIO
ORD-0005741,2026-12-28,Kisumu,PMS,OMC_E,113.59,113.59,NORMAL,SYNTHETIC_SCENARIO
ORD-0005742,2026-12-28,Kisumu,PMS,OMC_F,3.45,3.45,NORMAL,SYNTHETIC_SCENARIO
ORD-0005743,2026-12-29,Kisumu,PMS,OMC_A,226.76,226.76,HIGH,SYNTHETIC_SCENARIO
ORD-0005744,2026-12-29,Kisumu,PMS,OMC_B,154.48,154.48,NORMAL,SYNTHETIC_SCENARIO
ORD-0005745,2026-12-29,Kisumu,PMS,OMC_C,266.43,266.43,NORMAL,SYNTHETIC_SCENARIO
ORD-0005746,2026-12-29,Kisumu,PMS,OMC_D,29.44,29.44,NORMAL,SYNTHETIC_SCENARIO
ORD-0005747,2026-12-29,Kisumu,PMS,OMC_E,94.73,94.73,NORMAL,SYNTHETIC_SCENARIO
ORD-0005748,2026-12-29,Kisumu,PMS,OMC_F,93.61,93.61,NORMAL,SYNTHETIC_SCENARIO
ORD-0005749,2026-12-30,Kisumu,PMS,OMC_A,218.17,218.17,NORMAL,SYNTHETIC_SCENARIO
ORD-0005750,2026-12-30,Kisumu,PMS,OMC_B,315.42,315.42,NORMAL,SYNTHETIC_SCENARIO
ORD-0005751,2026-12-30,Kisumu,PMS,OMC_C,193.53,193.53,NORMAL,SYNTHETIC_SCENARIO
ORD-0005752,2026-12-30,Kisumu,PMS,OMC_D,39.0,39.0,NORMAL,SYNTHETIC_SCENARIO
ORD-0005753,2026-12-30,Kisumu,PMS,OMC_E,40.86,40.86,NORMAL,SYNTHETIC_SCENARIO
ORD-0005754,2026-12-30,Kisumu,PMS,OMC_F,27.72,27.72,HIGH,SYNTHETIC_SCENARIO
ORD-0005755,2026-12-31,Kisumu,PMS,OMC_A,323.86,323.86,NORMAL,SYNTHETIC_SCENARIO
ORD-0005756,2026-12-31,Kisumu,PMS,OMC_B,295.73,295.73,NORMAL,SYNTHETIC_SCENARIO
ORD-0005757,2026-12-31,Kisumu,PMS,OMC_C,96.77,96.77,NORMAL,SYNTHETIC_SCENARIO
ORD-0005758,2026-12-31,Kisumu,PMS,OMC_D,121.0,121.0,NORMAL,SYNTHETIC_SCENARIO
ORD-0005759,2026-12-31,Kisumu,PMS,OMC_E,73.7,73.7,NORMAL,SYNTHETIC_SCENARIO
ORD-0005760,2026-12-31,Kisumu,PMS,OMC_F,40.14,40.14,NORMAL,SYNTHETIC_SCENARIO
ORD-0005761,2026-09-03,Nairobi,AGO,OMC_A,608.25,608.25,NORMAL,SYNTHETIC_SCENARIO
ORD-0005762,2026-09-03,Nairobi,AGO,OMC_B,352.54,352.54,HIGH,SYNTHETIC_SCENARIO
ORD-0005763,2026-09-03,Nairobi,AGO,OMC_C,335.46,335.46,NORMAL,SYNTHETIC_SCENARIO
ORD-0005764,2026-09-03,Nairobi,AGO,OMC_D,343.38,343.38,NORMAL,SYNTHETIC_SCENARIO
ORD-0005765,2026-09-03,Nairobi,AGO,OMC_E,646.14,646.14,NORMAL,SYNTHETIC_SCENARIO
ORD-0005766,2026-09-03,Nairobi,AGO,OMC_F,633.99,633.99,NORMAL,SYNTHETIC_SCENARIO
ORD-0005767,2026-09-04,Nairobi,AGO,OMC_A,679.65,679.65,NORMAL,SYNTHETIC_SCENARIO
ORD-0005768,2026-09-04,Nairobi,AGO,OMC_B,573.85,573.85,NORMAL,SYNTHETIC_SCENARIO
ORD-0005769,2026-09-04,Nairobi,AGO,OMC_C,661.47,661.47,NORMAL,SYNTHETIC_SCENARIO
ORD-0005770,2026-09-04,Nairobi,AGO,OMC_D,1233.85,1233.85,NORMAL,SYNTHETIC_SCENARIO
ORD-0005771,2026-09-04,Nairobi,AGO,OMC_E,120.56,120.56,NORMAL,SYNTHETIC_SCENARIO
ORD-0005772,2026-09-04,Nairobi,AGO,OMC_F,94.27,94.27,NORMAL,SYNTHETIC_SCENARIO
ORD-0005773,2026-09-05,Nairobi,AGO,OMC_A,1078.78,1078.78,NORMAL,SYNTHETIC_SCENARIO
ORD-0005774,2026-09-05,Nairobi,AGO,OMC_B,451.81,451.81,NORMAL,SYNTHETIC_SCENARIO
ORD-0005775,2026-09-05,Nairobi,AGO,OMC_C,117.77,117.77,NORMAL,SYNTHETIC_SCENARIO
ORD-0005776,2026-09-05,Nairobi,AGO,OMC_D,685.35,685.35,HIGH,SYNTHETIC_SCENARIO
ORD-0005777,2026-09-05,Nairobi,AGO,OMC_E,41.32,41.32,NORMAL,SYNTHETIC_SCENARIO
ORD-0005778,2026-09-05,Nairobi,AGO,OMC_F,443.81,443.81,NORMAL,SYNTHETIC_SCENARIO
ORD-0005779,2026-09-06,Nairobi,AGO,OMC_A,618.69,618.69,NORMAL,SYNTHETIC_SCENARIO
ORD-0005780,2026-09-06,Nairobi,AGO,OMC_B,352.98,352.98,NORMAL,SYNTHETIC_SCENARIO
ORD-0005781,2026-09-06,Nairobi,AGO,OMC_C,753.1,753.1,NORMAL,SYNTHETIC_SCENARIO
ORD-0005782,2026-09-06,Nairobi,AGO,OMC_D,441.45,441.45,NORMAL,SYNTHETIC_SCENARIO
ORD-0005783,2026-09-06,Nairobi,AGO,OMC_E,244.65,244.65,NORMAL,SYNTHETIC_SCENARIO
ORD-0005784,2026-09-06,Nairobi,AGO,OMC_F,25.35,25.35,NORMAL,SYNTHETIC_SCENARIO
ORD-0005785,2026-09-07,Nairobi,AGO,OMC_A,219.48,219.48,HIGH,SYNTHETIC_SCENARIO
ORD-0005786,2026-09-07,Nairobi,AGO,OMC_B,746.3,746.3,NORMAL,SYNTHETIC_SCENARIO
ORD-0005787,2026-09-07,Nairobi,AGO,OMC_C,1066.51,1066.51,NORMAL,SYNTHETIC_SCENARIO
ORD-0005788,2026-09-07,Nairobi,AGO,OMC_D,147.36,147.36,NORMAL,SYNTHETIC_SCENARIO
ORD-0005789,2026-09-07,Nairobi,AGO,OMC_E,108.59,108.59,NORMAL,SYNTHETIC_SCENARIO
ORD-0005790,2026-09-07,Nairobi,AGO,OMC_F,392.01,392.01,NORMAL,SYNTHETIC_SCENARIO
ORD-0005791,2026-09-08,Nairobi,AGO,OMC_A,225.55,225.55,NORMAL,SYNTHETIC_SCENARIO
ORD-0005792,2026-09-08,Nairobi,AGO,OMC_B,995.88,995.88,NORMAL,SYNTHETIC_SCENARIO
ORD-0005793,2026-09-08,Nairobi,AGO,OMC_C,646.33,646.33,NORMAL,SYNTHETIC_SCENARIO
ORD-0005794,2026-09-08,Nairobi,AGO,OMC_D,734.65,734.65,NORMAL,SYNTHETIC_SCENARIO
ORD-0005795,2026-09-08,Nairobi,AGO,OMC_E,143.93,143.93,NORMAL,SYNTHETIC_SCENARIO
ORD-0005796,2026-09-08,Nairobi,AGO,OMC_F,243.86,243.86,NORMAL,SYNTHETIC_SCENARIO
ORD-0005797,2026-09-09,Nairobi,AGO,OMC_A,1016.26,1016.26,NORMAL,SYNTHETIC_SCENARIO
ORD-0005798,2026-09-09,Nairobi,AGO,OMC_B,362.54,362.54,NORMAL,SYNTHETIC_SCENARIO
ORD-0005799,2026-09-09,Nairobi,AGO,OMC_C,535.64,535.64,NORMAL,SYNTHETIC_SCENARIO
ORD-0005800,2026-09-09,Nairobi,AGO,OMC_D,110.37,110.37,NORMAL,SYNTHETIC_SCENARIO
ORD-0005801,2026-09-09,Nairobi,AGO,OMC_E,98.51,98.51,NORMAL,SYNTHETIC_SCENARIO
ORD-0005802,2026-09-09,Nairobi,AGO,OMC_F,692.33,692.33,NORMAL,SYNTHETIC_SCENARIO
ORD-0005803,2026-09-10,Nairobi,AGO,OMC_A,193.55,193.55,NORMAL,SYNTHETIC_SCENARIO
ORD-0005804,2026-09-10,Nairobi,AGO,OMC_B,1328.78,1328.78,NORMAL,SYNTHETIC_SCENARIO
ORD-0005805,2026-09-10,Nairobi,AGO,OMC_C,412.51,412.51,NORMAL,SYNTHETIC_SCENARIO
ORD-0005806,2026-09-10,Nairobi,AGO,OMC_D,265.34,265.34,NORMAL,SYNTHETIC_SCENARIO
ORD-0005807,2026-09-10,Nairobi,AGO,OMC_E,576.86,576.86,NORMAL,SYNTHETIC_SCENARIO
ORD-0005808,2026-09-10,Nairobi,AGO,OMC_F,206.23,206.23,NORMAL,SYNTHETIC_SCENARIO
ORD-0005809,2026-09-11,Nairobi,AGO,OMC_A,406.76,406.76,NORMAL,SYNTHETIC_SCENARIO
ORD-0005810,2026-09-11,Nairobi,AGO,OMC_B,967.05,967.05,NORMAL,SYNTHETIC_SCENARIO
ORD-0005811,2026-09-11,Nairobi,AGO,OMC_C,633.7,633.7,NORMAL,SYNTHETIC_SCENARIO
ORD-0005812,2026-09-11,Nairobi,AGO,OMC_D,380.6,380.6,NORMAL,SYNTHETIC_SCENARIO
ORD-0005813,2026-09-11,Nairobi,AGO,OMC_E,611.33,611.33,HIGH,SYNTHETIC_SCENARIO
ORD-0005814,2026-09-11,Nairobi,AGO,OMC_F,164.12,164.12,NORMAL,SYNTHETIC_SCENARIO
ORD-0005815,2026-09-12,Nairobi,AGO,OMC_A,947.01,947.01,NORMAL,SYNTHETIC_SCENARIO
ORD-0005816,2026-09-12,Nairobi,AGO,OMC_B,380.0,380.0,NORMAL,SYNTHETIC_SCENARIO
ORD-0005817,2026-09-12,Nairobi,AGO,OMC_C,720.44,720.44,NORMAL,SYNTHETIC_SCENARIO
ORD-0005818,2026-09-12,Nairobi,AGO,OMC_D,330.64,330.64,NORMAL,SYNTHETIC_SCENARIO
ORD-0005819,2026-09-12,Nairobi,AGO,OMC_E,183.31,183.31,NORMAL,SYNTHETIC_SCENARIO
ORD-0005820,2026-09-12,Nairobi,AGO,OMC_F,138.35,138.35,HIGH,SYNTHETIC_SCENARIO
ORD-0005821,2026-09-13,Nairobi,AGO,OMC_A,709.86,709.86,NORMAL,SYNTHETIC_SCENARIO
ORD-0005822,2026-09-13,Nairobi,AGO,OMC_B,338.11,338.11,NORMAL,SYNTHETIC_SCENARIO
ORD-0005823,2026-09-13,Nairobi,AGO,OMC_C,298.91,298.91,NORMAL,SYNTHETIC_SCENARIO
ORD-0005824,2026-09-13,Nairobi,AGO,OMC_D,381.78,381.78,HIGH,SYNTHETIC_SCENARIO
ORD-0005825,2026-09-13,Nairobi,AGO,OMC_E,721.16,721.16,NORMAL,SYNTHETIC_SCENARIO
ORD-0005826,2026-09-13,Nairobi,AGO,OMC_F,209.46,209.46,NORMAL,SYNTHETIC_SCENARIO
ORD-0005827,2026-09-14,Nairobi,AGO,OMC_A,1192.35,1192.35,HIGH,SYNTHETIC_SCENARIO
ORD-0005828,2026-09-14,Nairobi,AGO,OMC_B,947.33,947.33,NORMAL,SYNTHETIC_SCENARIO
ORD-0005829,2026-09-14,Nairobi,AGO,OMC_C,106.67,106.67,NORMAL,SYNTHETIC_SCENARIO
ORD-0005830,2026-09-14,Nairobi,AGO,OMC_D,667.73,667.73,NORMAL,SYNTHETIC_SCENARIO
ORD-0005831,2026-09-14,Nairobi,AGO,OMC_E,363.12,363.12,NORMAL,SYNTHETIC_SCENARIO
ORD-0005832,2026-09-14,Nairobi,AGO,OMC_F,21.92,21.92,HIGH,SYNTHETIC_SCENARIO
ORD-0005833,2026-09-15,Nairobi,AGO,OMC_A,355.63,355.63,NORMAL,SYNTHETIC_SCENARIO
ORD-0005834,2026-09-15,Nairobi,AGO,OMC_B,433.96,433.96,NORMAL,SYNTHETIC_SCENARIO
ORD-0005835,2026-09-15,Nairobi,AGO,OMC_C,1053.56,1053.56,NORMAL,SYNTHETIC_SCENARIO
ORD-0005836,2026-09-15,Nairobi,AGO,OMC_D,627.81,627.81,HIGH,SYNTHETIC_SCENARIO
ORD-0005837,2026-09-15,Nairobi,AGO,OMC_E,652.7,652.7,NORMAL,SYNTHETIC_SCENARIO
ORD-0005838,2026-09-15,Nairobi,AGO,OMC_F,25.82,25.82,NORMAL,SYNTHETIC_SCENARIO
ORD-0005839,2026-09-16,Nairobi,AGO,OMC_A,1007.43,1007.43,HIGH,SYNTHETIC_SCENARIO
ORD-0005840,2026-09-16,Nairobi,AGO,OMC_B,702.21,702.21,NORMAL,SYNTHETIC_SCENARIO
ORD-0005841,2026-09-16,Nairobi,AGO,OMC_C,359.29,359.29,HIGH,SYNTHETIC_SCENARIO
ORD-0005842,2026-09-16,Nairobi,AGO,OMC_D,226.31,226.31,NORMAL,SYNTHETIC_SCENARIO
ORD-0005843,2026-09-16,Nairobi,AGO,OMC_E,6.12,6.12,NORMAL,SYNTHETIC_SCENARIO
ORD-0005844,2026-09-16,Nairobi,AGO,OMC_F,536.82,536.82,NORMAL,SYNTHETIC_SCENARIO
ORD-0005845,2026-09-17,Nairobi,AGO,OMC_A,790.27,790.27,NORMAL,SYNTHETIC_SCENARIO
ORD-0005846,2026-09-17,Nairobi,AGO,OMC_B,761.55,761.55,NORMAL,SYNTHETIC_SCENARIO
ORD-0005847,2026-09-17,Nairobi,AGO,OMC_C,927.38,927.38,NORMAL,SYNTHETIC_SCENARIO
ORD-0005848,2026-09-17,Nairobi,AGO,OMC_D,315.78,315.78,HIGH,SYNTHETIC_SCENARIO
ORD-0005849,2026-09-17,Nairobi,AGO,OMC_E,34.97,34.97,HIGH,SYNTHETIC_SCENARIO
ORD-0005850,2026-09-17,Nairobi,AGO,OMC_F,190.6,190.6,NORMAL,SYNTHETIC_SCENARIO
ORD-0005851,2026-09-18,Nairobi,AGO,OMC_A,588.92,588.92,NORMAL,SYNTHETIC_SCENARIO
ORD-0005852,2026-09-18,Nairobi,AGO,OMC_B,1124.16,1124.16,NORMAL,SYNTHETIC_SCENARIO
ORD-0005853,2026-09-18,Nairobi,AGO,OMC_C,436.25,436.25,NORMAL,SYNTHETIC_SCENARIO
ORD-0005854,2026-09-18,Nairobi,AGO,OMC_D,114.43,114.43,NORMAL,SYNTHETIC_SCENARIO
ORD-0005855,2026-09-18,Nairobi,AGO,OMC_E,876.37,876.37,NORMAL,SYNTHETIC_SCENARIO
ORD-0005856,2026-09-18,Nairobi,AGO,OMC_F,84.92,84.92,NORMAL,SYNTHETIC_SCENARIO
ORD-0005857,2026-09-19,Nairobi,AGO,OMC_A,1252.37,1252.37,NORMAL,SYNTHETIC_SCENARIO
ORD-0005858,2026-09-19,Nairobi,AGO,OMC_B,611.13,611.13,NORMAL,SYNTHETIC_SCENARIO
ORD-0005859,2026-09-19,Nairobi,AGO,OMC_C,113.66,113.66,NORMAL,SYNTHETIC_SCENARIO
ORD-0005860,2026-09-19,Nairobi,AGO,OMC_D,204.09,204.09,NORMAL,SYNTHETIC_SCENARIO
ORD-0005861,2026-09-19,Nairobi,AGO,OMC_E,827.02,827.02,NORMAL,SYNTHETIC_SCENARIO
ORD-0005862,2026-09-19,Nairobi,AGO,OMC_F,258.63,258.63,NORMAL,SYNTHETIC_SCENARIO
ORD-0005863,2026-09-20,Nairobi,AGO,OMC_A,410.19,410.19,NORMAL,SYNTHETIC_SCENARIO
ORD-0005864,2026-09-20,Nairobi,AGO,OMC_B,384.65,384.65,NORMAL,SYNTHETIC_SCENARIO
ORD-0005865,2026-09-20,Nairobi,AGO,OMC_C,387.1,387.1,NORMAL,SYNTHETIC_SCENARIO
ORD-0005866,2026-09-20,Nairobi,AGO,OMC_D,818.44,818.44,NORMAL,SYNTHETIC_SCENARIO
ORD-0005867,2026-09-20,Nairobi,AGO,OMC_E,182.37,182.37,NORMAL,SYNTHETIC_SCENARIO
ORD-0005868,2026-09-20,Nairobi,AGO,OMC_F,634.29,634.29,NORMAL,SYNTHETIC_SCENARIO
ORD-0005869,2026-09-21,Nairobi,AGO,OMC_A,593.57,593.57,NORMAL,SYNTHETIC_SCENARIO
ORD-0005870,2026-09-21,Nairobi,AGO,OMC_B,1579.26,1579.26,HIGH,SYNTHETIC_SCENARIO
ORD-0005871,2026-09-21,Nairobi,AGO,OMC_C,197.14,197.14,HIGH,SYNTHETIC_SCENARIO
ORD-0005872,2026-09-21,Nairobi,AGO,OMC_D,404.26,404.26,NORMAL,SYNTHETIC_SCENARIO
ORD-0005873,2026-09-21,Nairobi,AGO,OMC_E,43.22,43.22,NORMAL,SYNTHETIC_SCENARIO
ORD-0005874,2026-09-21,Nairobi,AGO,OMC_F,153.67,153.67,NORMAL,SYNTHETIC_SCENARIO
ORD-0005875,2026-09-22,Nairobi,AGO,OMC_A,1042.11,1042.11,HIGH,SYNTHETIC_SCENARIO
ORD-0005876,2026-09-22,Nairobi,AGO,OMC_B,154.59,154.59,NORMAL,SYNTHETIC_SCENARIO
ORD-0005877,2026-09-22,Nairobi,AGO,OMC_C,1024.96,1024.96,NORMAL,SYNTHETIC_SCENARIO
ORD-0005878,2026-09-22,Nairobi,AGO,OMC_D,330.01,330.01,NORMAL,SYNTHETIC_SCENARIO
ORD-0005879,2026-09-22,Nairobi,AGO,OMC_E,379.73,379.73,NORMAL,SYNTHETIC_SCENARIO
ORD-0005880,2026-09-22,Nairobi,AGO,OMC_F,415.72,415.72,NORMAL,SYNTHETIC_SCENARIO
ORD-0005881,2026-09-23,Nairobi,AGO,OMC_A,440.96,440.96,NORMAL,SYNTHETIC_SCENARIO
ORD-0005882,2026-09-23,Nairobi,AGO,OMC_B,573.27,573.27,NORMAL,SYNTHETIC_SCENARIO
ORD-0005883,2026-09-23,Nairobi,AGO,OMC_C,479.93,479.93,NORMAL,SYNTHETIC_SCENARIO
ORD-0005884,2026-09-23,Nairobi,AGO,OMC_D,97.45,97.45,NORMAL,SYNTHETIC_SCENARIO
ORD-0005885,2026-09-23,Nairobi,AGO,OMC_E,538.93,538.93,NORMAL,SYNTHETIC_SCENARIO
ORD-0005886,2026-09-23,Nairobi,AGO,OMC_F,597.34,597.34,NORMAL,SYNTHETIC_SCENARIO
ORD-0005887,2026-09-24,Nairobi,AGO,OMC_A,1456.42,1456.42,NORMAL,SYNTHETIC_SCENARIO
ORD-0005888,2026-09-24,Nairobi,AGO,OMC_B,442.27,442.27,NORMAL,SYNTHETIC_SCENARIO
ORD-0005889,2026-09-24,Nairobi,AGO,OMC_C,468.83,468.83,HIGH,SYNTHETIC_SCENARIO
ORD-0005890,2026-09-24,Nairobi,AGO,OMC_D,470.34,470.34,NORMAL,SYNTHETIC_SCENARIO
ORD-0005891,2026-09-24,Nairobi,AGO,OMC_E,221.77,221.77,NORMAL,SYNTHETIC_SCENARIO
ORD-0005892,2026-09-24,Nairobi,AGO,OMC_F,90.57,90.57,NORMAL,SYNTHETIC_SCENARIO
ORD-0005893,2026-09-25,Nairobi,AGO,OMC_A,724.9,724.9,NORMAL,SYNTHETIC_SCENARIO
ORD-0005894,2026-09-25,Nairobi,AGO,OMC_B,302.76,302.76,NORMAL,SYNTHETIC_SCENARIO
ORD-0005895,2026-09-25,Nairobi,AGO,OMC_C,400.16,400.16,NORMAL,SYNTHETIC_SCENARIO
ORD-0005896,2026-09-25,Nairobi,AGO,OMC_D,661.04,661.04,NORMAL,SYNTHETIC_SCENARIO
ORD-0005897,2026-09-25,Nairobi,AGO,OMC_E,836.01,836.01,NORMAL,SYNTHETIC_SCENARIO
ORD-0005898,2026-09-25,Nairobi,AGO,OMC_F,435.28,435.28,NORMAL,SYNTHETIC_SCENARIO
ORD-0005899,2026-09-26,Nairobi,AGO,OMC_A,580.94,580.94,NORMAL,SYNTHETIC_SCENARIO
ORD-0005900,2026-09-26,Nairobi,AGO,OMC_B,640.1,640.1,NORMAL,SYNTHETIC_SCENARIO
ORD-0005901,2026-09-26,Nairobi,AGO,OMC_C,594.47,594.47,NORMAL,SYNTHETIC_SCENARIO
ORD-0005902,2026-09-26,Nairobi,AGO,OMC_D,243.79,243.79,HIGH,SYNTHETIC_SCENARIO
ORD-0005903,2026-09-26,Nairobi,AGO,OMC_E,639.92,639.92,HIGH,SYNTHETIC_SCENARIO
ORD-0005904,2026-09-26,Nairobi,AGO,OMC_F,119.92,119.92,NORMAL,SYNTHETIC_SCENARIO
ORD-0005905,2026-09-27,Nairobi,AGO,OMC_A,526.13,526.13,NORMAL,SYNTHETIC_SCENARIO
ORD-0005906,2026-09-27,Nairobi,AGO,OMC_B,882.63,882.63,NORMAL,SYNTHETIC_SCENARIO
ORD-0005907,2026-09-27,Nairobi,AGO,OMC_C,358.14,358.14,NORMAL,SYNTHETIC_SCENARIO
ORD-0005908,2026-09-27,Nairobi,AGO,OMC_D,173.78,173.78,NORMAL,SYNTHETIC_SCENARIO
ORD-0005909,2026-09-27,Nairobi,AGO,OMC_E,85.81,85.81,NORMAL,SYNTHETIC_SCENARIO
ORD-0005910,2026-09-27,Nairobi,AGO,OMC_F,405.98,405.98,NORMAL,SYNTHETIC_SCENARIO
ORD-0005911,2026-09-28,Nairobi,AGO,OMC_A,372.73,372.73,NORMAL,SYNTHETIC_SCENARIO
ORD-0005912,2026-09-28,Nairobi,AGO,OMC_B,456.23,456.23,NORMAL,SYNTHETIC_SCENARIO
ORD-0005913,2026-09-28,Nairobi,AGO,OMC_C,113.38,113.38,NORMAL,SYNTHETIC_SCENARIO
ORD-0005914,2026-09-28,Nairobi,AGO,OMC_D,1866.45,1866.45,NORMAL,SYNTHETIC_SCENARIO
ORD-0005915,2026-09-28,Nairobi,AGO,OMC_E,97.09,97.09,NORMAL,SYNTHETIC_SCENARIO
ORD-0005916,2026-09-28,Nairobi,AGO,OMC_F,3.07,3.07,NORMAL,SYNTHETIC_SCENARIO
ORD-0005917,2026-09-29,Nairobi,AGO,OMC_A,934.38,934.38,NORMAL,SYNTHETIC_SCENARIO
ORD-0005918,2026-09-29,Nairobi,AGO,OMC_B,531.8,531.8,NORMAL,SYNTHETIC_SCENARIO
ORD-0005919,2026-09-29,Nairobi,AGO,OMC_C,5.82,5.82,NORMAL,SYNTHETIC_SCENARIO
ORD-0005920,2026-09-29,Nairobi,AGO,OMC_D,1023.66,1023.66,NORMAL,SYNTHETIC_SCENARIO
ORD-0005921,2026-09-29,Nairobi,AGO,OMC_E,219.88,219.88,NORMAL,SYNTHETIC_SCENARIO
ORD-0005922,2026-09-29,Nairobi,AGO,OMC_F,167.26,167.26,NORMAL,SYNTHETIC_SCENARIO
ORD-0005923,2026-09-30,Nairobi,AGO,OMC_A,388.46,388.46,NORMAL,SYNTHETIC_SCENARIO
ORD-0005924,2026-09-30,Nairobi,AGO,OMC_B,449.44,449.44,NORMAL,SYNTHETIC_SCENARIO
ORD-0005925,2026-09-30,Nairobi,AGO,OMC_C,351.83,351.83,NORMAL,SYNTHETIC_SCENARIO
ORD-0005926,2026-09-30,Nairobi,AGO,OMC_D,872.65,872.65,NORMAL,SYNTHETIC_SCENARIO
ORD-0005927,2026-09-30,Nairobi,AGO,OMC_E,796.78,796.78,NORMAL,SYNTHETIC_SCENARIO
ORD-0005928,2026-09-30,Nairobi,AGO,OMC_F,110.6,110.6,NORMAL,SYNTHETIC_SCENARIO
ORD-0005929,2026-10-01,Nairobi,AGO,OMC_A,1039.97,1039.97,NORMAL,SYNTHETIC_SCENARIO
ORD-0005930,2026-10-01,Nairobi,AGO,OMC_B,874.21,874.21,NORMAL,SYNTHETIC_SCENARIO
ORD-0005931,2026-10-01,Nairobi,AGO,OMC_C,787.79,787.79,NORMAL,SYNTHETIC_SCENARIO
ORD-0005932,2026-10-01,Nairobi,AGO,OMC_D,405.23,405.23,NORMAL,SYNTHETIC_SCENARIO
ORD-0005933,2026-10-01,Nairobi,AGO,OMC_E,278.74,278.74,NORMAL,SYNTHETIC_SCENARIO
ORD-0005934,2026-10-01,Nairobi,AGO,OMC_F,380.77,380.77,NORMAL,SYNTHETIC_SCENARIO
ORD-0005935,2026-10-02,Nairobi,AGO,OMC_A,287.82,287.82,NORMAL,SYNTHETIC_SCENARIO
ORD-0005936,2026-10-02,Nairobi,AGO,OMC_B,360.29,360.29,NORMAL,SYNTHETIC_SCENARIO
ORD-0005937,2026-10-02,Nairobi,AGO,OMC_C,1541.61,1541.61,NORMAL,SYNTHETIC_SCENARIO
ORD-0005938,2026-10-02,Nairobi,AGO,OMC_D,697.25,697.25,NORMAL,SYNTHETIC_SCENARIO
ORD-0005939,2026-10-02,Nairobi,AGO,OMC_E,125.95,125.95,HIGH,SYNTHETIC_SCENARIO
ORD-0005940,2026-10-02,Nairobi,AGO,OMC_F,719.02,719.02,NORMAL,SYNTHETIC_SCENARIO
ORD-0005941,2026-10-03,Nairobi,AGO,OMC_A,1659.03,1659.03,NORMAL,SYNTHETIC_SCENARIO
ORD-0005942,2026-10-03,Nairobi,AGO,OMC_B,468.06,468.06,NORMAL,SYNTHETIC_SCENARIO
ORD-0005943,2026-10-03,Nairobi,AGO,OMC_C,157.83,157.83,NORMAL,SYNTHETIC_SCENARIO
ORD-0005944,2026-10-03,Nairobi,AGO,OMC_D,631.87,631.87,NORMAL,SYNTHETIC_SCENARIO
ORD-0005945,2026-10-03,Nairobi,AGO,OMC_E,57.26,57.26,NORMAL,SYNTHETIC_SCENARIO
ORD-0005946,2026-10-03,Nairobi,AGO,OMC_F,407.0,407.0,NORMAL,SYNTHETIC_SCENARIO
ORD-0005947,2026-10-04,Nairobi,AGO,OMC_A,799.52,799.52,NORMAL,SYNTHETIC_SCENARIO
ORD-0005948,2026-10-04,Nairobi,AGO,OMC_B,643.38,643.38,HIGH,SYNTHETIC_SCENARIO
ORD-0005949,2026-10-04,Nairobi,AGO,OMC_C,496.4,496.4,NORMAL,SYNTHETIC_SCENARIO
ORD-0005950,2026-10-04,Nairobi,AGO,OMC_D,455.69,455.69,NORMAL,SYNTHETIC_SCENARIO
ORD-0005951,2026-10-04,Nairobi,AGO,OMC_E,183.8,183.8,NORMAL,SYNTHETIC_SCENARIO
ORD-0005952,2026-10-04,Nairobi,AGO,OMC_F,335.61,335.61,NORMAL,SYNTHETIC_SCENARIO
ORD-0005953,2026-10-05,Nairobi,AGO,OMC_A,492.78,492.78,NORMAL,SYNTHETIC_SCENARIO
ORD-0005954,2026-10-05,Nairobi,AGO,OMC_B,1488.29,1488.29,HIGH,SYNTHETIC_SCENARIO
ORD-0005955,2026-10-05,Nairobi,AGO,OMC_C,384.78,384.78,HIGH,SYNTHETIC_SCENARIO
ORD-0005956,2026-10-05,Nairobi,AGO,OMC_D,793.51,793.51,HIGH,SYNTHETIC_SCENARIO
ORD-0005957,2026-10-05,Nairobi,AGO,OMC_E,299.19,299.19,NORMAL,SYNTHETIC_SCENARIO
ORD-0005958,2026-10-05,Nairobi,AGO,OMC_F,254.12,254.12,NORMAL,SYNTHETIC_SCENARIO
ORD-0005959,2026-10-06,Nairobi,AGO,OMC_A,240.78,240.78,NORMAL,SYNTHETIC_SCENARIO
ORD-0005960,2026-10-06,Nairobi,AGO,OMC_B,1119.0,1119.0,NORMAL,SYNTHETIC_SCENARIO
ORD-0005961,2026-10-06,Nairobi,AGO,OMC_C,1210.95,1210.95,NORMAL,SYNTHETIC_SCENARIO
ORD-0005962,2026-10-06,Nairobi,AGO,OMC_D,155.66,155.66,NORMAL,SYNTHETIC_SCENARIO
ORD-0005963,2026-10-06,Nairobi,AGO,OMC_E,78.54,78.54,NORMAL,SYNTHETIC_SCENARIO
ORD-0005964,2026-10-06,Nairobi,AGO,OMC_F,753.2,753.2,HIGH,SYNTHETIC_SCENARIO
ORD-0005965,2026-10-07,Nairobi,AGO,OMC_A,608.98,608.98,NORMAL,SYNTHETIC_SCENARIO
ORD-0005966,2026-10-07,Nairobi,AGO,OMC_B,839.36,839.36,NORMAL,SYNTHETIC_SCENARIO
ORD-0005967,2026-10-07,Nairobi,AGO,OMC_C,477.34,477.34,NORMAL,SYNTHETIC_SCENARIO
ORD-0005968,2026-10-07,Nairobi,AGO,OMC_D,140.18,140.18,NORMAL,SYNTHETIC_SCENARIO
ORD-0005969,2026-10-07,Nairobi,AGO,OMC_E,574.44,574.44,NORMAL,SYNTHETIC_SCENARIO
ORD-0005970,2026-10-07,Nairobi,AGO,OMC_F,723.08,723.08,NORMAL,SYNTHETIC_SCENARIO
ORD-0005971,2026-10-08,Nairobi,AGO,OMC_A,1516.52,1516.52,NORMAL,SYNTHETIC_SCENARIO
ORD-0005972,2026-10-08,Nairobi,AGO,OMC_B,482.32,482.32,NORMAL,SYNTHETIC_SCENARIO
ORD-0005973,2026-10-08,Nairobi,AGO,OMC_C,643.96,643.96,HIGH,SYNTHETIC_SCENARIO
ORD-0005974,2026-10-08,Nairobi,AGO,OMC_D,221.12,221.12,NORMAL,SYNTHETIC_SCENARIO
ORD-0005975,2026-10-08,Nairobi,AGO,OMC_E,864.55,864.55,NORMAL,SYNTHETIC_SCENARIO
ORD-0005976,2026-10-08,Nairobi,AGO,OMC_F,10.04,10.04,NORMAL,SYNTHETIC_SCENARIO
ORD-0005977,2026-10-09,Nairobi,AGO,OMC_A,655.28,655.28,NORMAL,SYNTHETIC_SCENARIO
ORD-0005978,2026-10-09,Nairobi,AGO,OMC_B,304.83,304.83,NORMAL,SYNTHETIC_SCENARIO
ORD-0005979,2026-10-09,Nairobi,AGO,OMC_C,528.93,528.93,NORMAL,SYNTHETIC_SCENARIO
ORD-0005980,2026-10-09,Nairobi,AGO,OMC_D,597.51,597.51,HIGH,SYNTHETIC_SCENARIO
ORD-0005981,2026-10-09,Nairobi,AGO,OMC_E,422.86,422.86,NORMAL,SYNTHETIC_SCENARIO
ORD-0005982,2026-10-09,Nairobi,AGO,OMC_F,1214.51,1214.51,HIGH,SYNTHETIC_SCENARIO
ORD-0005983,2026-10-10,Nairobi,AGO,OMC_A,998.94,998.94,NORMAL,SYNTHETIC_SCENARIO
ORD-0005984,2026-10-10,Nairobi,AGO,OMC_B,103.31,103.31,NORMAL,SYNTHETIC_SCENARIO
ORD-0005985,2026-10-10,Nairobi,AGO,OMC_C,1459.41,1459.41,NORMAL,SYNTHETIC_SCENARIO
ORD-0005986,2026-10-10,Nairobi,AGO,OMC_D,594.64,594.64,NORMAL,SYNTHETIC_SCENARIO
ORD-0005987,2026-10-10,Nairobi,AGO,OMC_E,119.37,119.37,NORMAL,SYNTHETIC_SCENARIO
ORD-0005988,2026-10-10,Nairobi,AGO,OMC_F,368.25,368.25,NORMAL,SYNTHETIC_SCENARIO
ORD-0005989,2026-10-11,Nairobi,AGO,OMC_A,387.2,387.2,NORMAL,SYNTHETIC_SCENARIO
ORD-0005990,2026-10-11,Nairobi,AGO,OMC_B,128.55,128.55,NORMAL,SYNTHETIC_SCENARIO
ORD-0005991,2026-10-11,Nairobi,AGO,OMC_C,1749.4,1749.4,NORMAL,SYNTHETIC_SCENARIO
ORD-0005992,2026-10-11,Nairobi,AGO,OMC_D,484.32,484.32,NORMAL,SYNTHETIC_SCENARIO
ORD-0005993,2026-10-11,Nairobi,AGO,OMC_E,282.73,282.73,NORMAL,SYNTHETIC_SCENARIO
ORD-0005994,2026-10-11,Nairobi,AGO,OMC_F,48.18,48.18,NORMAL,SYNTHETIC_SCENARIO
ORD-0005995,2026-10-12,Nairobi,AGO,OMC_A,1341.53,1341.53,NORMAL,SYNTHETIC_SCENARIO
ORD-0005996,2026-10-12,Nairobi,AGO,OMC_B,913.66,913.66,NORMAL,SYNTHETIC_SCENARIO
ORD-0005997,2026-10-12,Nairobi,AGO,OMC_C,163.62,163.62,NORMAL,SYNTHETIC_SCENARIO
ORD-0005998,2026-10-12,Nairobi,AGO,OMC_D,789.16,789.16,HIGH,SYNTHETIC_SCENARIO
ORD-0005999,2026-10-12,Nairobi,AGO,OMC_E,255.85,255.85,NORMAL,SYNTHETIC_SCENARIO
ORD-0006000,2026-10-12,Nairobi,AGO,OMC_F,7.0,7.0,NORMAL,SYNTHETIC_SCENARIO
ORD-0006001,2026-10-13,Nairobi,AGO,OMC_A,1601.21,1601.21,NORMAL,SYNTHETIC_SCENARIO
ORD-0006002,2026-10-13,Nairobi,AGO,OMC_B,360.3,360.3,NORMAL,SYNTHETIC_SCENARIO
ORD-0006003,2026-10-13,Nairobi,AGO,OMC_C,515.99,515.99,NORMAL,SYNTHETIC_SCENARIO
ORD-0006004,2026-10-13,Nairobi,AGO,OMC_D,934.0,934.0,NORMAL,SYNTHETIC_SCENARIO
ORD-0006005,2026-10-13,Nairobi,AGO,OMC_E,119.61,119.61,NORMAL,SYNTHETIC_SCENARIO
ORD-0006006,2026-10-13,Nairobi,AGO,OMC_F,146.41,146.41,NORMAL,SYNTHETIC_SCENARIO
ORD-0006007,2026-10-14,Nairobi,AGO,OMC_A,552.86,552.86,NORMAL,SYNTHETIC_SCENARIO
ORD-0006008,2026-10-14,Nairobi,AGO,OMC_B,741.51,741.51,NORMAL,SYNTHETIC_SCENARIO
ORD-0006009,2026-10-14,Nairobi,AGO,OMC_C,618.71,618.71,NORMAL,SYNTHETIC_SCENARIO
ORD-0006010,2026-10-14,Nairobi,AGO,OMC_D,970.07,970.07,NORMAL,SYNTHETIC_SCENARIO
ORD-0006011,2026-10-14,Nairobi,AGO,OMC_E,380.78,380.78,NORMAL,SYNTHETIC_SCENARIO
ORD-0006012,2026-10-14,Nairobi,AGO,OMC_F,209.17,209.17,NORMAL,SYNTHETIC_SCENARIO
ORD-0006013,2026-10-15,Nairobi,AGO,OMC_A,1085.54,1085.54,NORMAL,SYNTHETIC_SCENARIO
ORD-0006014,2026-10-15,Nairobi,AGO,OMC_B,791.39,791.39,NORMAL,SYNTHETIC_SCENARIO
ORD-0006015,2026-10-15,Nairobi,AGO,OMC_C,179.39,179.39,NORMAL,SYNTHETIC_SCENARIO
ORD-0006016,2026-10-15,Nairobi,AGO,OMC_D,733.26,733.26,NORMAL,SYNTHETIC_SCENARIO
ORD-0006017,2026-10-15,Nairobi,AGO,OMC_E,873.57,873.57,NORMAL,SYNTHETIC_SCENARIO
ORD-0006018,2026-10-15,Nairobi,AGO,OMC_F,6.32,6.32,NORMAL,SYNTHETIC_SCENARIO
ORD-0006019,2026-10-16,Nairobi,AGO,OMC_A,761.96,761.96,NORMAL,SYNTHETIC_SCENARIO
ORD-0006020,2026-10-16,Nairobi,AGO,OMC_B,186.7,186.7,NORMAL,SYNTHETIC_SCENARIO
ORD-0006021,2026-10-16,Nairobi,AGO,OMC_C,1505.79,1505.79,NORMAL,SYNTHETIC_SCENARIO
ORD-0006022,2026-10-16,Nairobi,AGO,OMC_D,488.41,488.41,NORMAL,SYNTHETIC_SCENARIO
ORD-0006023,2026-10-16,Nairobi,AGO,OMC_E,267.22,267.22,NORMAL,SYNTHETIC_SCENARIO
ORD-0006024,2026-10-16,Nairobi,AGO,OMC_F,247.17,247.17,NORMAL,SYNTHETIC_SCENARIO
ORD-0006025,2026-10-17,Nairobi,AGO,OMC_A,381.83,381.83,NORMAL,SYNTHETIC_SCENARIO
ORD-0006026,2026-10-17,Nairobi,AGO,OMC_B,853.54,853.54,NORMAL,SYNTHETIC_SCENARIO
ORD-0006027,2026-10-17,Nairobi,AGO,OMC_C,229.68,229.68,NORMAL,SYNTHETIC_SCENARIO
ORD-0006028,2026-10-17,Nairobi,AGO,OMC_D,837.03,837.03,NORMAL,SYNTHETIC_SCENARIO
ORD-0006029,2026-10-17,Nairobi,AGO,OMC_E,922.2,922.2,NORMAL,SYNTHETIC_SCENARIO
ORD-0006030,2026-10-17,Nairobi,AGO,OMC_F,73.45,73.45,NORMAL,SYNTHETIC_SCENARIO
ORD-0006031,2026-10-18,Nairobi,AGO,OMC_A,507.46,507.46,NORMAL,SYNTHETIC_SCENARIO
ORD-0006032,2026-10-18,Nairobi,AGO,OMC_B,507.51,507.51,NORMAL,SYNTHETIC_SCENARIO
ORD-0006033,2026-10-18,Nairobi,AGO,OMC_C,312.43,312.43,NORMAL,SYNTHETIC_SCENARIO
ORD-0006034,2026-10-18,Nairobi,AGO,OMC_D,818.59,818.59,HIGH,SYNTHETIC_SCENARIO
ORD-0006035,2026-10-18,Nairobi,AGO,OMC_E,635.09,635.09,NORMAL,SYNTHETIC_SCENARIO
ORD-0006036,2026-10-18,Nairobi,AGO,OMC_F,278.22,278.22,NORMAL,SYNTHETIC_SCENARIO
ORD-0006037,2026-10-19,Nairobi,AGO,OMC_A,597.26,597.26,NORMAL,SYNTHETIC_SCENARIO
ORD-0006038,2026-10-19,Nairobi,AGO,OMC_B,560.83,560.83,NORMAL,SYNTHETIC_SCENARIO
ORD-0006039,2026-10-19,Nairobi,AGO,OMC_C,1094.6,1094.6,NORMAL,SYNTHETIC_SCENARIO
ORD-0006040,2026-10-19,Nairobi,AGO,OMC_D,161.17,161.17,NORMAL,SYNTHETIC_SCENARIO
ORD-0006041,2026-10-19,Nairobi,AGO,OMC_E,1008.66,1008.66,NORMAL,SYNTHETIC_SCENARIO
ORD-0006042,2026-10-19,Nairobi,AGO,OMC_F,119.86,119.86,NORMAL,SYNTHETIC_SCENARIO
ORD-0006043,2026-10-20,Nairobi,AGO,OMC_A,1222.72,1222.72,NORMAL,SYNTHETIC_SCENARIO
ORD-0006044,2026-10-20,Nairobi,AGO,OMC_B,1255.24,1255.24,NORMAL,SYNTHETIC_SCENARIO
ORD-0006045,2026-10-20,Nairobi,AGO,OMC_C,566.87,566.87,NORMAL,SYNTHETIC_SCENARIO
ORD-0006046,2026-10-20,Nairobi,AGO,OMC_D,233.22,233.22,NORMAL,SYNTHETIC_SCENARIO
ORD-0006047,2026-10-20,Nairobi,AGO,OMC_E,391.96,391.96,HIGH,SYNTHETIC_SCENARIO
ORD-0006048,2026-10-20,Nairobi,AGO,OMC_F,25.42,25.42,NORMAL,SYNTHETIC_SCENARIO
ORD-0006049,2026-10-21,Nairobi,AGO,OMC_A,496.37,496.37,NORMAL,SYNTHETIC_SCENARIO
ORD-0006050,2026-10-21,Nairobi,AGO,OMC_B,961.12,961.12,NORMAL,SYNTHETIC_SCENARIO
ORD-0006051,2026-10-21,Nairobi,AGO,OMC_C,1621.18,1621.18,NORMAL,SYNTHETIC_SCENARIO
ORD-0006052,2026-10-21,Nairobi,AGO,OMC_D,231.28,231.28,NORMAL,SYNTHETIC_SCENARIO
ORD-0006053,2026-10-21,Nairobi,AGO,OMC_E,308.83,308.83,NORMAL,SYNTHETIC_SCENARIO
ORD-0006054,2026-10-21,Nairobi,AGO,OMC_F,44.09,44.09,NORMAL,SYNTHETIC_SCENARIO
ORD-0006055,2026-10-22,Nairobi,AGO,OMC_A,731.33,731.33,NORMAL,SYNTHETIC_SCENARIO
ORD-0006056,2026-10-22,Nairobi,AGO,OMC_B,1866.24,1866.24,NORMAL,SYNTHETIC_SCENARIO
ORD-0006057,2026-10-22,Nairobi,AGO,OMC_C,132.19,132.19,NORMAL,SYNTHETIC_SCENARIO
ORD-0006058,2026-10-22,Nairobi,AGO,OMC_D,96.26,96.26,NORMAL,SYNTHETIC_SCENARIO
ORD-0006059,2026-10-22,Nairobi,AGO,OMC_E,325.82,325.82,NORMAL,SYNTHETIC_SCENARIO
ORD-0006060,2026-10-22,Nairobi,AGO,OMC_F,360.61,360.61,NORMAL,SYNTHETIC_SCENARIO
ORD-0006061,2026-10-23,Nairobi,AGO,OMC_A,1105.16,1105.16,NORMAL,SYNTHETIC_SCENARIO
ORD-0006062,2026-10-23,Nairobi,AGO,OMC_B,1649.01,1649.01,NORMAL,SYNTHETIC_SCENARIO
ORD-0006063,2026-10-23,Nairobi,AGO,OMC_C,341.6,341.6,NORMAL,SYNTHETIC_SCENARIO
ORD-0006064,2026-10-23,Nairobi,AGO,OMC_D,314.7,314.7,NORMAL,SYNTHETIC_SCENARIO
ORD-0006065,2026-10-23,Nairobi,AGO,OMC_E,193.9,193.9,NORMAL,SYNTHETIC_SCENARIO
ORD-0006066,2026-10-23,Nairobi,AGO,OMC_F,90.07,90.07,NORMAL,SYNTHETIC_SCENARIO
ORD-0006067,2026-10-24,Nairobi,AGO,OMC_A,1403.36,1403.36,NORMAL,SYNTHETIC_SCENARIO
ORD-0006068,2026-10-24,Nairobi,AGO,OMC_B,464.62,464.62,NORMAL,SYNTHETIC_SCENARIO
ORD-0006069,2026-10-24,Nairobi,AGO,OMC_C,1424.23,1424.23,NORMAL,SYNTHETIC_SCENARIO
ORD-0006070,2026-10-24,Nairobi,AGO,OMC_D,203.67,203.67,NORMAL,SYNTHETIC_SCENARIO
ORD-0006071,2026-10-24,Nairobi,AGO,OMC_E,72.05,72.05,NORMAL,SYNTHETIC_SCENARIO
ORD-0006072,2026-10-24,Nairobi,AGO,OMC_F,23.37,23.37,NORMAL,SYNTHETIC_SCENARIO
ORD-0006073,2026-10-25,Nairobi,AGO,OMC_A,760.13,760.13,NORMAL,SYNTHETIC_SCENARIO
ORD-0006074,2026-10-25,Nairobi,AGO,OMC_B,1540.38,1540.38,NORMAL,SYNTHETIC_SCENARIO
ORD-0006075,2026-10-25,Nairobi,AGO,OMC_C,348.68,348.68,HIGH,SYNTHETIC_SCENARIO
ORD-0006076,2026-10-25,Nairobi,AGO,OMC_D,192.98,192.98,NORMAL,SYNTHETIC_SCENARIO
ORD-0006077,2026-10-25,Nairobi,AGO,OMC_E,288.51,288.51,NORMAL,SYNTHETIC_SCENARIO
ORD-0006078,2026-10-25,Nairobi,AGO,OMC_F,21.34,21.34,NORMAL,SYNTHETIC_SCENARIO
ORD-0006079,2026-10-26,Nairobi,AGO,OMC_A,1151.08,1151.08,HIGH,SYNTHETIC_SCENARIO
ORD-0006080,2026-10-26,Nairobi,AGO,OMC_B,508.22,508.22,NORMAL,SYNTHETIC_SCENARIO
ORD-0006081,2026-10-26,Nairobi,AGO,OMC_C,1011.59,1011.59,NORMAL,SYNTHETIC_SCENARIO
ORD-0006082,2026-10-26,Nairobi,AGO,OMC_D,130.55,130.55,NORMAL,SYNTHETIC_SCENARIO
ORD-0006083,2026-10-26,Nairobi,AGO,OMC_E,251.27,251.27,NORMAL,SYNTHETIC_SCENARIO
ORD-0006084,2026-10-26,Nairobi,AGO,OMC_F,388.68,388.68,NORMAL,SYNTHETIC_SCENARIO
ORD-0006085,2026-10-27,Nairobi,AGO,OMC_A,580.32,580.32,HIGH,SYNTHETIC_SCENARIO
ORD-0006086,2026-10-27,Nairobi,AGO,OMC_B,695.9,695.9,NORMAL,SYNTHETIC_SCENARIO
ORD-0006087,2026-10-27,Nairobi,AGO,OMC_C,723.9,723.9,NORMAL,SYNTHETIC_SCENARIO
ORD-0006088,2026-10-27,Nairobi,AGO,OMC_D,148.58,148.58,NORMAL,SYNTHETIC_SCENARIO
ORD-0006089,2026-10-27,Nairobi,AGO,OMC_E,494.0,494.0,NORMAL,SYNTHETIC_SCENARIO
ORD-0006090,2026-10-27,Nairobi,AGO,OMC_F,841.57,841.57,NORMAL,SYNTHETIC_SCENARIO
ORD-0006091,2026-10-28,Nairobi,AGO,OMC_A,1346.49,1346.49,NORMAL,SYNTHETIC_SCENARIO
ORD-0006092,2026-10-28,Nairobi,AGO,OMC_B,1266.03,1266.03,NORMAL,SYNTHETIC_SCENARIO
ORD-0006093,2026-10-28,Nairobi,AGO,OMC_C,1184.23,1184.23,NORMAL,SYNTHETIC_SCENARIO
ORD-0006094,2026-10-28,Nairobi,AGO,OMC_D,30.95,30.95,NORMAL,SYNTHETIC_SCENARIO
ORD-0006095,2026-10-28,Nairobi,AGO,OMC_E,33.47,33.47,NORMAL,SYNTHETIC_SCENARIO
ORD-0006096,2026-10-28,Nairobi,AGO,OMC_F,2.08,2.08,HIGH,SYNTHETIC_SCENARIO
ORD-0006097,2026-10-29,Nairobi,AGO,OMC_A,869.71,869.71,NORMAL,SYNTHETIC_SCENARIO
ORD-0006098,2026-10-29,Nairobi,AGO,OMC_B,566.84,566.84,NORMAL,SYNTHETIC_SCENARIO
ORD-0006099,2026-10-29,Nairobi,AGO,OMC_C,1069.17,1069.17,NORMAL,SYNTHETIC_SCENARIO
ORD-0006100,2026-10-29,Nairobi,AGO,OMC_D,155.71,155.71,NORMAL,SYNTHETIC_SCENARIO
ORD-0006101,2026-10-29,Nairobi,AGO,OMC_E,116.48,116.48,NORMAL,SYNTHETIC_SCENARIO
ORD-0006102,2026-10-29,Nairobi,AGO,OMC_F,769.28,769.28,HIGH,SYNTHETIC_SCENARIO
ORD-0006103,2026-10-30,Nairobi,AGO,OMC_A,327.82,327.82,NORMAL,SYNTHETIC_SCENARIO
ORD-0006104,2026-10-30,Nairobi,AGO,OMC_B,1596.48,1596.48,NORMAL,SYNTHETIC_SCENARIO
ORD-0006105,2026-10-30,Nairobi,AGO,OMC_C,1238.55,1238.55,NORMAL,SYNTHETIC_SCENARIO
ORD-0006106,2026-10-30,Nairobi,AGO,OMC_D,193.73,193.73,NORMAL,SYNTHETIC_SCENARIO
ORD-0006107,2026-10-30,Nairobi,AGO,OMC_E,370.14,370.14,NORMAL,SYNTHETIC_SCENARIO
ORD-0006108,2026-10-30,Nairobi,AGO,OMC_F,71.47,71.47,NORMAL,SYNTHETIC_SCENARIO
ORD-0006109,2026-10-31,Nairobi,AGO,OMC_A,644.25,644.25,NORMAL,SYNTHETIC_SCENARIO
ORD-0006110,2026-10-31,Nairobi,AGO,OMC_B,1018.09,1018.09,NORMAL,SYNTHETIC_SCENARIO
ORD-0006111,2026-10-31,Nairobi,AGO,OMC_C,772.39,772.39,NORMAL,SYNTHETIC_SCENARIO
ORD-0006112,2026-10-31,Nairobi,AGO,OMC_D,359.92,359.92,NORMAL,SYNTHETIC_SCENARIO
ORD-0006113,2026-10-31,Nairobi,AGO,OMC_E,147.88,147.88,NORMAL,SYNTHETIC_SCENARIO
ORD-0006114,2026-10-31,Nairobi,AGO,OMC_F,499.24,499.24,NORMAL,SYNTHETIC_SCENARIO
ORD-0006115,2026-11-01,Nairobi,AGO,OMC_A,594.8,594.8,NORMAL,SYNTHETIC_SCENARIO
ORD-0006116,2026-11-01,Nairobi,AGO,OMC_B,253.38,253.38,NORMAL,SYNTHETIC_SCENARIO
ORD-0006117,2026-11-01,Nairobi,AGO,OMC_C,281.91,281.91,NORMAL,SYNTHETIC_SCENARIO
ORD-0006118,2026-11-01,Nairobi,AGO,OMC_D,94.5,94.5,NORMAL,SYNTHETIC_SCENARIO
ORD-0006119,2026-11-01,Nairobi,AGO,OMC_E,829.9,829.9,NORMAL,SYNTHETIC_SCENARIO
ORD-0006120,2026-11-01,Nairobi,AGO,OMC_F,679.77,679.77,NORMAL,SYNTHETIC_SCENARIO
ORD-0006121,2026-11-02,Nairobi,AGO,OMC_A,1640.21,1640.21,NORMAL,SYNTHETIC_SCENARIO
ORD-0006122,2026-11-02,Nairobi,AGO,OMC_B,437.53,437.53,NORMAL,SYNTHETIC_SCENARIO
ORD-0006123,2026-11-02,Nairobi,AGO,OMC_C,426.83,426.83,NORMAL,SYNTHETIC_SCENARIO
ORD-0006124,2026-11-02,Nairobi,AGO,OMC_D,258.75,258.75,NORMAL,SYNTHETIC_SCENARIO
ORD-0006125,2026-11-02,Nairobi,AGO,OMC_E,146.15,146.15,NORMAL,SYNTHETIC_SCENARIO
ORD-0006126,2026-11-02,Nairobi,AGO,OMC_F,8.26,8.26,NORMAL,SYNTHETIC_SCENARIO
ORD-0006127,2026-11-03,Nairobi,AGO,OMC_A,449.12,449.12,NORMAL,SYNTHETIC_SCENARIO
ORD-0006128,2026-11-03,Nairobi,AGO,OMC_B,578.44,578.44,NORMAL,SYNTHETIC_SCENARIO
ORD-0006129,2026-11-03,Nairobi,AGO,OMC_C,765.72,765.72,NORMAL,SYNTHETIC_SCENARIO
ORD-0006130,2026-11-03,Nairobi,AGO,OMC_D,833.73,833.73,NORMAL,SYNTHETIC_SCENARIO
ORD-0006131,2026-11-03,Nairobi,AGO,OMC_E,470.15,470.15,NORMAL,SYNTHETIC_SCENARIO
ORD-0006132,2026-11-03,Nairobi,AGO,OMC_F,38.28,38.28,NORMAL,SYNTHETIC_SCENARIO
ORD-0006133,2026-11-04,Nairobi,AGO,OMC_A,697.92,697.92,NORMAL,SYNTHETIC_SCENARIO
ORD-0006134,2026-11-04,Nairobi,AGO,OMC_B,1307.36,1307.36,NORMAL,SYNTHETIC_SCENARIO
ORD-0006135,2026-11-04,Nairobi,AGO,OMC_C,261.83,261.83,NORMAL,SYNTHETIC_SCENARIO
ORD-0006136,2026-11-04,Nairobi,AGO,OMC_D,361.17,361.17,NORMAL,SYNTHETIC_SCENARIO
ORD-0006137,2026-11-04,Nairobi,AGO,OMC_E,17.87,17.87,NORMAL,SYNTHETIC_SCENARIO
ORD-0006138,2026-11-04,Nairobi,AGO,OMC_F,459.87,459.87,NORMAL,SYNTHETIC_SCENARIO
ORD-0006139,2026-11-05,Nairobi,AGO,OMC_A,711.08,711.08,NORMAL,SYNTHETIC_SCENARIO
ORD-0006140,2026-11-05,Nairobi,AGO,OMC_B,424.77,424.77,NORMAL,SYNTHETIC_SCENARIO
ORD-0006141,2026-11-05,Nairobi,AGO,OMC_C,1174.21,1174.21,NORMAL,SYNTHETIC_SCENARIO
ORD-0006142,2026-11-05,Nairobi,AGO,OMC_D,216.79,216.79,HIGH,SYNTHETIC_SCENARIO
ORD-0006143,2026-11-05,Nairobi,AGO,OMC_E,339.58,339.58,HIGH,SYNTHETIC_SCENARIO
ORD-0006144,2026-11-05,Nairobi,AGO,OMC_F,0.41,0.41,NORMAL,SYNTHETIC_SCENARIO
ORD-0006145,2026-11-06,Nairobi,AGO,OMC_A,1509.95,1509.95,NORMAL,SYNTHETIC_SCENARIO
ORD-0006146,2026-11-06,Nairobi,AGO,OMC_B,1064.59,1064.59,NORMAL,SYNTHETIC_SCENARIO
ORD-0006147,2026-11-06,Nairobi,AGO,OMC_C,251.56,251.56,NORMAL,SYNTHETIC_SCENARIO
ORD-0006148,2026-11-06,Nairobi,AGO,OMC_D,259.5,259.5,NORMAL,SYNTHETIC_SCENARIO
ORD-0006149,2026-11-06,Nairobi,AGO,OMC_E,25.32,25.32,NORMAL,SYNTHETIC_SCENARIO
ORD-0006150,2026-11-06,Nairobi,AGO,OMC_F,46.49,46.49,HIGH,SYNTHETIC_SCENARIO
ORD-0006151,2026-11-07,Nairobi,AGO,OMC_A,1279.4,1279.4,NORMAL,SYNTHETIC_SCENARIO
ORD-0006152,2026-11-07,Nairobi,AGO,OMC_B,480.84,480.84,NORMAL,SYNTHETIC_SCENARIO
ORD-0006153,2026-11-07,Nairobi,AGO,OMC_C,387.63,387.63,NORMAL,SYNTHETIC_SCENARIO
ORD-0006154,2026-11-07,Nairobi,AGO,OMC_D,126.51,126.51,NORMAL,SYNTHETIC_SCENARIO
ORD-0006155,2026-11-07,Nairobi,AGO,OMC_E,293.69,293.69,NORMAL,SYNTHETIC_SCENARIO
ORD-0006156,2026-11-07,Nairobi,AGO,OMC_F,338.87,338.87,NORMAL,SYNTHETIC_SCENARIO
ORD-0006157,2026-11-08,Nairobi,AGO,OMC_A,945.28,945.28,NORMAL,SYNTHETIC_SCENARIO
ORD-0006158,2026-11-08,Nairobi,AGO,OMC_B,1181.56,1181.56,NORMAL,SYNTHETIC_SCENARIO
ORD-0006159,2026-11-08,Nairobi,AGO,OMC_C,224.88,224.88,NORMAL,SYNTHETIC_SCENARIO
ORD-0006160,2026-11-08,Nairobi,AGO,OMC_D,97.44,97.44,NORMAL,SYNTHETIC_SCENARIO
ORD-0006161,2026-11-08,Nairobi,AGO,OMC_E,104.97,104.97,NORMAL,SYNTHETIC_SCENARIO
ORD-0006162,2026-11-08,Nairobi,AGO,OMC_F,27.08,27.08,NORMAL,SYNTHETIC_SCENARIO
ORD-0006163,2026-11-09,Nairobi,AGO,OMC_A,533.02,533.02,HIGH,SYNTHETIC_SCENARIO
ORD-0006164,2026-11-09,Nairobi,AGO,OMC_B,332.87,332.87,NORMAL,SYNTHETIC_SCENARIO
ORD-0006165,2026-11-09,Nairobi,AGO,OMC_C,41.29,41.29,NORMAL,SYNTHETIC_SCENARIO
ORD-0006166,2026-11-09,Nairobi,AGO,OMC_D,1610.12,1610.12,NORMAL,SYNTHETIC_SCENARIO
ORD-0006167,2026-11-09,Nairobi,AGO,OMC_E,141.9,141.9,NORMAL,SYNTHETIC_SCENARIO
ORD-0006168,2026-11-09,Nairobi,AGO,OMC_F,365.39,365.39,NORMAL,SYNTHETIC_SCENARIO
ORD-0006169,2026-11-10,Nairobi,AGO,OMC_A,348.07,348.07,NORMAL,SYNTHETIC_SCENARIO
ORD-0006170,2026-11-10,Nairobi,AGO,OMC_B,427.72,427.72,NORMAL,SYNTHETIC_SCENARIO
ORD-0006171,2026-11-10,Nairobi,AGO,OMC_C,1073.65,1073.65,NORMAL,SYNTHETIC_SCENARIO
ORD-0006172,2026-11-10,Nairobi,AGO,OMC_D,1128.29,1128.29,NORMAL,SYNTHETIC_SCENARIO
ORD-0006173,2026-11-10,Nairobi,AGO,OMC_E,15.92,15.92,NORMAL,SYNTHETIC_SCENARIO
ORD-0006174,2026-11-10,Nairobi,AGO,OMC_F,191.16,191.16,NORMAL,SYNTHETIC_SCENARIO
ORD-0006175,2026-11-11,Nairobi,AGO,OMC_A,418.24,418.24,NORMAL,SYNTHETIC_SCENARIO
ORD-0006176,2026-11-11,Nairobi,AGO,OMC_B,1222.32,1222.32,NORMAL,SYNTHETIC_SCENARIO
ORD-0006177,2026-11-11,Nairobi,AGO,OMC_C,319.87,319.87,NORMAL,SYNTHETIC_SCENARIO
ORD-0006178,2026-11-11,Nairobi,AGO,OMC_D,274.21,274.21,NORMAL,SYNTHETIC_SCENARIO
ORD-0006179,2026-11-11,Nairobi,AGO,OMC_E,398.11,398.11,NORMAL,SYNTHETIC_SCENARIO
ORD-0006180,2026-11-11,Nairobi,AGO,OMC_F,114.51,114.51,NORMAL,SYNTHETIC_SCENARIO
ORD-0006181,2026-11-12,Nairobi,AGO,OMC_A,673.81,673.81,NORMAL,SYNTHETIC_SCENARIO
ORD-0006182,2026-11-12,Nairobi,AGO,OMC_B,1067.2,1067.2,NORMAL,SYNTHETIC_SCENARIO
ORD-0006183,2026-11-12,Nairobi,AGO,OMC_C,700.36,700.36,NORMAL,SYNTHETIC_SCENARIO
ORD-0006184,2026-11-12,Nairobi,AGO,OMC_D,383.44,383.44,NORMAL,SYNTHETIC_SCENARIO
ORD-0006185,2026-11-12,Nairobi,AGO,OMC_E,163.8,163.8,NORMAL,SYNTHETIC_SCENARIO
ORD-0006186,2026-11-12,Nairobi,AGO,OMC_F,14.91,14.91,NORMAL,SYNTHETIC_SCENARIO
ORD-0006187,2026-11-13,Nairobi,AGO,OMC_A,1221.7,1221.7,NORMAL,SYNTHETIC_SCENARIO
ORD-0006188,2026-11-13,Nairobi,AGO,OMC_B,496.12,496.12,NORMAL,SYNTHETIC_SCENARIO
ORD-0006189,2026-11-13,Nairobi,AGO,OMC_C,772.26,772.26,NORMAL,SYNTHETIC_SCENARIO
ORD-0006190,2026-11-13,Nairobi,AGO,OMC_D,735.47,735.47,NORMAL,SYNTHETIC_SCENARIO
ORD-0006191,2026-11-13,Nairobi,AGO,OMC_E,46.53,46.53,NORMAL,SYNTHETIC_SCENARIO
ORD-0006192,2026-11-13,Nairobi,AGO,OMC_F,8.94,8.94,NORMAL,SYNTHETIC_SCENARIO
ORD-0006193,2026-11-14,Nairobi,AGO,OMC_A,727.85,727.85,NORMAL,SYNTHETIC_SCENARIO
ORD-0006194,2026-11-14,Nairobi,AGO,OMC_B,757.46,757.46,NORMAL,SYNTHETIC_SCENARIO
ORD-0006195,2026-11-14,Nairobi,AGO,OMC_C,338.4,338.4,NORMAL,SYNTHETIC_SCENARIO
ORD-0006196,2026-11-14,Nairobi,AGO,OMC_D,255.56,255.56,NORMAL,SYNTHETIC_SCENARIO
ORD-0006197,2026-11-14,Nairobi,AGO,OMC_E,521.94,521.94,NORMAL,SYNTHETIC_SCENARIO
ORD-0006198,2026-11-14,Nairobi,AGO,OMC_F,183.16,183.16,NORMAL,SYNTHETIC_SCENARIO
ORD-0006199,2026-11-15,Nairobi,AGO,OMC_A,581.74,581.74,NORMAL,SYNTHETIC_SCENARIO
ORD-0006200,2026-11-15,Nairobi,AGO,OMC_B,458.48,458.48,NORMAL,SYNTHETIC_SCENARIO
ORD-0006201,2026-11-15,Nairobi,AGO,OMC_C,391.0,391.0,NORMAL,SYNTHETIC_SCENARIO
ORD-0006202,2026-11-15,Nairobi,AGO,OMC_D,140.07,140.07,NORMAL,SYNTHETIC_SCENARIO
ORD-0006203,2026-11-15,Nairobi,AGO,OMC_E,286.59,286.59,NORMAL,SYNTHETIC_SCENARIO
ORD-0006204,2026-11-15,Nairobi,AGO,OMC_F,528.31,528.31,NORMAL,SYNTHETIC_SCENARIO
ORD-0006205,2026-11-16,Nairobi,AGO,OMC_A,899.65,899.65,NORMAL,SYNTHETIC_SCENARIO
ORD-0006206,2026-11-16,Nairobi,AGO,OMC_B,917.99,917.99,NORMAL,SYNTHETIC_SCENARIO
ORD-0006207,2026-11-16,Nairobi,AGO,OMC_C,182.87,182.87,NORMAL,SYNTHETIC_SCENARIO
ORD-0006208,2026-11-16,Nairobi,AGO,OMC_D,724.45,724.45,NORMAL,SYNTHETIC_SCENARIO
ORD-0006209,2026-11-16,Nairobi,AGO,OMC_E,361.34,361.34,NORMAL,SYNTHETIC_SCENARIO
ORD-0006210,2026-11-16,Nairobi,AGO,OMC_F,61.09,61.09,NORMAL,SYNTHETIC_SCENARIO
ORD-0006211,2026-11-17,Nairobi,AGO,OMC_A,878.06,878.06,NORMAL,SYNTHETIC_SCENARIO
ORD-0006212,2026-11-17,Nairobi,AGO,OMC_B,634.37,634.37,NORMAL,SYNTHETIC_SCENARIO
ORD-0006213,2026-11-17,Nairobi,AGO,OMC_C,275.58,275.58,HIGH,SYNTHETIC_SCENARIO
ORD-0006214,2026-11-17,Nairobi,AGO,OMC_D,785.72,785.72,NORMAL,SYNTHETIC_SCENARIO
ORD-0006215,2026-11-17,Nairobi,AGO,OMC_E,294.0,294.0,NORMAL,SYNTHETIC_SCENARIO
ORD-0006216,2026-11-17,Nairobi,AGO,OMC_F,165.85,165.85,NORMAL,SYNTHETIC_SCENARIO
ORD-0006217,2026-11-18,Nairobi,AGO,OMC_A,403.76,403.76,HIGH,SYNTHETIC_SCENARIO
ORD-0006218,2026-11-18,Nairobi,AGO,OMC_B,125.02,125.02,NORMAL,SYNTHETIC_SCENARIO
ORD-0006219,2026-11-18,Nairobi,AGO,OMC_C,898.28,898.28,NORMAL,SYNTHETIC_SCENARIO
ORD-0006220,2026-11-18,Nairobi,AGO,OMC_D,771.2,771.2,NORMAL,SYNTHETIC_SCENARIO
ORD-0006221,2026-11-18,Nairobi,AGO,OMC_E,516.98,516.98,HIGH,SYNTHETIC_SCENARIO
ORD-0006222,2026-11-18,Nairobi,AGO,OMC_F,684.14,684.14,NORMAL,SYNTHETIC_SCENARIO
ORD-0006223,2026-11-19,Nairobi,AGO,OMC_A,81.15,81.15,NORMAL,SYNTHETIC_SCENARIO
ORD-0006224,2026-11-19,Nairobi,AGO,OMC_B,1129.41,1129.41,NORMAL,SYNTHETIC_SCENARIO
ORD-0006225,2026-11-19,Nairobi,AGO,OMC_C,675.55,675.55,NORMAL,SYNTHETIC_SCENARIO
ORD-0006226,2026-11-19,Nairobi,AGO,OMC_D,154.75,154.75,NORMAL,SYNTHETIC_SCENARIO
ORD-0006227,2026-11-19,Nairobi,AGO,OMC_E,556.29,556.29,NORMAL,SYNTHETIC_SCENARIO
ORD-0006228,2026-11-19,Nairobi,AGO,OMC_F,390.4,390.4,NORMAL,SYNTHETIC_SCENARIO
ORD-0006229,2026-11-20,Nairobi,AGO,OMC_A,2390.77,2390.77,NORMAL,SYNTHETIC_SCENARIO
ORD-0006230,2026-11-20,Nairobi,AGO,OMC_B,94.03,94.03,NORMAL,SYNTHETIC_SCENARIO
ORD-0006231,2026-11-20,Nairobi,AGO,OMC_C,259.8,259.8,NORMAL,SYNTHETIC_SCENARIO
ORD-0006232,2026-11-20,Nairobi,AGO,OMC_D,195.67,195.67,NORMAL,SYNTHETIC_SCENARIO
ORD-0006233,2026-11-20,Nairobi,AGO,OMC_E,40.41,40.41,NORMAL,SYNTHETIC_SCENARIO
ORD-0006234,2026-11-20,Nairobi,AGO,OMC_F,187.94,187.94,NORMAL,SYNTHETIC_SCENARIO
ORD-0006235,2026-11-21,Nairobi,AGO,OMC_A,826.7,826.7,NORMAL,SYNTHETIC_SCENARIO
ORD-0006236,2026-11-21,Nairobi,AGO,OMC_B,1302.62,1302.62,NORMAL,SYNTHETIC_SCENARIO
ORD-0006237,2026-11-21,Nairobi,AGO,OMC_C,174.95,174.95,NORMAL,SYNTHETIC_SCENARIO
ORD-0006238,2026-11-21,Nairobi,AGO,OMC_D,217.08,217.08,NORMAL,SYNTHETIC_SCENARIO
ORD-0006239,2026-11-21,Nairobi,AGO,OMC_E,287.39,287.39,NORMAL,SYNTHETIC_SCENARIO
ORD-0006240,2026-11-21,Nairobi,AGO,OMC_F,2.65,2.65,NORMAL,SYNTHETIC_SCENARIO
ORD-0006241,2026-11-22,Nairobi,AGO,OMC_A,1070.6,1070.6,NORMAL,SYNTHETIC_SCENARIO
ORD-0006242,2026-11-22,Nairobi,AGO,OMC_B,340.27,340.27,NORMAL,SYNTHETIC_SCENARIO
ORD-0006243,2026-11-22,Nairobi,AGO,OMC_C,275.78,275.78,NORMAL,SYNTHETIC_SCENARIO
ORD-0006244,2026-11-22,Nairobi,AGO,OMC_D,434.97,434.97,NORMAL,SYNTHETIC_SCENARIO
ORD-0006245,2026-11-22,Nairobi,AGO,OMC_E,411.76,411.76,HIGH,SYNTHETIC_SCENARIO
ORD-0006246,2026-11-22,Nairobi,AGO,OMC_F,80.84,80.84,NORMAL,SYNTHETIC_SCENARIO
ORD-0006247,2026-11-23,Nairobi,AGO,OMC_A,1234.58,1234.58,NORMAL,SYNTHETIC_SCENARIO
ORD-0006248,2026-11-23,Nairobi,AGO,OMC_B,472.45,472.45,NORMAL,SYNTHETIC_SCENARIO
ORD-0006249,2026-11-23,Nairobi,AGO,OMC_C,839.12,839.12,NORMAL,SYNTHETIC_SCENARIO
ORD-0006250,2026-11-23,Nairobi,AGO,OMC_D,322.57,322.57,NORMAL,SYNTHETIC_SCENARIO
ORD-0006251,2026-11-23,Nairobi,AGO,OMC_E,51.85,51.85,NORMAL,SYNTHETIC_SCENARIO
ORD-0006252,2026-11-23,Nairobi,AGO,OMC_F,19.77,19.77,NORMAL,SYNTHETIC_SCENARIO
ORD-0006253,2026-11-24,Nairobi,AGO,OMC_A,2251.32,2251.32,NORMAL,SYNTHETIC_SCENARIO
ORD-0006254,2026-11-24,Nairobi,AGO,OMC_B,298.35,298.35,NORMAL,SYNTHETIC_SCENARIO
ORD-0006255,2026-11-24,Nairobi,AGO,OMC_C,211.41,211.41,NORMAL,SYNTHETIC_SCENARIO
ORD-0006256,2026-11-24,Nairobi,AGO,OMC_D,317.13,317.13,NORMAL,SYNTHETIC_SCENARIO
ORD-0006257,2026-11-24,Nairobi,AGO,OMC_E,24.06,24.06,NORMAL,SYNTHETIC_SCENARIO
ORD-0006258,2026-11-24,Nairobi,AGO,OMC_F,110.58,110.58,NORMAL,SYNTHETIC_SCENARIO
ORD-0006259,2026-11-25,Nairobi,AGO,OMC_A,1049.04,1049.04,NORMAL,SYNTHETIC_SCENARIO
ORD-0006260,2026-11-25,Nairobi,AGO,OMC_B,965.5,965.5,NORMAL,SYNTHETIC_SCENARIO
ORD-0006261,2026-11-25,Nairobi,AGO,OMC_C,336.05,336.05,NORMAL,SYNTHETIC_SCENARIO
ORD-0006262,2026-11-25,Nairobi,AGO,OMC_D,224.82,224.82,NORMAL,SYNTHETIC_SCENARIO
ORD-0006263,2026-11-25,Nairobi,AGO,OMC_E,277.92,277.92,HIGH,SYNTHETIC_SCENARIO
ORD-0006264,2026-11-25,Nairobi,AGO,OMC_F,275.87,275.87,NORMAL,SYNTHETIC_SCENARIO
ORD-0006265,2026-11-26,Nairobi,AGO,OMC_A,1055.19,1055.19,NORMAL,SYNTHETIC_SCENARIO
ORD-0006266,2026-11-26,Nairobi,AGO,OMC_B,759.04,759.04,NORMAL,SYNTHETIC_SCENARIO
ORD-0006267,2026-11-26,Nairobi,AGO,OMC_C,186.33,186.33,NORMAL,SYNTHETIC_SCENARIO
ORD-0006268,2026-11-26,Nairobi,AGO,OMC_D,460.91,460.91,NORMAL,SYNTHETIC_SCENARIO
ORD-0006269,2026-11-26,Nairobi,AGO,OMC_E,583.61,583.61,NORMAL,SYNTHETIC_SCENARIO
ORD-0006270,2026-11-26,Nairobi,AGO,OMC_F,215.93,215.93,NORMAL,SYNTHETIC_SCENARIO
ORD-0006271,2026-11-27,Nairobi,AGO,OMC_A,1309.2,1309.2,NORMAL,SYNTHETIC_SCENARIO
ORD-0006272,2026-11-27,Nairobi,AGO,OMC_B,378.85,378.85,NORMAL,SYNTHETIC_SCENARIO
ORD-0006273,2026-11-27,Nairobi,AGO,OMC_C,158.56,158.56,NORMAL,SYNTHETIC_SCENARIO
ORD-0006274,2026-11-27,Nairobi,AGO,OMC_D,936.31,936.31,NORMAL,SYNTHETIC_SCENARIO
ORD-0006275,2026-11-27,Nairobi,AGO,OMC_E,49.35,49.35,NORMAL,SYNTHETIC_SCENARIO
ORD-0006276,2026-11-27,Nairobi,AGO,OMC_F,276.44,276.44,NORMAL,SYNTHETIC_SCENARIO
ORD-0006277,2026-11-28,Nairobi,AGO,OMC_A,630.07,630.07,NORMAL,SYNTHETIC_SCENARIO
ORD-0006278,2026-11-28,Nairobi,AGO,OMC_B,1036.69,1036.69,NORMAL,SYNTHETIC_SCENARIO
ORD-0006279,2026-11-28,Nairobi,AGO,OMC_C,844.75,844.75,NORMAL,SYNTHETIC_SCENARIO
ORD-0006280,2026-11-28,Nairobi,AGO,OMC_D,105.82,105.82,HIGH,SYNTHETIC_SCENARIO
ORD-0006281,2026-11-28,Nairobi,AGO,OMC_E,36.81,36.81,NORMAL,SYNTHETIC_SCENARIO
ORD-0006282,2026-11-28,Nairobi,AGO,OMC_F,107.04,107.04,NORMAL,SYNTHETIC_SCENARIO
ORD-0006283,2026-11-29,Nairobi,AGO,OMC_A,836.85,836.85,NORMAL,SYNTHETIC_SCENARIO
ORD-0006284,2026-11-29,Nairobi,AGO,OMC_B,377.48,377.48,NORMAL,SYNTHETIC_SCENARIO
ORD-0006285,2026-11-29,Nairobi,AGO,OMC_C,187.19,187.19,NORMAL,SYNTHETIC_SCENARIO
ORD-0006286,2026-11-29,Nairobi,AGO,OMC_D,937.5,937.5,NORMAL,SYNTHETIC_SCENARIO
ORD-0006287,2026-11-29,Nairobi,AGO,OMC_E,240.06,240.06,NORMAL,SYNTHETIC_SCENARIO
ORD-0006288,2026-11-29,Nairobi,AGO,OMC_F,116.29,116.29,NORMAL,SYNTHETIC_SCENARIO
ORD-0006289,2026-11-30,Nairobi,AGO,OMC_A,777.01,777.01,HIGH,SYNTHETIC_SCENARIO
ORD-0006290,2026-11-30,Nairobi,AGO,OMC_B,1203.1,1203.1,NORMAL,SYNTHETIC_SCENARIO
ORD-0006291,2026-11-30,Nairobi,AGO,OMC_C,233.81,233.81,NORMAL,SYNTHETIC_SCENARIO
ORD-0006292,2026-11-30,Nairobi,AGO,OMC_D,445.91,445.91,NORMAL,SYNTHETIC_SCENARIO
ORD-0006293,2026-11-30,Nairobi,AGO,OMC_E,66.45,66.45,NORMAL,SYNTHETIC_SCENARIO
ORD-0006294,2026-11-30,Nairobi,AGO,OMC_F,121.9,121.9,NORMAL,SYNTHETIC_SCENARIO
ORD-0006295,2026-12-01,Nairobi,AGO,OMC_A,1038.05,1038.05,NORMAL,SYNTHETIC_SCENARIO
ORD-0006296,2026-12-01,Nairobi,AGO,OMC_B,841.53,841.53,NORMAL,SYNTHETIC_SCENARIO
ORD-0006297,2026-12-01,Nairobi,AGO,OMC_C,227.35,227.35,NORMAL,SYNTHETIC_SCENARIO
ORD-0006298,2026-12-01,Nairobi,AGO,OMC_D,650.09,650.09,HIGH,SYNTHETIC_SCENARIO
ORD-0006299,2026-12-01,Nairobi,AGO,OMC_E,61.2,61.2,HIGH,SYNTHETIC_SCENARIO
ORD-0006300,2026-12-01,Nairobi,AGO,OMC_F,240.35,240.35,NORMAL,SYNTHETIC_SCENARIO
ORD-0006301,2026-12-02,Nairobi,AGO,OMC_A,596.32,596.32,NORMAL,SYNTHETIC_SCENARIO
ORD-0006302,2026-12-02,Nairobi,AGO,OMC_B,222.26,222.26,NORMAL,SYNTHETIC_SCENARIO
ORD-0006303,2026-12-02,Nairobi,AGO,OMC_C,1099.59,1099.59,NORMAL,SYNTHETIC_SCENARIO
ORD-0006304,2026-12-02,Nairobi,AGO,OMC_D,399.72,399.72,NORMAL,SYNTHETIC_SCENARIO
ORD-0006305,2026-12-02,Nairobi,AGO,OMC_E,917.2,917.2,NORMAL,SYNTHETIC_SCENARIO
ORD-0006306,2026-12-02,Nairobi,AGO,OMC_F,107.59,107.59,NORMAL,SYNTHETIC_SCENARIO
ORD-0006307,2026-12-03,Nairobi,AGO,OMC_A,1147.24,1147.24,HIGH,SYNTHETIC_SCENARIO
ORD-0006308,2026-12-03,Nairobi,AGO,OMC_B,950.42,950.42,NORMAL,SYNTHETIC_SCENARIO
ORD-0006309,2026-12-03,Nairobi,AGO,OMC_C,226.48,226.48,HIGH,SYNTHETIC_SCENARIO
ORD-0006310,2026-12-03,Nairobi,AGO,OMC_D,351.75,351.75,NORMAL,SYNTHETIC_SCENARIO
ORD-0006311,2026-12-03,Nairobi,AGO,OMC_E,589.15,589.15,NORMAL,SYNTHETIC_SCENARIO
ORD-0006312,2026-12-03,Nairobi,AGO,OMC_F,124.77,124.77,NORMAL,SYNTHETIC_SCENARIO
ORD-0006313,2026-12-04,Nairobi,AGO,OMC_A,812.32,812.32,NORMAL,SYNTHETIC_SCENARIO
ORD-0006314,2026-12-04,Nairobi,AGO,OMC_B,1267.81,1267.81,NORMAL,SYNTHETIC_SCENARIO
ORD-0006315,2026-12-04,Nairobi,AGO,OMC_C,200.92,200.92,NORMAL,SYNTHETIC_SCENARIO
ORD-0006316,2026-12-04,Nairobi,AGO,OMC_D,222.01,222.01,NORMAL,SYNTHETIC_SCENARIO
ORD-0006317,2026-12-04,Nairobi,AGO,OMC_E,456.23,456.23,HIGH,SYNTHETIC_SCENARIO
ORD-0006318,2026-12-04,Nairobi,AGO,OMC_F,379.35,379.35,NORMAL,SYNTHETIC_SCENARIO
ORD-0006319,2026-12-05,Nairobi,AGO,OMC_A,1359.95,1359.95,NORMAL,SYNTHETIC_SCENARIO
ORD-0006320,2026-12-05,Nairobi,AGO,OMC_B,569.11,569.11,NORMAL,SYNTHETIC_SCENARIO
ORD-0006321,2026-12-05,Nairobi,AGO,OMC_C,111.28,111.28,HIGH,SYNTHETIC_SCENARIO
ORD-0006322,2026-12-05,Nairobi,AGO,OMC_D,595.92,595.92,NORMAL,SYNTHETIC_SCENARIO
ORD-0006323,2026-12-05,Nairobi,AGO,OMC_E,132.65,132.65,NORMAL,SYNTHETIC_SCENARIO
ORD-0006324,2026-12-05,Nairobi,AGO,OMC_F,157.01,157.01,NORMAL,SYNTHETIC_SCENARIO
ORD-0006325,2026-12-06,Nairobi,AGO,OMC_A,509.7,509.7,NORMAL,SYNTHETIC_SCENARIO
ORD-0006326,2026-12-06,Nairobi,AGO,OMC_B,735.3,735.3,NORMAL,SYNTHETIC_SCENARIO
ORD-0006327,2026-12-06,Nairobi,AGO,OMC_C,430.67,430.67,NORMAL,SYNTHETIC_SCENARIO
ORD-0006328,2026-12-06,Nairobi,AGO,OMC_D,159.79,159.79,NORMAL,SYNTHETIC_SCENARIO
ORD-0006329,2026-12-06,Nairobi,AGO,OMC_E,811.83,811.83,NORMAL,SYNTHETIC_SCENARIO
ORD-0006330,2026-12-06,Nairobi,AGO,OMC_F,109.84,109.84,NORMAL,SYNTHETIC_SCENARIO
ORD-0006331,2026-12-07,Nairobi,AGO,OMC_A,618.47,618.47,NORMAL,SYNTHETIC_SCENARIO
ORD-0006332,2026-12-07,Nairobi,AGO,OMC_B,816.94,816.94,NORMAL,SYNTHETIC_SCENARIO
ORD-0006333,2026-12-07,Nairobi,AGO,OMC_C,1130.49,1130.49,HIGH,SYNTHETIC_SCENARIO
ORD-0006334,2026-12-07,Nairobi,AGO,OMC_D,519.85,519.85,NORMAL,SYNTHETIC_SCENARIO
ORD-0006335,2026-12-07,Nairobi,AGO,OMC_E,157.88,157.88,NORMAL,SYNTHETIC_SCENARIO
ORD-0006336,2026-12-07,Nairobi,AGO,OMC_F,67.96,67.96,NORMAL,SYNTHETIC_SCENARIO
ORD-0006337,2026-12-08,Nairobi,AGO,OMC_A,730.53,730.53,NORMAL,SYNTHETIC_SCENARIO
ORD-0006338,2026-12-08,Nairobi,AGO,OMC_B,1031.31,1031.31,NORMAL,SYNTHETIC_SCENARIO
ORD-0006339,2026-12-08,Nairobi,AGO,OMC_C,167.33,167.33,NORMAL,SYNTHETIC_SCENARIO
ORD-0006340,2026-12-08,Nairobi,AGO,OMC_D,1138.75,1138.75,NORMAL,SYNTHETIC_SCENARIO
ORD-0006341,2026-12-08,Nairobi,AGO,OMC_E,119.56,119.56,NORMAL,SYNTHETIC_SCENARIO
ORD-0006342,2026-12-08,Nairobi,AGO,OMC_F,310.9,310.9,NORMAL,SYNTHETIC_SCENARIO
ORD-0006343,2026-12-09,Nairobi,AGO,OMC_A,904.58,904.58,NORMAL,SYNTHETIC_SCENARIO
ORD-0006344,2026-12-09,Nairobi,AGO,OMC_B,1097.76,1097.76,NORMAL,SYNTHETIC_SCENARIO
ORD-0006345,2026-12-09,Nairobi,AGO,OMC_C,498.89,498.89,NORMAL,SYNTHETIC_SCENARIO
ORD-0006346,2026-12-09,Nairobi,AGO,OMC_D,527.88,527.88,NORMAL,SYNTHETIC_SCENARIO
ORD-0006347,2026-12-09,Nairobi,AGO,OMC_E,289.99,289.99,NORMAL,SYNTHETIC_SCENARIO
ORD-0006348,2026-12-09,Nairobi,AGO,OMC_F,37.08,37.08,NORMAL,SYNTHETIC_SCENARIO
ORD-0006349,2026-12-10,Nairobi,AGO,OMC_A,696.11,696.11,NORMAL,SYNTHETIC_SCENARIO
ORD-0006350,2026-12-10,Nairobi,AGO,OMC_B,697.92,697.92,NORMAL,SYNTHETIC_SCENARIO
ORD-0006351,2026-12-10,Nairobi,AGO,OMC_C,869.59,869.59,HIGH,SYNTHETIC_SCENARIO
ORD-0006352,2026-12-10,Nairobi,AGO,OMC_D,648.04,648.04,HIGH,SYNTHETIC_SCENARIO
ORD-0006353,2026-12-10,Nairobi,AGO,OMC_E,335.39,335.39,NORMAL,SYNTHETIC_SCENARIO
ORD-0006354,2026-12-10,Nairobi,AGO,OMC_F,129.13,129.13,NORMAL,SYNTHETIC_SCENARIO
ORD-0006355,2026-12-11,Nairobi,AGO,OMC_A,971.06,971.06,NORMAL,SYNTHETIC_SCENARIO
ORD-0006356,2026-12-11,Nairobi,AGO,OMC_B,1216.86,1216.86,NORMAL,SYNTHETIC_SCENARIO
ORD-0006357,2026-12-11,Nairobi,AGO,OMC_C,266.51,266.51,NORMAL,SYNTHETIC_SCENARIO
ORD-0006358,2026-12-11,Nairobi,AGO,OMC_D,62.85,62.85,NORMAL,SYNTHETIC_SCENARIO
ORD-0006359,2026-12-11,Nairobi,AGO,OMC_E,442.46,442.46,HIGH,SYNTHETIC_SCENARIO
ORD-0006360,2026-12-11,Nairobi,AGO,OMC_F,36.26,36.26,NORMAL,SYNTHETIC_SCENARIO
ORD-0006361,2026-12-12,Nairobi,AGO,OMC_A,659.77,659.77,NORMAL,SYNTHETIC_SCENARIO
ORD-0006362,2026-12-12,Nairobi,AGO,OMC_B,968.68,968.68,NORMAL,SYNTHETIC_SCENARIO
ORD-0006363,2026-12-12,Nairobi,AGO,OMC_C,587.09,587.09,NORMAL,SYNTHETIC_SCENARIO
ORD-0006364,2026-12-12,Nairobi,AGO,OMC_D,551.35,551.35,NORMAL,SYNTHETIC_SCENARIO
ORD-0006365,2026-12-12,Nairobi,AGO,OMC_E,15.76,15.76,NORMAL,SYNTHETIC_SCENARIO
ORD-0006366,2026-12-12,Nairobi,AGO,OMC_F,138.04,138.04,NORMAL,SYNTHETIC_SCENARIO
ORD-0006367,2026-12-13,Nairobi,AGO,OMC_A,482.96,482.96,HIGH,SYNTHETIC_SCENARIO
ORD-0006368,2026-12-13,Nairobi,AGO,OMC_B,384.95,384.95,NORMAL,SYNTHETIC_SCENARIO
ORD-0006369,2026-12-13,Nairobi,AGO,OMC_C,174.82,174.82,NORMAL,SYNTHETIC_SCENARIO
ORD-0006370,2026-12-13,Nairobi,AGO,OMC_D,339.9,339.9,NORMAL,SYNTHETIC_SCENARIO
ORD-0006371,2026-12-13,Nairobi,AGO,OMC_E,1194.47,1194.47,NORMAL,SYNTHETIC_SCENARIO
ORD-0006372,2026-12-13,Nairobi,AGO,OMC_F,223.25,223.25,NORMAL,SYNTHETIC_SCENARIO
ORD-0006373,2026-12-14,Nairobi,AGO,OMC_A,330.21,330.21,NORMAL,SYNTHETIC_SCENARIO
ORD-0006374,2026-12-14,Nairobi,AGO,OMC_B,452.74,452.74,NORMAL,SYNTHETIC_SCENARIO
ORD-0006375,2026-12-14,Nairobi,AGO,OMC_C,1460.28,1460.28,NORMAL,SYNTHETIC_SCENARIO
ORD-0006376,2026-12-14,Nairobi,AGO,OMC_D,908.71,908.71,NORMAL,SYNTHETIC_SCENARIO
ORD-0006377,2026-12-14,Nairobi,AGO,OMC_E,138.33,138.33,NORMAL,SYNTHETIC_SCENARIO
ORD-0006378,2026-12-14,Nairobi,AGO,OMC_F,34.97,34.97,NORMAL,SYNTHETIC_SCENARIO
ORD-0006379,2026-12-15,Nairobi,AGO,OMC_A,599.21,599.21,NORMAL,SYNTHETIC_SCENARIO
ORD-0006380,2026-12-15,Nairobi,AGO,OMC_B,404.98,404.98,NORMAL,SYNTHETIC_SCENARIO
ORD-0006381,2026-12-15,Nairobi,AGO,OMC_C,1126.46,1126.46,NORMAL,SYNTHETIC_SCENARIO
ORD-0006382,2026-12-15,Nairobi,AGO,OMC_D,1246.91,1246.91,NORMAL,SYNTHETIC_SCENARIO
ORD-0006383,2026-12-15,Nairobi,AGO,OMC_E,125.81,125.81,HIGH,SYNTHETIC_SCENARIO
ORD-0006384,2026-12-15,Nairobi,AGO,OMC_F,39.29,39.29,NORMAL,SYNTHETIC_SCENARIO
ORD-0006385,2026-12-16,Nairobi,AGO,OMC_A,527.17,527.17,NORMAL,SYNTHETIC_SCENARIO
ORD-0006386,2026-12-16,Nairobi,AGO,OMC_B,1700.89,1700.89,NORMAL,SYNTHETIC_SCENARIO
ORD-0006387,2026-12-16,Nairobi,AGO,OMC_C,380.35,380.35,NORMAL,SYNTHETIC_SCENARIO
ORD-0006388,2026-12-16,Nairobi,AGO,OMC_D,180.46,180.46,NORMAL,SYNTHETIC_SCENARIO
ORD-0006389,2026-12-16,Nairobi,AGO,OMC_E,136.36,136.36,NORMAL,SYNTHETIC_SCENARIO
ORD-0006390,2026-12-16,Nairobi,AGO,OMC_F,91.89,91.89,NORMAL,SYNTHETIC_SCENARIO
ORD-0006391,2026-12-17,Nairobi,AGO,OMC_A,1327.28,1327.28,NORMAL,SYNTHETIC_SCENARIO
ORD-0006392,2026-12-17,Nairobi,AGO,OMC_B,423.3,423.3,NORMAL,SYNTHETIC_SCENARIO
ORD-0006393,2026-12-17,Nairobi,AGO,OMC_C,408.64,408.64,NORMAL,SYNTHETIC_SCENARIO
ORD-0006394,2026-12-17,Nairobi,AGO,OMC_D,606.71,606.71,NORMAL,SYNTHETIC_SCENARIO
ORD-0006395,2026-12-17,Nairobi,AGO,OMC_E,526.47,526.47,HIGH,SYNTHETIC_SCENARIO
ORD-0006396,2026-12-17,Nairobi,AGO,OMC_F,88.8,88.8,NORMAL,SYNTHETIC_SCENARIO
ORD-0006397,2026-12-18,Nairobi,AGO,OMC_A,1175.48,1175.48,NORMAL,SYNTHETIC_SCENARIO
ORD-0006398,2026-12-18,Nairobi,AGO,OMC_B,769.97,769.97,NORMAL,SYNTHETIC_SCENARIO
ORD-0006399,2026-12-18,Nairobi,AGO,OMC_C,496.1,496.1,NORMAL,SYNTHETIC_SCENARIO
ORD-0006400,2026-12-18,Nairobi,AGO,OMC_D,411.06,411.06,HIGH,SYNTHETIC_SCENARIO
ORD-0006401,2026-12-18,Nairobi,AGO,OMC_E,430.0,430.0,NORMAL,SYNTHETIC_SCENARIO
ORD-0006402,2026-12-18,Nairobi,AGO,OMC_F,34.45,34.45,NORMAL,SYNTHETIC_SCENARIO
ORD-0006403,2026-12-19,Nairobi,AGO,OMC_A,1720.57,1720.57,NORMAL,SYNTHETIC_SCENARIO
ORD-0006404,2026-12-19,Nairobi,AGO,OMC_B,163.24,163.24,NORMAL,SYNTHETIC_SCENARIO
ORD-0006405,2026-12-19,Nairobi,AGO,OMC_C,366.4,366.4,NORMAL,SYNTHETIC_SCENARIO
ORD-0006406,2026-12-19,Nairobi,AGO,OMC_D,602.94,602.94,NORMAL,SYNTHETIC_SCENARIO
ORD-0006407,2026-12-19,Nairobi,AGO,OMC_E,43.89,43.89,NORMAL,SYNTHETIC_SCENARIO
ORD-0006408,2026-12-19,Nairobi,AGO,OMC_F,135.33,135.33,NORMAL,SYNTHETIC_SCENARIO
ORD-0006409,2026-12-20,Nairobi,AGO,OMC_A,850.1,850.1,HIGH,SYNTHETIC_SCENARIO
ORD-0006410,2026-12-20,Nairobi,AGO,OMC_B,152.94,152.94,NORMAL,SYNTHETIC_SCENARIO
ORD-0006411,2026-12-20,Nairobi,AGO,OMC_C,1145.5,1145.5,NORMAL,SYNTHETIC_SCENARIO
ORD-0006412,2026-12-20,Nairobi,AGO,OMC_D,360.34,360.34,NORMAL,SYNTHETIC_SCENARIO
ORD-0006413,2026-12-20,Nairobi,AGO,OMC_E,14.66,14.66,NORMAL,SYNTHETIC_SCENARIO
ORD-0006414,2026-12-20,Nairobi,AGO,OMC_F,60.96,60.96,NORMAL,SYNTHETIC_SCENARIO
ORD-0006415,2026-12-21,Nairobi,AGO,OMC_A,561.33,561.33,NORMAL,SYNTHETIC_SCENARIO
ORD-0006416,2026-12-21,Nairobi,AGO,OMC_B,809.62,809.62,NORMAL,SYNTHETIC_SCENARIO
ORD-0006417,2026-12-21,Nairobi,AGO,OMC_C,1194.98,1194.98,HIGH,SYNTHETIC_SCENARIO
ORD-0006418,2026-12-21,Nairobi,AGO,OMC_D,130.26,130.26,NORMAL,SYNTHETIC_SCENARIO
ORD-0006419,2026-12-21,Nairobi,AGO,OMC_E,368.4,368.4,NORMAL,SYNTHETIC_SCENARIO
ORD-0006420,2026-12-21,Nairobi,AGO,OMC_F,260.17,260.17,NORMAL,SYNTHETIC_SCENARIO
ORD-0006421,2026-12-22,Nairobi,AGO,OMC_A,1342.76,1342.76,NORMAL,SYNTHETIC_SCENARIO
ORD-0006422,2026-12-22,Nairobi,AGO,OMC_B,619.67,619.67,HIGH,SYNTHETIC_SCENARIO
ORD-0006423,2026-12-22,Nairobi,AGO,OMC_C,697.91,697.91,NORMAL,SYNTHETIC_SCENARIO
ORD-0006424,2026-12-22,Nairobi,AGO,OMC_D,87.18,87.18,NORMAL,SYNTHETIC_SCENARIO
ORD-0006425,2026-12-22,Nairobi,AGO,OMC_E,77.15,77.15,NORMAL,SYNTHETIC_SCENARIO
ORD-0006426,2026-12-22,Nairobi,AGO,OMC_F,24.81,24.81,NORMAL,SYNTHETIC_SCENARIO
ORD-0006427,2026-12-23,Nairobi,AGO,OMC_A,547.72,547.72,NORMAL,SYNTHETIC_SCENARIO
ORD-0006428,2026-12-23,Nairobi,AGO,OMC_B,1273.7,1273.7,NORMAL,SYNTHETIC_SCENARIO
ORD-0006429,2026-12-23,Nairobi,AGO,OMC_C,384.05,384.05,NORMAL,SYNTHETIC_SCENARIO
ORD-0006430,2026-12-23,Nairobi,AGO,OMC_D,239.91,239.91,NORMAL,SYNTHETIC_SCENARIO
ORD-0006431,2026-12-23,Nairobi,AGO,OMC_E,164.39,164.39,NORMAL,SYNTHETIC_SCENARIO
ORD-0006432,2026-12-23,Nairobi,AGO,OMC_F,424.34,424.34,NORMAL,SYNTHETIC_SCENARIO
ORD-0006433,2026-12-24,Nairobi,AGO,OMC_A,422.27,422.27,NORMAL,SYNTHETIC_SCENARIO
ORD-0006434,2026-12-24,Nairobi,AGO,OMC_B,1390.15,1390.15,NORMAL,SYNTHETIC_SCENARIO
ORD-0006435,2026-12-24,Nairobi,AGO,OMC_C,781.24,781.24,NORMAL,SYNTHETIC_SCENARIO
ORD-0006436,2026-12-24,Nairobi,AGO,OMC_D,144.47,144.47,NORMAL,SYNTHETIC_SCENARIO
ORD-0006437,2026-12-24,Nairobi,AGO,OMC_E,210.24,210.24,NORMAL,SYNTHETIC_SCENARIO
ORD-0006438,2026-12-24,Nairobi,AGO,OMC_F,297.48,297.48,NORMAL,SYNTHETIC_SCENARIO
ORD-0006439,2026-12-25,Nairobi,AGO,OMC_A,1126.34,1126.34,NORMAL,SYNTHETIC_SCENARIO
ORD-0006440,2026-12-25,Nairobi,AGO,OMC_B,1240.54,1240.54,NORMAL,SYNTHETIC_SCENARIO
ORD-0006441,2026-12-25,Nairobi,AGO,OMC_C,139.83,139.83,NORMAL,SYNTHETIC_SCENARIO
ORD-0006442,2026-12-25,Nairobi,AGO,OMC_D,403.51,403.51,NORMAL,SYNTHETIC_SCENARIO
ORD-0006443,2026-12-25,Nairobi,AGO,OMC_E,25.17,25.17,NORMAL,SYNTHETIC_SCENARIO
ORD-0006444,2026-12-25,Nairobi,AGO,OMC_F,397.85,397.85,NORMAL,SYNTHETIC_SCENARIO
ORD-0006445,2026-12-26,Nairobi,AGO,OMC_A,496.68,496.68,NORMAL,SYNTHETIC_SCENARIO
ORD-0006446,2026-12-26,Nairobi,AGO,OMC_B,737.86,737.86,NORMAL,SYNTHETIC_SCENARIO
ORD-0006447,2026-12-26,Nairobi,AGO,OMC_C,583.71,583.71,HIGH,SYNTHETIC_SCENARIO
ORD-0006448,2026-12-26,Nairobi,AGO,OMC_D,557.82,557.82,NORMAL,SYNTHETIC_SCENARIO
ORD-0006449,2026-12-26,Nairobi,AGO,OMC_E,550.62,550.62,NORMAL,SYNTHETIC_SCENARIO
ORD-0006450,2026-12-26,Nairobi,AGO,OMC_F,45.44,45.44,NORMAL,SYNTHETIC_SCENARIO
ORD-0006451,2026-12-27,Nairobi,AGO,OMC_A,968.97,968.97,NORMAL,SYNTHETIC_SCENARIO
ORD-0006452,2026-12-27,Nairobi,AGO,OMC_B,1135.01,1135.01,NORMAL,SYNTHETIC_SCENARIO
ORD-0006453,2026-12-27,Nairobi,AGO,OMC_C,50.66,50.66,NORMAL,SYNTHETIC_SCENARIO
ORD-0006454,2026-12-27,Nairobi,AGO,OMC_D,528.72,528.72,NORMAL,SYNTHETIC_SCENARIO
ORD-0006455,2026-12-27,Nairobi,AGO,OMC_E,64.6,64.6,NORMAL,SYNTHETIC_SCENARIO
ORD-0006456,2026-12-27,Nairobi,AGO,OMC_F,120.29,120.29,NORMAL,SYNTHETIC_SCENARIO
ORD-0006457,2026-12-28,Nairobi,AGO,OMC_A,825.45,825.45,NORMAL,SYNTHETIC_SCENARIO
ORD-0006458,2026-12-28,Nairobi,AGO,OMC_B,786.47,786.47,NORMAL,SYNTHETIC_SCENARIO
ORD-0006459,2026-12-28,Nairobi,AGO,OMC_C,148.77,148.77,NORMAL,SYNTHETIC_SCENARIO
ORD-0006460,2026-12-28,Nairobi,AGO,OMC_D,84.14,84.14,NORMAL,SYNTHETIC_SCENARIO
ORD-0006461,2026-12-28,Nairobi,AGO,OMC_E,208.4,208.4,NORMAL,SYNTHETIC_SCENARIO
ORD-0006462,2026-12-28,Nairobi,AGO,OMC_F,1344.57,1344.57,NORMAL,SYNTHETIC_SCENARIO
ORD-0006463,2026-12-29,Nairobi,AGO,OMC_A,762.51,762.51,NORMAL,SYNTHETIC_SCENARIO
ORD-0006464,2026-12-29,Nairobi,AGO,OMC_B,244.52,244.52,NORMAL,SYNTHETIC_SCENARIO
ORD-0006465,2026-12-29,Nairobi,AGO,OMC_C,1198.57,1198.57,NORMAL,SYNTHETIC_SCENARIO
ORD-0006466,2026-12-29,Nairobi,AGO,OMC_D,180.86,180.86,NORMAL,SYNTHETIC_SCENARIO
ORD-0006467,2026-12-29,Nairobi,AGO,OMC_E,392.94,392.94,NORMAL,SYNTHETIC_SCENARIO
ORD-0006468,2026-12-29,Nairobi,AGO,OMC_F,547.65,547.65,NORMAL,SYNTHETIC_SCENARIO
ORD-0006469,2026-12-30,Nairobi,AGO,OMC_A,728.53,728.53,NORMAL,SYNTHETIC_SCENARIO
ORD-0006470,2026-12-30,Nairobi,AGO,OMC_B,1451.02,1451.02,NORMAL,SYNTHETIC_SCENARIO
ORD-0006471,2026-12-30,Nairobi,AGO,OMC_C,307.98,307.98,NORMAL,SYNTHETIC_SCENARIO
ORD-0006472,2026-12-30,Nairobi,AGO,OMC_D,240.76,240.76,NORMAL,SYNTHETIC_SCENARIO
ORD-0006473,2026-12-30,Nairobi,AGO,OMC_E,57.0,57.0,NORMAL,SYNTHETIC_SCENARIO
ORD-0006474,2026-12-30,Nairobi,AGO,OMC_F,257.24,257.24,NORMAL,SYNTHETIC_SCENARIO
ORD-0006475,2026-12-31,Nairobi,AGO,OMC_A,755.07,755.07,NORMAL,SYNTHETIC_SCENARIO
ORD-0006476,2026-12-31,Nairobi,AGO,OMC_B,238.99,238.99,NORMAL,SYNTHETIC_SCENARIO
ORD-0006477,2026-12-31,Nairobi,AGO,OMC_C,1015.8,1015.8,NORMAL,SYNTHETIC_SCENARIO
ORD-0006478,2026-12-31,Nairobi,AGO,OMC_D,458.2,458.2,NORMAL,SYNTHETIC_SCENARIO
ORD-0006479,2026-12-31,Nairobi,AGO,OMC_E,352.31,352.31,NORMAL,SYNTHETIC_SCENARIO
ORD-0006480,2026-12-31,Nairobi,AGO,OMC_F,545.99,545.99,NORMAL,SYNTHETIC_SCENARIO
ORD-0006481,2026-09-03,Nairobi,DPK,OMC_A,35.17,35.17,NORMAL,SYNTHETIC_SCENARIO
ORD-0006482,2026-09-03,Nairobi,DPK,OMC_B,3.6,3.6,NORMAL,SYNTHETIC_SCENARIO
ORD-0006483,2026-09-03,Nairobi,DPK,OMC_C,11.68,11.68,NORMAL,SYNTHETIC_SCENARIO
ORD-0006484,2026-09-03,Nairobi,DPK,OMC_D,13.67,13.67,NORMAL,SYNTHETIC_SCENARIO
ORD-0006485,2026-09-03,Nairobi,DPK,OMC_E,1.71,1.71,NORMAL,SYNTHETIC_SCENARIO
ORD-0006486,2026-09-03,Nairobi,DPK,OMC_F,5.63,5.63,NORMAL,SYNTHETIC_SCENARIO
ORD-0006487,2026-09-04,Nairobi,DPK,OMC_A,20.08,20.08,NORMAL,SYNTHETIC_SCENARIO
ORD-0006488,2026-09-04,Nairobi,DPK,OMC_B,16.79,16.79,NORMAL,SYNTHETIC_SCENARIO
ORD-0006489,2026-09-04,Nairobi,DPK,OMC_C,24.09,24.09,NORMAL,SYNTHETIC_SCENARIO
ORD-0006490,2026-09-04,Nairobi,DPK,OMC_D,2.2,2.2,NORMAL,SYNTHETIC_SCENARIO
ORD-0006491,2026-09-04,Nairobi,DPK,OMC_E,1.86,1.86,NORMAL,SYNTHETIC_SCENARIO
ORD-0006492,2026-09-04,Nairobi,DPK,OMC_F,10.73,10.73,NORMAL,SYNTHETIC_SCENARIO
ORD-0006493,2026-09-05,Nairobi,DPK,OMC_A,23.78,23.78,NORMAL,SYNTHETIC_SCENARIO
ORD-0006494,2026-09-05,Nairobi,DPK,OMC_B,7.02,7.02,NORMAL,SYNTHETIC_SCENARIO
ORD-0006495,2026-09-05,Nairobi,DPK,OMC_C,12.28,12.28,NORMAL,SYNTHETIC_SCENARIO
ORD-0006496,2026-09-05,Nairobi,DPK,OMC_D,3.83,3.83,NORMAL,SYNTHETIC_SCENARIO
ORD-0006497,2026-09-05,Nairobi,DPK,OMC_E,3.1,3.1,NORMAL,SYNTHETIC_SCENARIO
ORD-0006498,2026-09-05,Nairobi,DPK,OMC_F,16.86,16.86,NORMAL,SYNTHETIC_SCENARIO
ORD-0006499,2026-09-06,Nairobi,DPK,OMC_A,20.74,20.74,NORMAL,SYNTHETIC_SCENARIO
ORD-0006500,2026-09-06,Nairobi,DPK,OMC_B,23.51,23.51,NORMAL,SYNTHETIC_SCENARIO
ORD-0006501,2026-09-06,Nairobi,DPK,OMC_C,2.36,2.36,HIGH,SYNTHETIC_SCENARIO
ORD-0006502,2026-09-06,Nairobi,DPK,OMC_D,5.82,5.82,NORMAL,SYNTHETIC_SCENARIO
ORD-0006503,2026-09-06,Nairobi,DPK,OMC_E,8.18,8.18,NORMAL,SYNTHETIC_SCENARIO
ORD-0006504,2026-09-06,Nairobi,DPK,OMC_F,3.89,3.89,NORMAL,SYNTHETIC_SCENARIO
ORD-0006505,2026-09-07,Nairobi,DPK,OMC_A,16.02,16.02,NORMAL,SYNTHETIC_SCENARIO
ORD-0006506,2026-09-07,Nairobi,DPK,OMC_B,22.04,22.04,NORMAL,SYNTHETIC_SCENARIO
ORD-0006507,2026-09-07,Nairobi,DPK,OMC_C,7.86,7.86,NORMAL,SYNTHETIC_SCENARIO
ORD-0006508,2026-09-07,Nairobi,DPK,OMC_D,8.98,8.98,NORMAL,SYNTHETIC_SCENARIO
ORD-0006509,2026-09-07,Nairobi,DPK,OMC_E,11.97,11.97,NORMAL,SYNTHETIC_SCENARIO
ORD-0006510,2026-09-07,Nairobi,DPK,OMC_F,8.04,8.04,NORMAL,SYNTHETIC_SCENARIO
ORD-0006511,2026-09-08,Nairobi,DPK,OMC_A,9.8,9.8,HIGH,SYNTHETIC_SCENARIO
ORD-0006512,2026-09-08,Nairobi,DPK,OMC_B,27.93,27.93,NORMAL,SYNTHETIC_SCENARIO
ORD-0006513,2026-09-08,Nairobi,DPK,OMC_C,6.59,6.59,NORMAL,SYNTHETIC_SCENARIO
ORD-0006514,2026-09-08,Nairobi,DPK,OMC_D,16.09,16.09,NORMAL,SYNTHETIC_SCENARIO
ORD-0006515,2026-09-08,Nairobi,DPK,OMC_E,10.47,10.47,NORMAL,SYNTHETIC_SCENARIO
ORD-0006516,2026-09-08,Nairobi,DPK,OMC_F,2.62,2.62,NORMAL,SYNTHETIC_SCENARIO
ORD-0006517,2026-09-09,Nairobi,DPK,OMC_A,18.02,18.02,NORMAL,SYNTHETIC_SCENARIO
ORD-0006518,2026-09-09,Nairobi,DPK,OMC_B,29.81,29.81,NORMAL,SYNTHETIC_SCENARIO
ORD-0006519,2026-09-09,Nairobi,DPK,OMC_C,9.78,9.78,NORMAL,SYNTHETIC_SCENARIO
ORD-0006520,2026-09-09,Nairobi,DPK,OMC_D,7.77,7.77,NORMAL,SYNTHETIC_SCENARIO
ORD-0006521,2026-09-09,Nairobi,DPK,OMC_E,8.65,8.65,NORMAL,SYNTHETIC_SCENARIO
ORD-0006522,2026-09-09,Nairobi,DPK,OMC_F,3.84,3.84,NORMAL,SYNTHETIC_SCENARIO
ORD-0006523,2026-09-10,Nairobi,DPK,OMC_A,12.52,12.52,NORMAL,SYNTHETIC_SCENARIO
ORD-0006524,2026-09-10,Nairobi,DPK,OMC_B,40.56,40.56,NORMAL,SYNTHETIC_SCENARIO
ORD-0006525,2026-09-10,Nairobi,DPK,OMC_C,11.92,11.92,HIGH,SYNTHETIC_SCENARIO
ORD-0006526,2026-09-10,Nairobi,DPK,OMC_D,8.69,8.69,NORMAL,SYNTHETIC_SCENARIO
ORD-0006527,2026-09-10,Nairobi,DPK,OMC_E,1.95,1.95,NORMAL,SYNTHETIC_SCENARIO
ORD-0006528,2026-09-10,Nairobi,DPK,OMC_F,2.1,2.1,NORMAL,SYNTHETIC_SCENARIO
ORD-0006529,2026-09-11,Nairobi,DPK,OMC_A,35.28,35.28,NORMAL,SYNTHETIC_SCENARIO
ORD-0006530,2026-09-11,Nairobi,DPK,OMC_B,12.14,12.14,NORMAL,SYNTHETIC_SCENARIO
ORD-0006531,2026-09-11,Nairobi,DPK,OMC_C,13.25,13.25,NORMAL,SYNTHETIC_SCENARIO
ORD-0006532,2026-09-11,Nairobi,DPK,OMC_D,10.52,10.52,NORMAL,SYNTHETIC_SCENARIO
ORD-0006533,2026-09-11,Nairobi,DPK,OMC_E,7.23,7.23,NORMAL,SYNTHETIC_SCENARIO
ORD-0006534,2026-09-11,Nairobi,DPK,OMC_F,1.51,1.51,NORMAL,SYNTHETIC_SCENARIO
ORD-0006535,2026-09-12,Nairobi,DPK,OMC_A,8.97,8.97,NORMAL,SYNTHETIC_SCENARIO
ORD-0006536,2026-09-12,Nairobi,DPK,OMC_B,19.12,19.12,NORMAL,SYNTHETIC_SCENARIO
ORD-0006537,2026-09-12,Nairobi,DPK,OMC_C,10.04,10.04,HIGH,SYNTHETIC_SCENARIO
ORD-0006538,2026-09-12,Nairobi,DPK,OMC_D,2.01,2.01,HIGH,SYNTHETIC_SCENARIO
ORD-0006539,2026-09-12,Nairobi,DPK,OMC_E,23.97,23.97,NORMAL,SYNTHETIC_SCENARIO
ORD-0006540,2026-09-12,Nairobi,DPK,OMC_F,1.97,1.97,NORMAL,SYNTHETIC_SCENARIO
ORD-0006541,2026-09-13,Nairobi,DPK,OMC_A,19.77,19.77,NORMAL,SYNTHETIC_SCENARIO
ORD-0006542,2026-09-13,Nairobi,DPK,OMC_B,13.31,13.31,NORMAL,SYNTHETIC_SCENARIO
ORD-0006543,2026-09-13,Nairobi,DPK,OMC_C,11.61,11.61,NORMAL,SYNTHETIC_SCENARIO
ORD-0006544,2026-09-13,Nairobi,DPK,OMC_D,13.04,13.04,NORMAL,SYNTHETIC_SCENARIO
ORD-0006545,2026-09-13,Nairobi,DPK,OMC_E,2.93,2.93,NORMAL,SYNTHETIC_SCENARIO
ORD-0006546,2026-09-13,Nairobi,DPK,OMC_F,5.61,5.61,NORMAL,SYNTHETIC_SCENARIO
ORD-0006547,2026-09-14,Nairobi,DPK,OMC_A,21.29,21.29,HIGH,SYNTHETIC_SCENARIO
ORD-0006548,2026-09-14,Nairobi,DPK,OMC_B,15.2,15.2,NORMAL,SYNTHETIC_SCENARIO
ORD-0006549,2026-09-14,Nairobi,DPK,OMC_C,6.87,6.87,NORMAL,SYNTHETIC_SCENARIO
ORD-0006550,2026-09-14,Nairobi,DPK,OMC_D,28.7,28.7,NORMAL,SYNTHETIC_SCENARIO
ORD-0006551,2026-09-14,Nairobi,DPK,OMC_E,2.23,2.23,NORMAL,SYNTHETIC_SCENARIO
ORD-0006552,2026-09-14,Nairobi,DPK,OMC_F,2.47,2.47,NORMAL,SYNTHETIC_SCENARIO
ORD-0006553,2026-09-15,Nairobi,DPK,OMC_A,21.88,21.88,NORMAL,SYNTHETIC_SCENARIO
ORD-0006554,2026-09-15,Nairobi,DPK,OMC_B,8.52,8.52,NORMAL,SYNTHETIC_SCENARIO
ORD-0006555,2026-09-15,Nairobi,DPK,OMC_C,4.84,4.84,NORMAL,SYNTHETIC_SCENARIO
ORD-0006556,2026-09-15,Nairobi,DPK,OMC_D,32.61,32.61,NORMAL,SYNTHETIC_SCENARIO
ORD-0006557,2026-09-15,Nairobi,DPK,OMC_E,4.85,4.85,NORMAL,SYNTHETIC_SCENARIO
ORD-0006558,2026-09-15,Nairobi,DPK,OMC_F,4.98,4.98,NORMAL,SYNTHETIC_SCENARIO
ORD-0006559,2026-09-16,Nairobi,DPK,OMC_A,10.97,10.97,NORMAL,SYNTHETIC_SCENARIO
ORD-0006560,2026-09-16,Nairobi,DPK,OMC_B,32.0,32.0,NORMAL,SYNTHETIC_SCENARIO
ORD-0006561,2026-09-16,Nairobi,DPK,OMC_C,12.97,12.97,NORMAL,SYNTHETIC_SCENARIO
ORD-0006562,2026-09-16,Nairobi,DPK,OMC_D,8.35,8.35,NORMAL,SYNTHETIC_SCENARIO
ORD-0006563,2026-09-16,Nairobi,DPK,OMC_E,7.24,7.24,NORMAL,SYNTHETIC_SCENARIO
ORD-0006564,2026-09-16,Nairobi,DPK,OMC_F,2.02,2.02,HIGH,SYNTHETIC_SCENARIO
ORD-0006565,2026-09-17,Nairobi,DPK,OMC_A,43.38,43.38,NORMAL,SYNTHETIC_SCENARIO
ORD-0006566,2026-09-17,Nairobi,DPK,OMC_B,10.21,10.21,NORMAL,SYNTHETIC_SCENARIO
ORD-0006567,2026-09-17,Nairobi,DPK,OMC_C,6.8,6.8,NORMAL,SYNTHETIC_SCENARIO
ORD-0006568,2026-09-17,Nairobi,DPK,OMC_D,7.45,7.45,NORMAL,SYNTHETIC_SCENARIO
ORD-0006569,2026-09-17,Nairobi,DPK,OMC_E,5.78,5.78,NORMAL,SYNTHETIC_SCENARIO
ORD-0006570,2026-09-17,Nairobi,DPK,OMC_F,1.06,1.06,NORMAL,SYNTHETIC_SCENARIO
ORD-0006571,2026-09-18,Nairobi,DPK,OMC_A,5.46,5.46,NORMAL,SYNTHETIC_SCENARIO
ORD-0006572,2026-09-18,Nairobi,DPK,OMC_B,25.06,25.06,NORMAL,SYNTHETIC_SCENARIO
ORD-0006573,2026-09-18,Nairobi,DPK,OMC_C,30.34,30.34,NORMAL,SYNTHETIC_SCENARIO
ORD-0006574,2026-09-18,Nairobi,DPK,OMC_D,4.31,4.31,NORMAL,SYNTHETIC_SCENARIO
ORD-0006575,2026-09-18,Nairobi,DPK,OMC_E,5.43,5.43,NORMAL,SYNTHETIC_SCENARIO
ORD-0006576,2026-09-18,Nairobi,DPK,OMC_F,4.71,4.71,HIGH,SYNTHETIC_SCENARIO
ORD-0006577,2026-09-19,Nairobi,DPK,OMC_A,8.2,8.2,NORMAL,SYNTHETIC_SCENARIO
ORD-0006578,2026-09-19,Nairobi,DPK,OMC_B,18.02,18.02,NORMAL,SYNTHETIC_SCENARIO
ORD-0006579,2026-09-19,Nairobi,DPK,OMC_C,7.42,7.42,NORMAL,SYNTHETIC_SCENARIO
ORD-0006580,2026-09-19,Nairobi,DPK,OMC_D,10.97,10.97,NORMAL,SYNTHETIC_SCENARIO
ORD-0006581,2026-09-19,Nairobi,DPK,OMC_E,23.46,23.46,NORMAL,SYNTHETIC_SCENARIO
ORD-0006582,2026-09-19,Nairobi,DPK,OMC_F,1.44,1.44,NORMAL,SYNTHETIC_SCENARIO
ORD-0006583,2026-09-20,Nairobi,DPK,OMC_A,9.12,9.12,NORMAL,SYNTHETIC_SCENARIO
ORD-0006584,2026-09-20,Nairobi,DPK,OMC_B,31.12,31.12,NORMAL,SYNTHETIC_SCENARIO
ORD-0006585,2026-09-20,Nairobi,DPK,OMC_C,4.99,4.99,NORMAL,SYNTHETIC_SCENARIO
ORD-0006586,2026-09-20,Nairobi,DPK,OMC_D,17.46,17.46,NORMAL,SYNTHETIC_SCENARIO
ORD-0006587,2026-09-20,Nairobi,DPK,OMC_E,0.48,0.48,NORMAL,SYNTHETIC_SCENARIO
ORD-0006588,2026-09-20,Nairobi,DPK,OMC_F,2.08,2.08,NORMAL,SYNTHETIC_SCENARIO
ORD-0006589,2026-09-21,Nairobi,DPK,OMC_A,14.58,14.58,NORMAL,SYNTHETIC_SCENARIO
ORD-0006590,2026-09-21,Nairobi,DPK,OMC_B,31.36,31.36,NORMAL,SYNTHETIC_SCENARIO
ORD-0006591,2026-09-21,Nairobi,DPK,OMC_C,4.46,4.46,NORMAL,SYNTHETIC_SCENARIO
ORD-0006592,2026-09-21,Nairobi,DPK,OMC_D,1.1,1.1,NORMAL,SYNTHETIC_SCENARIO
ORD-0006593,2026-09-21,Nairobi,DPK,OMC_E,11.04,11.04,NORMAL,SYNTHETIC_SCENARIO
ORD-0006594,2026-09-21,Nairobi,DPK,OMC_F,19.19,19.19,NORMAL,SYNTHETIC_SCENARIO
ORD-0006595,2026-09-22,Nairobi,DPK,OMC_A,33.28,33.28,NORMAL,SYNTHETIC_SCENARIO
ORD-0006596,2026-09-22,Nairobi,DPK,OMC_B,20.21,20.21,NORMAL,SYNTHETIC_SCENARIO
ORD-0006597,2026-09-22,Nairobi,DPK,OMC_C,10.01,10.01,NORMAL,SYNTHETIC_SCENARIO
ORD-0006598,2026-09-22,Nairobi,DPK,OMC_D,11.96,11.96,NORMAL,SYNTHETIC_SCENARIO
ORD-0006599,2026-09-22,Nairobi,DPK,OMC_E,0.65,0.65,NORMAL,SYNTHETIC_SCENARIO
ORD-0006600,2026-09-22,Nairobi,DPK,OMC_F,8.94,8.94,NORMAL,SYNTHETIC_SCENARIO
ORD-0006601,2026-09-23,Nairobi,DPK,OMC_A,44.64,44.64,NORMAL,SYNTHETIC_SCENARIO
ORD-0006602,2026-09-23,Nairobi,DPK,OMC_B,6.7,6.7,NORMAL,SYNTHETIC_SCENARIO
ORD-0006603,2026-09-23,Nairobi,DPK,OMC_C,17.37,17.37,NORMAL,SYNTHETIC_SCENARIO
ORD-0006604,2026-09-23,Nairobi,DPK,OMC_D,7.2,7.2,NORMAL,SYNTHETIC_SCENARIO
ORD-0006605,2026-09-23,Nairobi,DPK,OMC_E,1.47,1.47,NORMAL,SYNTHETIC_SCENARIO
ORD-0006606,2026-09-23,Nairobi,DPK,OMC_F,0.08,0.08,NORMAL,SYNTHETIC_SCENARIO
ORD-0006607,2026-09-24,Nairobi,DPK,OMC_A,16.54,16.54,NORMAL,SYNTHETIC_SCENARIO
ORD-0006608,2026-09-24,Nairobi,DPK,OMC_B,3.0,3.0,NORMAL,SYNTHETIC_SCENARIO
ORD-0006609,2026-09-24,Nairobi,DPK,OMC_C,24.09,24.09,NORMAL,SYNTHETIC_SCENARIO
ORD-0006610,2026-09-24,Nairobi,DPK,OMC_D,20.32,20.32,NORMAL,SYNTHETIC_SCENARIO
ORD-0006611,2026-09-24,Nairobi,DPK,OMC_E,5.08,5.08,NORMAL,SYNTHETIC_SCENARIO
ORD-0006612,2026-09-24,Nairobi,DPK,OMC_F,7.77,7.77,NORMAL,SYNTHETIC_SCENARIO
ORD-0006613,2026-09-25,Nairobi,DPK,OMC_A,18.8,18.8,NORMAL,SYNTHETIC_SCENARIO
ORD-0006614,2026-09-25,Nairobi,DPK,OMC_B,21.71,21.71,HIGH,SYNTHETIC_SCENARIO
ORD-0006615,2026-09-25,Nairobi,DPK,OMC_C,20.25,20.25,NORMAL,SYNTHETIC_SCENARIO
ORD-0006616,2026-09-25,Nairobi,DPK,OMC_D,8.23,8.23,NORMAL,SYNTHETIC_SCENARIO
ORD-0006617,2026-09-25,Nairobi,DPK,OMC_E,5.56,5.56,HIGH,SYNTHETIC_SCENARIO
ORD-0006618,2026-09-25,Nairobi,DPK,OMC_F,4.36,4.36,NORMAL,SYNTHETIC_SCENARIO
ORD-0006619,2026-09-26,Nairobi,DPK,OMC_A,23.55,23.55,NORMAL,SYNTHETIC_SCENARIO
ORD-0006620,2026-09-26,Nairobi,DPK,OMC_B,2.89,2.89,NORMAL,SYNTHETIC_SCENARIO
ORD-0006621,2026-09-26,Nairobi,DPK,OMC_C,9.88,9.88,NORMAL,SYNTHETIC_SCENARIO
ORD-0006622,2026-09-26,Nairobi,DPK,OMC_D,19.59,19.59,NORMAL,SYNTHETIC_SCENARIO
ORD-0006623,2026-09-26,Nairobi,DPK,OMC_E,14.36,14.36,NORMAL,SYNTHETIC_SCENARIO
ORD-0006624,2026-09-26,Nairobi,DPK,OMC_F,1.78,1.78,NORMAL,SYNTHETIC_SCENARIO
ORD-0006625,2026-09-27,Nairobi,DPK,OMC_A,9.68,9.68,NORMAL,SYNTHETIC_SCENARIO
ORD-0006626,2026-09-27,Nairobi,DPK,OMC_B,11.03,11.03,NORMAL,SYNTHETIC_SCENARIO
ORD-0006627,2026-09-27,Nairobi,DPK,OMC_C,17.22,17.22,NORMAL,SYNTHETIC_SCENARIO
ORD-0006628,2026-09-27,Nairobi,DPK,OMC_D,17.78,17.78,NORMAL,SYNTHETIC_SCENARIO
ORD-0006629,2026-09-27,Nairobi,DPK,OMC_E,0.98,0.98,HIGH,SYNTHETIC_SCENARIO
ORD-0006630,2026-09-27,Nairobi,DPK,OMC_F,3.81,3.81,NORMAL,SYNTHETIC_SCENARIO
ORD-0006631,2026-09-28,Nairobi,DPK,OMC_A,20.81,20.81,NORMAL,SYNTHETIC_SCENARIO
ORD-0006632,2026-09-28,Nairobi,DPK,OMC_B,31.13,31.13,NORMAL,SYNTHETIC_SCENARIO
ORD-0006633,2026-09-28,Nairobi,DPK,OMC_C,5.78,5.78,NORMAL,SYNTHETIC_SCENARIO
ORD-0006634,2026-09-28,Nairobi,DPK,OMC_D,6.0,6.0,NORMAL,SYNTHETIC_SCENARIO
ORD-0006635,2026-09-28,Nairobi,DPK,OMC_E,9.98,9.98,NORMAL,SYNTHETIC_SCENARIO
ORD-0006636,2026-09-28,Nairobi,DPK,OMC_F,0.6,0.6,NORMAL,SYNTHETIC_SCENARIO
ORD-0006637,2026-09-29,Nairobi,DPK,OMC_A,31.47,31.47,NORMAL,SYNTHETIC_SCENARIO
ORD-0006638,2026-09-29,Nairobi,DPK,OMC_B,0.7,0.7,NORMAL,SYNTHETIC_SCENARIO
ORD-0006639,2026-09-29,Nairobi,DPK,OMC_C,19.51,19.51,NORMAL,SYNTHETIC_SCENARIO
ORD-0006640,2026-09-29,Nairobi,DPK,OMC_D,6.91,6.91,NORMAL,SYNTHETIC_SCENARIO
ORD-0006641,2026-09-29,Nairobi,DPK,OMC_E,6.15,6.15,NORMAL,SYNTHETIC_SCENARIO
ORD-0006642,2026-09-29,Nairobi,DPK,OMC_F,11.06,11.06,NORMAL,SYNTHETIC_SCENARIO
ORD-0006643,2026-09-30,Nairobi,DPK,OMC_A,25.74,25.74,NORMAL,SYNTHETIC_SCENARIO
ORD-0006644,2026-09-30,Nairobi,DPK,OMC_B,19.15,19.15,NORMAL,SYNTHETIC_SCENARIO
ORD-0006645,2026-09-30,Nairobi,DPK,OMC_C,11.02,11.02,NORMAL,SYNTHETIC_SCENARIO
ORD-0006646,2026-09-30,Nairobi,DPK,OMC_D,7.31,7.31,NORMAL,SYNTHETIC_SCENARIO
ORD-0006647,2026-09-30,Nairobi,DPK,OMC_E,3.47,3.47,NORMAL,SYNTHETIC_SCENARIO
ORD-0006648,2026-09-30,Nairobi,DPK,OMC_F,3.82,3.82,NORMAL,SYNTHETIC_SCENARIO
ORD-0006649,2026-10-01,Nairobi,DPK,OMC_A,18.18,18.18,NORMAL,SYNTHETIC_SCENARIO
ORD-0006650,2026-10-01,Nairobi,DPK,OMC_B,27.66,27.66,NORMAL,SYNTHETIC_SCENARIO
ORD-0006651,2026-10-01,Nairobi,DPK,OMC_C,11.35,11.35,NORMAL,SYNTHETIC_SCENARIO
ORD-0006652,2026-10-01,Nairobi,DPK,OMC_D,13.78,13.78,NORMAL,SYNTHETIC_SCENARIO
ORD-0006653,2026-10-01,Nairobi,DPK,OMC_E,3.27,3.27,NORMAL,SYNTHETIC_SCENARIO
ORD-0006654,2026-10-01,Nairobi,DPK,OMC_F,3.62,3.62,NORMAL,SYNTHETIC_SCENARIO
ORD-0006655,2026-10-02,Nairobi,DPK,OMC_A,13.69,13.69,NORMAL,SYNTHETIC_SCENARIO
ORD-0006656,2026-10-02,Nairobi,DPK,OMC_B,16.45,16.45,NORMAL,SYNTHETIC_SCENARIO
ORD-0006657,2026-10-02,Nairobi,DPK,OMC_C,7.94,7.94,NORMAL,SYNTHETIC_SCENARIO
ORD-0006658,2026-10-02,Nairobi,DPK,OMC_D,21.11,21.11,NORMAL,SYNTHETIC_SCENARIO
ORD-0006659,2026-10-02,Nairobi,DPK,OMC_E,23.2,23.2,NORMAL,SYNTHETIC_SCENARIO
ORD-0006660,2026-10-02,Nairobi,DPK,OMC_F,6.17,6.17,NORMAL,SYNTHETIC_SCENARIO
ORD-0006661,2026-10-03,Nairobi,DPK,OMC_A,21.92,21.92,NORMAL,SYNTHETIC_SCENARIO
ORD-0006662,2026-10-03,Nairobi,DPK,OMC_B,17.04,17.04,NORMAL,SYNTHETIC_SCENARIO
ORD-0006663,2026-10-03,Nairobi,DPK,OMC_C,3.93,3.93,NORMAL,SYNTHETIC_SCENARIO
ORD-0006664,2026-10-03,Nairobi,DPK,OMC_D,14.45,14.45,NORMAL,SYNTHETIC_SCENARIO
ORD-0006665,2026-10-03,Nairobi,DPK,OMC_E,8.97,8.97,NORMAL,SYNTHETIC_SCENARIO
ORD-0006666,2026-10-03,Nairobi,DPK,OMC_F,1.89,1.89,NORMAL,SYNTHETIC_SCENARIO
ORD-0006667,2026-10-04,Nairobi,DPK,OMC_A,17.08,17.08,NORMAL,SYNTHETIC_SCENARIO
ORD-0006668,2026-10-04,Nairobi,DPK,OMC_B,19.72,19.72,NORMAL,SYNTHETIC_SCENARIO
ORD-0006669,2026-10-04,Nairobi,DPK,OMC_C,18.3,18.3,NORMAL,SYNTHETIC_SCENARIO
ORD-0006670,2026-10-04,Nairobi,DPK,OMC_D,7.09,7.09,NORMAL,SYNTHETIC_SCENARIO
ORD-0006671,2026-10-04,Nairobi,DPK,OMC_E,6.51,6.51,NORMAL,SYNTHETIC_SCENARIO
ORD-0006672,2026-10-04,Nairobi,DPK,OMC_F,1.11,1.11,NORMAL,SYNTHETIC_SCENARIO
ORD-0006673,2026-10-05,Nairobi,DPK,OMC_A,6.03,6.03,NORMAL,SYNTHETIC_SCENARIO
ORD-0006674,2026-10-05,Nairobi,DPK,OMC_B,32.47,32.47,NORMAL,SYNTHETIC_SCENARIO
ORD-0006675,2026-10-05,Nairobi,DPK,OMC_C,4.95,4.95,NORMAL,SYNTHETIC_SCENARIO
ORD-0006676,2026-10-05,Nairobi,DPK,OMC_D,7.72,7.72,HIGH,SYNTHETIC_SCENARIO
ORD-0006677,2026-10-05,Nairobi,DPK,OMC_E,24.8,24.8,NORMAL,SYNTHETIC_SCENARIO
ORD-0006678,2026-10-05,Nairobi,DPK,OMC_F,0.97,0.97,NORMAL,SYNTHETIC_SCENARIO
ORD-0006679,2026-10-06,Nairobi,DPK,OMC_A,15.42,15.42,NORMAL,SYNTHETIC_SCENARIO
ORD-0006680,2026-10-06,Nairobi,DPK,OMC_B,18.27,18.27,NORMAL,SYNTHETIC_SCENARIO
ORD-0006681,2026-10-06,Nairobi,DPK,OMC_C,19.63,19.63,HIGH,SYNTHETIC_SCENARIO
ORD-0006682,2026-10-06,Nairobi,DPK,OMC_D,6.93,6.93,NORMAL,SYNTHETIC_SCENARIO
ORD-0006683,2026-10-06,Nairobi,DPK,OMC_E,15.41,15.41,NORMAL,SYNTHETIC_SCENARIO
ORD-0006684,2026-10-06,Nairobi,DPK,OMC_F,0.69,0.69,NORMAL,SYNTHETIC_SCENARIO
ORD-0006685,2026-10-07,Nairobi,DPK,OMC_A,20.38,20.38,HIGH,SYNTHETIC_SCENARIO
ORD-0006686,2026-10-07,Nairobi,DPK,OMC_B,4.9,4.9,NORMAL,SYNTHETIC_SCENARIO
ORD-0006687,2026-10-07,Nairobi,DPK,OMC_C,19.85,19.85,NORMAL,SYNTHETIC_SCENARIO
ORD-0006688,2026-10-07,Nairobi,DPK,OMC_D,14.06,14.06,NORMAL,SYNTHETIC_SCENARIO
ORD-0006689,2026-10-07,Nairobi,DPK,OMC_E,0.04,0.04,NORMAL,SYNTHETIC_SCENARIO
ORD-0006690,2026-10-07,Nairobi,DPK,OMC_F,14.58,14.58,NORMAL,SYNTHETIC_SCENARIO
ORD-0006691,2026-10-08,Nairobi,DPK,OMC_A,15.59,15.59,NORMAL,SYNTHETIC_SCENARIO
ORD-0006692,2026-10-08,Nairobi,DPK,OMC_B,14.4,14.4,NORMAL,SYNTHETIC_SCENARIO
ORD-0006693,2026-10-08,Nairobi,DPK,OMC_C,10.32,10.32,NORMAL,SYNTHETIC_SCENARIO
ORD-0006694,2026-10-08,Nairobi,DPK,OMC_D,10.8,10.8,NORMAL,SYNTHETIC_SCENARIO
ORD-0006695,2026-10-08,Nairobi,DPK,OMC_E,5.39,5.39,NORMAL,SYNTHETIC_SCENARIO
ORD-0006696,2026-10-08,Nairobi,DPK,OMC_F,20.68,20.68,NORMAL,SYNTHETIC_SCENARIO
ORD-0006697,2026-10-09,Nairobi,DPK,OMC_A,15.2,15.2,NORMAL,SYNTHETIC_SCENARIO
ORD-0006698,2026-10-09,Nairobi,DPK,OMC_B,27.75,27.75,HIGH,SYNTHETIC_SCENARIO
ORD-0006699,2026-10-09,Nairobi,DPK,OMC_C,8.26,8.26,NORMAL,SYNTHETIC_SCENARIO
ORD-0006700,2026-10-09,Nairobi,DPK,OMC_D,29.67,29.67,NORMAL,SYNTHETIC_SCENARIO
ORD-0006701,2026-10-09,Nairobi,DPK,OMC_E,1.71,1.71,NORMAL,SYNTHETIC_SCENARIO
ORD-0006702,2026-10-09,Nairobi,DPK,OMC_F,3.44,3.44,NORMAL,SYNTHETIC_SCENARIO
ORD-0006703,2026-10-10,Nairobi,DPK,OMC_A,23.06,23.06,HIGH,SYNTHETIC_SCENARIO
ORD-0006704,2026-10-10,Nairobi,DPK,OMC_B,19.29,19.29,NORMAL,SYNTHETIC_SCENARIO
ORD-0006705,2026-10-10,Nairobi,DPK,OMC_C,13.72,13.72,NORMAL,SYNTHETIC_SCENARIO
ORD-0006706,2026-10-10,Nairobi,DPK,OMC_D,14.39,14.39,NORMAL,SYNTHETIC_SCENARIO
ORD-0006707,2026-10-10,Nairobi,DPK,OMC_E,3.52,3.52,NORMAL,SYNTHETIC_SCENARIO
ORD-0006708,2026-10-10,Nairobi,DPK,OMC_F,4.55,4.55,NORMAL,SYNTHETIC_SCENARIO
ORD-0006709,2026-10-11,Nairobi,DPK,OMC_A,9.42,9.42,HIGH,SYNTHETIC_SCENARIO
ORD-0006710,2026-10-11,Nairobi,DPK,OMC_B,22.23,22.23,NORMAL,SYNTHETIC_SCENARIO
ORD-0006711,2026-10-11,Nairobi,DPK,OMC_C,10.23,10.23,NORMAL,SYNTHETIC_SCENARIO
ORD-0006712,2026-10-11,Nairobi,DPK,OMC_D,16.59,16.59,NORMAL,SYNTHETIC_SCENARIO
ORD-0006713,2026-10-11,Nairobi,DPK,OMC_E,2.79,2.79,NORMAL,SYNTHETIC_SCENARIO
ORD-0006714,2026-10-11,Nairobi,DPK,OMC_F,6.37,6.37,HIGH,SYNTHETIC_SCENARIO
ORD-0006715,2026-10-12,Nairobi,DPK,OMC_A,30.31,30.31,NORMAL,SYNTHETIC_SCENARIO
ORD-0006716,2026-10-12,Nairobi,DPK,OMC_B,26.35,26.35,NORMAL,SYNTHETIC_SCENARIO
ORD-0006717,2026-10-12,Nairobi,DPK,OMC_C,6.32,6.32,NORMAL,SYNTHETIC_SCENARIO
ORD-0006718,2026-10-12,Nairobi,DPK,OMC_D,7.7,7.7,NORMAL,SYNTHETIC_SCENARIO
ORD-0006719,2026-10-12,Nairobi,DPK,OMC_E,5.48,5.48,NORMAL,SYNTHETIC_SCENARIO
ORD-0006720,2026-10-12,Nairobi,DPK,OMC_F,6.34,6.34,NORMAL,SYNTHETIC_SCENARIO
ORD-0006721,2026-10-13,Nairobi,DPK,OMC_A,30.23,30.23,NORMAL,SYNTHETIC_SCENARIO
ORD-0006722,2026-10-13,Nairobi,DPK,OMC_B,11.45,11.45,NORMAL,SYNTHETIC_SCENARIO
ORD-0006723,2026-10-13,Nairobi,DPK,OMC_C,5.53,5.53,NORMAL,SYNTHETIC_SCENARIO
ORD-0006724,2026-10-13,Nairobi,DPK,OMC_D,17.98,17.98,NORMAL,SYNTHETIC_SCENARIO
ORD-0006725,2026-10-13,Nairobi,DPK,OMC_E,2.54,2.54,NORMAL,SYNTHETIC_SCENARIO
ORD-0006726,2026-10-13,Nairobi,DPK,OMC_F,14.36,14.36,NORMAL,SYNTHETIC_SCENARIO
ORD-0006727,2026-10-14,Nairobi,DPK,OMC_A,34.93,34.93,NORMAL,SYNTHETIC_SCENARIO
ORD-0006728,2026-10-14,Nairobi,DPK,OMC_B,22.62,22.62,NORMAL,SYNTHETIC_SCENARIO
ORD-0006729,2026-10-14,Nairobi,DPK,OMC_C,2.82,2.82,NORMAL,SYNTHETIC_SCENARIO
ORD-0006730,2026-10-14,Nairobi,DPK,OMC_D,4.04,4.04,NORMAL,SYNTHETIC_SCENARIO
ORD-0006731,2026-10-14,Nairobi,DPK,OMC_E,6.26,6.26,NORMAL,SYNTHETIC_SCENARIO
ORD-0006732,2026-10-14,Nairobi,DPK,OMC_F,5.13,5.13,NORMAL,SYNTHETIC_SCENARIO
ORD-0006733,2026-10-15,Nairobi,DPK,OMC_A,7.72,7.72,NORMAL,SYNTHETIC_SCENARIO
ORD-0006734,2026-10-15,Nairobi,DPK,OMC_B,12.28,12.28,NORMAL,SYNTHETIC_SCENARIO
ORD-0006735,2026-10-15,Nairobi,DPK,OMC_C,3.08,3.08,NORMAL,SYNTHETIC_SCENARIO
ORD-0006736,2026-10-15,Nairobi,DPK,OMC_D,16.84,16.84,NORMAL,SYNTHETIC_SCENARIO
ORD-0006737,2026-10-15,Nairobi,DPK,OMC_E,12.93,12.93,NORMAL,SYNTHETIC_SCENARIO
ORD-0006738,2026-10-15,Nairobi,DPK,OMC_F,24.21,24.21,NORMAL,SYNTHETIC_SCENARIO
ORD-0006739,2026-10-16,Nairobi,DPK,OMC_A,20.0,20.0,NORMAL,SYNTHETIC_SCENARIO
ORD-0006740,2026-10-16,Nairobi,DPK,OMC_B,27.55,27.55,NORMAL,SYNTHETIC_SCENARIO
ORD-0006741,2026-10-16,Nairobi,DPK,OMC_C,8.14,8.14,NORMAL,SYNTHETIC_SCENARIO
ORD-0006742,2026-10-16,Nairobi,DPK,OMC_D,7.95,7.95,NORMAL,SYNTHETIC_SCENARIO
ORD-0006743,2026-10-16,Nairobi,DPK,OMC_E,1.33,1.33,NORMAL,SYNTHETIC_SCENARIO
ORD-0006744,2026-10-16,Nairobi,DPK,OMC_F,12.18,12.18,NORMAL,SYNTHETIC_SCENARIO
ORD-0006745,2026-10-17,Nairobi,DPK,OMC_A,20.52,20.52,NORMAL,SYNTHETIC_SCENARIO
ORD-0006746,2026-10-17,Nairobi,DPK,OMC_B,4.03,4.03,NORMAL,SYNTHETIC_SCENARIO
ORD-0006747,2026-10-17,Nairobi,DPK,OMC_C,3.2,3.2,NORMAL,SYNTHETIC_SCENARIO
ORD-0006748,2026-10-17,Nairobi,DPK,OMC_D,36.66,36.66,NORMAL,SYNTHETIC_SCENARIO
ORD-0006749,2026-10-17,Nairobi,DPK,OMC_E,7.57,7.57,NORMAL,SYNTHETIC_SCENARIO
ORD-0006750,2026-10-17,Nairobi,DPK,OMC_F,1.25,1.25,HIGH,SYNTHETIC_SCENARIO
ORD-0006751,2026-10-18,Nairobi,DPK,OMC_A,7.48,7.48,NORMAL,SYNTHETIC_SCENARIO
ORD-0006752,2026-10-18,Nairobi,DPK,OMC_B,24.55,24.55,NORMAL,SYNTHETIC_SCENARIO
ORD-0006753,2026-10-18,Nairobi,DPK,OMC_C,15.93,15.93,NORMAL,SYNTHETIC_SCENARIO
ORD-0006754,2026-10-18,Nairobi,DPK,OMC_D,7.04,7.04,NORMAL,SYNTHETIC_SCENARIO
ORD-0006755,2026-10-18,Nairobi,DPK,OMC_E,2.94,2.94,NORMAL,SYNTHETIC_SCENARIO
ORD-0006756,2026-10-18,Nairobi,DPK,OMC_F,2.39,2.39,NORMAL,SYNTHETIC_SCENARIO
ORD-0006757,2026-10-19,Nairobi,DPK,OMC_A,12.24,12.24,NORMAL,SYNTHETIC_SCENARIO
ORD-0006758,2026-10-19,Nairobi,DPK,OMC_B,18.61,18.61,NORMAL,SYNTHETIC_SCENARIO
ORD-0006759,2026-10-19,Nairobi,DPK,OMC_C,9.33,9.33,NORMAL,SYNTHETIC_SCENARIO
ORD-0006760,2026-10-19,Nairobi,DPK,OMC_D,15.09,15.09,NORMAL,SYNTHETIC_SCENARIO
ORD-0006761,2026-10-19,Nairobi,DPK,OMC_E,11.83,11.83,HIGH,SYNTHETIC_SCENARIO
ORD-0006762,2026-10-19,Nairobi,DPK,OMC_F,12.76,12.76,NORMAL,SYNTHETIC_SCENARIO
ORD-0006763,2026-10-20,Nairobi,DPK,OMC_A,19.27,19.27,NORMAL,SYNTHETIC_SCENARIO
ORD-0006764,2026-10-20,Nairobi,DPK,OMC_B,12.31,12.31,HIGH,SYNTHETIC_SCENARIO
ORD-0006765,2026-10-20,Nairobi,DPK,OMC_C,5.72,5.72,NORMAL,SYNTHETIC_SCENARIO
ORD-0006766,2026-10-20,Nairobi,DPK,OMC_D,18.19,18.19,NORMAL,SYNTHETIC_SCENARIO
ORD-0006767,2026-10-20,Nairobi,DPK,OMC_E,16.67,16.67,NORMAL,SYNTHETIC_SCENARIO
ORD-0006768,2026-10-20,Nairobi,DPK,OMC_F,4.69,4.69,NORMAL,SYNTHETIC_SCENARIO
ORD-0006769,2026-10-21,Nairobi,DPK,OMC_A,24.1,24.1,NORMAL,SYNTHETIC_SCENARIO
ORD-0006770,2026-10-21,Nairobi,DPK,OMC_B,21.6,21.6,NORMAL,SYNTHETIC_SCENARIO
ORD-0006771,2026-10-21,Nairobi,DPK,OMC_C,15.06,15.06,NORMAL,SYNTHETIC_SCENARIO
ORD-0006772,2026-10-21,Nairobi,DPK,OMC_D,13.45,13.45,NORMAL,SYNTHETIC_SCENARIO
ORD-0006773,2026-10-21,Nairobi,DPK,OMC_E,0.15,0.15,NORMAL,SYNTHETIC_SCENARIO
ORD-0006774,2026-10-21,Nairobi,DPK,OMC_F,3.97,3.97,NORMAL,SYNTHETIC_SCENARIO
ORD-0006775,2026-10-22,Nairobi,DPK,OMC_A,47.02,47.02,NORMAL,SYNTHETIC_SCENARIO
ORD-0006776,2026-10-22,Nairobi,DPK,OMC_B,18.09,18.09,NORMAL,SYNTHETIC_SCENARIO
ORD-0006777,2026-10-22,Nairobi,DPK,OMC_C,3.24,3.24,NORMAL,SYNTHETIC_SCENARIO
ORD-0006778,2026-10-22,Nairobi,DPK,OMC_D,5.73,5.73,NORMAL,SYNTHETIC_SCENARIO
ORD-0006779,2026-10-22,Nairobi,DPK,OMC_E,1.55,1.55,NORMAL,SYNTHETIC_SCENARIO
ORD-0006780,2026-10-22,Nairobi,DPK,OMC_F,3.33,3.33,NORMAL,SYNTHETIC_SCENARIO
ORD-0006781,2026-10-23,Nairobi,DPK,OMC_A,32.23,32.23,NORMAL,SYNTHETIC_SCENARIO
ORD-0006782,2026-10-23,Nairobi,DPK,OMC_B,9.51,9.51,NORMAL,SYNTHETIC_SCENARIO
ORD-0006783,2026-10-23,Nairobi,DPK,OMC_C,16.81,16.81,NORMAL,SYNTHETIC_SCENARIO
ORD-0006784,2026-10-23,Nairobi,DPK,OMC_D,18.42,18.42,NORMAL,SYNTHETIC_SCENARIO
ORD-0006785,2026-10-23,Nairobi,DPK,OMC_E,3.07,3.07,HIGH,SYNTHETIC_SCENARIO
ORD-0006786,2026-10-23,Nairobi,DPK,OMC_F,0.47,0.47,NORMAL,SYNTHETIC_SCENARIO
ORD-0006787,2026-10-24,Nairobi,DPK,OMC_A,9.95,9.95,NORMAL,SYNTHETIC_SCENARIO
ORD-0006788,2026-10-24,Nairobi,DPK,OMC_B,13.16,13.16,NORMAL,SYNTHETIC_SCENARIO
ORD-0006789,2026-10-24,Nairobi,DPK,OMC_C,20.54,20.54,NORMAL,SYNTHETIC_SCENARIO
ORD-0006790,2026-10-24,Nairobi,DPK,OMC_D,17.54,17.54,NORMAL,SYNTHETIC_SCENARIO
ORD-0006791,2026-10-24,Nairobi,DPK,OMC_E,9.41,9.41,NORMAL,SYNTHETIC_SCENARIO
ORD-0006792,2026-10-24,Nairobi,DPK,OMC_F,2.13,2.13,NORMAL,SYNTHETIC_SCENARIO
ORD-0006793,2026-10-25,Nairobi,DPK,OMC_A,21.12,21.12,NORMAL,SYNTHETIC_SCENARIO
ORD-0006794,2026-10-25,Nairobi,DPK,OMC_B,27.12,27.12,NORMAL,SYNTHETIC_SCENARIO
ORD-0006795,2026-10-25,Nairobi,DPK,OMC_C,4.06,4.06,NORMAL,SYNTHETIC_SCENARIO
ORD-0006796,2026-10-25,Nairobi,DPK,OMC_D,4.04,4.04,NORMAL,SYNTHETIC_SCENARIO
ORD-0006797,2026-10-25,Nairobi,DPK,OMC_E,6.03,6.03,NORMAL,SYNTHETIC_SCENARIO
ORD-0006798,2026-10-25,Nairobi,DPK,OMC_F,9.04,9.04,NORMAL,SYNTHETIC_SCENARIO
ORD-0006799,2026-10-26,Nairobi,DPK,OMC_A,15.82,15.82,NORMAL,SYNTHETIC_SCENARIO
ORD-0006800,2026-10-26,Nairobi,DPK,OMC_B,10.04,10.04,NORMAL,SYNTHETIC_SCENARIO
ORD-0006801,2026-10-26,Nairobi,DPK,OMC_C,36.36,36.36,NORMAL,SYNTHETIC_SCENARIO
ORD-0006802,2026-10-26,Nairobi,DPK,OMC_D,3.1,3.1,NORMAL,SYNTHETIC_SCENARIO
ORD-0006803,2026-10-26,Nairobi,DPK,OMC_E,5.52,5.52,NORMAL,SYNTHETIC_SCENARIO
ORD-0006804,2026-10-26,Nairobi,DPK,OMC_F,12.25,12.25,NORMAL,SYNTHETIC_SCENARIO
ORD-0006805,2026-10-27,Nairobi,DPK,OMC_A,26.61,26.61,NORMAL,SYNTHETIC_SCENARIO
ORD-0006806,2026-10-27,Nairobi,DPK,OMC_B,18.08,18.08,NORMAL,SYNTHETIC_SCENARIO
ORD-0006807,2026-10-27,Nairobi,DPK,OMC_C,16.39,16.39,NORMAL,SYNTHETIC_SCENARIO
ORD-0006808,2026-10-27,Nairobi,DPK,OMC_D,5.86,5.86,NORMAL,SYNTHETIC_SCENARIO
ORD-0006809,2026-10-27,Nairobi,DPK,OMC_E,2.98,2.98,NORMAL,SYNTHETIC_SCENARIO
ORD-0006810,2026-10-27,Nairobi,DPK,OMC_F,7.05,7.05,NORMAL,SYNTHETIC_SCENARIO
ORD-0006811,2026-10-28,Nairobi,DPK,OMC_A,26.01,26.01,NORMAL,SYNTHETIC_SCENARIO
ORD-0006812,2026-10-28,Nairobi,DPK,OMC_B,12.03,12.03,NORMAL,SYNTHETIC_SCENARIO
ORD-0006813,2026-10-28,Nairobi,DPK,OMC_C,11.6,11.6,NORMAL,SYNTHETIC_SCENARIO
ORD-0006814,2026-10-28,Nairobi,DPK,OMC_D,2.31,2.31,NORMAL,SYNTHETIC_SCENARIO
ORD-0006815,2026-10-28,Nairobi,DPK,OMC_E,25.77,25.77,NORMAL,SYNTHETIC_SCENARIO
ORD-0006816,2026-10-28,Nairobi,DPK,OMC_F,2.59,2.59,NORMAL,SYNTHETIC_SCENARIO
ORD-0006817,2026-10-29,Nairobi,DPK,OMC_A,20.77,20.77,NORMAL,SYNTHETIC_SCENARIO
ORD-0006818,2026-10-29,Nairobi,DPK,OMC_B,22.76,22.76,NORMAL,SYNTHETIC_SCENARIO
ORD-0006819,2026-10-29,Nairobi,DPK,OMC_C,12.28,12.28,NORMAL,SYNTHETIC_SCENARIO
ORD-0006820,2026-10-29,Nairobi,DPK,OMC_D,9.59,9.59,NORMAL,SYNTHETIC_SCENARIO
ORD-0006821,2026-10-29,Nairobi,DPK,OMC_E,6.83,6.83,NORMAL,SYNTHETIC_SCENARIO
ORD-0006822,2026-10-29,Nairobi,DPK,OMC_F,9.7,9.7,NORMAL,SYNTHETIC_SCENARIO
ORD-0006823,2026-10-30,Nairobi,DPK,OMC_A,27.34,27.34,NORMAL,SYNTHETIC_SCENARIO
ORD-0006824,2026-10-30,Nairobi,DPK,OMC_B,26.94,26.94,NORMAL,SYNTHETIC_SCENARIO
ORD-0006825,2026-10-30,Nairobi,DPK,OMC_C,21.85,21.85,HIGH,SYNTHETIC_SCENARIO
ORD-0006826,2026-10-30,Nairobi,DPK,OMC_D,11.8,11.8,NORMAL,SYNTHETIC_SCENARIO
ORD-0006827,2026-10-30,Nairobi,DPK,OMC_E,2.79,2.79,NORMAL,SYNTHETIC_SCENARIO
ORD-0006828,2026-10-30,Nairobi,DPK,OMC_F,1.71,1.71,NORMAL,SYNTHETIC_SCENARIO
ORD-0006829,2026-10-31,Nairobi,DPK,OMC_A,21.3,21.3,NORMAL,SYNTHETIC_SCENARIO
ORD-0006830,2026-10-31,Nairobi,DPK,OMC_B,13.87,13.87,NORMAL,SYNTHETIC_SCENARIO
ORD-0006831,2026-10-31,Nairobi,DPK,OMC_C,6.53,6.53,NORMAL,SYNTHETIC_SCENARIO
ORD-0006832,2026-10-31,Nairobi,DPK,OMC_D,7.25,7.25,NORMAL,SYNTHETIC_SCENARIO
ORD-0006833,2026-10-31,Nairobi,DPK,OMC_E,3.64,3.64,NORMAL,SYNTHETIC_SCENARIO
ORD-0006834,2026-10-31,Nairobi,DPK,OMC_F,22.79,22.79,NORMAL,SYNTHETIC_SCENARIO
ORD-0006835,2026-11-01,Nairobi,DPK,OMC_A,7.54,7.54,NORMAL,SYNTHETIC_SCENARIO
ORD-0006836,2026-11-01,Nairobi,DPK,OMC_B,8.23,8.23,NORMAL,SYNTHETIC_SCENARIO
ORD-0006837,2026-11-01,Nairobi,DPK,OMC_C,28.22,28.22,NORMAL,SYNTHETIC_SCENARIO
ORD-0006838,2026-11-01,Nairobi,DPK,OMC_D,11.16,11.16,NORMAL,SYNTHETIC_SCENARIO
ORD-0006839,2026-11-01,Nairobi,DPK,OMC_E,6.48,6.48,NORMAL,SYNTHETIC_SCENARIO
ORD-0006840,2026-11-01,Nairobi,DPK,OMC_F,2.33,2.33,NORMAL,SYNTHETIC_SCENARIO
ORD-0006841,2026-11-02,Nairobi,DPK,OMC_A,21.05,21.05,NORMAL,SYNTHETIC_SCENARIO
ORD-0006842,2026-11-02,Nairobi,DPK,OMC_B,25.59,25.59,NORMAL,SYNTHETIC_SCENARIO
ORD-0006843,2026-11-02,Nairobi,DPK,OMC_C,25.84,25.84,NORMAL,SYNTHETIC_SCENARIO
ORD-0006844,2026-11-02,Nairobi,DPK,OMC_D,2.79,2.79,NORMAL,SYNTHETIC_SCENARIO
ORD-0006845,2026-11-02,Nairobi,DPK,OMC_E,2.4,2.4,HIGH,SYNTHETIC_SCENARIO
ORD-0006846,2026-11-02,Nairobi,DPK,OMC_F,1.18,1.18,NORMAL,SYNTHETIC_SCENARIO
ORD-0006847,2026-11-03,Nairobi,DPK,OMC_A,27.4,27.4,NORMAL,SYNTHETIC_SCENARIO
ORD-0006848,2026-11-03,Nairobi,DPK,OMC_B,10.32,10.32,NORMAL,SYNTHETIC_SCENARIO
ORD-0006849,2026-11-03,Nairobi,DPK,OMC_C,21.3,21.3,NORMAL,SYNTHETIC_SCENARIO
ORD-0006850,2026-11-03,Nairobi,DPK,OMC_D,20.22,20.22,NORMAL,SYNTHETIC_SCENARIO
ORD-0006851,2026-11-03,Nairobi,DPK,OMC_E,0.33,0.33,NORMAL,SYNTHETIC_SCENARIO
ORD-0006852,2026-11-03,Nairobi,DPK,OMC_F,0.97,0.97,NORMAL,SYNTHETIC_SCENARIO
ORD-0006853,2026-11-04,Nairobi,DPK,OMC_A,38.43,38.43,NORMAL,SYNTHETIC_SCENARIO
ORD-0006854,2026-11-04,Nairobi,DPK,OMC_B,10.24,10.24,NORMAL,SYNTHETIC_SCENARIO
ORD-0006855,2026-11-04,Nairobi,DPK,OMC_C,7.53,7.53,NORMAL,SYNTHETIC_SCENARIO
ORD-0006856,2026-11-04,Nairobi,DPK,OMC_D,14.53,14.53,NORMAL,SYNTHETIC_SCENARIO
ORD-0006857,2026-11-04,Nairobi,DPK,OMC_E,8.03,8.03,NORMAL,SYNTHETIC_SCENARIO
ORD-0006858,2026-11-04,Nairobi,DPK,OMC_F,0.66,0.66,NORMAL,SYNTHETIC_SCENARIO
ORD-0006859,2026-11-05,Nairobi,DPK,OMC_A,8.01,8.01,NORMAL,SYNTHETIC_SCENARIO
ORD-0006860,2026-11-05,Nairobi,DPK,OMC_B,20.22,20.22,NORMAL,SYNTHETIC_SCENARIO
ORD-0006861,2026-11-05,Nairobi,DPK,OMC_C,18.5,18.5,NORMAL,SYNTHETIC_SCENARIO
ORD-0006862,2026-11-05,Nairobi,DPK,OMC_D,5.1,5.1,NORMAL,SYNTHETIC_SCENARIO
ORD-0006863,2026-11-05,Nairobi,DPK,OMC_E,9.96,9.96,NORMAL,SYNTHETIC_SCENARIO
ORD-0006864,2026-11-05,Nairobi,DPK,OMC_F,5.67,5.67,NORMAL,SYNTHETIC_SCENARIO
ORD-0006865,2026-11-06,Nairobi,DPK,OMC_A,34.12,34.12,NORMAL,SYNTHETIC_SCENARIO
ORD-0006866,2026-11-06,Nairobi,DPK,OMC_B,17.66,17.66,NORMAL,SYNTHETIC_SCENARIO
ORD-0006867,2026-11-06,Nairobi,DPK,OMC_C,12.87,12.87,NORMAL,SYNTHETIC_SCENARIO
ORD-0006868,2026-11-06,Nairobi,DPK,OMC_D,7.51,7.51,NORMAL,SYNTHETIC_SCENARIO
ORD-0006869,2026-11-06,Nairobi,DPK,OMC_E,9.14,9.14,NORMAL,SYNTHETIC_SCENARIO
ORD-0006870,2026-11-06,Nairobi,DPK,OMC_F,2.15,2.15,NORMAL,SYNTHETIC_SCENARIO
ORD-0006871,2026-11-07,Nairobi,DPK,OMC_A,10.41,10.41,NORMAL,SYNTHETIC_SCENARIO
ORD-0006872,2026-11-07,Nairobi,DPK,OMC_B,30.68,30.68,NORMAL,SYNTHETIC_SCENARIO
ORD-0006873,2026-11-07,Nairobi,DPK,OMC_C,12.22,12.22,NORMAL,SYNTHETIC_SCENARIO
ORD-0006874,2026-11-07,Nairobi,DPK,OMC_D,6.62,6.62,NORMAL,SYNTHETIC_SCENARIO
ORD-0006875,2026-11-07,Nairobi,DPK,OMC_E,2.44,2.44,NORMAL,SYNTHETIC_SCENARIO
ORD-0006876,2026-11-07,Nairobi,DPK,OMC_F,5.41,5.41,NORMAL,SYNTHETIC_SCENARIO
ORD-0006877,2026-11-08,Nairobi,DPK,OMC_A,12.48,12.48,NORMAL,SYNTHETIC_SCENARIO
ORD-0006878,2026-11-08,Nairobi,DPK,OMC_B,8.08,8.08,HIGH,SYNTHETIC_SCENARIO
ORD-0006879,2026-11-08,Nairobi,DPK,OMC_C,26.22,26.22,HIGH,SYNTHETIC_SCENARIO
ORD-0006880,2026-11-08,Nairobi,DPK,OMC_D,5.55,5.55,NORMAL,SYNTHETIC_SCENARIO
ORD-0006881,2026-11-08,Nairobi,DPK,OMC_E,10.75,10.75,NORMAL,SYNTHETIC_SCENARIO
ORD-0006882,2026-11-08,Nairobi,DPK,OMC_F,2.03,2.03,NORMAL,SYNTHETIC_SCENARIO
ORD-0006883,2026-11-09,Nairobi,DPK,OMC_A,11.4,11.4,NORMAL,SYNTHETIC_SCENARIO
ORD-0006884,2026-11-09,Nairobi,DPK,OMC_B,2.72,2.72,NORMAL,SYNTHETIC_SCENARIO
ORD-0006885,2026-11-09,Nairobi,DPK,OMC_C,9.79,9.79,NORMAL,SYNTHETIC_SCENARIO
ORD-0006886,2026-11-09,Nairobi,DPK,OMC_D,41.07,41.07,NORMAL,SYNTHETIC_SCENARIO
ORD-0006887,2026-11-09,Nairobi,DPK,OMC_E,4.54,4.54,NORMAL,SYNTHETIC_SCENARIO
ORD-0006888,2026-11-09,Nairobi,DPK,OMC_F,5.78,5.78,HIGH,SYNTHETIC_SCENARIO
ORD-0006889,2026-11-10,Nairobi,DPK,OMC_A,16.1,16.1,NORMAL,SYNTHETIC_SCENARIO
ORD-0006890,2026-11-10,Nairobi,DPK,OMC_B,18.74,18.74,NORMAL,SYNTHETIC_SCENARIO
ORD-0006891,2026-11-10,Nairobi,DPK,OMC_C,9.45,9.45,HIGH,SYNTHETIC_SCENARIO
ORD-0006892,2026-11-10,Nairobi,DPK,OMC_D,4.82,4.82,NORMAL,SYNTHETIC_SCENARIO
ORD-0006893,2026-11-10,Nairobi,DPK,OMC_E,6.46,6.46,NORMAL,SYNTHETIC_SCENARIO
ORD-0006894,2026-11-10,Nairobi,DPK,OMC_F,20.15,20.15,NORMAL,SYNTHETIC_SCENARIO
ORD-0006895,2026-11-11,Nairobi,DPK,OMC_A,21.2,21.2,NORMAL,SYNTHETIC_SCENARIO
ORD-0006896,2026-11-11,Nairobi,DPK,OMC_B,18.51,18.51,NORMAL,SYNTHETIC_SCENARIO
ORD-0006897,2026-11-11,Nairobi,DPK,OMC_C,8.99,8.99,NORMAL,SYNTHETIC_SCENARIO
ORD-0006898,2026-11-11,Nairobi,DPK,OMC_D,8.31,8.31,NORMAL,SYNTHETIC_SCENARIO
ORD-0006899,2026-11-11,Nairobi,DPK,OMC_E,9.18,9.18,NORMAL,SYNTHETIC_SCENARIO
ORD-0006900,2026-11-11,Nairobi,DPK,OMC_F,7.65,7.65,NORMAL,SYNTHETIC_SCENARIO
ORD-0006901,2026-11-12,Nairobi,DPK,OMC_A,38.09,38.09,NORMAL,SYNTHETIC_SCENARIO
ORD-0006902,2026-11-12,Nairobi,DPK,OMC_B,4.72,4.72,NORMAL,SYNTHETIC_SCENARIO
ORD-0006903,2026-11-12,Nairobi,DPK,OMC_C,4.06,4.06,NORMAL,SYNTHETIC_SCENARIO
ORD-0006904,2026-11-12,Nairobi,DPK,OMC_D,17.71,17.71,NORMAL,SYNTHETIC_SCENARIO
ORD-0006905,2026-11-12,Nairobi,DPK,OMC_E,0.72,0.72,NORMAL,SYNTHETIC_SCENARIO
ORD-0006906,2026-11-12,Nairobi,DPK,OMC_F,2.31,2.31,HIGH,SYNTHETIC_SCENARIO
ORD-0006907,2026-11-13,Nairobi,DPK,OMC_A,14.96,14.96,NORMAL,SYNTHETIC_SCENARIO
ORD-0006908,2026-11-13,Nairobi,DPK,OMC_B,28.9,28.9,NORMAL,SYNTHETIC_SCENARIO
ORD-0006909,2026-11-13,Nairobi,DPK,OMC_C,14.42,14.42,NORMAL,SYNTHETIC_SCENARIO
ORD-0006910,2026-11-13,Nairobi,DPK,OMC_D,14.21,14.21,NORMAL,SYNTHETIC_SCENARIO
ORD-0006911,2026-11-13,Nairobi,DPK,OMC_E,4.4,4.4,NORMAL,SYNTHETIC_SCENARIO
ORD-0006912,2026-11-13,Nairobi,DPK,OMC_F,3.47,3.47,NORMAL,SYNTHETIC_SCENARIO
ORD-0006913,2026-11-14,Nairobi,DPK,OMC_A,12.8,12.8,NORMAL,SYNTHETIC_SCENARIO
ORD-0006914,2026-11-14,Nairobi,DPK,OMC_B,7.26,7.26,NORMAL,SYNTHETIC_SCENARIO
ORD-0006915,2026-11-14,Nairobi,DPK,OMC_C,5.78,5.78,NORMAL,SYNTHETIC_SCENARIO
ORD-0006916,2026-11-14,Nairobi,DPK,OMC_D,18.43,18.43,NORMAL,SYNTHETIC_SCENARIO
ORD-0006917,2026-11-14,Nairobi,DPK,OMC_E,10.98,10.98,NORMAL,SYNTHETIC_SCENARIO
ORD-0006918,2026-11-14,Nairobi,DPK,OMC_F,8.61,8.61,NORMAL,SYNTHETIC_SCENARIO
ORD-0006919,2026-11-15,Nairobi,DPK,OMC_A,12.15,12.15,NORMAL,SYNTHETIC_SCENARIO
ORD-0006920,2026-11-15,Nairobi,DPK,OMC_B,8.71,8.71,NORMAL,SYNTHETIC_SCENARIO
ORD-0006921,2026-11-15,Nairobi,DPK,OMC_C,11.97,11.97,NORMAL,SYNTHETIC_SCENARIO
ORD-0006922,2026-11-15,Nairobi,DPK,OMC_D,8.33,8.33,NORMAL,SYNTHETIC_SCENARIO
ORD-0006923,2026-11-15,Nairobi,DPK,OMC_E,17.51,17.51,NORMAL,SYNTHETIC_SCENARIO
ORD-0006924,2026-11-15,Nairobi,DPK,OMC_F,3.86,3.86,NORMAL,SYNTHETIC_SCENARIO
ORD-0006925,2026-11-16,Nairobi,DPK,OMC_A,21.26,21.26,NORMAL,SYNTHETIC_SCENARIO
ORD-0006926,2026-11-16,Nairobi,DPK,OMC_B,12.69,12.69,NORMAL,SYNTHETIC_SCENARIO
ORD-0006927,2026-11-16,Nairobi,DPK,OMC_C,19.28,19.28,NORMAL,SYNTHETIC_SCENARIO
ORD-0006928,2026-11-16,Nairobi,DPK,OMC_D,6.14,6.14,NORMAL,SYNTHETIC_SCENARIO
ORD-0006929,2026-11-16,Nairobi,DPK,OMC_E,1.67,1.67,NORMAL,SYNTHETIC_SCENARIO
ORD-0006930,2026-11-16,Nairobi,DPK,OMC_F,14.88,14.88,NORMAL,SYNTHETIC_SCENARIO
ORD-0006931,2026-11-17,Nairobi,DPK,OMC_A,12.62,12.62,NORMAL,SYNTHETIC_SCENARIO
ORD-0006932,2026-11-17,Nairobi,DPK,OMC_B,8.68,8.68,NORMAL,SYNTHETIC_SCENARIO
ORD-0006933,2026-11-17,Nairobi,DPK,OMC_C,6.39,6.39,NORMAL,SYNTHETIC_SCENARIO
ORD-0006934,2026-11-17,Nairobi,DPK,OMC_D,17.5,17.5,NORMAL,SYNTHETIC_SCENARIO
ORD-0006935,2026-11-17,Nairobi,DPK,OMC_E,18.8,18.8,NORMAL,SYNTHETIC_SCENARIO
ORD-0006936,2026-11-17,Nairobi,DPK,OMC_F,11.6,11.6,NORMAL,SYNTHETIC_SCENARIO
ORD-0006937,2026-11-18,Nairobi,DPK,OMC_A,20.18,20.18,NORMAL,SYNTHETIC_SCENARIO
ORD-0006938,2026-11-18,Nairobi,DPK,OMC_B,27.03,27.03,NORMAL,SYNTHETIC_SCENARIO
ORD-0006939,2026-11-18,Nairobi,DPK,OMC_C,11.16,11.16,NORMAL,SYNTHETIC_SCENARIO
ORD-0006940,2026-11-18,Nairobi,DPK,OMC_D,12.27,12.27,NORMAL,SYNTHETIC_SCENARIO
ORD-0006941,2026-11-18,Nairobi,DPK,OMC_E,1.67,1.67,NORMAL,SYNTHETIC_SCENARIO
ORD-0006942,2026-11-18,Nairobi,DPK,OMC_F,3.12,3.12,NORMAL,SYNTHETIC_SCENARIO
ORD-0006943,2026-11-19,Nairobi,DPK,OMC_A,11.54,11.54,NORMAL,SYNTHETIC_SCENARIO
ORD-0006944,2026-11-19,Nairobi,DPK,OMC_B,14.09,14.09,NORMAL,SYNTHETIC_SCENARIO
ORD-0006945,2026-11-19,Nairobi,DPK,OMC_C,8.2,8.2,NORMAL,SYNTHETIC_SCENARIO
ORD-0006946,2026-11-19,Nairobi,DPK,OMC_D,16.68,16.68,NORMAL,SYNTHETIC_SCENARIO
ORD-0006947,2026-11-19,Nairobi,DPK,OMC_E,5.01,5.01,HIGH,SYNTHETIC_SCENARIO
ORD-0006948,2026-11-19,Nairobi,DPK,OMC_F,23.45,23.45,NORMAL,SYNTHETIC_SCENARIO
ORD-0006949,2026-11-20,Nairobi,DPK,OMC_A,20.0,20.0,NORMAL,SYNTHETIC_SCENARIO
ORD-0006950,2026-11-20,Nairobi,DPK,OMC_B,12.28,12.28,NORMAL,SYNTHETIC_SCENARIO
ORD-0006951,2026-11-20,Nairobi,DPK,OMC_C,29.54,29.54,HIGH,SYNTHETIC_SCENARIO
ORD-0006952,2026-11-20,Nairobi,DPK,OMC_D,7.7,7.7,NORMAL,SYNTHETIC_SCENARIO
ORD-0006953,2026-11-20,Nairobi,DPK,OMC_E,1.58,1.58,NORMAL,SYNTHETIC_SCENARIO
ORD-0006954,2026-11-20,Nairobi,DPK,OMC_F,6.45,6.45,NORMAL,SYNTHETIC_SCENARIO
ORD-0006955,2026-11-21,Nairobi,DPK,OMC_A,18.31,18.31,HIGH,SYNTHETIC_SCENARIO
ORD-0006956,2026-11-21,Nairobi,DPK,OMC_B,13.57,13.57,HIGH,SYNTHETIC_SCENARIO
ORD-0006957,2026-11-21,Nairobi,DPK,OMC_C,6.91,6.91,NORMAL,SYNTHETIC_SCENARIO
ORD-0006958,2026-11-21,Nairobi,DPK,OMC_D,6.73,6.73,NORMAL,SYNTHETIC_SCENARIO
ORD-0006959,2026-11-21,Nairobi,DPK,OMC_E,14.03,14.03,NORMAL,SYNTHETIC_SCENARIO
ORD-0006960,2026-11-21,Nairobi,DPK,OMC_F,13.47,13.47,NORMAL,SYNTHETIC_SCENARIO
ORD-0006961,2026-11-22,Nairobi,DPK,OMC_A,7.04,7.04,NORMAL,SYNTHETIC_SCENARIO
ORD-0006962,2026-11-22,Nairobi,DPK,OMC_B,22.92,22.92,NORMAL,SYNTHETIC_SCENARIO
ORD-0006963,2026-11-22,Nairobi,DPK,OMC_C,12.7,12.7,NORMAL,SYNTHETIC_SCENARIO
ORD-0006964,2026-11-22,Nairobi,DPK,OMC_D,11.04,11.04,NORMAL,SYNTHETIC_SCENARIO
ORD-0006965,2026-11-22,Nairobi,DPK,OMC_E,1.54,1.54,NORMAL,SYNTHETIC_SCENARIO
ORD-0006966,2026-11-22,Nairobi,DPK,OMC_F,0.52,0.52,NORMAL,SYNTHETIC_SCENARIO
ORD-0006967,2026-11-23,Nairobi,DPK,OMC_A,11.91,11.91,NORMAL,SYNTHETIC_SCENARIO
ORD-0006968,2026-11-23,Nairobi,DPK,OMC_B,30.77,30.77,NORMAL,SYNTHETIC_SCENARIO
ORD-0006969,2026-11-23,Nairobi,DPK,OMC_C,7.7,7.7,NORMAL,SYNTHETIC_SCENARIO
ORD-0006970,2026-11-23,Nairobi,DPK,OMC_D,7.24,7.24,HIGH,SYNTHETIC_SCENARIO
ORD-0006971,2026-11-23,Nairobi,DPK,OMC_E,12.93,12.93,NORMAL,SYNTHETIC_SCENARIO
ORD-0006972,2026-11-23,Nairobi,DPK,OMC_F,2.15,2.15,NORMAL,SYNTHETIC_SCENARIO
ORD-0006973,2026-11-24,Nairobi,DPK,OMC_A,15.75,15.75,NORMAL,SYNTHETIC_SCENARIO
ORD-0006974,2026-11-24,Nairobi,DPK,OMC_B,9.02,9.02,NORMAL,SYNTHETIC_SCENARIO
ORD-0006975,2026-11-24,Nairobi,DPK,OMC_C,20.07,20.07,NORMAL,SYNTHETIC_SCENARIO
ORD-0006976,2026-11-24,Nairobi,DPK,OMC_D,15.39,15.39,NORMAL,SYNTHETIC_SCENARIO
ORD-0006977,2026-11-24,Nairobi,DPK,OMC_E,6.14,6.14,NORMAL,SYNTHETIC_SCENARIO
ORD-0006978,2026-11-24,Nairobi,DPK,OMC_F,1.74,1.74,NORMAL,SYNTHETIC_SCENARIO
ORD-0006979,2026-11-25,Nairobi,DPK,OMC_A,45.32,45.32,NORMAL,SYNTHETIC_SCENARIO
ORD-0006980,2026-11-25,Nairobi,DPK,OMC_B,7.51,7.51,NORMAL,SYNTHETIC_SCENARIO
ORD-0006981,2026-11-25,Nairobi,DPK,OMC_C,18.24,18.24,NORMAL,SYNTHETIC_SCENARIO
ORD-0006982,2026-11-25,Nairobi,DPK,OMC_D,0.49,0.49,HIGH,SYNTHETIC_SCENARIO
ORD-0006983,2026-11-25,Nairobi,DPK,OMC_E,3.94,3.94,NORMAL,SYNTHETIC_SCENARIO
ORD-0006984,2026-11-25,Nairobi,DPK,OMC_F,3.45,3.45,HIGH,SYNTHETIC_SCENARIO
ORD-0006985,2026-11-26,Nairobi,DPK,OMC_A,29.16,29.16,NORMAL,SYNTHETIC_SCENARIO
ORD-0006986,2026-11-26,Nairobi,DPK,OMC_B,5.45,5.45,NORMAL,SYNTHETIC_SCENARIO
ORD-0006987,2026-11-26,Nairobi,DPK,OMC_C,6.76,6.76,HIGH,SYNTHETIC_SCENARIO
ORD-0006988,2026-11-26,Nairobi,DPK,OMC_D,23.22,23.22,NORMAL,SYNTHETIC_SCENARIO
ORD-0006989,2026-11-26,Nairobi,DPK,OMC_E,5.25,5.25,NORMAL,SYNTHETIC_SCENARIO
ORD-0006990,2026-11-26,Nairobi,DPK,OMC_F,2.12,2.12,NORMAL,SYNTHETIC_SCENARIO
ORD-0006991,2026-11-27,Nairobi,DPK,OMC_A,11.95,11.95,NORMAL,SYNTHETIC_SCENARIO
ORD-0006992,2026-11-27,Nairobi,DPK,OMC_B,20.99,20.99,NORMAL,SYNTHETIC_SCENARIO
ORD-0006993,2026-11-27,Nairobi,DPK,OMC_C,15.0,15.0,NORMAL,SYNTHETIC_SCENARIO
ORD-0006994,2026-11-27,Nairobi,DPK,OMC_D,8.27,8.27,NORMAL,SYNTHETIC_SCENARIO
ORD-0006995,2026-11-27,Nairobi,DPK,OMC_E,8.12,8.12,NORMAL,SYNTHETIC_SCENARIO
ORD-0006996,2026-11-27,Nairobi,DPK,OMC_F,13.72,13.72,NORMAL,SYNTHETIC_SCENARIO
ORD-0006997,2026-11-28,Nairobi,DPK,OMC_A,3.4,3.4,NORMAL,SYNTHETIC_SCENARIO
ORD-0006998,2026-11-28,Nairobi,DPK,OMC_B,7.81,7.81,NORMAL,SYNTHETIC_SCENARIO
ORD-0006999,2026-11-28,Nairobi,DPK,OMC_C,9.44,9.44,NORMAL,SYNTHETIC_SCENARIO
ORD-0007000,2026-11-28,Nairobi,DPK,OMC_D,37.35,37.35,NORMAL,SYNTHETIC_SCENARIO
ORD-0007001,2026-11-28,Nairobi,DPK,OMC_E,5.25,5.25,NORMAL,SYNTHETIC_SCENARIO
ORD-0007002,2026-11-28,Nairobi,DPK,OMC_F,0.8,0.8,NORMAL,SYNTHETIC_SCENARIO
ORD-0007003,2026-11-29,Nairobi,DPK,OMC_A,10.31,10.31,NORMAL,SYNTHETIC_SCENARIO
ORD-0007004,2026-11-29,Nairobi,DPK,OMC_B,8.31,8.31,NORMAL,SYNTHETIC_SCENARIO
ORD-0007005,2026-11-29,Nairobi,DPK,OMC_C,22.21,22.21,NORMAL,SYNTHETIC_SCENARIO
ORD-0007006,2026-11-29,Nairobi,DPK,OMC_D,15.16,15.16,NORMAL,SYNTHETIC_SCENARIO
ORD-0007007,2026-11-29,Nairobi,DPK,OMC_E,3.53,3.53,NORMAL,SYNTHETIC_SCENARIO
ORD-0007008,2026-11-29,Nairobi,DPK,OMC_F,0.52,0.52,NORMAL,SYNTHETIC_SCENARIO
ORD-0007009,2026-11-30,Nairobi,DPK,OMC_A,21.71,21.71,NORMAL,SYNTHETIC_SCENARIO
ORD-0007010,2026-11-30,Nairobi,DPK,OMC_B,26.7,26.7,NORMAL,SYNTHETIC_SCENARIO
ORD-0007011,2026-11-30,Nairobi,DPK,OMC_C,5.52,5.52,NORMAL,SYNTHETIC_SCENARIO
ORD-0007012,2026-11-30,Nairobi,DPK,OMC_D,16.48,16.48,NORMAL,SYNTHETIC_SCENARIO
ORD-0007013,2026-11-30,Nairobi,DPK,OMC_E,8.89,8.89,NORMAL,SYNTHETIC_SCENARIO
ORD-0007014,2026-11-30,Nairobi,DPK,OMC_F,1.4,1.4,NORMAL,SYNTHETIC_SCENARIO
ORD-0007015,2026-12-01,Nairobi,DPK,OMC_A,38.61,38.61,NORMAL,SYNTHETIC_SCENARIO
ORD-0007016,2026-12-01,Nairobi,DPK,OMC_B,9.73,9.73,NORMAL,SYNTHETIC_SCENARIO
ORD-0007017,2026-12-01,Nairobi,DPK,OMC_C,1.5,1.5,NORMAL,SYNTHETIC_SCENARIO
ORD-0007018,2026-12-01,Nairobi,DPK,OMC_D,10.27,10.27,HIGH,SYNTHETIC_SCENARIO
ORD-0007019,2026-12-01,Nairobi,DPK,OMC_E,9.09,9.09,NORMAL,SYNTHETIC_SCENARIO
ORD-0007020,2026-12-01,Nairobi,DPK,OMC_F,4.18,4.18,NORMAL,SYNTHETIC_SCENARIO
ORD-0007021,2026-12-02,Nairobi,DPK,OMC_A,18.27,18.27,HIGH,SYNTHETIC_SCENARIO
ORD-0007022,2026-12-02,Nairobi,DPK,OMC_B,14.33,14.33,NORMAL,SYNTHETIC_SCENARIO
ORD-0007023,2026-12-02,Nairobi,DPK,OMC_C,14.78,14.78,NORMAL,SYNTHETIC_SCENARIO
ORD-0007024,2026-12-02,Nairobi,DPK,OMC_D,9.27,9.27,NORMAL,SYNTHETIC_SCENARIO
ORD-0007025,2026-12-02,Nairobi,DPK,OMC_E,13.95,13.95,HIGH,SYNTHETIC_SCENARIO
ORD-0007026,2026-12-02,Nairobi,DPK,OMC_F,8.74,8.74,NORMAL,SYNTHETIC_SCENARIO
ORD-0007027,2026-12-03,Nairobi,DPK,OMC_A,17.24,17.24,NORMAL,SYNTHETIC_SCENARIO
ORD-0007028,2026-12-03,Nairobi,DPK,OMC_B,11.48,11.48,NORMAL,SYNTHETIC_SCENARIO
ORD-0007029,2026-12-03,Nairobi,DPK,OMC_C,12.63,12.63,NORMAL,SYNTHETIC_SCENARIO
ORD-0007030,2026-12-03,Nairobi,DPK,OMC_D,38.96,38.96,NORMAL,SYNTHETIC_SCENARIO
ORD-0007031,2026-12-03,Nairobi,DPK,OMC_E,1.4,1.4,NORMAL,SYNTHETIC_SCENARIO
ORD-0007032,2026-12-03,Nairobi,DPK,OMC_F,0.05,0.05,NORMAL,SYNTHETIC_SCENARIO
ORD-0007033,2026-12-04,Nairobi,DPK,OMC_A,20.09,20.09,NORMAL,SYNTHETIC_SCENARIO
ORD-0007034,2026-12-04,Nairobi,DPK,OMC_B,29.81,29.81,NORMAL,SYNTHETIC_SCENARIO
ORD-0007035,2026-12-04,Nairobi,DPK,OMC_C,9.73,9.73,NORMAL,SYNTHETIC_SCENARIO
ORD-0007036,2026-12-04,Nairobi,DPK,OMC_D,11.91,11.91,NORMAL,SYNTHETIC_SCENARIO
ORD-0007037,2026-12-04,Nairobi,DPK,OMC_E,1.24,1.24,NORMAL,SYNTHETIC_SCENARIO
ORD-0007038,2026-12-04,Nairobi,DPK,OMC_F,13.27,13.27,NORMAL,SYNTHETIC_SCENARIO
ORD-0007039,2026-12-05,Nairobi,DPK,OMC_A,9.68,9.68,NORMAL,SYNTHETIC_SCENARIO
ORD-0007040,2026-12-05,Nairobi,DPK,OMC_B,9.19,9.19,NORMAL,SYNTHETIC_SCENARIO
ORD-0007041,2026-12-05,Nairobi,DPK,OMC_C,5.61,5.61,NORMAL,SYNTHETIC_SCENARIO
ORD-0007042,2026-12-05,Nairobi,DPK,OMC_D,32.1,32.1,NORMAL,SYNTHETIC_SCENARIO
ORD-0007043,2026-12-05,Nairobi,DPK,OMC_E,8.44,8.44,NORMAL,SYNTHETIC_SCENARIO
ORD-0007044,2026-12-05,Nairobi,DPK,OMC_F,4.9,4.9,NORMAL,SYNTHETIC_SCENARIO
ORD-0007045,2026-12-06,Nairobi,DPK,OMC_A,22.51,22.51,NORMAL,SYNTHETIC_SCENARIO
ORD-0007046,2026-12-06,Nairobi,DPK,OMC_B,5.14,5.14,NORMAL,SYNTHETIC_SCENARIO
ORD-0007047,2026-12-06,Nairobi,DPK,OMC_C,12.52,12.52,NORMAL,SYNTHETIC_SCENARIO
ORD-0007048,2026-12-06,Nairobi,DPK,OMC_D,14.8,14.8,NORMAL,SYNTHETIC_SCENARIO
ORD-0007049,2026-12-06,Nairobi,DPK,OMC_E,3.67,3.67,NORMAL,SYNTHETIC_SCENARIO
ORD-0007050,2026-12-06,Nairobi,DPK,OMC_F,4.94,4.94,NORMAL,SYNTHETIC_SCENARIO
ORD-0007051,2026-12-07,Nairobi,DPK,OMC_A,16.83,16.83,NORMAL,SYNTHETIC_SCENARIO
ORD-0007052,2026-12-07,Nairobi,DPK,OMC_B,21.02,21.02,NORMAL,SYNTHETIC_SCENARIO
ORD-0007053,2026-12-07,Nairobi,DPK,OMC_C,6.36,6.36,NORMAL,SYNTHETIC_SCENARIO
ORD-0007054,2026-12-07,Nairobi,DPK,OMC_D,26.86,26.86,NORMAL,SYNTHETIC_SCENARIO
ORD-0007055,2026-12-07,Nairobi,DPK,OMC_E,2.33,2.33,NORMAL,SYNTHETIC_SCENARIO
ORD-0007056,2026-12-07,Nairobi,DPK,OMC_F,4.47,4.47,NORMAL,SYNTHETIC_SCENARIO
ORD-0007057,2026-12-08,Nairobi,DPK,OMC_A,17.05,17.05,NORMAL,SYNTHETIC_SCENARIO
ORD-0007058,2026-12-08,Nairobi,DPK,OMC_B,7.91,7.91,NORMAL,SYNTHETIC_SCENARIO
ORD-0007059,2026-12-08,Nairobi,DPK,OMC_C,37.87,37.87,NORMAL,SYNTHETIC_SCENARIO
ORD-0007060,2026-12-08,Nairobi,DPK,OMC_D,7.66,7.66,HIGH,SYNTHETIC_SCENARIO
ORD-0007061,2026-12-08,Nairobi,DPK,OMC_E,9.48,9.48,HIGH,SYNTHETIC_SCENARIO
ORD-0007062,2026-12-08,Nairobi,DPK,OMC_F,6.63,6.63,NORMAL,SYNTHETIC_SCENARIO
ORD-0007063,2026-12-09,Nairobi,DPK,OMC_A,27.56,27.56,NORMAL,SYNTHETIC_SCENARIO
ORD-0007064,2026-12-09,Nairobi,DPK,OMC_B,11.38,11.38,NORMAL,SYNTHETIC_SCENARIO
ORD-0007065,2026-12-09,Nairobi,DPK,OMC_C,16.06,16.06,NORMAL,SYNTHETIC_SCENARIO
ORD-0007066,2026-12-09,Nairobi,DPK,OMC_D,19.64,19.64,NORMAL,SYNTHETIC_SCENARIO
ORD-0007067,2026-12-09,Nairobi,DPK,OMC_E,6.46,6.46,NORMAL,SYNTHETIC_SCENARIO
ORD-0007068,2026-12-09,Nairobi,DPK,OMC_F,2.27,2.27,NORMAL,SYNTHETIC_SCENARIO
ORD-0007069,2026-12-10,Nairobi,DPK,OMC_A,12.8,12.8,NORMAL,SYNTHETIC_SCENARIO
ORD-0007070,2026-12-10,Nairobi,DPK,OMC_B,21.24,21.24,NORMAL,SYNTHETIC_SCENARIO
ORD-0007071,2026-12-10,Nairobi,DPK,OMC_C,34.36,34.36,HIGH,SYNTHETIC_SCENARIO
ORD-0007072,2026-12-10,Nairobi,DPK,OMC_D,0.6,0.6,NORMAL,SYNTHETIC_SCENARIO
ORD-0007073,2026-12-10,Nairobi,DPK,OMC_E,0.8,0.8,HIGH,SYNTHETIC_SCENARIO
ORD-0007074,2026-12-10,Nairobi,DPK,OMC_F,6.63,6.63,NORMAL,SYNTHETIC_SCENARIO
ORD-0007075,2026-12-11,Nairobi,DPK,OMC_A,20.44,20.44,NORMAL,SYNTHETIC_SCENARIO
ORD-0007076,2026-12-11,Nairobi,DPK,OMC_B,17.87,17.87,NORMAL,SYNTHETIC_SCENARIO
ORD-0007077,2026-12-11,Nairobi,DPK,OMC_C,0.59,0.59,NORMAL,SYNTHETIC_SCENARIO
ORD-0007078,2026-12-11,Nairobi,DPK,OMC_D,29.0,29.0,NORMAL,SYNTHETIC_SCENARIO
ORD-0007079,2026-12-11,Nairobi,DPK,OMC_E,12.14,12.14,NORMAL,SYNTHETIC_SCENARIO
ORD-0007080,2026-12-11,Nairobi,DPK,OMC_F,1.75,1.75,NORMAL,SYNTHETIC_SCENARIO
ORD-0007081,2026-12-12,Nairobi,DPK,OMC_A,27.23,27.23,NORMAL,SYNTHETIC_SCENARIO
ORD-0007082,2026-12-12,Nairobi,DPK,OMC_B,22.62,22.62,NORMAL,SYNTHETIC_SCENARIO
ORD-0007083,2026-12-12,Nairobi,DPK,OMC_C,8.62,8.62,NORMAL,SYNTHETIC_SCENARIO
ORD-0007084,2026-12-12,Nairobi,DPK,OMC_D,12.41,12.41,NORMAL,SYNTHETIC_SCENARIO
ORD-0007085,2026-12-12,Nairobi,DPK,OMC_E,0.39,0.39,NORMAL,SYNTHETIC_SCENARIO
ORD-0007086,2026-12-12,Nairobi,DPK,OMC_F,1.29,1.29,NORMAL,SYNTHETIC_SCENARIO
ORD-0007087,2026-12-13,Nairobi,DPK,OMC_A,15.28,15.28,NORMAL,SYNTHETIC_SCENARIO
ORD-0007088,2026-12-13,Nairobi,DPK,OMC_B,21.19,21.19,NORMAL,SYNTHETIC_SCENARIO
ORD-0007089,2026-12-13,Nairobi,DPK,OMC_C,10.32,10.32,NORMAL,SYNTHETIC_SCENARIO
ORD-0007090,2026-12-13,Nairobi,DPK,OMC_D,6.32,6.32,NORMAL,SYNTHETIC_SCENARIO
ORD-0007091,2026-12-13,Nairobi,DPK,OMC_E,8.76,8.76,NORMAL,SYNTHETIC_SCENARIO
ORD-0007092,2026-12-13,Nairobi,DPK,OMC_F,4.39,4.39,NORMAL,SYNTHETIC_SCENARIO
ORD-0007093,2026-12-14,Nairobi,DPK,OMC_A,31.5,31.5,NORMAL,SYNTHETIC_SCENARIO
ORD-0007094,2026-12-14,Nairobi,DPK,OMC_B,11.09,11.09,NORMAL,SYNTHETIC_SCENARIO
ORD-0007095,2026-12-14,Nairobi,DPK,OMC_C,16.03,16.03,NORMAL,SYNTHETIC_SCENARIO
ORD-0007096,2026-12-14,Nairobi,DPK,OMC_D,2.55,2.55,NORMAL,SYNTHETIC_SCENARIO
ORD-0007097,2026-12-14,Nairobi,DPK,OMC_E,15.7,15.7,NORMAL,SYNTHETIC_SCENARIO
ORD-0007098,2026-12-14,Nairobi,DPK,OMC_F,0.78,0.78,NORMAL,SYNTHETIC_SCENARIO
ORD-0007099,2026-12-15,Nairobi,DPK,OMC_A,21.89,21.89,HIGH,SYNTHETIC_SCENARIO
ORD-0007100,2026-12-15,Nairobi,DPK,OMC_B,2.88,2.88,NORMAL,SYNTHETIC_SCENARIO
ORD-0007101,2026-12-15,Nairobi,DPK,OMC_C,27.33,27.33,NORMAL,SYNTHETIC_SCENARIO
ORD-0007102,2026-12-15,Nairobi,DPK,OMC_D,3.86,3.86,NORMAL,SYNTHETIC_SCENARIO
ORD-0007103,2026-12-15,Nairobi,DPK,OMC_E,7.92,7.92,NORMAL,SYNTHETIC_SCENARIO
ORD-0007104,2026-12-15,Nairobi,DPK,OMC_F,9.4,9.4,NORMAL,SYNTHETIC_SCENARIO
ORD-0007105,2026-12-16,Nairobi,DPK,OMC_A,17.42,17.42,NORMAL,SYNTHETIC_SCENARIO
ORD-0007106,2026-12-16,Nairobi,DPK,OMC_B,12.7,12.7,NORMAL,SYNTHETIC_SCENARIO
ORD-0007107,2026-12-16,Nairobi,DPK,OMC_C,17.94,17.94,NORMAL,SYNTHETIC_SCENARIO
ORD-0007108,2026-12-16,Nairobi,DPK,OMC_D,15.39,15.39,NORMAL,SYNTHETIC_SCENARIO
ORD-0007109,2026-12-16,Nairobi,DPK,OMC_E,2.54,2.54,NORMAL,SYNTHETIC_SCENARIO
ORD-0007110,2026-12-16,Nairobi,DPK,OMC_F,9.92,9.92,HIGH,SYNTHETIC_SCENARIO
ORD-0007111,2026-12-17,Nairobi,DPK,OMC_A,19.83,19.83,NORMAL,SYNTHETIC_SCENARIO
ORD-0007112,2026-12-17,Nairobi,DPK,OMC_B,34.45,34.45,NORMAL,SYNTHETIC_SCENARIO
ORD-0007113,2026-12-17,Nairobi,DPK,OMC_C,10.13,10.13,NORMAL,SYNTHETIC_SCENARIO
ORD-0007114,2026-12-17,Nairobi,DPK,OMC_D,20.09,20.09,NORMAL,SYNTHETIC_SCENARIO
ORD-0007115,2026-12-17,Nairobi,DPK,OMC_E,0.72,0.72,HIGH,SYNTHETIC_SCENARIO
ORD-0007116,2026-12-17,Nairobi,DPK,OMC_F,0.54,0.54,NORMAL,SYNTHETIC_SCENARIO
ORD-0007117,2026-12-18,Nairobi,DPK,OMC_A,9.97,9.97,NORMAL,SYNTHETIC_SCENARIO
ORD-0007118,2026-12-18,Nairobi,DPK,OMC_B,40.08,40.08,NORMAL,SYNTHETIC_SCENARIO
ORD-0007119,2026-12-18,Nairobi,DPK,OMC_C,24.17,24.17,NORMAL,SYNTHETIC_SCENARIO
ORD-0007120,2026-12-18,Nairobi,DPK,OMC_D,7.32,7.32,NORMAL,SYNTHETIC_SCENARIO
ORD-0007121,2026-12-18,Nairobi,DPK,OMC_E,3.77,3.77,NORMAL,SYNTHETIC_SCENARIO
ORD-0007122,2026-12-18,Nairobi,DPK,OMC_F,2.12,2.12,NORMAL,SYNTHETIC_SCENARIO
ORD-0007123,2026-12-19,Nairobi,DPK,OMC_A,31.32,31.32,NORMAL,SYNTHETIC_SCENARIO
ORD-0007124,2026-12-19,Nairobi,DPK,OMC_B,10.92,10.92,NORMAL,SYNTHETIC_SCENARIO
ORD-0007125,2026-12-19,Nairobi,DPK,OMC_C,8.43,8.43,NORMAL,SYNTHETIC_SCENARIO
ORD-0007126,2026-12-19,Nairobi,DPK,OMC_D,4.26,4.26,NORMAL,SYNTHETIC_SCENARIO
ORD-0007127,2026-12-19,Nairobi,DPK,OMC_E,2.21,2.21,NORMAL,SYNTHETIC_SCENARIO
ORD-0007128,2026-12-19,Nairobi,DPK,OMC_F,11.08,11.08,NORMAL,SYNTHETIC_SCENARIO
ORD-0007129,2026-12-20,Nairobi,DPK,OMC_A,9.83,9.83,NORMAL,SYNTHETIC_SCENARIO
ORD-0007130,2026-12-20,Nairobi,DPK,OMC_B,13.04,13.04,HIGH,SYNTHETIC_SCENARIO
ORD-0007131,2026-12-20,Nairobi,DPK,OMC_C,7.92,7.92,NORMAL,SYNTHETIC_SCENARIO
ORD-0007132,2026-12-20,Nairobi,DPK,OMC_D,26.69,26.69,NORMAL,SYNTHETIC_SCENARIO
ORD-0007133,2026-12-20,Nairobi,DPK,OMC_E,5.67,5.67,NORMAL,SYNTHETIC_SCENARIO
ORD-0007134,2026-12-20,Nairobi,DPK,OMC_F,0.11,0.11,NORMAL,SYNTHETIC_SCENARIO
ORD-0007135,2026-12-21,Nairobi,DPK,OMC_A,14.98,14.98,NORMAL,SYNTHETIC_SCENARIO
ORD-0007136,2026-12-21,Nairobi,DPK,OMC_B,9.43,9.43,NORMAL,SYNTHETIC_SCENARIO
ORD-0007137,2026-12-21,Nairobi,DPK,OMC_C,10.06,10.06,HIGH,SYNTHETIC_SCENARIO
ORD-0007138,2026-12-21,Nairobi,DPK,OMC_D,16.85,16.85,NORMAL,SYNTHETIC_SCENARIO
ORD-0007139,2026-12-21,Nairobi,DPK,OMC_E,8.36,8.36,NORMAL,SYNTHETIC_SCENARIO
ORD-0007140,2026-12-21,Nairobi,DPK,OMC_F,13.29,13.29,NORMAL,SYNTHETIC_SCENARIO
ORD-0007141,2026-12-22,Nairobi,DPK,OMC_A,14.89,14.89,NORMAL,SYNTHETIC_SCENARIO
ORD-0007142,2026-12-22,Nairobi,DPK,OMC_B,17.03,17.03,NORMAL,SYNTHETIC_SCENARIO
ORD-0007143,2026-12-22,Nairobi,DPK,OMC_C,14.96,14.96,NORMAL,SYNTHETIC_SCENARIO
ORD-0007144,2026-12-22,Nairobi,DPK,OMC_D,17.07,17.07,NORMAL,SYNTHETIC_SCENARIO
ORD-0007145,2026-12-22,Nairobi,DPK,OMC_E,9.92,9.92,NORMAL,SYNTHETIC_SCENARIO
ORD-0007146,2026-12-22,Nairobi,DPK,OMC_F,1.49,1.49,NORMAL,SYNTHETIC_SCENARIO
ORD-0007147,2026-12-23,Nairobi,DPK,OMC_A,28.73,28.73,NORMAL,SYNTHETIC_SCENARIO
ORD-0007148,2026-12-23,Nairobi,DPK,OMC_B,20.73,20.73,NORMAL,SYNTHETIC_SCENARIO
ORD-0007149,2026-12-23,Nairobi,DPK,OMC_C,14.38,14.38,NORMAL,SYNTHETIC_SCENARIO
ORD-0007150,2026-12-23,Nairobi,DPK,OMC_D,10.54,10.54,NORMAL,SYNTHETIC_SCENARIO
ORD-0007151,2026-12-23,Nairobi,DPK,OMC_E,0.62,0.62,NORMAL,SYNTHETIC_SCENARIO
ORD-0007152,2026-12-23,Nairobi,DPK,OMC_F,1.22,1.22,NORMAL,SYNTHETIC_SCENARIO
ORD-0007153,2026-12-24,Nairobi,DPK,OMC_A,8.13,8.13,NORMAL,SYNTHETIC_SCENARIO
ORD-0007154,2026-12-24,Nairobi,DPK,OMC_B,15.55,15.55,NORMAL,SYNTHETIC_SCENARIO
ORD-0007155,2026-12-24,Nairobi,DPK,OMC_C,39.02,39.02,NORMAL,SYNTHETIC_SCENARIO
ORD-0007156,2026-12-24,Nairobi,DPK,OMC_D,14.14,14.14,NORMAL,SYNTHETIC_SCENARIO
ORD-0007157,2026-12-24,Nairobi,DPK,OMC_E,0.07,0.07,NORMAL,SYNTHETIC_SCENARIO
ORD-0007158,2026-12-24,Nairobi,DPK,OMC_F,4.18,4.18,NORMAL,SYNTHETIC_SCENARIO
ORD-0007159,2026-12-25,Nairobi,DPK,OMC_A,9.1,9.1,NORMAL,SYNTHETIC_SCENARIO
ORD-0007160,2026-12-25,Nairobi,DPK,OMC_B,6.47,6.47,NORMAL,SYNTHETIC_SCENARIO
ORD-0007161,2026-12-25,Nairobi,DPK,OMC_C,7.54,7.54,NORMAL,SYNTHETIC_SCENARIO
ORD-0007162,2026-12-25,Nairobi,DPK,OMC_D,31.41,31.41,NORMAL,SYNTHETIC_SCENARIO
ORD-0007163,2026-12-25,Nairobi,DPK,OMC_E,12.75,12.75,NORMAL,SYNTHETIC_SCENARIO
ORD-0007164,2026-12-25,Nairobi,DPK,OMC_F,11.12,11.12,NORMAL,SYNTHETIC_SCENARIO
ORD-0007165,2026-12-26,Nairobi,DPK,OMC_A,8.56,8.56,NORMAL,SYNTHETIC_SCENARIO
ORD-0007166,2026-12-26,Nairobi,DPK,OMC_B,28.17,28.17,NORMAL,SYNTHETIC_SCENARIO
ORD-0007167,2026-12-26,Nairobi,DPK,OMC_C,4.58,4.58,NORMAL,SYNTHETIC_SCENARIO
ORD-0007168,2026-12-26,Nairobi,DPK,OMC_D,20.6,20.6,NORMAL,SYNTHETIC_SCENARIO
ORD-0007169,2026-12-26,Nairobi,DPK,OMC_E,4.12,4.12,NORMAL,SYNTHETIC_SCENARIO
ORD-0007170,2026-12-26,Nairobi,DPK,OMC_F,3.7,3.7,NORMAL,SYNTHETIC_SCENARIO
ORD-0007171,2026-12-27,Nairobi,DPK,OMC_A,11.4,11.4,NORMAL,SYNTHETIC_SCENARIO
ORD-0007172,2026-12-27,Nairobi,DPK,OMC_B,27.14,27.14,NORMAL,SYNTHETIC_SCENARIO
ORD-0007173,2026-12-27,Nairobi,DPK,OMC_C,4.86,4.86,NORMAL,SYNTHETIC_SCENARIO
ORD-0007174,2026-12-27,Nairobi,DPK,OMC_D,11.41,11.41,NORMAL,SYNTHETIC_SCENARIO
ORD-0007175,2026-12-27,Nairobi,DPK,OMC_E,11.9,11.9,NORMAL,SYNTHETIC_SCENARIO
ORD-0007176,2026-12-27,Nairobi,DPK,OMC_F,0.07,0.07,NORMAL,SYNTHETIC_SCENARIO
ORD-0007177,2026-12-28,Nairobi,DPK,OMC_A,20.59,20.59,NORMAL,SYNTHETIC_SCENARIO
ORD-0007178,2026-12-28,Nairobi,DPK,OMC_B,33.31,33.31,NORMAL,SYNTHETIC_SCENARIO
ORD-0007179,2026-12-28,Nairobi,DPK,OMC_C,5.06,5.06,NORMAL,SYNTHETIC_SCENARIO
ORD-0007180,2026-12-28,Nairobi,DPK,OMC_D,18.41,18.41,NORMAL,SYNTHETIC_SCENARIO
ORD-0007181,2026-12-28,Nairobi,DPK,OMC_E,4.02,4.02,HIGH,SYNTHETIC_SCENARIO
ORD-0007182,2026-12-28,Nairobi,DPK,OMC_F,0.28,0.28,NORMAL,SYNTHETIC_SCENARIO
ORD-0007183,2026-12-29,Nairobi,DPK,OMC_A,48.47,48.47,NORMAL,SYNTHETIC_SCENARIO
ORD-0007184,2026-12-29,Nairobi,DPK,OMC_B,2.25,2.25,HIGH,SYNTHETIC_SCENARIO
ORD-0007185,2026-12-29,Nairobi,DPK,OMC_C,8.79,8.79,NORMAL,SYNTHETIC_SCENARIO
ORD-0007186,2026-12-29,Nairobi,DPK,OMC_D,0.91,0.91,NORMAL,SYNTHETIC_SCENARIO
ORD-0007187,2026-12-29,Nairobi,DPK,OMC_E,7.33,7.33,NORMAL,SYNTHETIC_SCENARIO
ORD-0007188,2026-12-29,Nairobi,DPK,OMC_F,22.06,22.06,NORMAL,SYNTHETIC_SCENARIO
ORD-0007189,2026-12-30,Nairobi,DPK,OMC_A,30.44,30.44,HIGH,SYNTHETIC_SCENARIO
ORD-0007190,2026-12-30,Nairobi,DPK,OMC_B,16.22,16.22,NORMAL,SYNTHETIC_SCENARIO
ORD-0007191,2026-12-30,Nairobi,DPK,OMC_C,12.74,12.74,NORMAL,SYNTHETIC_SCENARIO
ORD-0007192,2026-12-30,Nairobi,DPK,OMC_D,10.09,10.09,NORMAL,SYNTHETIC_SCENARIO
ORD-0007193,2026-12-30,Nairobi,DPK,OMC_E,0.08,0.08,NORMAL,SYNTHETIC_SCENARIO
ORD-0007194,2026-12-30,Nairobi,DPK,OMC_F,7.61,7.61,NORMAL,SYNTHETIC_SCENARIO
ORD-0007195,2026-12-31,Nairobi,DPK,OMC_A,23.46,23.46,NORMAL,SYNTHETIC_SCENARIO
ORD-0007196,2026-12-31,Nairobi,DPK,OMC_B,20.26,20.26,NORMAL,SYNTHETIC_SCENARIO
ORD-0007197,2026-12-31,Nairobi,DPK,OMC_C,9.93,9.93,NORMAL,SYNTHETIC_SCENARIO
ORD-0007198,2026-12-31,Nairobi,DPK,OMC_D,12.26,12.26,NORMAL,SYNTHETIC_SCENARIO
ORD-0007199,2026-12-31,Nairobi,DPK,OMC_E,1.18,1.18,NORMAL,SYNTHETIC_SCENARIO
ORD-0007200,2026-12-31,Nairobi,DPK,OMC_F,12.1,12.1,NORMAL,SYNTHETIC_SCENARIO
ORD-0007201,2026-09-03,Nairobi,JET_A1,OMC_A,162.31,162.31,NORMAL,SYNTHETIC_SCENARIO
ORD-0007202,2026-09-03,Nairobi,JET_A1,OMC_B,16.69,16.69,NORMAL,SYNTHETIC_SCENARIO
ORD-0007203,2026-09-03,Nairobi,JET_A1,OMC_C,9.08,9.08,NORMAL,SYNTHETIC_SCENARIO
ORD-0007204,2026-09-03,Nairobi,JET_A1,OMC_D,159.16,159.16,NORMAL,SYNTHETIC_SCENARIO
ORD-0007205,2026-09-03,Nairobi,JET_A1,OMC_E,47.84,47.84,HIGH,SYNTHETIC_SCENARIO
ORD-0007206,2026-09-03,Nairobi,JET_A1,OMC_F,213.75,213.75,NORMAL,SYNTHETIC_SCENARIO
ORD-0007207,2026-09-04,Nairobi,JET_A1,OMC_A,27.78,27.78,NORMAL,SYNTHETIC_SCENARIO
ORD-0007208,2026-09-04,Nairobi,JET_A1,OMC_B,216.88,216.88,NORMAL,SYNTHETIC_SCENARIO
ORD-0007209,2026-09-04,Nairobi,JET_A1,OMC_C,177.55,177.55,NORMAL,SYNTHETIC_SCENARIO
ORD-0007210,2026-09-04,Nairobi,JET_A1,OMC_D,100.51,100.51,NORMAL,SYNTHETIC_SCENARIO
ORD-0007211,2026-09-04,Nairobi,JET_A1,OMC_E,55.48,55.48,HIGH,SYNTHETIC_SCENARIO
ORD-0007212,2026-09-04,Nairobi,JET_A1,OMC_F,8.55,8.55,NORMAL,SYNTHETIC_SCENARIO
ORD-0007213,2026-09-05,Nairobi,JET_A1,OMC_A,124.94,124.94,NORMAL,SYNTHETIC_SCENARIO
ORD-0007214,2026-09-05,Nairobi,JET_A1,OMC_B,116.43,116.43,NORMAL,SYNTHETIC_SCENARIO
ORD-0007215,2026-09-05,Nairobi,JET_A1,OMC_C,77.4,77.4,NORMAL,SYNTHETIC_SCENARIO
ORD-0007216,2026-09-05,Nairobi,JET_A1,OMC_D,108.86,108.86,NORMAL,SYNTHETIC_SCENARIO
ORD-0007217,2026-09-05,Nairobi,JET_A1,OMC_E,55.9,55.9,NORMAL,SYNTHETIC_SCENARIO
ORD-0007218,2026-09-05,Nairobi,JET_A1,OMC_F,18.98,18.98,NORMAL,SYNTHETIC_SCENARIO
ORD-0007219,2026-09-06,Nairobi,JET_A1,OMC_A,209.78,209.78,NORMAL,SYNTHETIC_SCENARIO
ORD-0007220,2026-09-06,Nairobi,JET_A1,OMC_B,95.92,95.92,NORMAL,SYNTHETIC_SCENARIO
ORD-0007221,2026-09-06,Nairobi,JET_A1,OMC_C,61.98,61.98,NORMAL,SYNTHETIC_SCENARIO
ORD-0007222,2026-09-06,Nairobi,JET_A1,OMC_D,61.59,61.59,NORMAL,SYNTHETIC_SCENARIO
ORD-0007223,2026-09-06,Nairobi,JET_A1,OMC_E,10.22,10.22,NORMAL,SYNTHETIC_SCENARIO
ORD-0007224,2026-09-06,Nairobi,JET_A1,OMC_F,92.84,92.84,NORMAL,SYNTHETIC_SCENARIO
ORD-0007225,2026-09-07,Nairobi,JET_A1,OMC_A,228.25,228.25,NORMAL,SYNTHETIC_SCENARIO
ORD-0007226,2026-09-07,Nairobi,JET_A1,OMC_B,55.5,55.5,NORMAL,SYNTHETIC_SCENARIO
ORD-0007227,2026-09-07,Nairobi,JET_A1,OMC_C,95.51,95.51,NORMAL,SYNTHETIC_SCENARIO
ORD-0007228,2026-09-07,Nairobi,JET_A1,OMC_D,62.79,62.79,NORMAL,SYNTHETIC_SCENARIO
ORD-0007229,2026-09-07,Nairobi,JET_A1,OMC_E,90.95,90.95,NORMAL,SYNTHETIC_SCENARIO
ORD-0007230,2026-09-07,Nairobi,JET_A1,OMC_F,34.86,34.86,NORMAL,SYNTHETIC_SCENARIO
ORD-0007231,2026-09-08,Nairobi,JET_A1,OMC_A,203.26,203.26,NORMAL,SYNTHETIC_SCENARIO
ORD-0007232,2026-09-08,Nairobi,JET_A1,OMC_B,46.0,46.0,NORMAL,SYNTHETIC_SCENARIO
ORD-0007233,2026-09-08,Nairobi,JET_A1,OMC_C,190.18,190.18,HIGH,SYNTHETIC_SCENARIO
ORD-0007234,2026-09-08,Nairobi,JET_A1,OMC_D,47.98,47.98,NORMAL,SYNTHETIC_SCENARIO
ORD-0007235,2026-09-08,Nairobi,JET_A1,OMC_E,133.29,133.29,NORMAL,SYNTHETIC_SCENARIO
ORD-0007236,2026-09-08,Nairobi,JET_A1,OMC_F,2.7,2.7,NORMAL,SYNTHETIC_SCENARIO
ORD-0007237,2026-09-09,Nairobi,JET_A1,OMC_A,185.02,185.02,NORMAL,SYNTHETIC_SCENARIO
ORD-0007238,2026-09-09,Nairobi,JET_A1,OMC_B,163.04,163.04,NORMAL,SYNTHETIC_SCENARIO
ORD-0007239,2026-09-09,Nairobi,JET_A1,OMC_C,18.55,18.55,NORMAL,SYNTHETIC_SCENARIO
ORD-0007240,2026-09-09,Nairobi,JET_A1,OMC_D,107.9,107.9,NORMAL,SYNTHETIC_SCENARIO
ORD-0007241,2026-09-09,Nairobi,JET_A1,OMC_E,36.8,36.8,NORMAL,SYNTHETIC_SCENARIO
ORD-0007242,2026-09-09,Nairobi,JET_A1,OMC_F,72.59,72.59,HIGH,SYNTHETIC_SCENARIO
ORD-0007243,2026-09-10,Nairobi,JET_A1,OMC_A,171.14,171.14,NORMAL,SYNTHETIC_SCENARIO
ORD-0007244,2026-09-10,Nairobi,JET_A1,OMC_B,133.27,133.27,NORMAL,SYNTHETIC_SCENARIO
ORD-0007245,2026-09-10,Nairobi,JET_A1,OMC_C,98.1,98.1,NORMAL,SYNTHETIC_SCENARIO
ORD-0007246,2026-09-10,Nairobi,JET_A1,OMC_D,12.56,12.56,NORMAL,SYNTHETIC_SCENARIO
ORD-0007247,2026-09-10,Nairobi,JET_A1,OMC_E,59.39,59.39,NORMAL,SYNTHETIC_SCENARIO
ORD-0007248,2026-09-10,Nairobi,JET_A1,OMC_F,121.23,121.23,NORMAL,SYNTHETIC_SCENARIO
ORD-0007249,2026-09-11,Nairobi,JET_A1,OMC_A,58.77,58.77,NORMAL,SYNTHETIC_SCENARIO
ORD-0007250,2026-09-11,Nairobi,JET_A1,OMC_B,123.03,123.03,NORMAL,SYNTHETIC_SCENARIO
ORD-0007251,2026-09-11,Nairobi,JET_A1,OMC_C,68.83,68.83,NORMAL,SYNTHETIC_SCENARIO
ORD-0007252,2026-09-11,Nairobi,JET_A1,OMC_D,188.7,188.7,NORMAL,SYNTHETIC_SCENARIO
ORD-0007253,2026-09-11,Nairobi,JET_A1,OMC_E,53.37,53.37,NORMAL,SYNTHETIC_SCENARIO
ORD-0007254,2026-09-11,Nairobi,JET_A1,OMC_F,57.71,57.71,NORMAL,SYNTHETIC_SCENARIO
ORD-0007255,2026-09-12,Nairobi,JET_A1,OMC_A,218.05,218.05,NORMAL,SYNTHETIC_SCENARIO
ORD-0007256,2026-09-12,Nairobi,JET_A1,OMC_B,86.24,86.24,NORMAL,SYNTHETIC_SCENARIO
ORD-0007257,2026-09-12,Nairobi,JET_A1,OMC_C,116.96,116.96,NORMAL,SYNTHETIC_SCENARIO
ORD-0007258,2026-09-12,Nairobi,JET_A1,OMC_D,74.36,74.36,NORMAL,SYNTHETIC_SCENARIO
ORD-0007259,2026-09-12,Nairobi,JET_A1,OMC_E,6.46,6.46,NORMAL,SYNTHETIC_SCENARIO
ORD-0007260,2026-09-12,Nairobi,JET_A1,OMC_F,14.67,14.67,NORMAL,SYNTHETIC_SCENARIO
ORD-0007261,2026-09-13,Nairobi,JET_A1,OMC_A,117.02,117.02,NORMAL,SYNTHETIC_SCENARIO
ORD-0007262,2026-09-13,Nairobi,JET_A1,OMC_B,92.61,92.61,NORMAL,SYNTHETIC_SCENARIO
ORD-0007263,2026-09-13,Nairobi,JET_A1,OMC_C,39.21,39.21,NORMAL,SYNTHETIC_SCENARIO
ORD-0007264,2026-09-13,Nairobi,JET_A1,OMC_D,99.44,99.44,NORMAL,SYNTHETIC_SCENARIO
ORD-0007265,2026-09-13,Nairobi,JET_A1,OMC_E,88.72,88.72,HIGH,SYNTHETIC_SCENARIO
ORD-0007266,2026-09-13,Nairobi,JET_A1,OMC_F,8.44,8.44,NORMAL,SYNTHETIC_SCENARIO
ORD-0007267,2026-09-14,Nairobi,JET_A1,OMC_A,59.38,59.38,NORMAL,SYNTHETIC_SCENARIO
ORD-0007268,2026-09-14,Nairobi,JET_A1,OMC_B,130.46,130.46,NORMAL,SYNTHETIC_SCENARIO
ORD-0007269,2026-09-14,Nairobi,JET_A1,OMC_C,161.15,161.15,NORMAL,SYNTHETIC_SCENARIO
ORD-0007270,2026-09-14,Nairobi,JET_A1,OMC_D,62.97,62.97,NORMAL,SYNTHETIC_SCENARIO
ORD-0007271,2026-09-14,Nairobi,JET_A1,OMC_E,69.0,69.0,NORMAL,SYNTHETIC_SCENARIO
ORD-0007272,2026-09-14,Nairobi,JET_A1,OMC_F,32.88,32.88,NORMAL,SYNTHETIC_SCENARIO
ORD-0007273,2026-09-15,Nairobi,JET_A1,OMC_A,104.35,104.35,NORMAL,SYNTHETIC_SCENARIO
ORD-0007274,2026-09-15,Nairobi,JET_A1,OMC_B,87.76,87.76,NORMAL,SYNTHETIC_SCENARIO
ORD-0007275,2026-09-15,Nairobi,JET_A1,OMC_C,86.78,86.78,NORMAL,SYNTHETIC_SCENARIO
ORD-0007276,2026-09-15,Nairobi,JET_A1,OMC_D,70.48,70.48,NORMAL,SYNTHETIC_SCENARIO
ORD-0007277,2026-09-15,Nairobi,JET_A1,OMC_E,172.35,172.35,NORMAL,SYNTHETIC_SCENARIO
ORD-0007278,2026-09-15,Nairobi,JET_A1,OMC_F,94.57,94.57,NORMAL,SYNTHETIC_SCENARIO
ORD-0007279,2026-09-16,Nairobi,JET_A1,OMC_A,175.86,175.86,NORMAL,SYNTHETIC_SCENARIO
ORD-0007280,2026-09-16,Nairobi,JET_A1,OMC_B,56.29,56.29,NORMAL,SYNTHETIC_SCENARIO
ORD-0007281,2026-09-16,Nairobi,JET_A1,OMC_C,99.62,99.62,HIGH,SYNTHETIC_SCENARIO
ORD-0007282,2026-09-16,Nairobi,JET_A1,OMC_D,171.7,171.7,NORMAL,SYNTHETIC_SCENARIO
ORD-0007283,2026-09-16,Nairobi,JET_A1,OMC_E,48.48,48.48,NORMAL,SYNTHETIC_SCENARIO
ORD-0007284,2026-09-16,Nairobi,JET_A1,OMC_F,25.01,25.01,NORMAL,SYNTHETIC_SCENARIO
ORD-0007285,2026-09-17,Nairobi,JET_A1,OMC_A,161.8,161.8,NORMAL,SYNTHETIC_SCENARIO
ORD-0007286,2026-09-17,Nairobi,JET_A1,OMC_B,210.9,210.9,NORMAL,SYNTHETIC_SCENARIO
ORD-0007287,2026-09-17,Nairobi,JET_A1,OMC_C,61.41,61.41,NORMAL,SYNTHETIC_SCENARIO
ORD-0007288,2026-09-17,Nairobi,JET_A1,OMC_D,66.99,66.99,NORMAL,SYNTHETIC_SCENARIO
ORD-0007289,2026-09-17,Nairobi,JET_A1,OMC_E,15.1,15.1,NORMAL,SYNTHETIC_SCENARIO
ORD-0007290,2026-09-17,Nairobi,JET_A1,OMC_F,43.78,43.78,NORMAL,SYNTHETIC_SCENARIO
ORD-0007291,2026-09-18,Nairobi,JET_A1,OMC_A,180.77,180.77,NORMAL,SYNTHETIC_SCENARIO
ORD-0007292,2026-09-18,Nairobi,JET_A1,OMC_B,137.86,137.86,NORMAL,SYNTHETIC_SCENARIO
ORD-0007293,2026-09-18,Nairobi,JET_A1,OMC_C,27.24,27.24,NORMAL,SYNTHETIC_SCENARIO
ORD-0007294,2026-09-18,Nairobi,JET_A1,OMC_D,146.16,146.16,NORMAL,SYNTHETIC_SCENARIO
ORD-0007295,2026-09-18,Nairobi,JET_A1,OMC_E,31.73,31.73,HIGH,SYNTHETIC_SCENARIO
ORD-0007296,2026-09-18,Nairobi,JET_A1,OMC_F,54.73,54.73,NORMAL,SYNTHETIC_SCENARIO
ORD-0007297,2026-09-19,Nairobi,JET_A1,OMC_A,56.8,56.8,NORMAL,SYNTHETIC_SCENARIO
ORD-0007298,2026-09-19,Nairobi,JET_A1,OMC_B,121.96,121.96,NORMAL,SYNTHETIC_SCENARIO
ORD-0007299,2026-09-19,Nairobi,JET_A1,OMC_C,84.31,84.31,NORMAL,SYNTHETIC_SCENARIO
ORD-0007300,2026-09-19,Nairobi,JET_A1,OMC_D,156.22,156.22,NORMAL,SYNTHETIC_SCENARIO
ORD-0007301,2026-09-19,Nairobi,JET_A1,OMC_E,51.98,51.98,NORMAL,SYNTHETIC_SCENARIO
ORD-0007302,2026-09-19,Nairobi,JET_A1,OMC_F,90.46,90.46,NORMAL,SYNTHETIC_SCENARIO
ORD-0007303,2026-09-20,Nairobi,JET_A1,OMC_A,139.55,139.55,NORMAL,SYNTHETIC_SCENARIO
ORD-0007304,2026-09-20,Nairobi,JET_A1,OMC_B,168.12,168.12,NORMAL,SYNTHETIC_SCENARIO
ORD-0007305,2026-09-20,Nairobi,JET_A1,OMC_C,64.73,64.73,NORMAL,SYNTHETIC_SCENARIO
ORD-0007306,2026-09-20,Nairobi,JET_A1,OMC_D,36.49,36.49,NORMAL,SYNTHETIC_SCENARIO
ORD-0007307,2026-09-20,Nairobi,JET_A1,OMC_E,19.38,19.38,NORMAL,SYNTHETIC_SCENARIO
ORD-0007308,2026-09-20,Nairobi,JET_A1,OMC_F,21.78,21.78,NORMAL,SYNTHETIC_SCENARIO
ORD-0007309,2026-09-21,Nairobi,JET_A1,OMC_A,234.73,234.73,NORMAL,SYNTHETIC_SCENARIO
ORD-0007310,2026-09-21,Nairobi,JET_A1,OMC_B,109.32,109.32,NORMAL,SYNTHETIC_SCENARIO
ORD-0007311,2026-09-21,Nairobi,JET_A1,OMC_C,112.02,112.02,NORMAL,SYNTHETIC_SCENARIO
ORD-0007312,2026-09-21,Nairobi,JET_A1,OMC_D,92.6,92.6,NORMAL,SYNTHETIC_SCENARIO
ORD-0007313,2026-09-21,Nairobi,JET_A1,OMC_E,64.55,64.55,NORMAL,SYNTHETIC_SCENARIO
ORD-0007314,2026-09-21,Nairobi,JET_A1,OMC_F,4.41,4.41,NORMAL,SYNTHETIC_SCENARIO
ORD-0007315,2026-09-22,Nairobi,JET_A1,OMC_A,154.02,154.02,NORMAL,SYNTHETIC_SCENARIO
ORD-0007316,2026-09-22,Nairobi,JET_A1,OMC_B,164.77,164.77,NORMAL,SYNTHETIC_SCENARIO
ORD-0007317,2026-09-22,Nairobi,JET_A1,OMC_C,36.58,36.58,NORMAL,SYNTHETIC_SCENARIO
ORD-0007318,2026-09-22,Nairobi,JET_A1,OMC_D,118.47,118.47,NORMAL,SYNTHETIC_SCENARIO
ORD-0007319,2026-09-22,Nairobi,JET_A1,OMC_E,70.47,70.47,NORMAL,SYNTHETIC_SCENARIO
ORD-0007320,2026-09-22,Nairobi,JET_A1,OMC_F,21.11,21.11,NORMAL,SYNTHETIC_SCENARIO
ORD-0007321,2026-09-23,Nairobi,JET_A1,OMC_A,404.74,404.74,NORMAL,SYNTHETIC_SCENARIO
ORD-0007322,2026-09-23,Nairobi,JET_A1,OMC_B,21.79,21.79,NORMAL,SYNTHETIC_SCENARIO
ORD-0007323,2026-09-23,Nairobi,JET_A1,OMC_C,51.1,51.1,NORMAL,SYNTHETIC_SCENARIO
ORD-0007324,2026-09-23,Nairobi,JET_A1,OMC_D,65.01,65.01,NORMAL,SYNTHETIC_SCENARIO
ORD-0007325,2026-09-23,Nairobi,JET_A1,OMC_E,54.15,54.15,NORMAL,SYNTHETIC_SCENARIO
ORD-0007326,2026-09-23,Nairobi,JET_A1,OMC_F,17.54,17.54,NORMAL,SYNTHETIC_SCENARIO
ORD-0007327,2026-09-24,Nairobi,JET_A1,OMC_A,93.81,93.81,NORMAL,SYNTHETIC_SCENARIO
ORD-0007328,2026-09-24,Nairobi,JET_A1,OMC_B,45.98,45.98,NORMAL,SYNTHETIC_SCENARIO
ORD-0007329,2026-09-24,Nairobi,JET_A1,OMC_C,125.57,125.57,NORMAL,SYNTHETIC_SCENARIO
ORD-0007330,2026-09-24,Nairobi,JET_A1,OMC_D,187.89,187.89,NORMAL,SYNTHETIC_SCENARIO
ORD-0007331,2026-09-24,Nairobi,JET_A1,OMC_E,99.48,99.48,NORMAL,SYNTHETIC_SCENARIO
ORD-0007332,2026-09-24,Nairobi,JET_A1,OMC_F,4.62,4.62,NORMAL,SYNTHETIC_SCENARIO
ORD-0007333,2026-09-25,Nairobi,JET_A1,OMC_A,287.08,287.08,NORMAL,SYNTHETIC_SCENARIO
ORD-0007334,2026-09-25,Nairobi,JET_A1,OMC_B,118.04,118.04,NORMAL,SYNTHETIC_SCENARIO
ORD-0007335,2026-09-25,Nairobi,JET_A1,OMC_C,167.7,167.7,NORMAL,SYNTHETIC_SCENARIO
ORD-0007336,2026-09-25,Nairobi,JET_A1,OMC_D,44.0,44.0,NORMAL,SYNTHETIC_SCENARIO
ORD-0007337,2026-09-25,Nairobi,JET_A1,OMC_E,1.16,1.16,NORMAL,SYNTHETIC_SCENARIO
ORD-0007338,2026-09-25,Nairobi,JET_A1,OMC_F,3.57,3.57,NORMAL,SYNTHETIC_SCENARIO
ORD-0007339,2026-09-26,Nairobi,JET_A1,OMC_A,77.45,77.45,NORMAL,SYNTHETIC_SCENARIO
ORD-0007340,2026-09-26,Nairobi,JET_A1,OMC_B,114.7,114.7,NORMAL,SYNTHETIC_SCENARIO
ORD-0007341,2026-09-26,Nairobi,JET_A1,OMC_C,63.26,63.26,NORMAL,SYNTHETIC_SCENARIO
ORD-0007342,2026-09-26,Nairobi,JET_A1,OMC_D,69.43,69.43,NORMAL,SYNTHETIC_SCENARIO
ORD-0007343,2026-09-26,Nairobi,JET_A1,OMC_E,171.58,171.58,NORMAL,SYNTHETIC_SCENARIO
ORD-0007344,2026-09-26,Nairobi,JET_A1,OMC_F,3.33,3.33,NORMAL,SYNTHETIC_SCENARIO
ORD-0007345,2026-09-27,Nairobi,JET_A1,OMC_A,84.27,84.27,NORMAL,SYNTHETIC_SCENARIO
ORD-0007346,2026-09-27,Nairobi,JET_A1,OMC_B,135.71,135.71,NORMAL,SYNTHETIC_SCENARIO
ORD-0007347,2026-09-27,Nairobi,JET_A1,OMC_C,80.75,80.75,NORMAL,SYNTHETIC_SCENARIO
ORD-0007348,2026-09-27,Nairobi,JET_A1,OMC_D,117.86,117.86,NORMAL,SYNTHETIC_SCENARIO
ORD-0007349,2026-09-27,Nairobi,JET_A1,OMC_E,8.4,8.4,NORMAL,SYNTHETIC_SCENARIO
ORD-0007350,2026-09-27,Nairobi,JET_A1,OMC_F,36.91,36.91,NORMAL,SYNTHETIC_SCENARIO
ORD-0007351,2026-09-28,Nairobi,JET_A1,OMC_A,157.31,157.31,NORMAL,SYNTHETIC_SCENARIO
ORD-0007352,2026-09-28,Nairobi,JET_A1,OMC_B,163.0,163.0,NORMAL,SYNTHETIC_SCENARIO
ORD-0007353,2026-09-28,Nairobi,JET_A1,OMC_C,79.39,79.39,NORMAL,SYNTHETIC_SCENARIO
ORD-0007354,2026-09-28,Nairobi,JET_A1,OMC_D,49.5,49.5,NORMAL,SYNTHETIC_SCENARIO
ORD-0007355,2026-09-28,Nairobi,JET_A1,OMC_E,59.2,59.2,NORMAL,SYNTHETIC_SCENARIO
ORD-0007356,2026-09-28,Nairobi,JET_A1,OMC_F,33.96,33.96,NORMAL,SYNTHETIC_SCENARIO
ORD-0007357,2026-09-29,Nairobi,JET_A1,OMC_A,148.82,148.82,HIGH,SYNTHETIC_SCENARIO
ORD-0007358,2026-09-29,Nairobi,JET_A1,OMC_B,153.56,153.56,NORMAL,SYNTHETIC_SCENARIO
ORD-0007359,2026-09-29,Nairobi,JET_A1,OMC_C,66.59,66.59,NORMAL,SYNTHETIC_SCENARIO
ORD-0007360,2026-09-29,Nairobi,JET_A1,OMC_D,43.54,43.54,NORMAL,SYNTHETIC_SCENARIO
ORD-0007361,2026-09-29,Nairobi,JET_A1,OMC_E,27.27,27.27,HIGH,SYNTHETIC_SCENARIO
ORD-0007362,2026-09-29,Nairobi,JET_A1,OMC_F,73.72,73.72,NORMAL,SYNTHETIC_SCENARIO
ORD-0007363,2026-09-30,Nairobi,JET_A1,OMC_A,127.69,127.69,NORMAL,SYNTHETIC_SCENARIO
ORD-0007364,2026-09-30,Nairobi,JET_A1,OMC_B,227.28,227.28,NORMAL,SYNTHETIC_SCENARIO
ORD-0007365,2026-09-30,Nairobi,JET_A1,OMC_C,63.85,63.85,NORMAL,SYNTHETIC_SCENARIO
ORD-0007366,2026-09-30,Nairobi,JET_A1,OMC_D,60.97,60.97,NORMAL,SYNTHETIC_SCENARIO
ORD-0007367,2026-09-30,Nairobi,JET_A1,OMC_E,84.13,84.13,NORMAL,SYNTHETIC_SCENARIO
ORD-0007368,2026-09-30,Nairobi,JET_A1,OMC_F,12.09,12.09,NORMAL,SYNTHETIC_SCENARIO
ORD-0007369,2026-10-01,Nairobi,JET_A1,OMC_A,222.02,222.02,HIGH,SYNTHETIC_SCENARIO
ORD-0007370,2026-10-01,Nairobi,JET_A1,OMC_B,138.72,138.72,NORMAL,SYNTHETIC_SCENARIO
ORD-0007371,2026-10-01,Nairobi,JET_A1,OMC_C,49.93,49.93,NORMAL,SYNTHETIC_SCENARIO
ORD-0007372,2026-10-01,Nairobi,JET_A1,OMC_D,94.42,94.42,NORMAL,SYNTHETIC_SCENARIO
ORD-0007373,2026-10-01,Nairobi,JET_A1,OMC_E,82.81,82.81,NORMAL,SYNTHETIC_SCENARIO
ORD-0007374,2026-10-01,Nairobi,JET_A1,OMC_F,2.82,2.82,NORMAL,SYNTHETIC_SCENARIO
ORD-0007375,2026-10-02,Nairobi,JET_A1,OMC_A,88.37,88.37,NORMAL,SYNTHETIC_SCENARIO
ORD-0007376,2026-10-02,Nairobi,JET_A1,OMC_B,151.34,151.34,NORMAL,SYNTHETIC_SCENARIO
ORD-0007377,2026-10-02,Nairobi,JET_A1,OMC_C,66.74,66.74,NORMAL,SYNTHETIC_SCENARIO
ORD-0007378,2026-10-02,Nairobi,JET_A1,OMC_D,112.23,112.23,NORMAL,SYNTHETIC_SCENARIO
ORD-0007379,2026-10-02,Nairobi,JET_A1,OMC_E,91.25,91.25,NORMAL,SYNTHETIC_SCENARIO
ORD-0007380,2026-10-02,Nairobi,JET_A1,OMC_F,66.33,66.33,NORMAL,SYNTHETIC_SCENARIO
ORD-0007381,2026-10-03,Nairobi,JET_A1,OMC_A,132.12,132.12,NORMAL,SYNTHETIC_SCENARIO
ORD-0007382,2026-10-03,Nairobi,JET_A1,OMC_B,285.73,285.73,NORMAL,SYNTHETIC_SCENARIO
ORD-0007383,2026-10-03,Nairobi,JET_A1,OMC_C,73.0,73.0,NORMAL,SYNTHETIC_SCENARIO
ORD-0007384,2026-10-03,Nairobi,JET_A1,OMC_D,21.26,21.26,NORMAL,SYNTHETIC_SCENARIO
ORD-0007385,2026-10-03,Nairobi,JET_A1,OMC_E,16.15,16.15,NORMAL,SYNTHETIC_SCENARIO
ORD-0007386,2026-10-03,Nairobi,JET_A1,OMC_F,17.65,17.65,HIGH,SYNTHETIC_SCENARIO
ORD-0007387,2026-10-04,Nairobi,JET_A1,OMC_A,139.42,139.42,NORMAL,SYNTHETIC_SCENARIO
ORD-0007388,2026-10-04,Nairobi,JET_A1,OMC_B,47.15,47.15,NORMAL,SYNTHETIC_SCENARIO
ORD-0007389,2026-10-04,Nairobi,JET_A1,OMC_C,50.7,50.7,NORMAL,SYNTHETIC_SCENARIO
ORD-0007390,2026-10-04,Nairobi,JET_A1,OMC_D,119.94,119.94,NORMAL,SYNTHETIC_SCENARIO
ORD-0007391,2026-10-04,Nairobi,JET_A1,OMC_E,46.82,46.82,NORMAL,SYNTHETIC_SCENARIO
ORD-0007392,2026-10-04,Nairobi,JET_A1,OMC_F,85.15,85.15,NORMAL,SYNTHETIC_SCENARIO
ORD-0007393,2026-10-05,Nairobi,JET_A1,OMC_A,39.35,39.35,HIGH,SYNTHETIC_SCENARIO
ORD-0007394,2026-10-05,Nairobi,JET_A1,OMC_B,69.8,69.8,NORMAL,SYNTHETIC_SCENARIO
ORD-0007395,2026-10-05,Nairobi,JET_A1,OMC_C,68.54,68.54,NORMAL,SYNTHETIC_SCENARIO
ORD-0007396,2026-10-05,Nairobi,JET_A1,OMC_D,303.02,303.02,NORMAL,SYNTHETIC_SCENARIO
ORD-0007397,2026-10-05,Nairobi,JET_A1,OMC_E,63.63,63.63,NORMAL,SYNTHETIC_SCENARIO
ORD-0007398,2026-10-05,Nairobi,JET_A1,OMC_F,61.28,61.28,NORMAL,SYNTHETIC_SCENARIO
ORD-0007399,2026-10-06,Nairobi,JET_A1,OMC_A,169.9,169.9,NORMAL,SYNTHETIC_SCENARIO
ORD-0007400,2026-10-06,Nairobi,JET_A1,OMC_B,31.75,31.75,NORMAL,SYNTHETIC_SCENARIO
ORD-0007401,2026-10-06,Nairobi,JET_A1,OMC_C,141.2,141.2,NORMAL,SYNTHETIC_SCENARIO
ORD-0007402,2026-10-06,Nairobi,JET_A1,OMC_D,203.84,203.84,NORMAL,SYNTHETIC_SCENARIO
ORD-0007403,2026-10-06,Nairobi,JET_A1,OMC_E,47.17,47.17,NORMAL,SYNTHETIC_SCENARIO
ORD-0007404,2026-10-06,Nairobi,JET_A1,OMC_F,31.43,31.43,NORMAL,SYNTHETIC_SCENARIO
ORD-0007405,2026-10-07,Nairobi,JET_A1,OMC_A,98.91,98.91,NORMAL,SYNTHETIC_SCENARIO
ORD-0007406,2026-10-07,Nairobi,JET_A1,OMC_B,121.86,121.86,NORMAL,SYNTHETIC_SCENARIO
ORD-0007407,2026-10-07,Nairobi,JET_A1,OMC_C,162.52,162.52,NORMAL,SYNTHETIC_SCENARIO
ORD-0007408,2026-10-07,Nairobi,JET_A1,OMC_D,38.5,38.5,NORMAL,SYNTHETIC_SCENARIO
ORD-0007409,2026-10-07,Nairobi,JET_A1,OMC_E,103.34,103.34,NORMAL,SYNTHETIC_SCENARIO
ORD-0007410,2026-10-07,Nairobi,JET_A1,OMC_F,50.37,50.37,NORMAL,SYNTHETIC_SCENARIO
ORD-0007411,2026-10-08,Nairobi,JET_A1,OMC_A,38.82,38.82,NORMAL,SYNTHETIC_SCENARIO
ORD-0007412,2026-10-08,Nairobi,JET_A1,OMC_B,121.27,121.27,HIGH,SYNTHETIC_SCENARIO
ORD-0007413,2026-10-08,Nairobi,JET_A1,OMC_C,235.45,235.45,NORMAL,SYNTHETIC_SCENARIO
ORD-0007414,2026-10-08,Nairobi,JET_A1,OMC_D,178.89,178.89,NORMAL,SYNTHETIC_SCENARIO
ORD-0007415,2026-10-08,Nairobi,JET_A1,OMC_E,53.5,53.5,NORMAL,SYNTHETIC_SCENARIO
ORD-0007416,2026-10-08,Nairobi,JET_A1,OMC_F,20.83,20.83,NORMAL,SYNTHETIC_SCENARIO
ORD-0007417,2026-10-09,Nairobi,JET_A1,OMC_A,230.04,230.04,NORMAL,SYNTHETIC_SCENARIO
ORD-0007418,2026-10-09,Nairobi,JET_A1,OMC_B,63.5,63.5,NORMAL,SYNTHETIC_SCENARIO
ORD-0007419,2026-10-09,Nairobi,JET_A1,OMC_C,201.19,201.19,NORMAL,SYNTHETIC_SCENARIO
ORD-0007420,2026-10-09,Nairobi,JET_A1,OMC_D,69.58,69.58,NORMAL,SYNTHETIC_SCENARIO
ORD-0007421,2026-10-09,Nairobi,JET_A1,OMC_E,18.46,18.46,NORMAL,SYNTHETIC_SCENARIO
ORD-0007422,2026-10-09,Nairobi,JET_A1,OMC_F,33.83,33.83,NORMAL,SYNTHETIC_SCENARIO
ORD-0007423,2026-10-10,Nairobi,JET_A1,OMC_A,156.78,156.78,NORMAL,SYNTHETIC_SCENARIO
ORD-0007424,2026-10-10,Nairobi,JET_A1,OMC_B,59.03,59.03,NORMAL,SYNTHETIC_SCENARIO
ORD-0007425,2026-10-10,Nairobi,JET_A1,OMC_C,152.95,152.95,NORMAL,SYNTHETIC_SCENARIO
ORD-0007426,2026-10-10,Nairobi,JET_A1,OMC_D,126.35,126.35,NORMAL,SYNTHETIC_SCENARIO
ORD-0007427,2026-10-10,Nairobi,JET_A1,OMC_E,9.14,9.14,NORMAL,SYNTHETIC_SCENARIO
ORD-0007428,2026-10-10,Nairobi,JET_A1,OMC_F,37.18,37.18,NORMAL,SYNTHETIC_SCENARIO
ORD-0007429,2026-10-11,Nairobi,JET_A1,OMC_A,146.98,146.98,NORMAL,SYNTHETIC_SCENARIO
ORD-0007430,2026-10-11,Nairobi,JET_A1,OMC_B,95.66,95.66,NORMAL,SYNTHETIC_SCENARIO
ORD-0007431,2026-10-11,Nairobi,JET_A1,OMC_C,26.96,26.96,NORMAL,SYNTHETIC_SCENARIO
ORD-0007432,2026-10-11,Nairobi,JET_A1,OMC_D,77.5,77.5,NORMAL,SYNTHETIC_SCENARIO
ORD-0007433,2026-10-11,Nairobi,JET_A1,OMC_E,120.98,120.98,NORMAL,SYNTHETIC_SCENARIO
ORD-0007434,2026-10-11,Nairobi,JET_A1,OMC_F,22.42,22.42,NORMAL,SYNTHETIC_SCENARIO
ORD-0007435,2026-10-12,Nairobi,JET_A1,OMC_A,99.32,99.32,NORMAL,SYNTHETIC_SCENARIO
ORD-0007436,2026-10-12,Nairobi,JET_A1,OMC_B,166.19,166.19,NORMAL,SYNTHETIC_SCENARIO
ORD-0007437,2026-10-12,Nairobi,JET_A1,OMC_C,108.05,108.05,NORMAL,SYNTHETIC_SCENARIO
ORD-0007438,2026-10-12,Nairobi,JET_A1,OMC_D,138.69,138.69,HIGH,SYNTHETIC_SCENARIO
ORD-0007439,2026-10-12,Nairobi,JET_A1,OMC_E,34.44,34.44,NORMAL,SYNTHETIC_SCENARIO
ORD-0007440,2026-10-12,Nairobi,JET_A1,OMC_F,87.38,87.38,NORMAL,SYNTHETIC_SCENARIO
ORD-0007441,2026-10-13,Nairobi,JET_A1,OMC_A,129.61,129.61,NORMAL,SYNTHETIC_SCENARIO
ORD-0007442,2026-10-13,Nairobi,JET_A1,OMC_B,92.73,92.73,NORMAL,SYNTHETIC_SCENARIO
ORD-0007443,2026-10-13,Nairobi,JET_A1,OMC_C,97.29,97.29,NORMAL,SYNTHETIC_SCENARIO
ORD-0007444,2026-10-13,Nairobi,JET_A1,OMC_D,179.33,179.33,NORMAL,SYNTHETIC_SCENARIO
ORD-0007445,2026-10-13,Nairobi,JET_A1,OMC_E,185.47,185.47,NORMAL,SYNTHETIC_SCENARIO
ORD-0007446,2026-10-13,Nairobi,JET_A1,OMC_F,0.61,0.61,NORMAL,SYNTHETIC_SCENARIO
ORD-0007447,2026-10-14,Nairobi,JET_A1,OMC_A,220.77,220.77,NORMAL,SYNTHETIC_SCENARIO
ORD-0007448,2026-10-14,Nairobi,JET_A1,OMC_B,79.05,79.05,NORMAL,SYNTHETIC_SCENARIO
ORD-0007449,2026-10-14,Nairobi,JET_A1,OMC_C,70.86,70.86,NORMAL,SYNTHETIC_SCENARIO
ORD-0007450,2026-10-14,Nairobi,JET_A1,OMC_D,144.43,144.43,NORMAL,SYNTHETIC_SCENARIO
ORD-0007451,2026-10-14,Nairobi,JET_A1,OMC_E,51.22,51.22,NORMAL,SYNTHETIC_SCENARIO
ORD-0007452,2026-10-14,Nairobi,JET_A1,OMC_F,89.06,89.06,NORMAL,SYNTHETIC_SCENARIO
ORD-0007453,2026-10-15,Nairobi,JET_A1,OMC_A,29.35,29.35,NORMAL,SYNTHETIC_SCENARIO
ORD-0007454,2026-10-15,Nairobi,JET_A1,OMC_B,176.56,176.56,NORMAL,SYNTHETIC_SCENARIO
ORD-0007455,2026-10-15,Nairobi,JET_A1,OMC_C,89.26,89.26,NORMAL,SYNTHETIC_SCENARIO
ORD-0007456,2026-10-15,Nairobi,JET_A1,OMC_D,171.52,171.52,NORMAL,SYNTHETIC_SCENARIO
ORD-0007457,2026-10-15,Nairobi,JET_A1,OMC_E,38.44,38.44,NORMAL,SYNTHETIC_SCENARIO
ORD-0007458,2026-10-15,Nairobi,JET_A1,OMC_F,67.94,67.94,NORMAL,SYNTHETIC_SCENARIO
ORD-0007459,2026-10-16,Nairobi,JET_A1,OMC_A,282.81,282.81,NORMAL,SYNTHETIC_SCENARIO
ORD-0007460,2026-10-16,Nairobi,JET_A1,OMC_B,69.48,69.48,NORMAL,SYNTHETIC_SCENARIO
ORD-0007461,2026-10-16,Nairobi,JET_A1,OMC_C,74.45,74.45,NORMAL,SYNTHETIC_SCENARIO
ORD-0007462,2026-10-16,Nairobi,JET_A1,OMC_D,152.14,152.14,NORMAL,SYNTHETIC_SCENARIO
ORD-0007463,2026-10-16,Nairobi,JET_A1,OMC_E,36.5,36.5,NORMAL,SYNTHETIC_SCENARIO
ORD-0007464,2026-10-16,Nairobi,JET_A1,OMC_F,7.76,7.76,NORMAL,SYNTHETIC_SCENARIO
ORD-0007465,2026-10-17,Nairobi,JET_A1,OMC_A,178.65,178.65,NORMAL,SYNTHETIC_SCENARIO
ORD-0007466,2026-10-17,Nairobi,JET_A1,OMC_B,15.73,15.73,NORMAL,SYNTHETIC_SCENARIO
ORD-0007467,2026-10-17,Nairobi,JET_A1,OMC_C,134.45,134.45,NORMAL,SYNTHETIC_SCENARIO
ORD-0007468,2026-10-17,Nairobi,JET_A1,OMC_D,81.48,81.48,NORMAL,SYNTHETIC_SCENARIO
ORD-0007469,2026-10-17,Nairobi,JET_A1,OMC_E,116.68,116.68,NORMAL,SYNTHETIC_SCENARIO
ORD-0007470,2026-10-17,Nairobi,JET_A1,OMC_F,20.07,20.07,NORMAL,SYNTHETIC_SCENARIO
ORD-0007471,2026-10-18,Nairobi,JET_A1,OMC_A,129.32,129.32,NORMAL,SYNTHETIC_SCENARIO
ORD-0007472,2026-10-18,Nairobi,JET_A1,OMC_B,119.87,119.87,NORMAL,SYNTHETIC_SCENARIO
ORD-0007473,2026-10-18,Nairobi,JET_A1,OMC_C,9.89,9.89,NORMAL,SYNTHETIC_SCENARIO
ORD-0007474,2026-10-18,Nairobi,JET_A1,OMC_D,174.85,174.85,NORMAL,SYNTHETIC_SCENARIO
ORD-0007475,2026-10-18,Nairobi,JET_A1,OMC_E,73.38,73.38,NORMAL,SYNTHETIC_SCENARIO
ORD-0007476,2026-10-18,Nairobi,JET_A1,OMC_F,23.12,23.12,NORMAL,SYNTHETIC_SCENARIO
ORD-0007477,2026-10-19,Nairobi,JET_A1,OMC_A,309.99,309.99,NORMAL,SYNTHETIC_SCENARIO
ORD-0007478,2026-10-19,Nairobi,JET_A1,OMC_B,89.55,89.55,NORMAL,SYNTHETIC_SCENARIO
ORD-0007479,2026-10-19,Nairobi,JET_A1,OMC_C,81.03,81.03,NORMAL,SYNTHETIC_SCENARIO
ORD-0007480,2026-10-19,Nairobi,JET_A1,OMC_D,94.61,94.61,HIGH,SYNTHETIC_SCENARIO
ORD-0007481,2026-10-19,Nairobi,JET_A1,OMC_E,45.29,45.29,NORMAL,SYNTHETIC_SCENARIO
ORD-0007482,2026-10-19,Nairobi,JET_A1,OMC_F,21.5,21.5,NORMAL,SYNTHETIC_SCENARIO
ORD-0007483,2026-10-20,Nairobi,JET_A1,OMC_A,206.99,206.99,NORMAL,SYNTHETIC_SCENARIO
ORD-0007484,2026-10-20,Nairobi,JET_A1,OMC_B,82.02,82.02,NORMAL,SYNTHETIC_SCENARIO
ORD-0007485,2026-10-20,Nairobi,JET_A1,OMC_C,16.15,16.15,NORMAL,SYNTHETIC_SCENARIO
ORD-0007486,2026-10-20,Nairobi,JET_A1,OMC_D,203.43,203.43,NORMAL,SYNTHETIC_SCENARIO
ORD-0007487,2026-10-20,Nairobi,JET_A1,OMC_E,127.64,127.64,NORMAL,SYNTHETIC_SCENARIO
ORD-0007488,2026-10-20,Nairobi,JET_A1,OMC_F,0.3,0.3,NORMAL,SYNTHETIC_SCENARIO
ORD-0007489,2026-10-21,Nairobi,JET_A1,OMC_A,179.61,179.61,NORMAL,SYNTHETIC_SCENARIO
ORD-0007490,2026-10-21,Nairobi,JET_A1,OMC_B,116.61,116.61,NORMAL,SYNTHETIC_SCENARIO
ORD-0007491,2026-10-21,Nairobi,JET_A1,OMC_C,149.99,149.99,NORMAL,SYNTHETIC_SCENARIO
ORD-0007492,2026-10-21,Nairobi,JET_A1,OMC_D,57.51,57.51,NORMAL,SYNTHETIC_SCENARIO
ORD-0007493,2026-10-21,Nairobi,JET_A1,OMC_E,85.04,85.04,NORMAL,SYNTHETIC_SCENARIO
ORD-0007494,2026-10-21,Nairobi,JET_A1,OMC_F,1.55,1.55,NORMAL,SYNTHETIC_SCENARIO
ORD-0007495,2026-10-22,Nairobi,JET_A1,OMC_A,272.4,272.4,NORMAL,SYNTHETIC_SCENARIO
ORD-0007496,2026-10-22,Nairobi,JET_A1,OMC_B,130.19,130.19,NORMAL,SYNTHETIC_SCENARIO
ORD-0007497,2026-10-22,Nairobi,JET_A1,OMC_C,73.85,73.85,NORMAL,SYNTHETIC_SCENARIO
ORD-0007498,2026-10-22,Nairobi,JET_A1,OMC_D,75.07,75.07,NORMAL,SYNTHETIC_SCENARIO
ORD-0007499,2026-10-22,Nairobi,JET_A1,OMC_E,82.02,82.02,NORMAL,SYNTHETIC_SCENARIO
ORD-0007500,2026-10-22,Nairobi,JET_A1,OMC_F,7.39,7.39,NORMAL,SYNTHETIC_SCENARIO
ORD-0007501,2026-10-23,Nairobi,JET_A1,OMC_A,230.47,230.47,NORMAL,SYNTHETIC_SCENARIO
ORD-0007502,2026-10-23,Nairobi,JET_A1,OMC_B,238.87,238.87,NORMAL,SYNTHETIC_SCENARIO
ORD-0007503,2026-10-23,Nairobi,JET_A1,OMC_C,34.7,34.7,NORMAL,SYNTHETIC_SCENARIO
ORD-0007504,2026-10-23,Nairobi,JET_A1,OMC_D,80.07,80.07,NORMAL,SYNTHETIC_SCENARIO
ORD-0007505,2026-10-23,Nairobi,JET_A1,OMC_E,34.99,34.99,NORMAL,SYNTHETIC_SCENARIO
ORD-0007506,2026-10-23,Nairobi,JET_A1,OMC_F,0.61,0.61,NORMAL,SYNTHETIC_SCENARIO
ORD-0007507,2026-10-24,Nairobi,JET_A1,OMC_A,86.5,86.5,NORMAL,SYNTHETIC_SCENARIO
ORD-0007508,2026-10-24,Nairobi,JET_A1,OMC_B,46.37,46.37,NORMAL,SYNTHETIC_SCENARIO
ORD-0007509,2026-10-24,Nairobi,JET_A1,OMC_C,166.71,166.71,NORMAL,SYNTHETIC_SCENARIO
ORD-0007510,2026-10-24,Nairobi,JET_A1,OMC_D,10.11,10.11,NORMAL,SYNTHETIC_SCENARIO
ORD-0007511,2026-10-24,Nairobi,JET_A1,OMC_E,204.91,204.91,HIGH,SYNTHETIC_SCENARIO
ORD-0007512,2026-10-24,Nairobi,JET_A1,OMC_F,35.11,35.11,NORMAL,SYNTHETIC_SCENARIO
ORD-0007513,2026-10-25,Nairobi,JET_A1,OMC_A,15.62,15.62,HIGH,SYNTHETIC_SCENARIO
ORD-0007514,2026-10-25,Nairobi,JET_A1,OMC_B,323.99,323.99,NORMAL,SYNTHETIC_SCENARIO
ORD-0007515,2026-10-25,Nairobi,JET_A1,OMC_C,53.28,53.28,NORMAL,SYNTHETIC_SCENARIO
ORD-0007516,2026-10-25,Nairobi,JET_A1,OMC_D,66.51,66.51,HIGH,SYNTHETIC_SCENARIO
ORD-0007517,2026-10-25,Nairobi,JET_A1,OMC_E,34.61,34.61,NORMAL,SYNTHETIC_SCENARIO
ORD-0007518,2026-10-25,Nairobi,JET_A1,OMC_F,19.18,19.18,NORMAL,SYNTHETIC_SCENARIO
ORD-0007519,2026-10-26,Nairobi,JET_A1,OMC_A,175.45,175.45,NORMAL,SYNTHETIC_SCENARIO
ORD-0007520,2026-10-26,Nairobi,JET_A1,OMC_B,227.96,227.96,NORMAL,SYNTHETIC_SCENARIO
ORD-0007521,2026-10-26,Nairobi,JET_A1,OMC_C,65.08,65.08,NORMAL,SYNTHETIC_SCENARIO
ORD-0007522,2026-10-26,Nairobi,JET_A1,OMC_D,106.63,106.63,NORMAL,SYNTHETIC_SCENARIO
ORD-0007523,2026-10-26,Nairobi,JET_A1,OMC_E,21.42,21.42,NORMAL,SYNTHETIC_SCENARIO
ORD-0007524,2026-10-26,Nairobi,JET_A1,OMC_F,36.32,36.32,NORMAL,SYNTHETIC_SCENARIO
ORD-0007525,2026-10-27,Nairobi,JET_A1,OMC_A,158.98,158.98,NORMAL,SYNTHETIC_SCENARIO
ORD-0007526,2026-10-27,Nairobi,JET_A1,OMC_B,85.02,85.02,NORMAL,SYNTHETIC_SCENARIO
ORD-0007527,2026-10-27,Nairobi,JET_A1,OMC_C,78.75,78.75,NORMAL,SYNTHETIC_SCENARIO
ORD-0007528,2026-10-27,Nairobi,JET_A1,OMC_D,58.56,58.56,NORMAL,SYNTHETIC_SCENARIO
ORD-0007529,2026-10-27,Nairobi,JET_A1,OMC_E,230.46,230.46,NORMAL,SYNTHETIC_SCENARIO
ORD-0007530,2026-10-27,Nairobi,JET_A1,OMC_F,6.73,6.73,NORMAL,SYNTHETIC_SCENARIO
ORD-0007531,2026-10-28,Nairobi,JET_A1,OMC_A,211.85,211.85,NORMAL,SYNTHETIC_SCENARIO
ORD-0007532,2026-10-28,Nairobi,JET_A1,OMC_B,131.69,131.69,NORMAL,SYNTHETIC_SCENARIO
ORD-0007533,2026-10-28,Nairobi,JET_A1,OMC_C,112.91,112.91,NORMAL,SYNTHETIC_SCENARIO
ORD-0007534,2026-10-28,Nairobi,JET_A1,OMC_D,31.46,31.46,NORMAL,SYNTHETIC_SCENARIO
ORD-0007535,2026-10-28,Nairobi,JET_A1,OMC_E,91.92,91.92,NORMAL,SYNTHETIC_SCENARIO
ORD-0007536,2026-10-28,Nairobi,JET_A1,OMC_F,13.21,13.21,NORMAL,SYNTHETIC_SCENARIO
ORD-0007537,2026-10-29,Nairobi,JET_A1,OMC_A,119.33,119.33,NORMAL,SYNTHETIC_SCENARIO
ORD-0007538,2026-10-29,Nairobi,JET_A1,OMC_B,132.09,132.09,NORMAL,SYNTHETIC_SCENARIO
ORD-0007539,2026-10-29,Nairobi,JET_A1,OMC_C,94.06,94.06,NORMAL,SYNTHETIC_SCENARIO
ORD-0007540,2026-10-29,Nairobi,JET_A1,OMC_D,142.73,142.73,NORMAL,SYNTHETIC_SCENARIO
ORD-0007541,2026-10-29,Nairobi,JET_A1,OMC_E,100.69,100.69,NORMAL,SYNTHETIC_SCENARIO
ORD-0007542,2026-10-29,Nairobi,JET_A1,OMC_F,20.28,20.28,NORMAL,SYNTHETIC_SCENARIO
ORD-0007543,2026-10-30,Nairobi,JET_A1,OMC_A,34.42,34.42,NORMAL,SYNTHETIC_SCENARIO
ORD-0007544,2026-10-30,Nairobi,JET_A1,OMC_B,264.78,264.78,NORMAL,SYNTHETIC_SCENARIO
ORD-0007545,2026-10-30,Nairobi,JET_A1,OMC_C,110.62,110.62,NORMAL,SYNTHETIC_SCENARIO
ORD-0007546,2026-10-30,Nairobi,JET_A1,OMC_D,58.85,58.85,NORMAL,SYNTHETIC_SCENARIO
ORD-0007547,2026-10-30,Nairobi,JET_A1,OMC_E,168.11,168.11,NORMAL,SYNTHETIC_SCENARIO
ORD-0007548,2026-10-30,Nairobi,JET_A1,OMC_F,39.35,39.35,NORMAL,SYNTHETIC_SCENARIO
ORD-0007549,2026-10-31,Nairobi,JET_A1,OMC_A,69.89,69.89,NORMAL,SYNTHETIC_SCENARIO
ORD-0007550,2026-10-31,Nairobi,JET_A1,OMC_B,129.44,129.44,NORMAL,SYNTHETIC_SCENARIO
ORD-0007551,2026-10-31,Nairobi,JET_A1,OMC_C,175.2,175.2,NORMAL,SYNTHETIC_SCENARIO
ORD-0007552,2026-10-31,Nairobi,JET_A1,OMC_D,118.5,118.5,NORMAL,SYNTHETIC_SCENARIO
ORD-0007553,2026-10-31,Nairobi,JET_A1,OMC_E,32.6,32.6,NORMAL,SYNTHETIC_SCENARIO
ORD-0007554,2026-10-31,Nairobi,JET_A1,OMC_F,35.94,35.94,NORMAL,SYNTHETIC_SCENARIO
ORD-0007555,2026-11-01,Nairobi,JET_A1,OMC_A,232.61,232.61,HIGH,SYNTHETIC_SCENARIO
ORD-0007556,2026-11-01,Nairobi,JET_A1,OMC_B,89.61,89.61,NORMAL,SYNTHETIC_SCENARIO
ORD-0007557,2026-11-01,Nairobi,JET_A1,OMC_C,45.37,45.37,NORMAL,SYNTHETIC_SCENARIO
ORD-0007558,2026-11-01,Nairobi,JET_A1,OMC_D,68.27,68.27,NORMAL,SYNTHETIC_SCENARIO
ORD-0007559,2026-11-01,Nairobi,JET_A1,OMC_E,16.87,16.87,NORMAL,SYNTHETIC_SCENARIO
ORD-0007560,2026-11-01,Nairobi,JET_A1,OMC_F,37.69,37.69,NORMAL,SYNTHETIC_SCENARIO
ORD-0007561,2026-11-02,Nairobi,JET_A1,OMC_A,86.8,86.8,NORMAL,SYNTHETIC_SCENARIO
ORD-0007562,2026-11-02,Nairobi,JET_A1,OMC_B,70.95,70.95,NORMAL,SYNTHETIC_SCENARIO
ORD-0007563,2026-11-02,Nairobi,JET_A1,OMC_C,206.75,206.75,NORMAL,SYNTHETIC_SCENARIO
ORD-0007564,2026-11-02,Nairobi,JET_A1,OMC_D,23.4,23.4,NORMAL,SYNTHETIC_SCENARIO
ORD-0007565,2026-11-02,Nairobi,JET_A1,OMC_E,128.27,128.27,NORMAL,SYNTHETIC_SCENARIO
ORD-0007566,2026-11-02,Nairobi,JET_A1,OMC_F,44.14,44.14,NORMAL,SYNTHETIC_SCENARIO
ORD-0007567,2026-11-03,Nairobi,JET_A1,OMC_A,229.75,229.75,HIGH,SYNTHETIC_SCENARIO
ORD-0007568,2026-11-03,Nairobi,JET_A1,OMC_B,46.9,46.9,NORMAL,SYNTHETIC_SCENARIO
ORD-0007569,2026-11-03,Nairobi,JET_A1,OMC_C,41.44,41.44,NORMAL,SYNTHETIC_SCENARIO
ORD-0007570,2026-11-03,Nairobi,JET_A1,OMC_D,132.59,132.59,NORMAL,SYNTHETIC_SCENARIO
ORD-0007571,2026-11-03,Nairobi,JET_A1,OMC_E,94.72,94.72,NORMAL,SYNTHETIC_SCENARIO
ORD-0007572,2026-11-03,Nairobi,JET_A1,OMC_F,14.21,14.21,NORMAL,SYNTHETIC_SCENARIO
ORD-0007573,2026-11-04,Nairobi,JET_A1,OMC_A,194.11,194.11,NORMAL,SYNTHETIC_SCENARIO
ORD-0007574,2026-11-04,Nairobi,JET_A1,OMC_B,140.47,140.47,NORMAL,SYNTHETIC_SCENARIO
ORD-0007575,2026-11-04,Nairobi,JET_A1,OMC_C,147.46,147.46,NORMAL,SYNTHETIC_SCENARIO
ORD-0007576,2026-11-04,Nairobi,JET_A1,OMC_D,62.37,62.37,HIGH,SYNTHETIC_SCENARIO
ORD-0007577,2026-11-04,Nairobi,JET_A1,OMC_E,69.42,69.42,NORMAL,SYNTHETIC_SCENARIO
ORD-0007578,2026-11-04,Nairobi,JET_A1,OMC_F,19.06,19.06,NORMAL,SYNTHETIC_SCENARIO
ORD-0007579,2026-11-05,Nairobi,JET_A1,OMC_A,44.99,44.99,NORMAL,SYNTHETIC_SCENARIO
ORD-0007580,2026-11-05,Nairobi,JET_A1,OMC_B,151.01,151.01,NORMAL,SYNTHETIC_SCENARIO
ORD-0007581,2026-11-05,Nairobi,JET_A1,OMC_C,166.78,166.78,NORMAL,SYNTHETIC_SCENARIO
ORD-0007582,2026-11-05,Nairobi,JET_A1,OMC_D,132.2,132.2,NORMAL,SYNTHETIC_SCENARIO
ORD-0007583,2026-11-05,Nairobi,JET_A1,OMC_E,57.12,57.12,NORMAL,SYNTHETIC_SCENARIO
ORD-0007584,2026-11-05,Nairobi,JET_A1,OMC_F,9.49,9.49,NORMAL,SYNTHETIC_SCENARIO
ORD-0007585,2026-11-06,Nairobi,JET_A1,OMC_A,116.69,116.69,NORMAL,SYNTHETIC_SCENARIO
ORD-0007586,2026-11-06,Nairobi,JET_A1,OMC_B,136.77,136.77,NORMAL,SYNTHETIC_SCENARIO
ORD-0007587,2026-11-06,Nairobi,JET_A1,OMC_C,62.64,62.64,NORMAL,SYNTHETIC_SCENARIO
ORD-0007588,2026-11-06,Nairobi,JET_A1,OMC_D,55.1,55.1,NORMAL,SYNTHETIC_SCENARIO
ORD-0007589,2026-11-06,Nairobi,JET_A1,OMC_E,49.93,49.93,NORMAL,SYNTHETIC_SCENARIO
ORD-0007590,2026-11-06,Nairobi,JET_A1,OMC_F,164.73,164.73,NORMAL,SYNTHETIC_SCENARIO
ORD-0007591,2026-11-07,Nairobi,JET_A1,OMC_A,181.13,181.13,NORMAL,SYNTHETIC_SCENARIO
ORD-0007592,2026-11-07,Nairobi,JET_A1,OMC_B,206.45,206.45,NORMAL,SYNTHETIC_SCENARIO
ORD-0007593,2026-11-07,Nairobi,JET_A1,OMC_C,19.29,19.29,NORMAL,SYNTHETIC_SCENARIO
ORD-0007594,2026-11-07,Nairobi,JET_A1,OMC_D,69.95,69.95,NORMAL,SYNTHETIC_SCENARIO
ORD-0007595,2026-11-07,Nairobi,JET_A1,OMC_E,26.02,26.02,NORMAL,SYNTHETIC_SCENARIO
ORD-0007596,2026-11-07,Nairobi,JET_A1,OMC_F,25.62,25.62,NORMAL,SYNTHETIC_SCENARIO
ORD-0007597,2026-11-08,Nairobi,JET_A1,OMC_A,72.79,72.79,NORMAL,SYNTHETIC_SCENARIO
ORD-0007598,2026-11-08,Nairobi,JET_A1,OMC_B,13.78,13.78,NORMAL,SYNTHETIC_SCENARIO
ORD-0007599,2026-11-08,Nairobi,JET_A1,OMC_C,50.24,50.24,NORMAL,SYNTHETIC_SCENARIO
ORD-0007600,2026-11-08,Nairobi,JET_A1,OMC_D,50.31,50.31,NORMAL,SYNTHETIC_SCENARIO
ORD-0007601,2026-11-08,Nairobi,JET_A1,OMC_E,202.34,202.34,NORMAL,SYNTHETIC_SCENARIO
ORD-0007602,2026-11-08,Nairobi,JET_A1,OMC_F,44.39,44.39,NORMAL,SYNTHETIC_SCENARIO
ORD-0007603,2026-11-09,Nairobi,JET_A1,OMC_A,172.58,172.58,NORMAL,SYNTHETIC_SCENARIO
ORD-0007604,2026-11-09,Nairobi,JET_A1,OMC_B,141.69,141.69,NORMAL,SYNTHETIC_SCENARIO
ORD-0007605,2026-11-09,Nairobi,JET_A1,OMC_C,25.68,25.68,NORMAL,SYNTHETIC_SCENARIO
ORD-0007606,2026-11-09,Nairobi,JET_A1,OMC_D,131.08,131.08,NORMAL,SYNTHETIC_SCENARIO
ORD-0007607,2026-11-09,Nairobi,JET_A1,OMC_E,72.0,72.0,NORMAL,SYNTHETIC_SCENARIO
ORD-0007608,2026-11-09,Nairobi,JET_A1,OMC_F,1.85,1.85,NORMAL,SYNTHETIC_SCENARIO
ORD-0007609,2026-11-10,Nairobi,JET_A1,OMC_A,255.28,255.28,NORMAL,SYNTHETIC_SCENARIO
ORD-0007610,2026-11-10,Nairobi,JET_A1,OMC_B,224.2,224.2,NORMAL,SYNTHETIC_SCENARIO
ORD-0007611,2026-11-10,Nairobi,JET_A1,OMC_C,15.3,15.3,NORMAL,SYNTHETIC_SCENARIO
ORD-0007612,2026-11-10,Nairobi,JET_A1,OMC_D,3.49,3.49,NORMAL,SYNTHETIC_SCENARIO
ORD-0007613,2026-11-10,Nairobi,JET_A1,OMC_E,31.87,31.87,NORMAL,SYNTHETIC_SCENARIO
ORD-0007614,2026-11-10,Nairobi,JET_A1,OMC_F,57.35,57.35,NORMAL,SYNTHETIC_SCENARIO
ORD-0007615,2026-11-11,Nairobi,JET_A1,OMC_A,63.91,63.91,NORMAL,SYNTHETIC_SCENARIO
ORD-0007616,2026-11-11,Nairobi,JET_A1,OMC_B,82.5,82.5,NORMAL,SYNTHETIC_SCENARIO
ORD-0007617,2026-11-11,Nairobi,JET_A1,OMC_C,32.91,32.91,NORMAL,SYNTHETIC_SCENARIO
ORD-0007618,2026-11-11,Nairobi,JET_A1,OMC_D,169.42,169.42,NORMAL,SYNTHETIC_SCENARIO
ORD-0007619,2026-11-11,Nairobi,JET_A1,OMC_E,170.6,170.6,NORMAL,SYNTHETIC_SCENARIO
ORD-0007620,2026-11-11,Nairobi,JET_A1,OMC_F,12.52,12.52,NORMAL,SYNTHETIC_SCENARIO
ORD-0007621,2026-11-12,Nairobi,JET_A1,OMC_A,230.93,230.93,NORMAL,SYNTHETIC_SCENARIO
ORD-0007622,2026-11-12,Nairobi,JET_A1,OMC_B,122.47,122.47,NORMAL,SYNTHETIC_SCENARIO
ORD-0007623,2026-11-12,Nairobi,JET_A1,OMC_C,115.81,115.81,NORMAL,SYNTHETIC_SCENARIO
ORD-0007624,2026-11-12,Nairobi,JET_A1,OMC_D,18.98,18.98,NORMAL,SYNTHETIC_SCENARIO
ORD-0007625,2026-11-12,Nairobi,JET_A1,OMC_E,75.19,75.19,NORMAL,SYNTHETIC_SCENARIO
ORD-0007626,2026-11-12,Nairobi,JET_A1,OMC_F,1.49,1.49,NORMAL,SYNTHETIC_SCENARIO
ORD-0007627,2026-11-13,Nairobi,JET_A1,OMC_A,81.74,81.74,NORMAL,SYNTHETIC_SCENARIO
ORD-0007628,2026-11-13,Nairobi,JET_A1,OMC_B,94.51,94.51,NORMAL,SYNTHETIC_SCENARIO
ORD-0007629,2026-11-13,Nairobi,JET_A1,OMC_C,353.24,353.24,NORMAL,SYNTHETIC_SCENARIO
ORD-0007630,2026-11-13,Nairobi,JET_A1,OMC_D,27.52,27.52,NORMAL,SYNTHETIC_SCENARIO
ORD-0007631,2026-11-13,Nairobi,JET_A1,OMC_E,39.73,39.73,NORMAL,SYNTHETIC_SCENARIO
ORD-0007632,2026-11-13,Nairobi,JET_A1,OMC_F,16.47,16.47,NORMAL,SYNTHETIC_SCENARIO
ORD-0007633,2026-11-14,Nairobi,JET_A1,OMC_A,34.41,34.41,NORMAL,SYNTHETIC_SCENARIO
ORD-0007634,2026-11-14,Nairobi,JET_A1,OMC_B,85.62,85.62,NORMAL,SYNTHETIC_SCENARIO
ORD-0007635,2026-11-14,Nairobi,JET_A1,OMC_C,111.17,111.17,NORMAL,SYNTHETIC_SCENARIO
ORD-0007636,2026-11-14,Nairobi,JET_A1,OMC_D,148.43,148.43,NORMAL,SYNTHETIC_SCENARIO
ORD-0007637,2026-11-14,Nairobi,JET_A1,OMC_E,135.09,135.09,NORMAL,SYNTHETIC_SCENARIO
ORD-0007638,2026-11-14,Nairobi,JET_A1,OMC_F,33.42,33.42,NORMAL,SYNTHETIC_SCENARIO
ORD-0007639,2026-11-15,Nairobi,JET_A1,OMC_A,110.56,110.56,NORMAL,SYNTHETIC_SCENARIO
ORD-0007640,2026-11-15,Nairobi,JET_A1,OMC_B,62.2,62.2,NORMAL,SYNTHETIC_SCENARIO
ORD-0007641,2026-11-15,Nairobi,JET_A1,OMC_C,116.32,116.32,NORMAL,SYNTHETIC_SCENARIO
ORD-0007642,2026-11-15,Nairobi,JET_A1,OMC_D,52.18,52.18,NORMAL,SYNTHETIC_SCENARIO
ORD-0007643,2026-11-15,Nairobi,JET_A1,OMC_E,63.96,63.96,NORMAL,SYNTHETIC_SCENARIO
ORD-0007644,2026-11-15,Nairobi,JET_A1,OMC_F,74.33,74.33,NORMAL,SYNTHETIC_SCENARIO
ORD-0007645,2026-11-16,Nairobi,JET_A1,OMC_A,61.95,61.95,NORMAL,SYNTHETIC_SCENARIO
ORD-0007646,2026-11-16,Nairobi,JET_A1,OMC_B,158.28,158.28,NORMAL,SYNTHETIC_SCENARIO
ORD-0007647,2026-11-16,Nairobi,JET_A1,OMC_C,121.85,121.85,NORMAL,SYNTHETIC_SCENARIO
ORD-0007648,2026-11-16,Nairobi,JET_A1,OMC_D,162.98,162.98,NORMAL,SYNTHETIC_SCENARIO
ORD-0007649,2026-11-16,Nairobi,JET_A1,OMC_E,91.56,91.56,NORMAL,SYNTHETIC_SCENARIO
ORD-0007650,2026-11-16,Nairobi,JET_A1,OMC_F,54.88,54.88,NORMAL,SYNTHETIC_SCENARIO
ORD-0007651,2026-11-17,Nairobi,JET_A1,OMC_A,226.79,226.79,NORMAL,SYNTHETIC_SCENARIO
ORD-0007652,2026-11-17,Nairobi,JET_A1,OMC_B,136.19,136.19,NORMAL,SYNTHETIC_SCENARIO
ORD-0007653,2026-11-17,Nairobi,JET_A1,OMC_C,36.66,36.66,NORMAL,SYNTHETIC_SCENARIO
ORD-0007654,2026-11-17,Nairobi,JET_A1,OMC_D,46.38,46.38,NORMAL,SYNTHETIC_SCENARIO
ORD-0007655,2026-11-17,Nairobi,JET_A1,OMC_E,82.63,82.63,HIGH,SYNTHETIC_SCENARIO
ORD-0007656,2026-11-17,Nairobi,JET_A1,OMC_F,22.56,22.56,NORMAL,SYNTHETIC_SCENARIO
ORD-0007657,2026-11-18,Nairobi,JET_A1,OMC_A,97.18,97.18,NORMAL,SYNTHETIC_SCENARIO
ORD-0007658,2026-11-18,Nairobi,JET_A1,OMC_B,45.58,45.58,NORMAL,SYNTHETIC_SCENARIO
ORD-0007659,2026-11-18,Nairobi,JET_A1,OMC_C,112.4,112.4,HIGH,SYNTHETIC_SCENARIO
ORD-0007660,2026-11-18,Nairobi,JET_A1,OMC_D,195.51,195.51,NORMAL,SYNTHETIC_SCENARIO
ORD-0007661,2026-11-18,Nairobi,JET_A1,OMC_E,70.38,70.38,NORMAL,SYNTHETIC_SCENARIO
ORD-0007662,2026-11-18,Nairobi,JET_A1,OMC_F,33.26,33.26,HIGH,SYNTHETIC_SCENARIO
ORD-0007663,2026-11-19,Nairobi,JET_A1,OMC_A,89.78,89.78,NORMAL,SYNTHETIC_SCENARIO
ORD-0007664,2026-11-19,Nairobi,JET_A1,OMC_B,78.3,78.3,NORMAL,SYNTHETIC_SCENARIO
ORD-0007665,2026-11-19,Nairobi,JET_A1,OMC_C,216.88,216.88,HIGH,SYNTHETIC_SCENARIO
ORD-0007666,2026-11-19,Nairobi,JET_A1,OMC_D,21.56,21.56,NORMAL,SYNTHETIC_SCENARIO
ORD-0007667,2026-11-19,Nairobi,JET_A1,OMC_E,184.26,184.26,NORMAL,SYNTHETIC_SCENARIO
ORD-0007668,2026-11-19,Nairobi,JET_A1,OMC_F,53.81,53.81,NORMAL,SYNTHETIC_SCENARIO
ORD-0007669,2026-11-20,Nairobi,JET_A1,OMC_A,219.64,219.64,NORMAL,SYNTHETIC_SCENARIO
ORD-0007670,2026-11-20,Nairobi,JET_A1,OMC_B,108.7,108.7,NORMAL,SYNTHETIC_SCENARIO
ORD-0007671,2026-11-20,Nairobi,JET_A1,OMC_C,103.94,103.94,NORMAL,SYNTHETIC_SCENARIO
ORD-0007672,2026-11-20,Nairobi,JET_A1,OMC_D,140.85,140.85,NORMAL,SYNTHETIC_SCENARIO
ORD-0007673,2026-11-20,Nairobi,JET_A1,OMC_E,4.8,4.8,NORMAL,SYNTHETIC_SCENARIO
ORD-0007674,2026-11-20,Nairobi,JET_A1,OMC_F,22.81,22.81,NORMAL,SYNTHETIC_SCENARIO
ORD-0007675,2026-11-21,Nairobi,JET_A1,OMC_A,200.43,200.43,NORMAL,SYNTHETIC_SCENARIO
ORD-0007676,2026-11-21,Nairobi,JET_A1,OMC_B,52.22,52.22,NORMAL,SYNTHETIC_SCENARIO
ORD-0007677,2026-11-21,Nairobi,JET_A1,OMC_C,33.62,33.62,NORMAL,SYNTHETIC_SCENARIO
ORD-0007678,2026-11-21,Nairobi,JET_A1,OMC_D,67.11,67.11,NORMAL,SYNTHETIC_SCENARIO
ORD-0007679,2026-11-21,Nairobi,JET_A1,OMC_E,65.89,65.89,NORMAL,SYNTHETIC_SCENARIO
ORD-0007680,2026-11-21,Nairobi,JET_A1,OMC_F,105.36,105.36,NORMAL,SYNTHETIC_SCENARIO
ORD-0007681,2026-11-22,Nairobi,JET_A1,OMC_A,67.27,67.27,NORMAL,SYNTHETIC_SCENARIO
ORD-0007682,2026-11-22,Nairobi,JET_A1,OMC_B,81.59,81.59,NORMAL,SYNTHETIC_SCENARIO
ORD-0007683,2026-11-22,Nairobi,JET_A1,OMC_C,79.66,79.66,NORMAL,SYNTHETIC_SCENARIO
ORD-0007684,2026-11-22,Nairobi,JET_A1,OMC_D,87.21,87.21,NORMAL,SYNTHETIC_SCENARIO
ORD-0007685,2026-11-22,Nairobi,JET_A1,OMC_E,49.89,49.89,NORMAL,SYNTHETIC_SCENARIO
ORD-0007686,2026-11-22,Nairobi,JET_A1,OMC_F,102.76,102.76,NORMAL,SYNTHETIC_SCENARIO
ORD-0007687,2026-11-23,Nairobi,JET_A1,OMC_A,82.95,82.95,NORMAL,SYNTHETIC_SCENARIO
ORD-0007688,2026-11-23,Nairobi,JET_A1,OMC_B,110.83,110.83,NORMAL,SYNTHETIC_SCENARIO
ORD-0007689,2026-11-23,Nairobi,JET_A1,OMC_C,63.61,63.61,NORMAL,SYNTHETIC_SCENARIO
ORD-0007690,2026-11-23,Nairobi,JET_A1,OMC_D,110.27,110.27,HIGH,SYNTHETIC_SCENARIO
ORD-0007691,2026-11-23,Nairobi,JET_A1,OMC_E,69.25,69.25,NORMAL,SYNTHETIC_SCENARIO
ORD-0007692,2026-11-23,Nairobi,JET_A1,OMC_F,72.17,72.17,NORMAL,SYNTHETIC_SCENARIO
ORD-0007693,2026-11-24,Nairobi,JET_A1,OMC_A,107.7,107.7,NORMAL,SYNTHETIC_SCENARIO
ORD-0007694,2026-11-24,Nairobi,JET_A1,OMC_B,130.8,130.8,NORMAL,SYNTHETIC_SCENARIO
ORD-0007695,2026-11-24,Nairobi,JET_A1,OMC_C,74.11,74.11,NORMAL,SYNTHETIC_SCENARIO
ORD-0007696,2026-11-24,Nairobi,JET_A1,OMC_D,125.57,125.57,NORMAL,SYNTHETIC_SCENARIO
ORD-0007697,2026-11-24,Nairobi,JET_A1,OMC_E,11.74,11.74,NORMAL,SYNTHETIC_SCENARIO
ORD-0007698,2026-11-24,Nairobi,JET_A1,OMC_F,77.51,77.51,NORMAL,SYNTHETIC_SCENARIO
ORD-0007699,2026-11-25,Nairobi,JET_A1,OMC_A,134.35,134.35,NORMAL,SYNTHETIC_SCENARIO
ORD-0007700,2026-11-25,Nairobi,JET_A1,OMC_B,143.9,143.9,NORMAL,SYNTHETIC_SCENARIO
ORD-0007701,2026-11-25,Nairobi,JET_A1,OMC_C,115.16,115.16,NORMAL,SYNTHETIC_SCENARIO
ORD-0007702,2026-11-25,Nairobi,JET_A1,OMC_D,50.81,50.81,NORMAL,SYNTHETIC_SCENARIO
ORD-0007703,2026-11-25,Nairobi,JET_A1,OMC_E,73.67,73.67,NORMAL,SYNTHETIC_SCENARIO
ORD-0007704,2026-11-25,Nairobi,JET_A1,OMC_F,41.16,41.16,NORMAL,SYNTHETIC_SCENARIO
ORD-0007705,2026-11-26,Nairobi,JET_A1,OMC_A,63.86,63.86,NORMAL,SYNTHETIC_SCENARIO
ORD-0007706,2026-11-26,Nairobi,JET_A1,OMC_B,63.1,63.1,NORMAL,SYNTHETIC_SCENARIO
ORD-0007707,2026-11-26,Nairobi,JET_A1,OMC_C,222.82,222.82,NORMAL,SYNTHETIC_SCENARIO
ORD-0007708,2026-11-26,Nairobi,JET_A1,OMC_D,19.19,19.19,NORMAL,SYNTHETIC_SCENARIO
ORD-0007709,2026-11-26,Nairobi,JET_A1,OMC_E,52.13,52.13,HIGH,SYNTHETIC_SCENARIO
ORD-0007710,2026-11-26,Nairobi,JET_A1,OMC_F,158.09,158.09,NORMAL,SYNTHETIC_SCENARIO
ORD-0007711,2026-11-27,Nairobi,JET_A1,OMC_A,156.57,156.57,NORMAL,SYNTHETIC_SCENARIO
ORD-0007712,2026-11-27,Nairobi,JET_A1,OMC_B,53.6,53.6,NORMAL,SYNTHETIC_SCENARIO
ORD-0007713,2026-11-27,Nairobi,JET_A1,OMC_C,83.19,83.19,NORMAL,SYNTHETIC_SCENARIO
ORD-0007714,2026-11-27,Nairobi,JET_A1,OMC_D,262.25,262.25,NORMAL,SYNTHETIC_SCENARIO
ORD-0007715,2026-11-27,Nairobi,JET_A1,OMC_E,11.68,11.68,NORMAL,SYNTHETIC_SCENARIO
ORD-0007716,2026-11-27,Nairobi,JET_A1,OMC_F,14.75,14.75,NORMAL,SYNTHETIC_SCENARIO
ORD-0007717,2026-11-28,Nairobi,JET_A1,OMC_A,137.86,137.86,NORMAL,SYNTHETIC_SCENARIO
ORD-0007718,2026-11-28,Nairobi,JET_A1,OMC_B,197.32,197.32,NORMAL,SYNTHETIC_SCENARIO
ORD-0007719,2026-11-28,Nairobi,JET_A1,OMC_C,30.9,30.9,NORMAL,SYNTHETIC_SCENARIO
ORD-0007720,2026-11-28,Nairobi,JET_A1,OMC_D,126.31,126.31,NORMAL,SYNTHETIC_SCENARIO
ORD-0007721,2026-11-28,Nairobi,JET_A1,OMC_E,24.74,24.74,NORMAL,SYNTHETIC_SCENARIO
ORD-0007722,2026-11-28,Nairobi,JET_A1,OMC_F,24.22,24.22,NORMAL,SYNTHETIC_SCENARIO
ORD-0007723,2026-11-29,Nairobi,JET_A1,OMC_A,141.73,141.73,NORMAL,SYNTHETIC_SCENARIO
ORD-0007724,2026-11-29,Nairobi,JET_A1,OMC_B,76.27,76.27,NORMAL,SYNTHETIC_SCENARIO
ORD-0007725,2026-11-29,Nairobi,JET_A1,OMC_C,26.73,26.73,NORMAL,SYNTHETIC_SCENARIO
ORD-0007726,2026-11-29,Nairobi,JET_A1,OMC_D,178.28,178.28,HIGH,SYNTHETIC_SCENARIO
ORD-0007727,2026-11-29,Nairobi,JET_A1,OMC_E,43.33,43.33,NORMAL,SYNTHETIC_SCENARIO
ORD-0007728,2026-11-29,Nairobi,JET_A1,OMC_F,17.06,17.06,NORMAL,SYNTHETIC_SCENARIO
ORD-0007729,2026-11-30,Nairobi,JET_A1,OMC_A,218.28,218.28,NORMAL,SYNTHETIC_SCENARIO
ORD-0007730,2026-11-30,Nairobi,JET_A1,OMC_B,51.52,51.52,NORMAL,SYNTHETIC_SCENARIO
ORD-0007731,2026-11-30,Nairobi,JET_A1,OMC_C,80.86,80.86,NORMAL,SYNTHETIC_SCENARIO
ORD-0007732,2026-11-30,Nairobi,JET_A1,OMC_D,103.32,103.32,NORMAL,SYNTHETIC_SCENARIO
ORD-0007733,2026-11-30,Nairobi,JET_A1,OMC_E,40.56,40.56,HIGH,SYNTHETIC_SCENARIO
ORD-0007734,2026-11-30,Nairobi,JET_A1,OMC_F,14.42,14.42,NORMAL,SYNTHETIC_SCENARIO
ORD-0007735,2026-12-01,Nairobi,JET_A1,OMC_A,36.66,36.66,NORMAL,SYNTHETIC_SCENARIO
ORD-0007736,2026-12-01,Nairobi,JET_A1,OMC_B,217.29,217.29,NORMAL,SYNTHETIC_SCENARIO
ORD-0007737,2026-12-01,Nairobi,JET_A1,OMC_C,269.24,269.24,NORMAL,SYNTHETIC_SCENARIO
ORD-0007738,2026-12-01,Nairobi,JET_A1,OMC_D,32.56,32.56,HIGH,SYNTHETIC_SCENARIO
ORD-0007739,2026-12-01,Nairobi,JET_A1,OMC_E,40.74,40.74,NORMAL,SYNTHETIC_SCENARIO
ORD-0007740,2026-12-01,Nairobi,JET_A1,OMC_F,46.48,46.48,NORMAL,SYNTHETIC_SCENARIO
ORD-0007741,2026-12-02,Nairobi,JET_A1,OMC_A,188.09,188.09,NORMAL,SYNTHETIC_SCENARIO
ORD-0007742,2026-12-02,Nairobi,JET_A1,OMC_B,179.44,179.44,NORMAL,SYNTHETIC_SCENARIO
ORD-0007743,2026-12-02,Nairobi,JET_A1,OMC_C,159.7,159.7,NORMAL,SYNTHETIC_SCENARIO
ORD-0007744,2026-12-02,Nairobi,JET_A1,OMC_D,25.68,25.68,NORMAL,SYNTHETIC_SCENARIO
ORD-0007745,2026-12-02,Nairobi,JET_A1,OMC_E,4.99,4.99,NORMAL,SYNTHETIC_SCENARIO
ORD-0007746,2026-12-02,Nairobi,JET_A1,OMC_F,69.69,69.69,NORMAL,SYNTHETIC_SCENARIO
ORD-0007747,2026-12-03,Nairobi,JET_A1,OMC_A,272.4,272.4,NORMAL,SYNTHETIC_SCENARIO
ORD-0007748,2026-12-03,Nairobi,JET_A1,OMC_B,133.31,133.31,NORMAL,SYNTHETIC_SCENARIO
ORD-0007749,2026-12-03,Nairobi,JET_A1,OMC_C,125.99,125.99,HIGH,SYNTHETIC_SCENARIO
ORD-0007750,2026-12-03,Nairobi,JET_A1,OMC_D,9.66,9.66,NORMAL,SYNTHETIC_SCENARIO
ORD-0007751,2026-12-03,Nairobi,JET_A1,OMC_E,67.0,67.0,HIGH,SYNTHETIC_SCENARIO
ORD-0007752,2026-12-03,Nairobi,JET_A1,OMC_F,94.81,94.81,NORMAL,SYNTHETIC_SCENARIO
ORD-0007753,2026-12-04,Nairobi,JET_A1,OMC_A,112.58,112.58,NORMAL,SYNTHETIC_SCENARIO
ORD-0007754,2026-12-04,Nairobi,JET_A1,OMC_B,266.79,266.79,NORMAL,SYNTHETIC_SCENARIO
ORD-0007755,2026-12-04,Nairobi,JET_A1,OMC_C,177.05,177.05,NORMAL,SYNTHETIC_SCENARIO
ORD-0007756,2026-12-04,Nairobi,JET_A1,OMC_D,64.09,64.09,NORMAL,SYNTHETIC_SCENARIO
ORD-0007757,2026-12-04,Nairobi,JET_A1,OMC_E,48.01,48.01,NORMAL,SYNTHETIC_SCENARIO
ORD-0007758,2026-12-04,Nairobi,JET_A1,OMC_F,13.25,13.25,NORMAL,SYNTHETIC_SCENARIO
ORD-0007759,2026-12-05,Nairobi,JET_A1,OMC_A,67.02,67.02,NORMAL,SYNTHETIC_SCENARIO
ORD-0007760,2026-12-05,Nairobi,JET_A1,OMC_B,158.02,158.02,NORMAL,SYNTHETIC_SCENARIO
ORD-0007761,2026-12-05,Nairobi,JET_A1,OMC_C,263.67,263.67,NORMAL,SYNTHETIC_SCENARIO
ORD-0007762,2026-12-05,Nairobi,JET_A1,OMC_D,21.55,21.55,NORMAL,SYNTHETIC_SCENARIO
ORD-0007763,2026-12-05,Nairobi,JET_A1,OMC_E,52.3,52.3,NORMAL,SYNTHETIC_SCENARIO
ORD-0007764,2026-12-05,Nairobi,JET_A1,OMC_F,3.06,3.06,NORMAL,SYNTHETIC_SCENARIO
ORD-0007765,2026-12-06,Nairobi,JET_A1,OMC_A,127.24,127.24,NORMAL,SYNTHETIC_SCENARIO
ORD-0007766,2026-12-06,Nairobi,JET_A1,OMC_B,64.17,64.17,NORMAL,SYNTHETIC_SCENARIO
ORD-0007767,2026-12-06,Nairobi,JET_A1,OMC_C,159.6,159.6,NORMAL,SYNTHETIC_SCENARIO
ORD-0007768,2026-12-06,Nairobi,JET_A1,OMC_D,50.06,50.06,NORMAL,SYNTHETIC_SCENARIO
ORD-0007769,2026-12-06,Nairobi,JET_A1,OMC_E,68.41,68.41,HIGH,SYNTHETIC_SCENARIO
ORD-0007770,2026-12-06,Nairobi,JET_A1,OMC_F,72.28,72.28,NORMAL,SYNTHETIC_SCENARIO
ORD-0007771,2026-12-07,Nairobi,JET_A1,OMC_A,93.3,93.3,NORMAL,SYNTHETIC_SCENARIO
ORD-0007772,2026-12-07,Nairobi,JET_A1,OMC_B,104.42,104.42,NORMAL,SYNTHETIC_SCENARIO
ORD-0007773,2026-12-07,Nairobi,JET_A1,OMC_C,63.52,63.52,NORMAL,SYNTHETIC_SCENARIO
ORD-0007774,2026-12-07,Nairobi,JET_A1,OMC_D,149.32,149.32,NORMAL,SYNTHETIC_SCENARIO
ORD-0007775,2026-12-07,Nairobi,JET_A1,OMC_E,216.11,216.11,NORMAL,SYNTHETIC_SCENARIO
ORD-0007776,2026-12-07,Nairobi,JET_A1,OMC_F,32.88,32.88,NORMAL,SYNTHETIC_SCENARIO
ORD-0007777,2026-12-08,Nairobi,JET_A1,OMC_A,183.24,183.24,NORMAL,SYNTHETIC_SCENARIO
ORD-0007778,2026-12-08,Nairobi,JET_A1,OMC_B,93.3,93.3,HIGH,SYNTHETIC_SCENARIO
ORD-0007779,2026-12-08,Nairobi,JET_A1,OMC_C,33.08,33.08,NORMAL,SYNTHETIC_SCENARIO
ORD-0007780,2026-12-08,Nairobi,JET_A1,OMC_D,279.75,279.75,NORMAL,SYNTHETIC_SCENARIO
ORD-0007781,2026-12-08,Nairobi,JET_A1,OMC_E,7.93,7.93,NORMAL,SYNTHETIC_SCENARIO
ORD-0007782,2026-12-08,Nairobi,JET_A1,OMC_F,46.63,46.63,NORMAL,SYNTHETIC_SCENARIO
ORD-0007783,2026-12-09,Nairobi,JET_A1,OMC_A,338.97,338.97,NORMAL,SYNTHETIC_SCENARIO
ORD-0007784,2026-12-09,Nairobi,JET_A1,OMC_B,128.07,128.07,NORMAL,SYNTHETIC_SCENARIO
ORD-0007785,2026-12-09,Nairobi,JET_A1,OMC_C,133.58,133.58,NORMAL,SYNTHETIC_SCENARIO
ORD-0007786,2026-12-09,Nairobi,JET_A1,OMC_D,36.75,36.75,HIGH,SYNTHETIC_SCENARIO
ORD-0007787,2026-12-09,Nairobi,JET_A1,OMC_E,23.31,23.31,NORMAL,SYNTHETIC_SCENARIO
ORD-0007788,2026-12-09,Nairobi,JET_A1,OMC_F,19.91,19.91,NORMAL,SYNTHETIC_SCENARIO
ORD-0007789,2026-12-10,Nairobi,JET_A1,OMC_A,305.77,305.77,NORMAL,SYNTHETIC_SCENARIO
ORD-0007790,2026-12-10,Nairobi,JET_A1,OMC_B,44.05,44.05,NORMAL,SYNTHETIC_SCENARIO
ORD-0007791,2026-12-10,Nairobi,JET_A1,OMC_C,116.51,116.51,NORMAL,SYNTHETIC_SCENARIO
ORD-0007792,2026-12-10,Nairobi,JET_A1,OMC_D,83.7,83.7,NORMAL,SYNTHETIC_SCENARIO
ORD-0007793,2026-12-10,Nairobi,JET_A1,OMC_E,52.84,52.84,NORMAL,SYNTHETIC_SCENARIO
ORD-0007794,2026-12-10,Nairobi,JET_A1,OMC_F,52.7,52.7,NORMAL,SYNTHETIC_SCENARIO
ORD-0007795,2026-12-11,Nairobi,JET_A1,OMC_A,179.32,179.32,NORMAL,SYNTHETIC_SCENARIO
ORD-0007796,2026-12-11,Nairobi,JET_A1,OMC_B,125.06,125.06,NORMAL,SYNTHETIC_SCENARIO
ORD-0007797,2026-12-11,Nairobi,JET_A1,OMC_C,101.82,101.82,HIGH,SYNTHETIC_SCENARIO
ORD-0007798,2026-12-11,Nairobi,JET_A1,OMC_D,77.27,77.27,NORMAL,SYNTHETIC_SCENARIO
ORD-0007799,2026-12-11,Nairobi,JET_A1,OMC_E,29.99,29.99,NORMAL,SYNTHETIC_SCENARIO
ORD-0007800,2026-12-11,Nairobi,JET_A1,OMC_F,185.91,185.91,NORMAL,SYNTHETIC_SCENARIO
ORD-0007801,2026-12-12,Nairobi,JET_A1,OMC_A,94.62,94.62,NORMAL,SYNTHETIC_SCENARIO
ORD-0007802,2026-12-12,Nairobi,JET_A1,OMC_B,104.48,104.48,NORMAL,SYNTHETIC_SCENARIO
ORD-0007803,2026-12-12,Nairobi,JET_A1,OMC_C,167.09,167.09,NORMAL,SYNTHETIC_SCENARIO
ORD-0007804,2026-12-12,Nairobi,JET_A1,OMC_D,73.8,73.8,NORMAL,SYNTHETIC_SCENARIO
ORD-0007805,2026-12-12,Nairobi,JET_A1,OMC_E,214.19,214.19,NORMAL,SYNTHETIC_SCENARIO
ORD-0007806,2026-12-12,Nairobi,JET_A1,OMC_F,43.53,43.53,NORMAL,SYNTHETIC_SCENARIO
ORD-0007807,2026-12-13,Nairobi,JET_A1,OMC_A,56.18,56.18,NORMAL,SYNTHETIC_SCENARIO
ORD-0007808,2026-12-13,Nairobi,JET_A1,OMC_B,245.56,245.56,NORMAL,SYNTHETIC_SCENARIO
ORD-0007809,2026-12-13,Nairobi,JET_A1,OMC_C,30.36,30.36,NORMAL,SYNTHETIC_SCENARIO
ORD-0007810,2026-12-13,Nairobi,JET_A1,OMC_D,10.32,10.32,NORMAL,SYNTHETIC_SCENARIO
ORD-0007811,2026-12-13,Nairobi,JET_A1,OMC_E,52.06,52.06,NORMAL,SYNTHETIC_SCENARIO
ORD-0007812,2026-12-13,Nairobi,JET_A1,OMC_F,105.03,105.03,NORMAL,SYNTHETIC_SCENARIO
ORD-0007813,2026-12-14,Nairobi,JET_A1,OMC_A,82.21,82.21,NORMAL,SYNTHETIC_SCENARIO
ORD-0007814,2026-12-14,Nairobi,JET_A1,OMC_B,564.25,564.25,HIGH,SYNTHETIC_SCENARIO
ORD-0007815,2026-12-14,Nairobi,JET_A1,OMC_C,49.73,49.73,NORMAL,SYNTHETIC_SCENARIO
ORD-0007816,2026-12-14,Nairobi,JET_A1,OMC_D,4.39,4.39,NORMAL,SYNTHETIC_SCENARIO
ORD-0007817,2026-12-14,Nairobi,JET_A1,OMC_E,6.69,6.69,NORMAL,SYNTHETIC_SCENARIO
ORD-0007818,2026-12-14,Nairobi,JET_A1,OMC_F,35.78,35.78,NORMAL,SYNTHETIC_SCENARIO
ORD-0007819,2026-12-15,Nairobi,JET_A1,OMC_A,136.68,136.68,NORMAL,SYNTHETIC_SCENARIO
ORD-0007820,2026-12-15,Nairobi,JET_A1,OMC_B,267.67,267.67,NORMAL,SYNTHETIC_SCENARIO
ORD-0007821,2026-12-15,Nairobi,JET_A1,OMC_C,17.18,17.18,HIGH,SYNTHETIC_SCENARIO
ORD-0007822,2026-12-15,Nairobi,JET_A1,OMC_D,200.82,200.82,NORMAL,SYNTHETIC_SCENARIO
ORD-0007823,2026-12-15,Nairobi,JET_A1,OMC_E,38.27,38.27,NORMAL,SYNTHETIC_SCENARIO
ORD-0007824,2026-12-15,Nairobi,JET_A1,OMC_F,0.1,0.1,NORMAL,SYNTHETIC_SCENARIO
ORD-0007825,2026-12-16,Nairobi,JET_A1,OMC_A,189.16,189.16,NORMAL,SYNTHETIC_SCENARIO
ORD-0007826,2026-12-16,Nairobi,JET_A1,OMC_B,35.2,35.2,NORMAL,SYNTHETIC_SCENARIO
ORD-0007827,2026-12-16,Nairobi,JET_A1,OMC_C,241.44,241.44,NORMAL,SYNTHETIC_SCENARIO
ORD-0007828,2026-12-16,Nairobi,JET_A1,OMC_D,6.68,6.68,NORMAL,SYNTHETIC_SCENARIO
ORD-0007829,2026-12-16,Nairobi,JET_A1,OMC_E,122.21,122.21,NORMAL,SYNTHETIC_SCENARIO
ORD-0007830,2026-12-16,Nairobi,JET_A1,OMC_F,84.38,84.38,NORMAL,SYNTHETIC_SCENARIO
ORD-0007831,2026-12-17,Nairobi,JET_A1,OMC_A,132.77,132.77,NORMAL,SYNTHETIC_SCENARIO
ORD-0007832,2026-12-17,Nairobi,JET_A1,OMC_B,237.47,237.47,NORMAL,SYNTHETIC_SCENARIO
ORD-0007833,2026-12-17,Nairobi,JET_A1,OMC_C,131.65,131.65,NORMAL,SYNTHETIC_SCENARIO
ORD-0007834,2026-12-17,Nairobi,JET_A1,OMC_D,39.43,39.43,NORMAL,SYNTHETIC_SCENARIO
ORD-0007835,2026-12-17,Nairobi,JET_A1,OMC_E,97.03,97.03,NORMAL,SYNTHETIC_SCENARIO
ORD-0007836,2026-12-17,Nairobi,JET_A1,OMC_F,2.71,2.71,NORMAL,SYNTHETIC_SCENARIO
ORD-0007837,2026-12-18,Nairobi,JET_A1,OMC_A,319.5,319.5,NORMAL,SYNTHETIC_SCENARIO
ORD-0007838,2026-12-18,Nairobi,JET_A1,OMC_B,29.0,29.0,NORMAL,SYNTHETIC_SCENARIO
ORD-0007839,2026-12-18,Nairobi,JET_A1,OMC_C,155.86,155.86,NORMAL,SYNTHETIC_SCENARIO
ORD-0007840,2026-12-18,Nairobi,JET_A1,OMC_D,27.88,27.88,NORMAL,SYNTHETIC_SCENARIO
ORD-0007841,2026-12-18,Nairobi,JET_A1,OMC_E,124.3,124.3,NORMAL,SYNTHETIC_SCENARIO
ORD-0007842,2026-12-18,Nairobi,JET_A1,OMC_F,25.68,25.68,NORMAL,SYNTHETIC_SCENARIO
ORD-0007843,2026-12-19,Nairobi,JET_A1,OMC_A,130.22,130.22,NORMAL,SYNTHETIC_SCENARIO
ORD-0007844,2026-12-19,Nairobi,JET_A1,OMC_B,199.77,199.77,NORMAL,SYNTHETIC_SCENARIO
ORD-0007845,2026-12-19,Nairobi,JET_A1,OMC_C,25.34,25.34,NORMAL,SYNTHETIC_SCENARIO
ORD-0007846,2026-12-19,Nairobi,JET_A1,OMC_D,73.78,73.78,NORMAL,SYNTHETIC_SCENARIO
ORD-0007847,2026-12-19,Nairobi,JET_A1,OMC_E,145.73,145.73,NORMAL,SYNTHETIC_SCENARIO
ORD-0007848,2026-12-19,Nairobi,JET_A1,OMC_F,44.36,44.36,NORMAL,SYNTHETIC_SCENARIO
ORD-0007849,2026-12-20,Nairobi,JET_A1,OMC_A,67.75,67.75,NORMAL,SYNTHETIC_SCENARIO
ORD-0007850,2026-12-20,Nairobi,JET_A1,OMC_B,107.37,107.37,NORMAL,SYNTHETIC_SCENARIO
ORD-0007851,2026-12-20,Nairobi,JET_A1,OMC_C,74.32,74.32,NORMAL,SYNTHETIC_SCENARIO
ORD-0007852,2026-12-20,Nairobi,JET_A1,OMC_D,111.01,111.01,NORMAL,SYNTHETIC_SCENARIO
ORD-0007853,2026-12-20,Nairobi,JET_A1,OMC_E,138.75,138.75,NORMAL,SYNTHETIC_SCENARIO
ORD-0007854,2026-12-20,Nairobi,JET_A1,OMC_F,59.52,59.52,NORMAL,SYNTHETIC_SCENARIO
ORD-0007855,2026-12-21,Nairobi,JET_A1,OMC_A,329.79,329.79,NORMAL,SYNTHETIC_SCENARIO
ORD-0007856,2026-12-21,Nairobi,JET_A1,OMC_B,39.85,39.85,NORMAL,SYNTHETIC_SCENARIO
ORD-0007857,2026-12-21,Nairobi,JET_A1,OMC_C,226.85,226.85,HIGH,SYNTHETIC_SCENARIO
ORD-0007858,2026-12-21,Nairobi,JET_A1,OMC_D,103.53,103.53,NORMAL,SYNTHETIC_SCENARIO
ORD-0007859,2026-12-21,Nairobi,JET_A1,OMC_E,5.14,5.14,NORMAL,SYNTHETIC_SCENARIO
ORD-0007860,2026-12-21,Nairobi,JET_A1,OMC_F,9.81,9.81,NORMAL,SYNTHETIC_SCENARIO
ORD-0007861,2026-12-22,Nairobi,JET_A1,OMC_A,91.85,91.85,NORMAL,SYNTHETIC_SCENARIO
ORD-0007862,2026-12-22,Nairobi,JET_A1,OMC_B,62.9,62.9,NORMAL,SYNTHETIC_SCENARIO
ORD-0007863,2026-12-22,Nairobi,JET_A1,OMC_C,171.67,171.67,NORMAL,SYNTHETIC_SCENARIO
ORD-0007864,2026-12-22,Nairobi,JET_A1,OMC_D,322.28,322.28,NORMAL,SYNTHETIC_SCENARIO
ORD-0007865,2026-12-22,Nairobi,JET_A1,OMC_E,9.34,9.34,NORMAL,SYNTHETIC_SCENARIO
ORD-0007866,2026-12-22,Nairobi,JET_A1,OMC_F,55.85,55.85,NORMAL,SYNTHETIC_SCENARIO
ORD-0007867,2026-12-23,Nairobi,JET_A1,OMC_A,202.37,202.37,NORMAL,SYNTHETIC_SCENARIO
ORD-0007868,2026-12-23,Nairobi,JET_A1,OMC_B,130.87,130.87,NORMAL,SYNTHETIC_SCENARIO
ORD-0007869,2026-12-23,Nairobi,JET_A1,OMC_C,166.12,166.12,NORMAL,SYNTHETIC_SCENARIO
ORD-0007870,2026-12-23,Nairobi,JET_A1,OMC_D,51.73,51.73,NORMAL,SYNTHETIC_SCENARIO
ORD-0007871,2026-12-23,Nairobi,JET_A1,OMC_E,82.64,82.64,NORMAL,SYNTHETIC_SCENARIO
ORD-0007872,2026-12-23,Nairobi,JET_A1,OMC_F,0.81,0.81,HIGH,SYNTHETIC_SCENARIO
ORD-0007873,2026-12-24,Nairobi,JET_A1,OMC_A,162.24,162.24,NORMAL,SYNTHETIC_SCENARIO
ORD-0007874,2026-12-24,Nairobi,JET_A1,OMC_B,122.84,122.84,NORMAL,SYNTHETIC_SCENARIO
ORD-0007875,2026-12-24,Nairobi,JET_A1,OMC_C,223.78,223.78,NORMAL,SYNTHETIC_SCENARIO
ORD-0007876,2026-12-24,Nairobi,JET_A1,OMC_D,172.11,172.11,NORMAL,SYNTHETIC_SCENARIO
ORD-0007877,2026-12-24,Nairobi,JET_A1,OMC_E,15.34,15.34,NORMAL,SYNTHETIC_SCENARIO
ORD-0007878,2026-12-24,Nairobi,JET_A1,OMC_F,0.49,0.49,NORMAL,SYNTHETIC_SCENARIO
ORD-0007879,2026-12-25,Nairobi,JET_A1,OMC_A,254.62,254.62,NORMAL,SYNTHETIC_SCENARIO
ORD-0007880,2026-12-25,Nairobi,JET_A1,OMC_B,164.82,164.82,NORMAL,SYNTHETIC_SCENARIO
ORD-0007881,2026-12-25,Nairobi,JET_A1,OMC_C,2.61,2.61,NORMAL,SYNTHETIC_SCENARIO
ORD-0007882,2026-12-25,Nairobi,JET_A1,OMC_D,107.87,107.87,HIGH,SYNTHETIC_SCENARIO
ORD-0007883,2026-12-25,Nairobi,JET_A1,OMC_E,107.03,107.03,NORMAL,SYNTHETIC_SCENARIO
ORD-0007884,2026-12-25,Nairobi,JET_A1,OMC_F,103.43,103.43,NORMAL,SYNTHETIC_SCENARIO
ORD-0007885,2026-12-26,Nairobi,JET_A1,OMC_A,136.2,136.2,NORMAL,SYNTHETIC_SCENARIO
ORD-0007886,2026-12-26,Nairobi,JET_A1,OMC_B,71.3,71.3,NORMAL,SYNTHETIC_SCENARIO
ORD-0007887,2026-12-26,Nairobi,JET_A1,OMC_C,193.56,193.56,NORMAL,SYNTHETIC_SCENARIO
ORD-0007888,2026-12-26,Nairobi,JET_A1,OMC_D,162.85,162.85,NORMAL,SYNTHETIC_SCENARIO
ORD-0007889,2026-12-26,Nairobi,JET_A1,OMC_E,6.87,6.87,NORMAL,SYNTHETIC_SCENARIO
ORD-0007890,2026-12-26,Nairobi,JET_A1,OMC_F,42.92,42.92,NORMAL,SYNTHETIC_SCENARIO
ORD-0007891,2026-12-27,Nairobi,JET_A1,OMC_A,132.56,132.56,NORMAL,SYNTHETIC_SCENARIO
ORD-0007892,2026-12-27,Nairobi,JET_A1,OMC_B,68.44,68.44,NORMAL,SYNTHETIC_SCENARIO
ORD-0007893,2026-12-27,Nairobi,JET_A1,OMC_C,181.25,181.25,NORMAL,SYNTHETIC_SCENARIO
ORD-0007894,2026-12-27,Nairobi,JET_A1,OMC_D,15.12,15.12,NORMAL,SYNTHETIC_SCENARIO
ORD-0007895,2026-12-27,Nairobi,JET_A1,OMC_E,31.02,31.02,NORMAL,SYNTHETIC_SCENARIO
ORD-0007896,2026-12-27,Nairobi,JET_A1,OMC_F,106.54,106.54,NORMAL,SYNTHETIC_SCENARIO
ORD-0007897,2026-12-28,Nairobi,JET_A1,OMC_A,64.09,64.09,NORMAL,SYNTHETIC_SCENARIO
ORD-0007898,2026-12-28,Nairobi,JET_A1,OMC_B,231.06,231.06,NORMAL,SYNTHETIC_SCENARIO
ORD-0007899,2026-12-28,Nairobi,JET_A1,OMC_C,154.83,154.83,NORMAL,SYNTHETIC_SCENARIO
ORD-0007900,2026-12-28,Nairobi,JET_A1,OMC_D,69.56,69.56,NORMAL,SYNTHETIC_SCENARIO
ORD-0007901,2026-12-28,Nairobi,JET_A1,OMC_E,38.69,38.69,NORMAL,SYNTHETIC_SCENARIO
ORD-0007902,2026-12-28,Nairobi,JET_A1,OMC_F,130.51,130.51,HIGH,SYNTHETIC_SCENARIO
ORD-0007903,2026-12-29,Nairobi,JET_A1,OMC_A,183.81,183.81,NORMAL,SYNTHETIC_SCENARIO
ORD-0007904,2026-12-29,Nairobi,JET_A1,OMC_B,170.12,170.12,NORMAL,SYNTHETIC_SCENARIO
ORD-0007905,2026-12-29,Nairobi,JET_A1,OMC_C,174.97,174.97,NORMAL,SYNTHETIC_SCENARIO
ORD-0007906,2026-12-29,Nairobi,JET_A1,OMC_D,61.59,61.59,NORMAL,SYNTHETIC_SCENARIO
ORD-0007907,2026-12-29,Nairobi,JET_A1,OMC_E,81.41,81.41,NORMAL,SYNTHETIC_SCENARIO
ORD-0007908,2026-12-29,Nairobi,JET_A1,OMC_F,48.56,48.56,NORMAL,SYNTHETIC_SCENARIO
ORD-0007909,2026-12-30,Nairobi,JET_A1,OMC_A,246.4,246.4,NORMAL,SYNTHETIC_SCENARIO
ORD-0007910,2026-12-30,Nairobi,JET_A1,OMC_B,93.52,93.52,NORMAL,SYNTHETIC_SCENARIO
ORD-0007911,2026-12-30,Nairobi,JET_A1,OMC_C,118.18,118.18,NORMAL,SYNTHETIC_SCENARIO
ORD-0007912,2026-12-30,Nairobi,JET_A1,OMC_D,52.7,52.7,HIGH,SYNTHETIC_SCENARIO
ORD-0007913,2026-12-30,Nairobi,JET_A1,OMC_E,88.77,88.77,NORMAL,SYNTHETIC_SCENARIO
ORD-0007914,2026-12-30,Nairobi,JET_A1,OMC_F,62.97,62.97,NORMAL,SYNTHETIC_SCENARIO
ORD-0007915,2026-12-31,Nairobi,JET_A1,OMC_A,181.54,181.54,NORMAL,SYNTHETIC_SCENARIO
ORD-0007916,2026-12-31,Nairobi,JET_A1,OMC_B,282.46,282.46,NORMAL,SYNTHETIC_SCENARIO
ORD-0007917,2026-12-31,Nairobi,JET_A1,OMC_C,9.34,9.34,NORMAL,SYNTHETIC_SCENARIO
ORD-0007918,2026-12-31,Nairobi,JET_A1,OMC_D,94.99,94.99,NORMAL,SYNTHETIC_SCENARIO
ORD-0007919,2026-12-31,Nairobi,JET_A1,OMC_E,47.09,47.09,NORMAL,SYNTHETIC_SCENARIO
ORD-0007920,2026-12-31,Nairobi,JET_A1,OMC_F,65.29,65.29,HIGH,SYNTHETIC_SCENARIO
ORD-0007921,2026-09-03,Nairobi,PMS,OMC_A,725.73,725.73,NORMAL,SYNTHETIC_SCENARIO
ORD-0007922,2026-09-03,Nairobi,PMS,OMC_B,323.12,323.12,NORMAL,SYNTHETIC_SCENARIO
ORD-0007923,2026-09-03,Nairobi,PMS,OMC_C,488.3,488.3,NORMAL,SYNTHETIC_SCENARIO
ORD-0007924,2026-09-03,Nairobi,PMS,OMC_D,140.11,140.11,NORMAL,SYNTHETIC_SCENARIO
ORD-0007925,2026-09-03,Nairobi,PMS,OMC_E,1046.6,1046.6,NORMAL,SYNTHETIC_SCENARIO
ORD-0007926,2026-09-03,Nairobi,PMS,OMC_F,337.26,337.26,NORMAL,SYNTHETIC_SCENARIO
ORD-0007927,2026-09-04,Nairobi,PMS,OMC_A,1023.49,1023.49,NORMAL,SYNTHETIC_SCENARIO
ORD-0007928,2026-09-04,Nairobi,PMS,OMC_B,589.2,589.2,NORMAL,SYNTHETIC_SCENARIO
ORD-0007929,2026-09-04,Nairobi,PMS,OMC_C,185.04,185.04,NORMAL,SYNTHETIC_SCENARIO
ORD-0007930,2026-09-04,Nairobi,PMS,OMC_D,675.21,675.21,NORMAL,SYNTHETIC_SCENARIO
ORD-0007931,2026-09-04,Nairobi,PMS,OMC_E,83.72,83.72,NORMAL,SYNTHETIC_SCENARIO
ORD-0007932,2026-09-04,Nairobi,PMS,OMC_F,317.09,317.09,NORMAL,SYNTHETIC_SCENARIO
ORD-0007933,2026-09-05,Nairobi,PMS,OMC_A,770.32,770.32,NORMAL,SYNTHETIC_SCENARIO
ORD-0007934,2026-09-05,Nairobi,PMS,OMC_B,839.37,839.37,NORMAL,SYNTHETIC_SCENARIO
ORD-0007935,2026-09-05,Nairobi,PMS,OMC_C,914.39,914.39,NORMAL,SYNTHETIC_SCENARIO
ORD-0007936,2026-09-05,Nairobi,PMS,OMC_D,202.99,202.99,NORMAL,SYNTHETIC_SCENARIO
ORD-0007937,2026-09-05,Nairobi,PMS,OMC_E,27.49,27.49,NORMAL,SYNTHETIC_SCENARIO
ORD-0007938,2026-09-05,Nairobi,PMS,OMC_F,24.5,24.5,NORMAL,SYNTHETIC_SCENARIO
ORD-0007939,2026-09-06,Nairobi,PMS,OMC_A,321.77,321.77,NORMAL,SYNTHETIC_SCENARIO
ORD-0007940,2026-09-06,Nairobi,PMS,OMC_B,513.7,513.7,NORMAL,SYNTHETIC_SCENARIO
ORD-0007941,2026-09-06,Nairobi,PMS,OMC_C,770.36,770.36,HIGH,SYNTHETIC_SCENARIO
ORD-0007942,2026-09-06,Nairobi,PMS,OMC_D,524.6,524.6,NORMAL,SYNTHETIC_SCENARIO
ORD-0007943,2026-09-06,Nairobi,PMS,OMC_E,190.51,190.51,NORMAL,SYNTHETIC_SCENARIO
ORD-0007944,2026-09-06,Nairobi,PMS,OMC_F,316.51,316.51,NORMAL,SYNTHETIC_SCENARIO
ORD-0007945,2026-09-07,Nairobi,PMS,OMC_A,730.53,730.53,NORMAL,SYNTHETIC_SCENARIO
ORD-0007946,2026-09-07,Nairobi,PMS,OMC_B,403.63,403.63,NORMAL,SYNTHETIC_SCENARIO
ORD-0007947,2026-09-07,Nairobi,PMS,OMC_C,872.62,872.62,NORMAL,SYNTHETIC_SCENARIO
ORD-0007948,2026-09-07,Nairobi,PMS,OMC_D,18.07,18.07,NORMAL,SYNTHETIC_SCENARIO
ORD-0007949,2026-09-07,Nairobi,PMS,OMC_E,243.28,243.28,NORMAL,SYNTHETIC_SCENARIO
ORD-0007950,2026-09-07,Nairobi,PMS,OMC_F,565.05,565.05,NORMAL,SYNTHETIC_SCENARIO
ORD-0007951,2026-09-08,Nairobi,PMS,OMC_A,422.54,422.54,NORMAL,SYNTHETIC_SCENARIO
ORD-0007952,2026-09-08,Nairobi,PMS,OMC_B,718.48,718.48,NORMAL,SYNTHETIC_SCENARIO
ORD-0007953,2026-09-08,Nairobi,PMS,OMC_C,1413.98,1413.98,NORMAL,SYNTHETIC_SCENARIO
ORD-0007954,2026-09-08,Nairobi,PMS,OMC_D,394.38,394.38,NORMAL,SYNTHETIC_SCENARIO
ORD-0007955,2026-09-08,Nairobi,PMS,OMC_E,395.59,395.59,NORMAL,SYNTHETIC_SCENARIO
ORD-0007956,2026-09-08,Nairobi,PMS,OMC_F,51.61,51.61,NORMAL,SYNTHETIC_SCENARIO
ORD-0007957,2026-09-09,Nairobi,PMS,OMC_A,384.36,384.36,NORMAL,SYNTHETIC_SCENARIO
ORD-0007958,2026-09-09,Nairobi,PMS,OMC_B,1273.0,1273.0,NORMAL,SYNTHETIC_SCENARIO
ORD-0007959,2026-09-09,Nairobi,PMS,OMC_C,599.84,599.84,HIGH,SYNTHETIC_SCENARIO
ORD-0007960,2026-09-09,Nairobi,PMS,OMC_D,323.07,323.07,NORMAL,SYNTHETIC_SCENARIO
ORD-0007961,2026-09-09,Nairobi,PMS,OMC_E,469.48,469.48,HIGH,SYNTHETIC_SCENARIO
ORD-0007962,2026-09-09,Nairobi,PMS,OMC_F,261.49,261.49,NORMAL,SYNTHETIC_SCENARIO
ORD-0007963,2026-09-10,Nairobi,PMS,OMC_A,574.23,574.23,NORMAL,SYNTHETIC_SCENARIO
ORD-0007964,2026-09-10,Nairobi,PMS,OMC_B,1076.58,1076.58,NORMAL,SYNTHETIC_SCENARIO
ORD-0007965,2026-09-10,Nairobi,PMS,OMC_C,800.77,800.77,NORMAL,SYNTHETIC_SCENARIO
ORD-0007966,2026-09-10,Nairobi,PMS,OMC_D,440.82,440.82,NORMAL,SYNTHETIC_SCENARIO
ORD-0007967,2026-09-10,Nairobi,PMS,OMC_E,35.69,35.69,NORMAL,SYNTHETIC_SCENARIO
ORD-0007968,2026-09-10,Nairobi,PMS,OMC_F,211.7,211.7,NORMAL,SYNTHETIC_SCENARIO
ORD-0007969,2026-09-11,Nairobi,PMS,OMC_A,910.46,910.46,NORMAL,SYNTHETIC_SCENARIO
ORD-0007970,2026-09-11,Nairobi,PMS,OMC_B,1081.01,1081.01,NORMAL,SYNTHETIC_SCENARIO
ORD-0007971,2026-09-11,Nairobi,PMS,OMC_C,561.19,561.19,NORMAL,SYNTHETIC_SCENARIO
ORD-0007972,2026-09-11,Nairobi,PMS,OMC_D,217.32,217.32,NORMAL,SYNTHETIC_SCENARIO
ORD-0007973,2026-09-11,Nairobi,PMS,OMC_E,208.09,208.09,NORMAL,SYNTHETIC_SCENARIO
ORD-0007974,2026-09-11,Nairobi,PMS,OMC_F,88.59,88.59,NORMAL,SYNTHETIC_SCENARIO
ORD-0007975,2026-09-12,Nairobi,PMS,OMC_A,675.71,675.71,HIGH,SYNTHETIC_SCENARIO
ORD-0007976,2026-09-12,Nairobi,PMS,OMC_B,626.73,626.73,NORMAL,SYNTHETIC_SCENARIO
ORD-0007977,2026-09-12,Nairobi,PMS,OMC_C,674.8,674.8,NORMAL,SYNTHETIC_SCENARIO
ORD-0007978,2026-09-12,Nairobi,PMS,OMC_D,49.83,49.83,NORMAL,SYNTHETIC_SCENARIO
ORD-0007979,2026-09-12,Nairobi,PMS,OMC_E,418.04,418.04,NORMAL,SYNTHETIC_SCENARIO
ORD-0007980,2026-09-12,Nairobi,PMS,OMC_F,268.1,268.1,HIGH,SYNTHETIC_SCENARIO
ORD-0007981,2026-09-13,Nairobi,PMS,OMC_A,885.5,885.5,NORMAL,SYNTHETIC_SCENARIO
ORD-0007982,2026-09-13,Nairobi,PMS,OMC_B,140.75,140.75,NORMAL,SYNTHETIC_SCENARIO
ORD-0007983,2026-09-13,Nairobi,PMS,OMC_C,141.14,141.14,NORMAL,SYNTHETIC_SCENARIO
ORD-0007984,2026-09-13,Nairobi,PMS,OMC_D,592.69,592.69,NORMAL,SYNTHETIC_SCENARIO
ORD-0007985,2026-09-13,Nairobi,PMS,OMC_E,910.35,910.35,NORMAL,SYNTHETIC_SCENARIO
ORD-0007986,2026-09-13,Nairobi,PMS,OMC_F,28.49,28.49,NORMAL,SYNTHETIC_SCENARIO
ORD-0007987,2026-09-14,Nairobi,PMS,OMC_A,305.46,305.46,NORMAL,SYNTHETIC_SCENARIO
ORD-0007988,2026-09-14,Nairobi,PMS,OMC_B,279.65,279.65,NORMAL,SYNTHETIC_SCENARIO
ORD-0007989,2026-09-14,Nairobi,PMS,OMC_C,589.37,589.37,NORMAL,SYNTHETIC_SCENARIO
ORD-0007990,2026-09-14,Nairobi,PMS,OMC_D,620.22,620.22,NORMAL,SYNTHETIC_SCENARIO
ORD-0007991,2026-09-14,Nairobi,PMS,OMC_E,253.64,253.64,HIGH,SYNTHETIC_SCENARIO
ORD-0007992,2026-09-14,Nairobi,PMS,OMC_F,669.91,669.91,NORMAL,SYNTHETIC_SCENARIO
ORD-0007993,2026-09-15,Nairobi,PMS,OMC_A,560.24,560.24,NORMAL,SYNTHETIC_SCENARIO
ORD-0007994,2026-09-15,Nairobi,PMS,OMC_B,299.3,299.3,NORMAL,SYNTHETIC_SCENARIO
ORD-0007995,2026-09-15,Nairobi,PMS,OMC_C,562.97,562.97,NORMAL,SYNTHETIC_SCENARIO
ORD-0007996,2026-09-15,Nairobi,PMS,OMC_D,752.28,752.28,NORMAL,SYNTHETIC_SCENARIO
ORD-0007997,2026-09-15,Nairobi,PMS,OMC_E,731.35,731.35,NORMAL,SYNTHETIC_SCENARIO
ORD-0007998,2026-09-15,Nairobi,PMS,OMC_F,2.24,2.24,NORMAL,SYNTHETIC_SCENARIO
ORD-0007999,2026-09-16,Nairobi,PMS,OMC_A,129.71,129.71,NORMAL,SYNTHETIC_SCENARIO
ORD-0008000,2026-09-16,Nairobi,PMS,OMC_B,1458.44,1458.44,NORMAL,SYNTHETIC_SCENARIO
ORD-0008001,2026-09-16,Nairobi,PMS,OMC_C,529.76,529.76,NORMAL,SYNTHETIC_SCENARIO
ORD-0008002,2026-09-16,Nairobi,PMS,OMC_D,70.08,70.08,NORMAL,SYNTHETIC_SCENARIO
ORD-0008003,2026-09-16,Nairobi,PMS,OMC_E,314.16,314.16,NORMAL,SYNTHETIC_SCENARIO
ORD-0008004,2026-09-16,Nairobi,PMS,OMC_F,577.4,577.4,NORMAL,SYNTHETIC_SCENARIO
ORD-0008005,2026-09-17,Nairobi,PMS,OMC_A,1407.81,1407.81,NORMAL,SYNTHETIC_SCENARIO
ORD-0008006,2026-09-17,Nairobi,PMS,OMC_B,490.01,490.01,NORMAL,SYNTHETIC_SCENARIO
ORD-0008007,2026-09-17,Nairobi,PMS,OMC_C,406.43,406.43,HIGH,SYNTHETIC_SCENARIO
ORD-0008008,2026-09-17,Nairobi,PMS,OMC_D,394.19,394.19,NORMAL,SYNTHETIC_SCENARIO
ORD-0008009,2026-09-17,Nairobi,PMS,OMC_E,58.15,58.15,HIGH,SYNTHETIC_SCENARIO
ORD-0008010,2026-09-17,Nairobi,PMS,OMC_F,131.89,131.89,NORMAL,SYNTHETIC_SCENARIO
ORD-0008011,2026-09-18,Nairobi,PMS,OMC_A,818.87,818.87,NORMAL,SYNTHETIC_SCENARIO
ORD-0008012,2026-09-18,Nairobi,PMS,OMC_B,315.36,315.36,NORMAL,SYNTHETIC_SCENARIO
ORD-0008013,2026-09-18,Nairobi,PMS,OMC_C,454.25,454.25,NORMAL,SYNTHETIC_SCENARIO
ORD-0008014,2026-09-18,Nairobi,PMS,OMC_D,1046.18,1046.18,NORMAL,SYNTHETIC_SCENARIO
ORD-0008015,2026-09-18,Nairobi,PMS,OMC_E,113.58,113.58,NORMAL,SYNTHETIC_SCENARIO
ORD-0008016,2026-09-18,Nairobi,PMS,OMC_F,345.13,345.13,NORMAL,SYNTHETIC_SCENARIO
ORD-0008017,2026-09-19,Nairobi,PMS,OMC_A,999.26,999.26,NORMAL,SYNTHETIC_SCENARIO
ORD-0008018,2026-09-19,Nairobi,PMS,OMC_B,396.08,396.08,NORMAL,SYNTHETIC_SCENARIO
ORD-0008019,2026-09-19,Nairobi,PMS,OMC_C,315.01,315.01,NORMAL,SYNTHETIC_SCENARIO
ORD-0008020,2026-09-19,Nairobi,PMS,OMC_D,638.16,638.16,NORMAL,SYNTHETIC_SCENARIO
ORD-0008021,2026-09-19,Nairobi,PMS,OMC_E,276.38,276.38,NORMAL,SYNTHETIC_SCENARIO
ORD-0008022,2026-09-19,Nairobi,PMS,OMC_F,244.18,244.18,NORMAL,SYNTHETIC_SCENARIO
ORD-0008023,2026-09-20,Nairobi,PMS,OMC_A,681.27,681.27,NORMAL,SYNTHETIC_SCENARIO
ORD-0008024,2026-09-20,Nairobi,PMS,OMC_B,216.86,216.86,NORMAL,SYNTHETIC_SCENARIO
ORD-0008025,2026-09-20,Nairobi,PMS,OMC_C,436.73,436.73,NORMAL,SYNTHETIC_SCENARIO
ORD-0008026,2026-09-20,Nairobi,PMS,OMC_D,562.44,562.44,NORMAL,SYNTHETIC_SCENARIO
ORD-0008027,2026-09-20,Nairobi,PMS,OMC_E,280.08,280.08,NORMAL,SYNTHETIC_SCENARIO
ORD-0008028,2026-09-20,Nairobi,PMS,OMC_F,200.21,200.21,NORMAL,SYNTHETIC_SCENARIO
ORD-0008029,2026-09-21,Nairobi,PMS,OMC_A,834.78,834.78,NORMAL,SYNTHETIC_SCENARIO
ORD-0008030,2026-09-21,Nairobi,PMS,OMC_B,204.51,204.51,NORMAL,SYNTHETIC_SCENARIO
ORD-0008031,2026-09-21,Nairobi,PMS,OMC_C,90.27,90.27,HIGH,SYNTHETIC_SCENARIO
ORD-0008032,2026-09-21,Nairobi,PMS,OMC_D,561.91,561.91,HIGH,SYNTHETIC_SCENARIO
ORD-0008033,2026-09-21,Nairobi,PMS,OMC_E,526.63,526.63,NORMAL,SYNTHETIC_SCENARIO
ORD-0008034,2026-09-21,Nairobi,PMS,OMC_F,987.76,987.76,NORMAL,SYNTHETIC_SCENARIO
ORD-0008035,2026-09-22,Nairobi,PMS,OMC_A,607.15,607.15,NORMAL,SYNTHETIC_SCENARIO
ORD-0008036,2026-09-22,Nairobi,PMS,OMC_B,386.52,386.52,NORMAL,SYNTHETIC_SCENARIO
ORD-0008037,2026-09-22,Nairobi,PMS,OMC_C,286.0,286.0,NORMAL,SYNTHETIC_SCENARIO
ORD-0008038,2026-09-22,Nairobi,PMS,OMC_D,552.18,552.18,NORMAL,SYNTHETIC_SCENARIO
ORD-0008039,2026-09-22,Nairobi,PMS,OMC_E,318.49,318.49,NORMAL,SYNTHETIC_SCENARIO
ORD-0008040,2026-09-22,Nairobi,PMS,OMC_F,987.67,987.67,NORMAL,SYNTHETIC_SCENARIO
ORD-0008041,2026-09-23,Nairobi,PMS,OMC_A,354.99,354.99,NORMAL,SYNTHETIC_SCENARIO
ORD-0008042,2026-09-23,Nairobi,PMS,OMC_B,488.16,488.16,NORMAL,SYNTHETIC_SCENARIO
ORD-0008043,2026-09-23,Nairobi,PMS,OMC_C,1734.45,1734.45,NORMAL,SYNTHETIC_SCENARIO
ORD-0008044,2026-09-23,Nairobi,PMS,OMC_D,250.11,250.11,NORMAL,SYNTHETIC_SCENARIO
ORD-0008045,2026-09-23,Nairobi,PMS,OMC_E,199.82,199.82,NORMAL,SYNTHETIC_SCENARIO
ORD-0008046,2026-09-23,Nairobi,PMS,OMC_F,113.97,113.97,NORMAL,SYNTHETIC_SCENARIO
ORD-0008047,2026-09-24,Nairobi,PMS,OMC_A,1345.2,1345.2,NORMAL,SYNTHETIC_SCENARIO
ORD-0008048,2026-09-24,Nairobi,PMS,OMC_B,466.82,466.82,NORMAL,SYNTHETIC_SCENARIO
ORD-0008049,2026-09-24,Nairobi,PMS,OMC_C,111.71,111.71,NORMAL,SYNTHETIC_SCENARIO
ORD-0008050,2026-09-24,Nairobi,PMS,OMC_D,272.56,272.56,HIGH,SYNTHETIC_SCENARIO
ORD-0008051,2026-09-24,Nairobi,PMS,OMC_E,556.66,556.66,NORMAL,SYNTHETIC_SCENARIO
ORD-0008052,2026-09-24,Nairobi,PMS,OMC_F,494.8,494.8,NORMAL,SYNTHETIC_SCENARIO
ORD-0008053,2026-09-25,Nairobi,PMS,OMC_A,1097.38,1097.38,NORMAL,SYNTHETIC_SCENARIO
ORD-0008054,2026-09-25,Nairobi,PMS,OMC_B,504.95,504.95,NORMAL,SYNTHETIC_SCENARIO
ORD-0008055,2026-09-25,Nairobi,PMS,OMC_C,697.89,697.89,HIGH,SYNTHETIC_SCENARIO
ORD-0008056,2026-09-25,Nairobi,PMS,OMC_D,509.49,509.49,NORMAL,SYNTHETIC_SCENARIO
ORD-0008057,2026-09-25,Nairobi,PMS,OMC_E,453.26,453.26,NORMAL,SYNTHETIC_SCENARIO
ORD-0008058,2026-09-25,Nairobi,PMS,OMC_F,40.61,40.61,NORMAL,SYNTHETIC_SCENARIO
ORD-0008059,2026-09-26,Nairobi,PMS,OMC_A,642.94,642.94,NORMAL,SYNTHETIC_SCENARIO
ORD-0008060,2026-09-26,Nairobi,PMS,OMC_B,237.85,237.85,NORMAL,SYNTHETIC_SCENARIO
ORD-0008061,2026-09-26,Nairobi,PMS,OMC_C,289.26,289.26,NORMAL,SYNTHETIC_SCENARIO
ORD-0008062,2026-09-26,Nairobi,PMS,OMC_D,595.97,595.97,NORMAL,SYNTHETIC_SCENARIO
ORD-0008063,2026-09-26,Nairobi,PMS,OMC_E,183.1,183.1,HIGH,SYNTHETIC_SCENARIO
ORD-0008064,2026-09-26,Nairobi,PMS,OMC_F,689.69,689.69,NORMAL,SYNTHETIC_SCENARIO
ORD-0008065,2026-09-27,Nairobi,PMS,OMC_A,456.55,456.55,HIGH,SYNTHETIC_SCENARIO
ORD-0008066,2026-09-27,Nairobi,PMS,OMC_B,67.74,67.74,NORMAL,SYNTHETIC_SCENARIO
ORD-0008067,2026-09-27,Nairobi,PMS,OMC_C,459.33,459.33,NORMAL,SYNTHETIC_SCENARIO
ORD-0008068,2026-09-27,Nairobi,PMS,OMC_D,510.04,510.04,NORMAL,SYNTHETIC_SCENARIO
ORD-0008069,2026-09-27,Nairobi,PMS,OMC_E,119.13,119.13,NORMAL,SYNTHETIC_SCENARIO
ORD-0008070,2026-09-27,Nairobi,PMS,OMC_F,991.6,991.6,NORMAL,SYNTHETIC_SCENARIO
ORD-0008071,2026-09-28,Nairobi,PMS,OMC_A,736.09,736.09,NORMAL,SYNTHETIC_SCENARIO
ORD-0008072,2026-09-28,Nairobi,PMS,OMC_B,549.76,549.76,NORMAL,SYNTHETIC_SCENARIO
ORD-0008073,2026-09-28,Nairobi,PMS,OMC_C,1199.19,1199.19,NORMAL,SYNTHETIC_SCENARIO
ORD-0008074,2026-09-28,Nairobi,PMS,OMC_D,275.32,275.32,NORMAL,SYNTHETIC_SCENARIO
ORD-0008075,2026-09-28,Nairobi,PMS,OMC_E,489.83,489.83,NORMAL,SYNTHETIC_SCENARIO
ORD-0008076,2026-09-28,Nairobi,PMS,OMC_F,70.03,70.03,NORMAL,SYNTHETIC_SCENARIO
ORD-0008077,2026-09-29,Nairobi,PMS,OMC_A,1504.73,1504.73,NORMAL,SYNTHETIC_SCENARIO
ORD-0008078,2026-09-29,Nairobi,PMS,OMC_B,729.79,729.79,NORMAL,SYNTHETIC_SCENARIO
ORD-0008079,2026-09-29,Nairobi,PMS,OMC_C,804.4,804.4,NORMAL,SYNTHETIC_SCENARIO
ORD-0008080,2026-09-29,Nairobi,PMS,OMC_D,231.5,231.5,NORMAL,SYNTHETIC_SCENARIO
ORD-0008081,2026-09-29,Nairobi,PMS,OMC_E,188.68,188.68,NORMAL,SYNTHETIC_SCENARIO
ORD-0008082,2026-09-29,Nairobi,PMS,OMC_F,75.96,75.96,NORMAL,SYNTHETIC_SCENARIO
ORD-0008083,2026-09-30,Nairobi,PMS,OMC_A,670.33,670.33,NORMAL,SYNTHETIC_SCENARIO
ORD-0008084,2026-09-30,Nairobi,PMS,OMC_B,415.17,415.17,NORMAL,SYNTHETIC_SCENARIO
ORD-0008085,2026-09-30,Nairobi,PMS,OMC_C,81.43,81.43,NORMAL,SYNTHETIC_SCENARIO
ORD-0008086,2026-09-30,Nairobi,PMS,OMC_D,1330.07,1330.07,NORMAL,SYNTHETIC_SCENARIO
ORD-0008087,2026-09-30,Nairobi,PMS,OMC_E,443.41,443.41,HIGH,SYNTHETIC_SCENARIO
ORD-0008088,2026-09-30,Nairobi,PMS,OMC_F,267.7,267.7,NORMAL,SYNTHETIC_SCENARIO
ORD-0008089,2026-10-01,Nairobi,PMS,OMC_A,629.98,629.98,NORMAL,SYNTHETIC_SCENARIO
ORD-0008090,2026-10-01,Nairobi,PMS,OMC_B,602.54,602.54,NORMAL,SYNTHETIC_SCENARIO
ORD-0008091,2026-10-01,Nairobi,PMS,OMC_C,984.46,984.46,NORMAL,SYNTHETIC_SCENARIO
ORD-0008092,2026-10-01,Nairobi,PMS,OMC_D,739.51,739.51,HIGH,SYNTHETIC_SCENARIO
ORD-0008093,2026-10-01,Nairobi,PMS,OMC_E,220.12,220.12,NORMAL,SYNTHETIC_SCENARIO
ORD-0008094,2026-10-01,Nairobi,PMS,OMC_F,36.33,36.33,NORMAL,SYNTHETIC_SCENARIO
ORD-0008095,2026-10-02,Nairobi,PMS,OMC_A,707.71,707.71,NORMAL,SYNTHETIC_SCENARIO
ORD-0008096,2026-10-02,Nairobi,PMS,OMC_B,210.4,210.4,NORMAL,SYNTHETIC_SCENARIO
ORD-0008097,2026-10-02,Nairobi,PMS,OMC_C,709.14,709.14,NORMAL,SYNTHETIC_SCENARIO
ORD-0008098,2026-10-02,Nairobi,PMS,OMC_D,1090.7,1090.7,NORMAL,SYNTHETIC_SCENARIO
ORD-0008099,2026-10-02,Nairobi,PMS,OMC_E,532.45,532.45,NORMAL,SYNTHETIC_SCENARIO
ORD-0008100,2026-10-02,Nairobi,PMS,OMC_F,179.21,179.21,NORMAL,SYNTHETIC_SCENARIO
ORD-0008101,2026-10-03,Nairobi,PMS,OMC_A,816.16,816.16,NORMAL,SYNTHETIC_SCENARIO
ORD-0008102,2026-10-03,Nairobi,PMS,OMC_B,431.76,431.76,NORMAL,SYNTHETIC_SCENARIO
ORD-0008103,2026-10-03,Nairobi,PMS,OMC_C,111.51,111.51,NORMAL,SYNTHETIC_SCENARIO
ORD-0008104,2026-10-03,Nairobi,PMS,OMC_D,823.46,823.46,NORMAL,SYNTHETIC_SCENARIO
ORD-0008105,2026-10-03,Nairobi,PMS,OMC_E,253.62,253.62,NORMAL,SYNTHETIC_SCENARIO
ORD-0008106,2026-10-03,Nairobi,PMS,OMC_F,284.58,284.58,NORMAL,SYNTHETIC_SCENARIO
ORD-0008107,2026-10-04,Nairobi,PMS,OMC_A,497.47,497.47,NORMAL,SYNTHETIC_SCENARIO
ORD-0008108,2026-10-04,Nairobi,PMS,OMC_B,118.61,118.61,NORMAL,SYNTHETIC_SCENARIO
ORD-0008109,2026-10-04,Nairobi,PMS,OMC_C,454.03,454.03,NORMAL,SYNTHETIC_SCENARIO
ORD-0008110,2026-10-04,Nairobi,PMS,OMC_D,141.75,141.75,NORMAL,SYNTHETIC_SCENARIO
ORD-0008111,2026-10-04,Nairobi,PMS,OMC_E,968.2,968.2,NORMAL,SYNTHETIC_SCENARIO
ORD-0008112,2026-10-04,Nairobi,PMS,OMC_F,443.01,443.01,NORMAL,SYNTHETIC_SCENARIO
ORD-0008113,2026-10-05,Nairobi,PMS,OMC_A,1935.4,1935.4,HIGH,SYNTHETIC_SCENARIO
ORD-0008114,2026-10-05,Nairobi,PMS,OMC_B,912.32,912.32,NORMAL,SYNTHETIC_SCENARIO
ORD-0008115,2026-10-05,Nairobi,PMS,OMC_C,44.27,44.27,NORMAL,SYNTHETIC_SCENARIO
ORD-0008116,2026-10-05,Nairobi,PMS,OMC_D,187.68,187.68,HIGH,SYNTHETIC_SCENARIO
ORD-0008117,2026-10-05,Nairobi,PMS,OMC_E,330.59,330.59,NORMAL,SYNTHETIC_SCENARIO
ORD-0008118,2026-10-05,Nairobi,PMS,OMC_F,137.64,137.64,NORMAL,SYNTHETIC_SCENARIO
ORD-0008119,2026-10-06,Nairobi,PMS,OMC_A,706.46,706.46,NORMAL,SYNTHETIC_SCENARIO
ORD-0008120,2026-10-06,Nairobi,PMS,OMC_B,1257.59,1257.59,NORMAL,SYNTHETIC_SCENARIO
ORD-0008121,2026-10-06,Nairobi,PMS,OMC_C,684.4,684.4,NORMAL,SYNTHETIC_SCENARIO
ORD-0008122,2026-10-06,Nairobi,PMS,OMC_D,135.57,135.57,NORMAL,SYNTHETIC_SCENARIO
ORD-0008123,2026-10-06,Nairobi,PMS,OMC_E,334.61,334.61,NORMAL,SYNTHETIC_SCENARIO
ORD-0008124,2026-10-06,Nairobi,PMS,OMC_F,66.48,66.48,NORMAL,SYNTHETIC_SCENARIO
ORD-0008125,2026-10-07,Nairobi,PMS,OMC_A,671.88,671.88,NORMAL,SYNTHETIC_SCENARIO
ORD-0008126,2026-10-07,Nairobi,PMS,OMC_B,228.31,228.31,NORMAL,SYNTHETIC_SCENARIO
ORD-0008127,2026-10-07,Nairobi,PMS,OMC_C,202.94,202.94,NORMAL,SYNTHETIC_SCENARIO
ORD-0008128,2026-10-07,Nairobi,PMS,OMC_D,666.1,666.1,NORMAL,SYNTHETIC_SCENARIO
ORD-0008129,2026-10-07,Nairobi,PMS,OMC_E,1168.99,1168.99,NORMAL,SYNTHETIC_SCENARIO
ORD-0008130,2026-10-07,Nairobi,PMS,OMC_F,301.98,301.98,NORMAL,SYNTHETIC_SCENARIO
ORD-0008131,2026-10-08,Nairobi,PMS,OMC_A,370.42,370.42,NORMAL,SYNTHETIC_SCENARIO
ORD-0008132,2026-10-08,Nairobi,PMS,OMC_B,161.18,161.18,NORMAL,SYNTHETIC_SCENARIO
ORD-0008133,2026-10-08,Nairobi,PMS,OMC_C,1043.11,1043.11,NORMAL,SYNTHETIC_SCENARIO
ORD-0008134,2026-10-08,Nairobi,PMS,OMC_D,659.08,659.08,NORMAL,SYNTHETIC_SCENARIO
ORD-0008135,2026-10-08,Nairobi,PMS,OMC_E,253.89,253.89,NORMAL,SYNTHETIC_SCENARIO
ORD-0008136,2026-10-08,Nairobi,PMS,OMC_F,517.03,517.03,NORMAL,SYNTHETIC_SCENARIO
ORD-0008137,2026-10-09,Nairobi,PMS,OMC_A,1563.78,1563.78,NORMAL,SYNTHETIC_SCENARIO
ORD-0008138,2026-10-09,Nairobi,PMS,OMC_B,1220.12,1220.12,NORMAL,SYNTHETIC_SCENARIO
ORD-0008139,2026-10-09,Nairobi,PMS,OMC_C,301.02,301.02,NORMAL,SYNTHETIC_SCENARIO
ORD-0008140,2026-10-09,Nairobi,PMS,OMC_D,146.88,146.88,NORMAL,SYNTHETIC_SCENARIO
ORD-0008141,2026-10-09,Nairobi,PMS,OMC_E,130.01,130.01,NORMAL,SYNTHETIC_SCENARIO
ORD-0008142,2026-10-09,Nairobi,PMS,OMC_F,5.16,5.16,NORMAL,SYNTHETIC_SCENARIO
ORD-0008143,2026-10-10,Nairobi,PMS,OMC_A,1357.0,1357.0,NORMAL,SYNTHETIC_SCENARIO
ORD-0008144,2026-10-10,Nairobi,PMS,OMC_B,480.22,480.22,NORMAL,SYNTHETIC_SCENARIO
ORD-0008145,2026-10-10,Nairobi,PMS,OMC_C,342.38,342.38,NORMAL,SYNTHETIC_SCENARIO
ORD-0008146,2026-10-10,Nairobi,PMS,OMC_D,264.86,264.86,NORMAL,SYNTHETIC_SCENARIO
ORD-0008147,2026-10-10,Nairobi,PMS,OMC_E,139.73,139.73,NORMAL,SYNTHETIC_SCENARIO
ORD-0008148,2026-10-10,Nairobi,PMS,OMC_F,373.29,373.29,NORMAL,SYNTHETIC_SCENARIO
ORD-0008149,2026-10-11,Nairobi,PMS,OMC_A,1197.92,1197.92,NORMAL,SYNTHETIC_SCENARIO
ORD-0008150,2026-10-11,Nairobi,PMS,OMC_B,797.21,797.21,NORMAL,SYNTHETIC_SCENARIO
ORD-0008151,2026-10-11,Nairobi,PMS,OMC_C,191.72,191.72,HIGH,SYNTHETIC_SCENARIO
ORD-0008152,2026-10-11,Nairobi,PMS,OMC_D,402.81,402.81,NORMAL,SYNTHETIC_SCENARIO
ORD-0008153,2026-10-11,Nairobi,PMS,OMC_E,22.34,22.34,HIGH,SYNTHETIC_SCENARIO
ORD-0008154,2026-10-11,Nairobi,PMS,OMC_F,75.55,75.55,NORMAL,SYNTHETIC_SCENARIO
ORD-0008155,2026-10-12,Nairobi,PMS,OMC_A,222.93,222.93,NORMAL,SYNTHETIC_SCENARIO
ORD-0008156,2026-10-12,Nairobi,PMS,OMC_B,1229.33,1229.33,NORMAL,SYNTHETIC_SCENARIO
ORD-0008157,2026-10-12,Nairobi,PMS,OMC_C,395.2,395.2,HIGH,SYNTHETIC_SCENARIO
ORD-0008158,2026-10-12,Nairobi,PMS,OMC_D,625.28,625.28,NORMAL,SYNTHETIC_SCENARIO
ORD-0008159,2026-10-12,Nairobi,PMS,OMC_E,351.61,351.61,NORMAL,SYNTHETIC_SCENARIO
ORD-0008160,2026-10-12,Nairobi,PMS,OMC_F,235.89,235.89,NORMAL,SYNTHETIC_SCENARIO
ORD-0008161,2026-10-13,Nairobi,PMS,OMC_A,557.3,557.3,NORMAL,SYNTHETIC_SCENARIO
ORD-0008162,2026-10-13,Nairobi,PMS,OMC_B,756.63,756.63,HIGH,SYNTHETIC_SCENARIO
ORD-0008163,2026-10-13,Nairobi,PMS,OMC_C,1073.87,1073.87,NORMAL,SYNTHETIC_SCENARIO
ORD-0008164,2026-10-13,Nairobi,PMS,OMC_D,276.64,276.64,NORMAL,SYNTHETIC_SCENARIO
ORD-0008165,2026-10-13,Nairobi,PMS,OMC_E,4.61,4.61,NORMAL,SYNTHETIC_SCENARIO
ORD-0008166,2026-10-13,Nairobi,PMS,OMC_F,201.12,201.12,NORMAL,SYNTHETIC_SCENARIO
ORD-0008167,2026-10-14,Nairobi,PMS,OMC_A,656.85,656.85,NORMAL,SYNTHETIC_SCENARIO
ORD-0008168,2026-10-14,Nairobi,PMS,OMC_B,488.01,488.01,NORMAL,SYNTHETIC_SCENARIO
ORD-0008169,2026-10-14,Nairobi,PMS,OMC_C,12.38,12.38,NORMAL,SYNTHETIC_SCENARIO
ORD-0008170,2026-10-14,Nairobi,PMS,OMC_D,893.75,893.75,NORMAL,SYNTHETIC_SCENARIO
ORD-0008171,2026-10-14,Nairobi,PMS,OMC_E,997.71,997.71,NORMAL,SYNTHETIC_SCENARIO
ORD-0008172,2026-10-14,Nairobi,PMS,OMC_F,200.25,200.25,NORMAL,SYNTHETIC_SCENARIO
ORD-0008173,2026-10-15,Nairobi,PMS,OMC_A,1408.54,1408.54,NORMAL,SYNTHETIC_SCENARIO
ORD-0008174,2026-10-15,Nairobi,PMS,OMC_B,516.18,516.18,NORMAL,SYNTHETIC_SCENARIO
ORD-0008175,2026-10-15,Nairobi,PMS,OMC_C,288.7,288.7,NORMAL,SYNTHETIC_SCENARIO
ORD-0008176,2026-10-15,Nairobi,PMS,OMC_D,515.28,515.28,NORMAL,SYNTHETIC_SCENARIO
ORD-0008177,2026-10-15,Nairobi,PMS,OMC_E,388.62,388.62,NORMAL,SYNTHETIC_SCENARIO
ORD-0008178,2026-10-15,Nairobi,PMS,OMC_F,81.55,81.55,NORMAL,SYNTHETIC_SCENARIO
ORD-0008179,2026-10-16,Nairobi,PMS,OMC_A,534.11,534.11,NORMAL,SYNTHETIC_SCENARIO
ORD-0008180,2026-10-16,Nairobi,PMS,OMC_B,1831.44,1831.44,NORMAL,SYNTHETIC_SCENARIO
ORD-0008181,2026-10-16,Nairobi,PMS,OMC_C,201.55,201.55,NORMAL,SYNTHETIC_SCENARIO
ORD-0008182,2026-10-16,Nairobi,PMS,OMC_D,55.39,55.39,NORMAL,SYNTHETIC_SCENARIO
ORD-0008183,2026-10-16,Nairobi,PMS,OMC_E,341.29,341.29,NORMAL,SYNTHETIC_SCENARIO
ORD-0008184,2026-10-16,Nairobi,PMS,OMC_F,495.44,495.44,NORMAL,SYNTHETIC_SCENARIO
ORD-0008185,2026-10-17,Nairobi,PMS,OMC_A,740.12,740.12,NORMAL,SYNTHETIC_SCENARIO
ORD-0008186,2026-10-17,Nairobi,PMS,OMC_B,1138.93,1138.93,NORMAL,SYNTHETIC_SCENARIO
ORD-0008187,2026-10-17,Nairobi,PMS,OMC_C,592.59,592.59,NORMAL,SYNTHETIC_SCENARIO
ORD-0008188,2026-10-17,Nairobi,PMS,OMC_D,245.21,245.21,NORMAL,SYNTHETIC_SCENARIO
ORD-0008189,2026-10-17,Nairobi,PMS,OMC_E,77.14,77.14,NORMAL,SYNTHETIC_SCENARIO
ORD-0008190,2026-10-17,Nairobi,PMS,OMC_F,245.89,245.89,NORMAL,SYNTHETIC_SCENARIO
ORD-0008191,2026-10-18,Nairobi,PMS,OMC_A,1241.0,1241.0,NORMAL,SYNTHETIC_SCENARIO
ORD-0008192,2026-10-18,Nairobi,PMS,OMC_B,689.39,689.39,NORMAL,SYNTHETIC_SCENARIO
ORD-0008193,2026-10-18,Nairobi,PMS,OMC_C,367.79,367.79,NORMAL,SYNTHETIC_SCENARIO
ORD-0008194,2026-10-18,Nairobi,PMS,OMC_D,146.02,146.02,NORMAL,SYNTHETIC_SCENARIO
ORD-0008195,2026-10-18,Nairobi,PMS,OMC_E,190.83,190.83,NORMAL,SYNTHETIC_SCENARIO
ORD-0008196,2026-10-18,Nairobi,PMS,OMC_F,47.6,47.6,NORMAL,SYNTHETIC_SCENARIO
ORD-0008197,2026-10-19,Nairobi,PMS,OMC_A,437.72,437.72,NORMAL,SYNTHETIC_SCENARIO
ORD-0008198,2026-10-19,Nairobi,PMS,OMC_B,541.72,541.72,NORMAL,SYNTHETIC_SCENARIO
ORD-0008199,2026-10-19,Nairobi,PMS,OMC_C,948.38,948.38,NORMAL,SYNTHETIC_SCENARIO
ORD-0008200,2026-10-19,Nairobi,PMS,OMC_D,202.27,202.27,NORMAL,SYNTHETIC_SCENARIO
ORD-0008201,2026-10-19,Nairobi,PMS,OMC_E,538.64,538.64,NORMAL,SYNTHETIC_SCENARIO
ORD-0008202,2026-10-19,Nairobi,PMS,OMC_F,266.41,266.41,NORMAL,SYNTHETIC_SCENARIO
ORD-0008203,2026-10-20,Nairobi,PMS,OMC_A,995.28,995.28,NORMAL,SYNTHETIC_SCENARIO
ORD-0008204,2026-10-20,Nairobi,PMS,OMC_B,1287.35,1287.35,NORMAL,SYNTHETIC_SCENARIO
ORD-0008205,2026-10-20,Nairobi,PMS,OMC_C,457.77,457.77,NORMAL,SYNTHETIC_SCENARIO
ORD-0008206,2026-10-20,Nairobi,PMS,OMC_D,656.42,656.42,NORMAL,SYNTHETIC_SCENARIO
ORD-0008207,2026-10-20,Nairobi,PMS,OMC_E,6.09,6.09,NORMAL,SYNTHETIC_SCENARIO
ORD-0008208,2026-10-20,Nairobi,PMS,OMC_F,159.74,159.74,HIGH,SYNTHETIC_SCENARIO
ORD-0008209,2026-10-21,Nairobi,PMS,OMC_A,574.52,574.52,NORMAL,SYNTHETIC_SCENARIO
ORD-0008210,2026-10-21,Nairobi,PMS,OMC_B,779.52,779.52,NORMAL,SYNTHETIC_SCENARIO
ORD-0008211,2026-10-21,Nairobi,PMS,OMC_C,1138.95,1138.95,NORMAL,SYNTHETIC_SCENARIO
ORD-0008212,2026-10-21,Nairobi,PMS,OMC_D,174.14,174.14,NORMAL,SYNTHETIC_SCENARIO
ORD-0008213,2026-10-21,Nairobi,PMS,OMC_E,405.66,405.66,NORMAL,SYNTHETIC_SCENARIO
ORD-0008214,2026-10-21,Nairobi,PMS,OMC_F,133.78,133.78,NORMAL,SYNTHETIC_SCENARIO
ORD-0008215,2026-10-22,Nairobi,PMS,OMC_A,811.98,811.98,NORMAL,SYNTHETIC_SCENARIO
ORD-0008216,2026-10-22,Nairobi,PMS,OMC_B,896.79,896.79,NORMAL,SYNTHETIC_SCENARIO
ORD-0008217,2026-10-22,Nairobi,PMS,OMC_C,472.6,472.6,NORMAL,SYNTHETIC_SCENARIO
ORD-0008218,2026-10-22,Nairobi,PMS,OMC_D,113.47,113.47,NORMAL,SYNTHETIC_SCENARIO
ORD-0008219,2026-10-22,Nairobi,PMS,OMC_E,62.88,62.88,NORMAL,SYNTHETIC_SCENARIO
ORD-0008220,2026-10-22,Nairobi,PMS,OMC_F,1029.2,1029.2,NORMAL,SYNTHETIC_SCENARIO
ORD-0008221,2026-10-23,Nairobi,PMS,OMC_A,175.89,175.89,NORMAL,SYNTHETIC_SCENARIO
ORD-0008222,2026-10-23,Nairobi,PMS,OMC_B,1886.62,1886.62,NORMAL,SYNTHETIC_SCENARIO
ORD-0008223,2026-10-23,Nairobi,PMS,OMC_C,934.43,934.43,NORMAL,SYNTHETIC_SCENARIO
ORD-0008224,2026-10-23,Nairobi,PMS,OMC_D,197.21,197.21,NORMAL,SYNTHETIC_SCENARIO
ORD-0008225,2026-10-23,Nairobi,PMS,OMC_E,470.68,470.68,NORMAL,SYNTHETIC_SCENARIO
ORD-0008226,2026-10-23,Nairobi,PMS,OMC_F,7.18,7.18,NORMAL,SYNTHETIC_SCENARIO
ORD-0008227,2026-10-24,Nairobi,PMS,OMC_A,311.96,311.96,NORMAL,SYNTHETIC_SCENARIO
ORD-0008228,2026-10-24,Nairobi,PMS,OMC_B,701.42,701.42,NORMAL,SYNTHETIC_SCENARIO
ORD-0008229,2026-10-24,Nairobi,PMS,OMC_C,588.08,588.08,NORMAL,SYNTHETIC_SCENARIO
ORD-0008230,2026-10-24,Nairobi,PMS,OMC_D,475.28,475.28,NORMAL,SYNTHETIC_SCENARIO
ORD-0008231,2026-10-24,Nairobi,PMS,OMC_E,755.84,755.84,NORMAL,SYNTHETIC_SCENARIO
ORD-0008232,2026-10-24,Nairobi,PMS,OMC_F,126.33,126.33,NORMAL,SYNTHETIC_SCENARIO
ORD-0008233,2026-10-25,Nairobi,PMS,OMC_A,664.15,664.15,NORMAL,SYNTHETIC_SCENARIO
ORD-0008234,2026-10-25,Nairobi,PMS,OMC_B,384.16,384.16,NORMAL,SYNTHETIC_SCENARIO
ORD-0008235,2026-10-25,Nairobi,PMS,OMC_C,800.21,800.21,NORMAL,SYNTHETIC_SCENARIO
ORD-0008236,2026-10-25,Nairobi,PMS,OMC_D,562.81,562.81,NORMAL,SYNTHETIC_SCENARIO
ORD-0008237,2026-10-25,Nairobi,PMS,OMC_E,161.71,161.71,NORMAL,SYNTHETIC_SCENARIO
ORD-0008238,2026-10-25,Nairobi,PMS,OMC_F,67.1,67.1,NORMAL,SYNTHETIC_SCENARIO
ORD-0008239,2026-10-26,Nairobi,PMS,OMC_A,676.34,676.34,NORMAL,SYNTHETIC_SCENARIO
ORD-0008240,2026-10-26,Nairobi,PMS,OMC_B,717.46,717.46,NORMAL,SYNTHETIC_SCENARIO
ORD-0008241,2026-10-26,Nairobi,PMS,OMC_C,626.51,626.51,NORMAL,SYNTHETIC_SCENARIO
ORD-0008242,2026-10-26,Nairobi,PMS,OMC_D,384.01,384.01,NORMAL,SYNTHETIC_SCENARIO
ORD-0008243,2026-10-26,Nairobi,PMS,OMC_E,250.35,250.35,HIGH,SYNTHETIC_SCENARIO
ORD-0008244,2026-10-26,Nairobi,PMS,OMC_F,434.83,434.83,NORMAL,SYNTHETIC_SCENARIO
ORD-0008245,2026-10-27,Nairobi,PMS,OMC_A,976.91,976.91,NORMAL,SYNTHETIC_SCENARIO
ORD-0008246,2026-10-27,Nairobi,PMS,OMC_B,1065.35,1065.35,NORMAL,SYNTHETIC_SCENARIO
ORD-0008247,2026-10-27,Nairobi,PMS,OMC_C,285.87,285.87,NORMAL,SYNTHETIC_SCENARIO
ORD-0008248,2026-10-27,Nairobi,PMS,OMC_D,682.41,682.41,NORMAL,SYNTHETIC_SCENARIO
ORD-0008249,2026-10-27,Nairobi,PMS,OMC_E,14.32,14.32,NORMAL,SYNTHETIC_SCENARIO
ORD-0008250,2026-10-27,Nairobi,PMS,OMC_F,162.91,162.91,NORMAL,SYNTHETIC_SCENARIO
ORD-0008251,2026-10-28,Nairobi,PMS,OMC_A,551.02,551.02,NORMAL,SYNTHETIC_SCENARIO
ORD-0008252,2026-10-28,Nairobi,PMS,OMC_B,907.83,907.83,NORMAL,SYNTHETIC_SCENARIO
ORD-0008253,2026-10-28,Nairobi,PMS,OMC_C,1242.98,1242.98,NORMAL,SYNTHETIC_SCENARIO
ORD-0008254,2026-10-28,Nairobi,PMS,OMC_D,158.53,158.53,NORMAL,SYNTHETIC_SCENARIO
ORD-0008255,2026-10-28,Nairobi,PMS,OMC_E,283.66,283.66,NORMAL,SYNTHETIC_SCENARIO
ORD-0008256,2026-10-28,Nairobi,PMS,OMC_F,57.28,57.28,NORMAL,SYNTHETIC_SCENARIO
ORD-0008257,2026-10-29,Nairobi,PMS,OMC_A,1532.31,1532.31,NORMAL,SYNTHETIC_SCENARIO
ORD-0008258,2026-10-29,Nairobi,PMS,OMC_B,758.25,758.25,NORMAL,SYNTHETIC_SCENARIO
ORD-0008259,2026-10-29,Nairobi,PMS,OMC_C,274.89,274.89,NORMAL,SYNTHETIC_SCENARIO
ORD-0008260,2026-10-29,Nairobi,PMS,OMC_D,319.16,319.16,NORMAL,SYNTHETIC_SCENARIO
ORD-0008261,2026-10-29,Nairobi,PMS,OMC_E,82.87,82.87,NORMAL,SYNTHETIC_SCENARIO
ORD-0008262,2026-10-29,Nairobi,PMS,OMC_F,269.39,269.39,NORMAL,SYNTHETIC_SCENARIO
ORD-0008263,2026-10-30,Nairobi,PMS,OMC_A,1220.24,1220.24,NORMAL,SYNTHETIC_SCENARIO
ORD-0008264,2026-10-30,Nairobi,PMS,OMC_B,180.88,180.88,NORMAL,SYNTHETIC_SCENARIO
ORD-0008265,2026-10-30,Nairobi,PMS,OMC_C,1547.34,1547.34,NORMAL,SYNTHETIC_SCENARIO
ORD-0008266,2026-10-30,Nairobi,PMS,OMC_D,207.63,207.63,NORMAL,SYNTHETIC_SCENARIO
ORD-0008267,2026-10-30,Nairobi,PMS,OMC_E,507.73,507.73,NORMAL,SYNTHETIC_SCENARIO
ORD-0008268,2026-10-30,Nairobi,PMS,OMC_F,56.13,56.13,NORMAL,SYNTHETIC_SCENARIO
ORD-0008269,2026-10-31,Nairobi,PMS,OMC_A,1088.69,1088.69,NORMAL,SYNTHETIC_SCENARIO
ORD-0008270,2026-10-31,Nairobi,PMS,OMC_B,529.75,529.75,HIGH,SYNTHETIC_SCENARIO
ORD-0008271,2026-10-31,Nairobi,PMS,OMC_C,409.5,409.5,NORMAL,SYNTHETIC_SCENARIO
ORD-0008272,2026-10-31,Nairobi,PMS,OMC_D,197.94,197.94,NORMAL,SYNTHETIC_SCENARIO
ORD-0008273,2026-10-31,Nairobi,PMS,OMC_E,599.31,599.31,NORMAL,SYNTHETIC_SCENARIO
ORD-0008274,2026-10-31,Nairobi,PMS,OMC_F,190.28,190.28,NORMAL,SYNTHETIC_SCENARIO
ORD-0008275,2026-11-01,Nairobi,PMS,OMC_A,571.31,571.31,NORMAL,SYNTHETIC_SCENARIO
ORD-0008276,2026-11-01,Nairobi,PMS,OMC_B,261.62,261.62,NORMAL,SYNTHETIC_SCENARIO
ORD-0008277,2026-11-01,Nairobi,PMS,OMC_C,151.62,151.62,NORMAL,SYNTHETIC_SCENARIO
ORD-0008278,2026-11-01,Nairobi,PMS,OMC_D,896.17,896.17,NORMAL,SYNTHETIC_SCENARIO
ORD-0008279,2026-11-01,Nairobi,PMS,OMC_E,179.87,179.87,NORMAL,SYNTHETIC_SCENARIO
ORD-0008280,2026-11-01,Nairobi,PMS,OMC_F,401.73,401.73,NORMAL,SYNTHETIC_SCENARIO
ORD-0008281,2026-11-02,Nairobi,PMS,OMC_A,752.14,752.14,NORMAL,SYNTHETIC_SCENARIO
ORD-0008282,2026-11-02,Nairobi,PMS,OMC_B,306.17,306.17,NORMAL,SYNTHETIC_SCENARIO
ORD-0008283,2026-11-02,Nairobi,PMS,OMC_C,685.1,685.1,NORMAL,SYNTHETIC_SCENARIO
ORD-0008284,2026-11-02,Nairobi,PMS,OMC_D,1474.31,1474.31,NORMAL,SYNTHETIC_SCENARIO
ORD-0008285,2026-11-02,Nairobi,PMS,OMC_E,30.75,30.75,NORMAL,SYNTHETIC_SCENARIO
ORD-0008286,2026-11-02,Nairobi,PMS,OMC_F,35.94,35.94,NORMAL,SYNTHETIC_SCENARIO
ORD-0008287,2026-11-03,Nairobi,PMS,OMC_A,1022.93,1022.93,NORMAL,SYNTHETIC_SCENARIO
ORD-0008288,2026-11-03,Nairobi,PMS,OMC_B,966.03,966.03,NORMAL,SYNTHETIC_SCENARIO
ORD-0008289,2026-11-03,Nairobi,PMS,OMC_C,533.93,533.93,NORMAL,SYNTHETIC_SCENARIO
ORD-0008290,2026-11-03,Nairobi,PMS,OMC_D,349.44,349.44,NORMAL,SYNTHETIC_SCENARIO
ORD-0008291,2026-11-03,Nairobi,PMS,OMC_E,238.21,238.21,NORMAL,SYNTHETIC_SCENARIO
ORD-0008292,2026-11-03,Nairobi,PMS,OMC_F,5.64,5.64,NORMAL,SYNTHETIC_SCENARIO
ORD-0008293,2026-11-04,Nairobi,PMS,OMC_A,1403.91,1403.91,NORMAL,SYNTHETIC_SCENARIO
ORD-0008294,2026-11-04,Nairobi,PMS,OMC_B,364.45,364.45,NORMAL,SYNTHETIC_SCENARIO
ORD-0008295,2026-11-04,Nairobi,PMS,OMC_C,705.19,705.19,NORMAL,SYNTHETIC_SCENARIO
ORD-0008296,2026-11-04,Nairobi,PMS,OMC_D,375.31,375.31,NORMAL,SYNTHETIC_SCENARIO
ORD-0008297,2026-11-04,Nairobi,PMS,OMC_E,381.46,381.46,NORMAL,SYNTHETIC_SCENARIO
ORD-0008298,2026-11-04,Nairobi,PMS,OMC_F,10.94,10.94,NORMAL,SYNTHETIC_SCENARIO
ORD-0008299,2026-11-05,Nairobi,PMS,OMC_A,838.89,838.89,NORMAL,SYNTHETIC_SCENARIO
ORD-0008300,2026-11-05,Nairobi,PMS,OMC_B,862.39,862.39,HIGH,SYNTHETIC_SCENARIO
ORD-0008301,2026-11-05,Nairobi,PMS,OMC_C,115.89,115.89,HIGH,SYNTHETIC_SCENARIO
ORD-0008302,2026-11-05,Nairobi,PMS,OMC_D,178.25,178.25,NORMAL,SYNTHETIC_SCENARIO
ORD-0008303,2026-11-05,Nairobi,PMS,OMC_E,517.59,517.59,NORMAL,SYNTHETIC_SCENARIO
ORD-0008304,2026-11-05,Nairobi,PMS,OMC_F,482.61,482.61,NORMAL,SYNTHETIC_SCENARIO
ORD-0008305,2026-11-06,Nairobi,PMS,OMC_A,795.53,795.53,NORMAL,SYNTHETIC_SCENARIO
ORD-0008306,2026-11-06,Nairobi,PMS,OMC_B,850.58,850.58,NORMAL,SYNTHETIC_SCENARIO
ORD-0008307,2026-11-06,Nairobi,PMS,OMC_C,239.93,239.93,NORMAL,SYNTHETIC_SCENARIO
ORD-0008308,2026-11-06,Nairobi,PMS,OMC_D,371.9,371.9,NORMAL,SYNTHETIC_SCENARIO
ORD-0008309,2026-11-06,Nairobi,PMS,OMC_E,625.55,625.55,NORMAL,SYNTHETIC_SCENARIO
ORD-0008310,2026-11-06,Nairobi,PMS,OMC_F,110.28,110.28,NORMAL,SYNTHETIC_SCENARIO
ORD-0008311,2026-11-07,Nairobi,PMS,OMC_A,1035.51,1035.51,NORMAL,SYNTHETIC_SCENARIO
ORD-0008312,2026-11-07,Nairobi,PMS,OMC_B,401.72,401.72,NORMAL,SYNTHETIC_SCENARIO
ORD-0008313,2026-11-07,Nairobi,PMS,OMC_C,605.87,605.87,NORMAL,SYNTHETIC_SCENARIO
ORD-0008314,2026-11-07,Nairobi,PMS,OMC_D,38.74,38.74,NORMAL,SYNTHETIC_SCENARIO
ORD-0008315,2026-11-07,Nairobi,PMS,OMC_E,385.7,385.7,NORMAL,SYNTHETIC_SCENARIO
ORD-0008316,2026-11-07,Nairobi,PMS,OMC_F,189.3,189.3,NORMAL,SYNTHETIC_SCENARIO
ORD-0008317,2026-11-08,Nairobi,PMS,OMC_A,1075.73,1075.73,NORMAL,SYNTHETIC_SCENARIO
ORD-0008318,2026-11-08,Nairobi,PMS,OMC_B,271.67,271.67,NORMAL,SYNTHETIC_SCENARIO
ORD-0008319,2026-11-08,Nairobi,PMS,OMC_C,534.77,534.77,NORMAL,SYNTHETIC_SCENARIO
ORD-0008320,2026-11-08,Nairobi,PMS,OMC_D,325.87,325.87,NORMAL,SYNTHETIC_SCENARIO
ORD-0008321,2026-11-08,Nairobi,PMS,OMC_E,239.09,239.09,NORMAL,SYNTHETIC_SCENARIO
ORD-0008322,2026-11-08,Nairobi,PMS,OMC_F,94.58,94.58,NORMAL,SYNTHETIC_SCENARIO
ORD-0008323,2026-11-09,Nairobi,PMS,OMC_A,1461.42,1461.42,NORMAL,SYNTHETIC_SCENARIO
ORD-0008324,2026-11-09,Nairobi,PMS,OMC_B,459.21,459.21,NORMAL,SYNTHETIC_SCENARIO
ORD-0008325,2026-11-09,Nairobi,PMS,OMC_C,570.7,570.7,NORMAL,SYNTHETIC_SCENARIO
ORD-0008326,2026-11-09,Nairobi,PMS,OMC_D,268.24,268.24,NORMAL,SYNTHETIC_SCENARIO
ORD-0008327,2026-11-09,Nairobi,PMS,OMC_E,161.18,161.18,NORMAL,SYNTHETIC_SCENARIO
ORD-0008328,2026-11-09,Nairobi,PMS,OMC_F,64.02,64.02,NORMAL,SYNTHETIC_SCENARIO
ORD-0008329,2026-11-10,Nairobi,PMS,OMC_A,1095.1,1095.1,NORMAL,SYNTHETIC_SCENARIO
ORD-0008330,2026-11-10,Nairobi,PMS,OMC_B,778.62,778.62,NORMAL,SYNTHETIC_SCENARIO
ORD-0008331,2026-11-10,Nairobi,PMS,OMC_C,647.12,647.12,NORMAL,SYNTHETIC_SCENARIO
ORD-0008332,2026-11-10,Nairobi,PMS,OMC_D,46.65,46.65,NORMAL,SYNTHETIC_SCENARIO
ORD-0008333,2026-11-10,Nairobi,PMS,OMC_E,375.71,375.71,NORMAL,SYNTHETIC_SCENARIO
ORD-0008334,2026-11-10,Nairobi,PMS,OMC_F,10.18,10.18,NORMAL,SYNTHETIC_SCENARIO
ORD-0008335,2026-11-11,Nairobi,PMS,OMC_A,870.1,870.1,NORMAL,SYNTHETIC_SCENARIO
ORD-0008336,2026-11-11,Nairobi,PMS,OMC_B,718.69,718.69,NORMAL,SYNTHETIC_SCENARIO
ORD-0008337,2026-11-11,Nairobi,PMS,OMC_C,1266.08,1266.08,NORMAL,SYNTHETIC_SCENARIO
ORD-0008338,2026-11-11,Nairobi,PMS,OMC_D,377.35,377.35,HIGH,SYNTHETIC_SCENARIO
ORD-0008339,2026-11-11,Nairobi,PMS,OMC_E,80.94,80.94,HIGH,SYNTHETIC_SCENARIO
ORD-0008340,2026-11-11,Nairobi,PMS,OMC_F,59.67,59.67,NORMAL,SYNTHETIC_SCENARIO
ORD-0008341,2026-11-12,Nairobi,PMS,OMC_A,624.81,624.81,NORMAL,SYNTHETIC_SCENARIO
ORD-0008342,2026-11-12,Nairobi,PMS,OMC_B,2057.81,2057.81,NORMAL,SYNTHETIC_SCENARIO
ORD-0008343,2026-11-12,Nairobi,PMS,OMC_C,214.36,214.36,NORMAL,SYNTHETIC_SCENARIO
ORD-0008344,2026-11-12,Nairobi,PMS,OMC_D,268.93,268.93,NORMAL,SYNTHETIC_SCENARIO
ORD-0008345,2026-11-12,Nairobi,PMS,OMC_E,211.61,211.61,NORMAL,SYNTHETIC_SCENARIO
ORD-0008346,2026-11-12,Nairobi,PMS,OMC_F,30.37,30.37,NORMAL,SYNTHETIC_SCENARIO
ORD-0008347,2026-11-13,Nairobi,PMS,OMC_A,734.11,734.11,NORMAL,SYNTHETIC_SCENARIO
ORD-0008348,2026-11-13,Nairobi,PMS,OMC_B,514.17,514.17,NORMAL,SYNTHETIC_SCENARIO
ORD-0008349,2026-11-13,Nairobi,PMS,OMC_C,411.53,411.53,NORMAL,SYNTHETIC_SCENARIO
ORD-0008350,2026-11-13,Nairobi,PMS,OMC_D,351.6,351.6,NORMAL,SYNTHETIC_SCENARIO
ORD-0008351,2026-11-13,Nairobi,PMS,OMC_E,523.06,523.06,NORMAL,SYNTHETIC_SCENARIO
ORD-0008352,2026-11-13,Nairobi,PMS,OMC_F,487.45,487.45,HIGH,SYNTHETIC_SCENARIO
ORD-0008353,2026-11-14,Nairobi,PMS,OMC_A,631.27,631.27,HIGH,SYNTHETIC_SCENARIO
ORD-0008354,2026-11-14,Nairobi,PMS,OMC_B,631.54,631.54,NORMAL,SYNTHETIC_SCENARIO
ORD-0008355,2026-11-14,Nairobi,PMS,OMC_C,445.03,445.03,NORMAL,SYNTHETIC_SCENARIO
ORD-0008356,2026-11-14,Nairobi,PMS,OMC_D,159.08,159.08,NORMAL,SYNTHETIC_SCENARIO
ORD-0008357,2026-11-14,Nairobi,PMS,OMC_E,358.81,358.81,NORMAL,SYNTHETIC_SCENARIO
ORD-0008358,2026-11-14,Nairobi,PMS,OMC_F,368.16,368.16,NORMAL,SYNTHETIC_SCENARIO
ORD-0008359,2026-11-15,Nairobi,PMS,OMC_A,882.43,882.43,HIGH,SYNTHETIC_SCENARIO
ORD-0008360,2026-11-15,Nairobi,PMS,OMC_B,793.3,793.3,NORMAL,SYNTHETIC_SCENARIO
ORD-0008361,2026-11-15,Nairobi,PMS,OMC_C,378.63,378.63,NORMAL,SYNTHETIC_SCENARIO
ORD-0008362,2026-11-15,Nairobi,PMS,OMC_D,378.72,378.72,NORMAL,SYNTHETIC_SCENARIO
ORD-0008363,2026-11-15,Nairobi,PMS,OMC_E,72.81,72.81,NORMAL,SYNTHETIC_SCENARIO
ORD-0008364,2026-11-15,Nairobi,PMS,OMC_F,43.53,43.53,NORMAL,SYNTHETIC_SCENARIO
ORD-0008365,2026-11-16,Nairobi,PMS,OMC_A,674.19,674.19,NORMAL,SYNTHETIC_SCENARIO
ORD-0008366,2026-11-16,Nairobi,PMS,OMC_B,591.15,591.15,NORMAL,SYNTHETIC_SCENARIO
ORD-0008367,2026-11-16,Nairobi,PMS,OMC_C,299.14,299.14,NORMAL,SYNTHETIC_SCENARIO
ORD-0008368,2026-11-16,Nairobi,PMS,OMC_D,388.07,388.07,NORMAL,SYNTHETIC_SCENARIO
ORD-0008369,2026-11-16,Nairobi,PMS,OMC_E,1079.44,1079.44,NORMAL,SYNTHETIC_SCENARIO
ORD-0008370,2026-11-16,Nairobi,PMS,OMC_F,57.86,57.86,NORMAL,SYNTHETIC_SCENARIO
ORD-0008371,2026-11-17,Nairobi,PMS,OMC_A,438.18,438.18,HIGH,SYNTHETIC_SCENARIO
ORD-0008372,2026-11-17,Nairobi,PMS,OMC_B,400.63,400.63,NORMAL,SYNTHETIC_SCENARIO
ORD-0008373,2026-11-17,Nairobi,PMS,OMC_C,340.08,340.08,NORMAL,SYNTHETIC_SCENARIO
ORD-0008374,2026-11-17,Nairobi,PMS,OMC_D,499.46,499.46,NORMAL,SYNTHETIC_SCENARIO
ORD-0008375,2026-11-17,Nairobi,PMS,OMC_E,826.79,826.79,NORMAL,SYNTHETIC_SCENARIO
ORD-0008376,2026-11-17,Nairobi,PMS,OMC_F,728.94,728.94,NORMAL,SYNTHETIC_SCENARIO
ORD-0008377,2026-11-18,Nairobi,PMS,OMC_A,1460.31,1460.31,NORMAL,SYNTHETIC_SCENARIO
ORD-0008378,2026-11-18,Nairobi,PMS,OMC_B,428.78,428.78,NORMAL,SYNTHETIC_SCENARIO
ORD-0008379,2026-11-18,Nairobi,PMS,OMC_C,349.91,349.91,NORMAL,SYNTHETIC_SCENARIO
ORD-0008380,2026-11-18,Nairobi,PMS,OMC_D,526.05,526.05,NORMAL,SYNTHETIC_SCENARIO
ORD-0008381,2026-11-18,Nairobi,PMS,OMC_E,161.22,161.22,NORMAL,SYNTHETIC_SCENARIO
ORD-0008382,2026-11-18,Nairobi,PMS,OMC_F,76.35,76.35,NORMAL,SYNTHETIC_SCENARIO
ORD-0008383,2026-11-19,Nairobi,PMS,OMC_A,875.44,875.44,NORMAL,SYNTHETIC_SCENARIO
ORD-0008384,2026-11-19,Nairobi,PMS,OMC_B,243.73,243.73,NORMAL,SYNTHETIC_SCENARIO
ORD-0008385,2026-11-19,Nairobi,PMS,OMC_C,768.1,768.1,HIGH,SYNTHETIC_SCENARIO
ORD-0008386,2026-11-19,Nairobi,PMS,OMC_D,44.27,44.27,NORMAL,SYNTHETIC_SCENARIO
ORD-0008387,2026-11-19,Nairobi,PMS,OMC_E,781.18,781.18,HIGH,SYNTHETIC_SCENARIO
ORD-0008388,2026-11-19,Nairobi,PMS,OMC_F,306.17,306.17,NORMAL,SYNTHETIC_SCENARIO
ORD-0008389,2026-11-20,Nairobi,PMS,OMC_A,366.02,366.02,NORMAL,SYNTHETIC_SCENARIO
ORD-0008390,2026-11-20,Nairobi,PMS,OMC_B,80.73,80.73,HIGH,SYNTHETIC_SCENARIO
ORD-0008391,2026-11-20,Nairobi,PMS,OMC_C,1194.66,1194.66,NORMAL,SYNTHETIC_SCENARIO
ORD-0008392,2026-11-20,Nairobi,PMS,OMC_D,929.27,929.27,NORMAL,SYNTHETIC_SCENARIO
ORD-0008393,2026-11-20,Nairobi,PMS,OMC_E,175.89,175.89,HIGH,SYNTHETIC_SCENARIO
ORD-0008394,2026-11-20,Nairobi,PMS,OMC_F,290.49,290.49,HIGH,SYNTHETIC_SCENARIO
ORD-0008395,2026-11-21,Nairobi,PMS,OMC_A,736.1,736.1,NORMAL,SYNTHETIC_SCENARIO
ORD-0008396,2026-11-21,Nairobi,PMS,OMC_B,714.56,714.56,NORMAL,SYNTHETIC_SCENARIO
ORD-0008397,2026-11-21,Nairobi,PMS,OMC_C,392.26,392.26,NORMAL,SYNTHETIC_SCENARIO
ORD-0008398,2026-11-21,Nairobi,PMS,OMC_D,364.02,364.02,HIGH,SYNTHETIC_SCENARIO
ORD-0008399,2026-11-21,Nairobi,PMS,OMC_E,261.53,261.53,NORMAL,SYNTHETIC_SCENARIO
ORD-0008400,2026-11-21,Nairobi,PMS,OMC_F,182.95,182.95,NORMAL,SYNTHETIC_SCENARIO
ORD-0008401,2026-11-22,Nairobi,PMS,OMC_A,780.86,780.86,NORMAL,SYNTHETIC_SCENARIO
ORD-0008402,2026-11-22,Nairobi,PMS,OMC_B,269.96,269.96,NORMAL,SYNTHETIC_SCENARIO
ORD-0008403,2026-11-22,Nairobi,PMS,OMC_C,884.71,884.71,NORMAL,SYNTHETIC_SCENARIO
ORD-0008404,2026-11-22,Nairobi,PMS,OMC_D,234.59,234.59,NORMAL,SYNTHETIC_SCENARIO
ORD-0008405,2026-11-22,Nairobi,PMS,OMC_E,86.55,86.55,NORMAL,SYNTHETIC_SCENARIO
ORD-0008406,2026-11-22,Nairobi,PMS,OMC_F,188.49,188.49,NORMAL,SYNTHETIC_SCENARIO
ORD-0008407,2026-11-23,Nairobi,PMS,OMC_A,1795.75,1795.75,NORMAL,SYNTHETIC_SCENARIO
ORD-0008408,2026-11-23,Nairobi,PMS,OMC_B,242.69,242.69,NORMAL,SYNTHETIC_SCENARIO
ORD-0008409,2026-11-23,Nairobi,PMS,OMC_C,245.79,245.79,NORMAL,SYNTHETIC_SCENARIO
ORD-0008410,2026-11-23,Nairobi,PMS,OMC_D,360.38,360.38,NORMAL,SYNTHETIC_SCENARIO
ORD-0008411,2026-11-23,Nairobi,PMS,OMC_E,149.5,149.5,NORMAL,SYNTHETIC_SCENARIO
ORD-0008412,2026-11-23,Nairobi,PMS,OMC_F,218.59,218.59,NORMAL,SYNTHETIC_SCENARIO
ORD-0008413,2026-11-24,Nairobi,PMS,OMC_A,771.61,771.61,NORMAL,SYNTHETIC_SCENARIO
ORD-0008414,2026-11-24,Nairobi,PMS,OMC_B,385.62,385.62,NORMAL,SYNTHETIC_SCENARIO
ORD-0008415,2026-11-24,Nairobi,PMS,OMC_C,605.58,605.58,NORMAL,SYNTHETIC_SCENARIO
ORD-0008416,2026-11-24,Nairobi,PMS,OMC_D,385.5,385.5,NORMAL,SYNTHETIC_SCENARIO
ORD-0008417,2026-11-24,Nairobi,PMS,OMC_E,203.13,203.13,HIGH,SYNTHETIC_SCENARIO
ORD-0008418,2026-11-24,Nairobi,PMS,OMC_F,587.92,587.92,NORMAL,SYNTHETIC_SCENARIO
ORD-0008419,2026-11-25,Nairobi,PMS,OMC_A,946.22,946.22,NORMAL,SYNTHETIC_SCENARIO
ORD-0008420,2026-11-25,Nairobi,PMS,OMC_B,411.66,411.66,NORMAL,SYNTHETIC_SCENARIO
ORD-0008421,2026-11-25,Nairobi,PMS,OMC_C,978.09,978.09,NORMAL,SYNTHETIC_SCENARIO
ORD-0008422,2026-11-25,Nairobi,PMS,OMC_D,149.39,149.39,NORMAL,SYNTHETIC_SCENARIO
ORD-0008423,2026-11-25,Nairobi,PMS,OMC_E,284.94,284.94,NORMAL,SYNTHETIC_SCENARIO
ORD-0008424,2026-11-25,Nairobi,PMS,OMC_F,58.25,58.25,NORMAL,SYNTHETIC_SCENARIO
ORD-0008425,2026-11-26,Nairobi,PMS,OMC_A,750.29,750.29,NORMAL,SYNTHETIC_SCENARIO
ORD-0008426,2026-11-26,Nairobi,PMS,OMC_B,530.98,530.98,NORMAL,SYNTHETIC_SCENARIO
ORD-0008427,2026-11-26,Nairobi,PMS,OMC_C,486.03,486.03,NORMAL,SYNTHETIC_SCENARIO
ORD-0008428,2026-11-26,Nairobi,PMS,OMC_D,801.54,801.54,NORMAL,SYNTHETIC_SCENARIO
ORD-0008429,2026-11-26,Nairobi,PMS,OMC_E,342.57,342.57,NORMAL,SYNTHETIC_SCENARIO
ORD-0008430,2026-11-26,Nairobi,PMS,OMC_F,31.82,31.82,NORMAL,SYNTHETIC_SCENARIO
ORD-0008431,2026-11-27,Nairobi,PMS,OMC_A,412.3,412.3,NORMAL,SYNTHETIC_SCENARIO
ORD-0008432,2026-11-27,Nairobi,PMS,OMC_B,578.66,578.66,NORMAL,SYNTHETIC_SCENARIO
ORD-0008433,2026-11-27,Nairobi,PMS,OMC_C,354.11,354.11,NORMAL,SYNTHETIC_SCENARIO
ORD-0008434,2026-11-27,Nairobi,PMS,OMC_D,1110.36,1110.36,NORMAL,SYNTHETIC_SCENARIO
ORD-0008435,2026-11-27,Nairobi,PMS,OMC_E,627.51,627.51,NORMAL,SYNTHETIC_SCENARIO
ORD-0008436,2026-11-27,Nairobi,PMS,OMC_F,61.27,61.27,NORMAL,SYNTHETIC_SCENARIO
ORD-0008437,2026-11-28,Nairobi,PMS,OMC_A,1053.76,1053.76,NORMAL,SYNTHETIC_SCENARIO
ORD-0008438,2026-11-28,Nairobi,PMS,OMC_B,274.27,274.27,NORMAL,SYNTHETIC_SCENARIO
ORD-0008439,2026-11-28,Nairobi,PMS,OMC_C,589.53,589.53,HIGH,SYNTHETIC_SCENARIO
ORD-0008440,2026-11-28,Nairobi,PMS,OMC_D,611.93,611.93,NORMAL,SYNTHETIC_SCENARIO
ORD-0008441,2026-11-28,Nairobi,PMS,OMC_E,198.15,198.15,NORMAL,SYNTHETIC_SCENARIO
ORD-0008442,2026-11-28,Nairobi,PMS,OMC_F,24.53,24.53,HIGH,SYNTHETIC_SCENARIO
ORD-0008443,2026-11-29,Nairobi,PMS,OMC_A,868.22,868.22,NORMAL,SYNTHETIC_SCENARIO
ORD-0008444,2026-11-29,Nairobi,PMS,OMC_B,218.82,218.82,NORMAL,SYNTHETIC_SCENARIO
ORD-0008445,2026-11-29,Nairobi,PMS,OMC_C,427.03,427.03,NORMAL,SYNTHETIC_SCENARIO
ORD-0008446,2026-11-29,Nairobi,PMS,OMC_D,577.02,577.02,NORMAL,SYNTHETIC_SCENARIO
ORD-0008447,2026-11-29,Nairobi,PMS,OMC_E,215.48,215.48,NORMAL,SYNTHETIC_SCENARIO
ORD-0008448,2026-11-29,Nairobi,PMS,OMC_F,170.21,170.21,NORMAL,SYNTHETIC_SCENARIO
ORD-0008449,2026-11-30,Nairobi,PMS,OMC_A,729.43,729.43,NORMAL,SYNTHETIC_SCENARIO
ORD-0008450,2026-11-30,Nairobi,PMS,OMC_B,320.34,320.34,NORMAL,SYNTHETIC_SCENARIO
ORD-0008451,2026-11-30,Nairobi,PMS,OMC_C,855.43,855.43,NORMAL,SYNTHETIC_SCENARIO
ORD-0008452,2026-11-30,Nairobi,PMS,OMC_D,352.68,352.68,NORMAL,SYNTHETIC_SCENARIO
ORD-0008453,2026-11-30,Nairobi,PMS,OMC_E,291.82,291.82,NORMAL,SYNTHETIC_SCENARIO
ORD-0008454,2026-11-30,Nairobi,PMS,OMC_F,324.88,324.88,NORMAL,SYNTHETIC_SCENARIO
ORD-0008455,2026-12-01,Nairobi,PMS,OMC_A,818.46,818.46,NORMAL,SYNTHETIC_SCENARIO
ORD-0008456,2026-12-01,Nairobi,PMS,OMC_B,503.93,503.93,HIGH,SYNTHETIC_SCENARIO
ORD-0008457,2026-12-01,Nairobi,PMS,OMC_C,152.98,152.98,HIGH,SYNTHETIC_SCENARIO
ORD-0008458,2026-12-01,Nairobi,PMS,OMC_D,247.73,247.73,NORMAL,SYNTHETIC_SCENARIO
ORD-0008459,2026-12-01,Nairobi,PMS,OMC_E,1455.31,1455.31,NORMAL,SYNTHETIC_SCENARIO
ORD-0008460,2026-12-01,Nairobi,PMS,OMC_F,6.27,6.27,NORMAL,SYNTHETIC_SCENARIO
ORD-0008461,2026-12-02,Nairobi,PMS,OMC_A,333.59,333.59,NORMAL,SYNTHETIC_SCENARIO
ORD-0008462,2026-12-02,Nairobi,PMS,OMC_B,731.94,731.94,NORMAL,SYNTHETIC_SCENARIO
ORD-0008463,2026-12-02,Nairobi,PMS,OMC_C,1119.95,1119.95,HIGH,SYNTHETIC_SCENARIO
ORD-0008464,2026-12-02,Nairobi,PMS,OMC_D,635.11,635.11,NORMAL,SYNTHETIC_SCENARIO
ORD-0008465,2026-12-02,Nairobi,PMS,OMC_E,416.23,416.23,NORMAL,SYNTHETIC_SCENARIO
ORD-0008466,2026-12-02,Nairobi,PMS,OMC_F,81.98,81.98,NORMAL,SYNTHETIC_SCENARIO
ORD-0008467,2026-12-03,Nairobi,PMS,OMC_A,787.82,787.82,NORMAL,SYNTHETIC_SCENARIO
ORD-0008468,2026-12-03,Nairobi,PMS,OMC_B,966.83,966.83,NORMAL,SYNTHETIC_SCENARIO
ORD-0008469,2026-12-03,Nairobi,PMS,OMC_C,601.58,601.58,NORMAL,SYNTHETIC_SCENARIO
ORD-0008470,2026-12-03,Nairobi,PMS,OMC_D,356.11,356.11,NORMAL,SYNTHETIC_SCENARIO
ORD-0008471,2026-12-03,Nairobi,PMS,OMC_E,373.89,373.89,NORMAL,SYNTHETIC_SCENARIO
ORD-0008472,2026-12-03,Nairobi,PMS,OMC_F,358.48,358.48,HIGH,SYNTHETIC_SCENARIO
ORD-0008473,2026-12-04,Nairobi,PMS,OMC_A,1524.94,1524.94,NORMAL,SYNTHETIC_SCENARIO
ORD-0008474,2026-12-04,Nairobi,PMS,OMC_B,146.49,146.49,NORMAL,SYNTHETIC_SCENARIO
ORD-0008475,2026-12-04,Nairobi,PMS,OMC_C,590.85,590.85,NORMAL,SYNTHETIC_SCENARIO
ORD-0008476,2026-12-04,Nairobi,PMS,OMC_D,625.53,625.53,NORMAL,SYNTHETIC_SCENARIO
ORD-0008477,2026-12-04,Nairobi,PMS,OMC_E,397.11,397.11,NORMAL,SYNTHETIC_SCENARIO
ORD-0008478,2026-12-04,Nairobi,PMS,OMC_F,432.23,432.23,NORMAL,SYNTHETIC_SCENARIO
ORD-0008479,2026-12-05,Nairobi,PMS,OMC_A,634.28,634.28,NORMAL,SYNTHETIC_SCENARIO
ORD-0008480,2026-12-05,Nairobi,PMS,OMC_B,996.29,996.29,NORMAL,SYNTHETIC_SCENARIO
ORD-0008481,2026-12-05,Nairobi,PMS,OMC_C,282.57,282.57,NORMAL,SYNTHETIC_SCENARIO
ORD-0008482,2026-12-05,Nairobi,PMS,OMC_D,641.46,641.46,NORMAL,SYNTHETIC_SCENARIO
ORD-0008483,2026-12-05,Nairobi,PMS,OMC_E,146.25,146.25,NORMAL,SYNTHETIC_SCENARIO
ORD-0008484,2026-12-05,Nairobi,PMS,OMC_F,341.71,341.71,HIGH,SYNTHETIC_SCENARIO
ORD-0008485,2026-12-06,Nairobi,PMS,OMC_A,209.43,209.43,NORMAL,SYNTHETIC_SCENARIO
ORD-0008486,2026-12-06,Nairobi,PMS,OMC_B,1165.74,1165.74,NORMAL,SYNTHETIC_SCENARIO
ORD-0008487,2026-12-06,Nairobi,PMS,OMC_C,812.53,812.53,NORMAL,SYNTHETIC_SCENARIO
ORD-0008488,2026-12-06,Nairobi,PMS,OMC_D,307.98,307.98,NORMAL,SYNTHETIC_SCENARIO
ORD-0008489,2026-12-06,Nairobi,PMS,OMC_E,273.27,273.27,HIGH,SYNTHETIC_SCENARIO
ORD-0008490,2026-12-06,Nairobi,PMS,OMC_F,74.3,74.3,NORMAL,SYNTHETIC_SCENARIO
ORD-0008491,2026-12-07,Nairobi,PMS,OMC_A,1376.59,1376.59,NORMAL,SYNTHETIC_SCENARIO
ORD-0008492,2026-12-07,Nairobi,PMS,OMC_B,781.27,781.27,NORMAL,SYNTHETIC_SCENARIO
ORD-0008493,2026-12-07,Nairobi,PMS,OMC_C,696.75,696.75,NORMAL,SYNTHETIC_SCENARIO
ORD-0008494,2026-12-07,Nairobi,PMS,OMC_D,156.18,156.18,NORMAL,SYNTHETIC_SCENARIO
ORD-0008495,2026-12-07,Nairobi,PMS,OMC_E,250.88,250.88,NORMAL,SYNTHETIC_SCENARIO
ORD-0008496,2026-12-07,Nairobi,PMS,OMC_F,338.46,338.46,NORMAL,SYNTHETIC_SCENARIO
ORD-0008497,2026-12-08,Nairobi,PMS,OMC_A,1152.57,1152.57,NORMAL,SYNTHETIC_SCENARIO
ORD-0008498,2026-12-08,Nairobi,PMS,OMC_B,870.61,870.61,NORMAL,SYNTHETIC_SCENARIO
ORD-0008499,2026-12-08,Nairobi,PMS,OMC_C,616.48,616.48,NORMAL,SYNTHETIC_SCENARIO
ORD-0008500,2026-12-08,Nairobi,PMS,OMC_D,338.56,338.56,NORMAL,SYNTHETIC_SCENARIO
ORD-0008501,2026-12-08,Nairobi,PMS,OMC_E,402.81,402.81,NORMAL,SYNTHETIC_SCENARIO
ORD-0008502,2026-12-08,Nairobi,PMS,OMC_F,130.35,130.35,NORMAL,SYNTHETIC_SCENARIO
ORD-0008503,2026-12-09,Nairobi,PMS,OMC_A,635.71,635.71,NORMAL,SYNTHETIC_SCENARIO
ORD-0008504,2026-12-09,Nairobi,PMS,OMC_B,1274.46,1274.46,NORMAL,SYNTHETIC_SCENARIO
ORD-0008505,2026-12-09,Nairobi,PMS,OMC_C,991.61,991.61,NORMAL,SYNTHETIC_SCENARIO
ORD-0008506,2026-12-09,Nairobi,PMS,OMC_D,273.64,273.64,NORMAL,SYNTHETIC_SCENARIO
ORD-0008507,2026-12-09,Nairobi,PMS,OMC_E,27.43,27.43,NORMAL,SYNTHETIC_SCENARIO
ORD-0008508,2026-12-09,Nairobi,PMS,OMC_F,305.46,305.46,NORMAL,SYNTHETIC_SCENARIO
ORD-0008509,2026-12-10,Nairobi,PMS,OMC_A,629.56,629.56,NORMAL,SYNTHETIC_SCENARIO
ORD-0008510,2026-12-10,Nairobi,PMS,OMC_B,1033.27,1033.27,NORMAL,SYNTHETIC_SCENARIO
ORD-0008511,2026-12-10,Nairobi,PMS,OMC_C,770.24,770.24,NORMAL,SYNTHETIC_SCENARIO
ORD-0008512,2026-12-10,Nairobi,PMS,OMC_D,201.42,201.42,NORMAL,SYNTHETIC_SCENARIO
ORD-0008513,2026-12-10,Nairobi,PMS,OMC_E,640.61,640.61,NORMAL,SYNTHETIC_SCENARIO
ORD-0008514,2026-12-10,Nairobi,PMS,OMC_F,452.43,452.43,NORMAL,SYNTHETIC_SCENARIO
ORD-0008515,2026-12-11,Nairobi,PMS,OMC_A,647.74,647.74,HIGH,SYNTHETIC_SCENARIO
ORD-0008516,2026-12-11,Nairobi,PMS,OMC_B,168.29,168.29,NORMAL,SYNTHETIC_SCENARIO
ORD-0008517,2026-12-11,Nairobi,PMS,OMC_C,318.73,318.73,NORMAL,SYNTHETIC_SCENARIO
ORD-0008518,2026-12-11,Nairobi,PMS,OMC_D,329.09,329.09,NORMAL,SYNTHETIC_SCENARIO
ORD-0008519,2026-12-11,Nairobi,PMS,OMC_E,1889.22,1889.22,NORMAL,SYNTHETIC_SCENARIO
ORD-0008520,2026-12-11,Nairobi,PMS,OMC_F,452.51,452.51,HIGH,SYNTHETIC_SCENARIO
ORD-0008521,2026-12-12,Nairobi,PMS,OMC_A,1745.9,1745.9,NORMAL,SYNTHETIC_SCENARIO
ORD-0008522,2026-12-12,Nairobi,PMS,OMC_B,703.71,703.71,NORMAL,SYNTHETIC_SCENARIO
ORD-0008523,2026-12-12,Nairobi,PMS,OMC_C,141.05,141.05,NORMAL,SYNTHETIC_SCENARIO
ORD-0008524,2026-12-12,Nairobi,PMS,OMC_D,518.73,518.73,NORMAL,SYNTHETIC_SCENARIO
ORD-0008525,2026-12-12,Nairobi,PMS,OMC_E,320.37,320.37,NORMAL,SYNTHETIC_SCENARIO
ORD-0008526,2026-12-12,Nairobi,PMS,OMC_F,124.55,124.55,NORMAL,SYNTHETIC_SCENARIO
ORD-0008527,2026-12-13,Nairobi,PMS,OMC_A,875.82,875.82,NORMAL,SYNTHETIC_SCENARIO
ORD-0008528,2026-12-13,Nairobi,PMS,OMC_B,170.68,170.68,NORMAL,SYNTHETIC_SCENARIO
ORD-0008529,2026-12-13,Nairobi,PMS,OMC_C,418.97,418.97,NORMAL,SYNTHETIC_SCENARIO
ORD-0008530,2026-12-13,Nairobi,PMS,OMC_D,417.67,417.67,NORMAL,SYNTHETIC_SCENARIO
ORD-0008531,2026-12-13,Nairobi,PMS,OMC_E,410.46,410.46,NORMAL,SYNTHETIC_SCENARIO
ORD-0008532,2026-12-13,Nairobi,PMS,OMC_F,487.04,487.04,NORMAL,SYNTHETIC_SCENARIO
ORD-0008533,2026-12-14,Nairobi,PMS,OMC_A,1141.36,1141.36,NORMAL,SYNTHETIC_SCENARIO
ORD-0008534,2026-12-14,Nairobi,PMS,OMC_B,1030.02,1030.02,NORMAL,SYNTHETIC_SCENARIO
ORD-0008535,2026-12-14,Nairobi,PMS,OMC_C,389.49,389.49,HIGH,SYNTHETIC_SCENARIO
ORD-0008536,2026-12-14,Nairobi,PMS,OMC_D,307.17,307.17,NORMAL,SYNTHETIC_SCENARIO
ORD-0008537,2026-12-14,Nairobi,PMS,OMC_E,454.65,454.65,NORMAL,SYNTHETIC_SCENARIO
ORD-0008538,2026-12-14,Nairobi,PMS,OMC_F,153.77,153.77,HIGH,SYNTHETIC_SCENARIO
ORD-0008539,2026-12-15,Nairobi,PMS,OMC_A,696.0,696.0,NORMAL,SYNTHETIC_SCENARIO
ORD-0008540,2026-12-15,Nairobi,PMS,OMC_B,1098.05,1098.05,NORMAL,SYNTHETIC_SCENARIO
ORD-0008541,2026-12-15,Nairobi,PMS,OMC_C,903.74,903.74,NORMAL,SYNTHETIC_SCENARIO
ORD-0008542,2026-12-15,Nairobi,PMS,OMC_D,571.97,571.97,NORMAL,SYNTHETIC_SCENARIO
ORD-0008543,2026-12-15,Nairobi,PMS,OMC_E,628.27,628.27,HIGH,SYNTHETIC_SCENARIO
ORD-0008544,2026-12-15,Nairobi,PMS,OMC_F,304.47,304.47,NORMAL,SYNTHETIC_SCENARIO
ORD-0008545,2026-12-16,Nairobi,PMS,OMC_A,662.32,662.32,NORMAL,SYNTHETIC_SCENARIO
ORD-0008546,2026-12-16,Nairobi,PMS,OMC_B,929.42,929.42,NORMAL,SYNTHETIC_SCENARIO
ORD-0008547,2026-12-16,Nairobi,PMS,OMC_C,364.51,364.51,NORMAL,SYNTHETIC_SCENARIO
ORD-0008548,2026-12-16,Nairobi,PMS,OMC_D,1070.13,1070.13,NORMAL,SYNTHETIC_SCENARIO
ORD-0008549,2026-12-16,Nairobi,PMS,OMC_E,350.52,350.52,NORMAL,SYNTHETIC_SCENARIO
ORD-0008550,2026-12-16,Nairobi,PMS,OMC_F,38.45,38.45,NORMAL,SYNTHETIC_SCENARIO
ORD-0008551,2026-12-17,Nairobi,PMS,OMC_A,2175.92,2175.92,NORMAL,SYNTHETIC_SCENARIO
ORD-0008552,2026-12-17,Nairobi,PMS,OMC_B,449.6,449.6,NORMAL,SYNTHETIC_SCENARIO
ORD-0008553,2026-12-17,Nairobi,PMS,OMC_C,312.99,312.99,NORMAL,SYNTHETIC_SCENARIO
ORD-0008554,2026-12-17,Nairobi,PMS,OMC_D,410.67,410.67,HIGH,SYNTHETIC_SCENARIO
ORD-0008555,2026-12-17,Nairobi,PMS,OMC_E,21.62,21.62,NORMAL,SYNTHETIC_SCENARIO
ORD-0008556,2026-12-17,Nairobi,PMS,OMC_F,160.16,160.16,NORMAL,SYNTHETIC_SCENARIO
ORD-0008557,2026-12-18,Nairobi,PMS,OMC_A,878.77,878.77,NORMAL,SYNTHETIC_SCENARIO
ORD-0008558,2026-12-18,Nairobi,PMS,OMC_B,1768.08,1768.08,HIGH,SYNTHETIC_SCENARIO
ORD-0008559,2026-12-18,Nairobi,PMS,OMC_C,454.89,454.89,NORMAL,SYNTHETIC_SCENARIO
ORD-0008560,2026-12-18,Nairobi,PMS,OMC_D,803.51,803.51,NORMAL,SYNTHETIC_SCENARIO
ORD-0008561,2026-12-18,Nairobi,PMS,OMC_E,286.0,286.0,NORMAL,SYNTHETIC_SCENARIO
ORD-0008562,2026-12-18,Nairobi,PMS,OMC_F,1.24,1.24,NORMAL,SYNTHETIC_SCENARIO
ORD-0008563,2026-12-19,Nairobi,PMS,OMC_A,802.28,802.28,NORMAL,SYNTHETIC_SCENARIO
ORD-0008564,2026-12-19,Nairobi,PMS,OMC_B,1273.74,1273.74,NORMAL,SYNTHETIC_SCENARIO
ORD-0008565,2026-12-19,Nairobi,PMS,OMC_C,353.7,353.7,NORMAL,SYNTHETIC_SCENARIO
ORD-0008566,2026-12-19,Nairobi,PMS,OMC_D,662.64,662.64,NORMAL,SYNTHETIC_SCENARIO
ORD-0008567,2026-12-19,Nairobi,PMS,OMC_E,310.33,310.33,NORMAL,SYNTHETIC_SCENARIO
ORD-0008568,2026-12-19,Nairobi,PMS,OMC_F,32.85,32.85,NORMAL,SYNTHETIC_SCENARIO
ORD-0008569,2026-12-20,Nairobi,PMS,OMC_A,1080.77,1080.77,NORMAL,SYNTHETIC_SCENARIO
ORD-0008570,2026-12-20,Nairobi,PMS,OMC_B,409.8,409.8,NORMAL,SYNTHETIC_SCENARIO
ORD-0008571,2026-12-20,Nairobi,PMS,OMC_C,454.18,454.18,NORMAL,SYNTHETIC_SCENARIO
ORD-0008572,2026-12-20,Nairobi,PMS,OMC_D,423.59,423.59,NORMAL,SYNTHETIC_SCENARIO
ORD-0008573,2026-12-20,Nairobi,PMS,OMC_E,707.4,707.4,NORMAL,SYNTHETIC_SCENARIO
ORD-0008574,2026-12-20,Nairobi,PMS,OMC_F,549.91,549.91,NORMAL,SYNTHETIC_SCENARIO
ORD-0008575,2026-12-21,Nairobi,PMS,OMC_A,1187.86,1187.86,NORMAL,SYNTHETIC_SCENARIO
ORD-0008576,2026-12-21,Nairobi,PMS,OMC_B,142.7,142.7,NORMAL,SYNTHETIC_SCENARIO
ORD-0008577,2026-12-21,Nairobi,PMS,OMC_C,1629.54,1629.54,NORMAL,SYNTHETIC_SCENARIO
ORD-0008578,2026-12-21,Nairobi,PMS,OMC_D,405.29,405.29,NORMAL,SYNTHETIC_SCENARIO
ORD-0008579,2026-12-21,Nairobi,PMS,OMC_E,67.17,67.17,NORMAL,SYNTHETIC_SCENARIO
ORD-0008580,2026-12-21,Nairobi,PMS,OMC_F,119.85,119.85,NORMAL,SYNTHETIC_SCENARIO
ORD-0008581,2026-12-22,Nairobi,PMS,OMC_A,1101.58,1101.58,NORMAL,SYNTHETIC_SCENARIO
ORD-0008582,2026-12-22,Nairobi,PMS,OMC_B,1359.28,1359.28,NORMAL,SYNTHETIC_SCENARIO
ORD-0008583,2026-12-22,Nairobi,PMS,OMC_C,297.13,297.13,NORMAL,SYNTHETIC_SCENARIO
ORD-0008584,2026-12-22,Nairobi,PMS,OMC_D,420.56,420.56,NORMAL,SYNTHETIC_SCENARIO
ORD-0008585,2026-12-22,Nairobi,PMS,OMC_E,400.67,400.67,NORMAL,SYNTHETIC_SCENARIO
ORD-0008586,2026-12-22,Nairobi,PMS,OMC_F,22.44,22.44,NORMAL,SYNTHETIC_SCENARIO
ORD-0008587,2026-12-23,Nairobi,PMS,OMC_A,730.26,730.26,HIGH,SYNTHETIC_SCENARIO
ORD-0008588,2026-12-23,Nairobi,PMS,OMC_B,366.43,366.43,NORMAL,SYNTHETIC_SCENARIO
ORD-0008589,2026-12-23,Nairobi,PMS,OMC_C,659.72,659.72,NORMAL,SYNTHETIC_SCENARIO
ORD-0008590,2026-12-23,Nairobi,PMS,OMC_D,327.23,327.23,NORMAL,SYNTHETIC_SCENARIO
ORD-0008591,2026-12-23,Nairobi,PMS,OMC_E,1503.9,1503.9,NORMAL,SYNTHETIC_SCENARIO
ORD-0008592,2026-12-23,Nairobi,PMS,OMC_F,114.55,114.55,NORMAL,SYNTHETIC_SCENARIO
ORD-0008593,2026-12-24,Nairobi,PMS,OMC_A,595.56,595.56,NORMAL,SYNTHETIC_SCENARIO
ORD-0008594,2026-12-24,Nairobi,PMS,OMC_B,1049.23,1049.23,NORMAL,SYNTHETIC_SCENARIO
ORD-0008595,2026-12-24,Nairobi,PMS,OMC_C,827.77,827.77,HIGH,SYNTHETIC_SCENARIO
ORD-0008596,2026-12-24,Nairobi,PMS,OMC_D,585.74,585.74,NORMAL,SYNTHETIC_SCENARIO
ORD-0008597,2026-12-24,Nairobi,PMS,OMC_E,370.73,370.73,NORMAL,SYNTHETIC_SCENARIO
ORD-0008598,2026-12-24,Nairobi,PMS,OMC_F,136.31,136.31,NORMAL,SYNTHETIC_SCENARIO
ORD-0008599,2026-12-25,Nairobi,PMS,OMC_A,1763.28,1763.28,NORMAL,SYNTHETIC_SCENARIO
ORD-0008600,2026-12-25,Nairobi,PMS,OMC_B,1466.34,1466.34,NORMAL,SYNTHETIC_SCENARIO
ORD-0008601,2026-12-25,Nairobi,PMS,OMC_C,434.29,434.29,NORMAL,SYNTHETIC_SCENARIO
ORD-0008602,2026-12-25,Nairobi,PMS,OMC_D,147.61,147.61,NORMAL,SYNTHETIC_SCENARIO
ORD-0008603,2026-12-25,Nairobi,PMS,OMC_E,202.16,202.16,NORMAL,SYNTHETIC_SCENARIO
ORD-0008604,2026-12-25,Nairobi,PMS,OMC_F,65.53,65.53,NORMAL,SYNTHETIC_SCENARIO
ORD-0008605,2026-12-26,Nairobi,PMS,OMC_A,483.65,483.65,NORMAL,SYNTHETIC_SCENARIO
ORD-0008606,2026-12-26,Nairobi,PMS,OMC_B,1056.87,1056.87,NORMAL,SYNTHETIC_SCENARIO
ORD-0008607,2026-12-26,Nairobi,PMS,OMC_C,382.8,382.8,HIGH,SYNTHETIC_SCENARIO
ORD-0008608,2026-12-26,Nairobi,PMS,OMC_D,598.95,598.95,NORMAL,SYNTHETIC_SCENARIO
ORD-0008609,2026-12-26,Nairobi,PMS,OMC_E,753.34,753.34,NORMAL,SYNTHETIC_SCENARIO
ORD-0008610,2026-12-26,Nairobi,PMS,OMC_F,70.6,70.6,NORMAL,SYNTHETIC_SCENARIO
ORD-0008611,2026-12-27,Nairobi,PMS,OMC_A,836.59,836.59,NORMAL,SYNTHETIC_SCENARIO
ORD-0008612,2026-12-27,Nairobi,PMS,OMC_B,1202.17,1202.17,NORMAL,SYNTHETIC_SCENARIO
ORD-0008613,2026-12-27,Nairobi,PMS,OMC_C,245.11,245.11,NORMAL,SYNTHETIC_SCENARIO
ORD-0008614,2026-12-27,Nairobi,PMS,OMC_D,515.72,515.72,NORMAL,SYNTHETIC_SCENARIO
ORD-0008615,2026-12-27,Nairobi,PMS,OMC_E,68.73,68.73,NORMAL,SYNTHETIC_SCENARIO
ORD-0008616,2026-12-27,Nairobi,PMS,OMC_F,294.81,294.81,NORMAL,SYNTHETIC_SCENARIO
ORD-0008617,2026-12-28,Nairobi,PMS,OMC_A,689.1,689.1,NORMAL,SYNTHETIC_SCENARIO
ORD-0008618,2026-12-28,Nairobi,PMS,OMC_B,107.78,107.78,NORMAL,SYNTHETIC_SCENARIO
ORD-0008619,2026-12-28,Nairobi,PMS,OMC_C,462.11,462.11,NORMAL,SYNTHETIC_SCENARIO
ORD-0008620,2026-12-28,Nairobi,PMS,OMC_D,1286.85,1286.85,NORMAL,SYNTHETIC_SCENARIO
ORD-0008621,2026-12-28,Nairobi,PMS,OMC_E,11.95,11.95,HIGH,SYNTHETIC_SCENARIO
ORD-0008622,2026-12-28,Nairobi,PMS,OMC_F,992.46,992.46,NORMAL,SYNTHETIC_SCENARIO
ORD-0008623,2026-12-29,Nairobi,PMS,OMC_A,859.68,859.68,HIGH,SYNTHETIC_SCENARIO
ORD-0008624,2026-12-29,Nairobi,PMS,OMC_B,1181.67,1181.67,NORMAL,SYNTHETIC_SCENARIO
ORD-0008625,2026-12-29,Nairobi,PMS,OMC_C,271.74,271.74,NORMAL,SYNTHETIC_SCENARIO
ORD-0008626,2026-12-29,Nairobi,PMS,OMC_D,1043.15,1043.15,NORMAL,SYNTHETIC_SCENARIO
ORD-0008627,2026-12-29,Nairobi,PMS,OMC_E,203.17,203.17,NORMAL,SYNTHETIC_SCENARIO
ORD-0008628,2026-12-29,Nairobi,PMS,OMC_F,213.97,213.97,HIGH,SYNTHETIC_SCENARIO
ORD-0008629,2026-12-30,Nairobi,PMS,OMC_A,785.24,785.24,NORMAL,SYNTHETIC_SCENARIO
ORD-0008630,2026-12-30,Nairobi,PMS,OMC_B,589.1,589.1,NORMAL,SYNTHETIC_SCENARIO
ORD-0008631,2026-12-30,Nairobi,PMS,OMC_C,564.59,564.59,NORMAL,SYNTHETIC_SCENARIO
ORD-0008632,2026-12-30,Nairobi,PMS,OMC_D,179.93,179.93,NORMAL,SYNTHETIC_SCENARIO
ORD-0008633,2026-12-30,Nairobi,PMS,OMC_E,1502.75,1502.75,NORMAL,SYNTHETIC_SCENARIO
ORD-0008634,2026-12-30,Nairobi,PMS,OMC_F,63.55,63.55,NORMAL,SYNTHETIC_SCENARIO
ORD-0008635,2026-12-31,Nairobi,PMS,OMC_A,1579.51,1579.51,NORMAL,SYNTHETIC_SCENARIO
ORD-0008636,2026-12-31,Nairobi,PMS,OMC_B,704.95,704.95,NORMAL,SYNTHETIC_SCENARIO
ORD-0008637,2026-12-31,Nairobi,PMS,OMC_C,587.36,587.36,NORMAL,SYNTHETIC_SCENARIO
ORD-0008638,2026-12-31,Nairobi,PMS,OMC_D,320.91,320.91,NORMAL,SYNTHETIC_SCENARIO
ORD-0008639,2026-12-31,Nairobi,PMS,OMC_E,204.25,204.25,NORMAL,SYNTHETIC_SCENARIO
ORD-0008640,2026-12-31,Nairobi,PMS,OMC_F,8.37,8.37,NORMAL,SYNTHETIC_SCENARIO
ORD-0008641,2026-09-03,Nakuru,AGO,OMC_A,93.74,93.74,NORMAL,SYNTHETIC_SCENARIO
ORD-0008642,2026-09-03,Nakuru,AGO,OMC_B,91.24,91.24,NORMAL,SYNTHETIC_SCENARIO
ORD-0008643,2026-09-03,Nakuru,AGO,OMC_C,152.07,152.07,NORMAL,SYNTHETIC_SCENARIO
ORD-0008644,2026-09-03,Nakuru,AGO,OMC_D,157.19,157.19,HIGH,SYNTHETIC_SCENARIO
ORD-0008645,2026-09-03,Nakuru,AGO,OMC_E,70.73,70.73,NORMAL,SYNTHETIC_SCENARIO
ORD-0008646,2026-09-03,Nakuru,AGO,OMC_F,31.83,31.83,NORMAL,SYNTHETIC_SCENARIO
ORD-0008647,2026-09-04,Nakuru,AGO,OMC_A,162.4,162.4,NORMAL,SYNTHETIC_SCENARIO
ORD-0008648,2026-09-04,Nakuru,AGO,OMC_B,56.17,56.17,NORMAL,SYNTHETIC_SCENARIO
ORD-0008649,2026-09-04,Nakuru,AGO,OMC_C,66.51,66.51,NORMAL,SYNTHETIC_SCENARIO
ORD-0008650,2026-09-04,Nakuru,AGO,OMC_D,244.41,244.41,NORMAL,SYNTHETIC_SCENARIO
ORD-0008651,2026-09-04,Nakuru,AGO,OMC_E,19.47,19.47,NORMAL,SYNTHETIC_SCENARIO
ORD-0008652,2026-09-04,Nakuru,AGO,OMC_F,46.34,46.34,NORMAL,SYNTHETIC_SCENARIO
ORD-0008653,2026-09-05,Nakuru,AGO,OMC_A,155.57,155.57,NORMAL,SYNTHETIC_SCENARIO
ORD-0008654,2026-09-05,Nakuru,AGO,OMC_B,90.5,90.5,NORMAL,SYNTHETIC_SCENARIO
ORD-0008655,2026-09-05,Nakuru,AGO,OMC_C,24.25,24.25,NORMAL,SYNTHETIC_SCENARIO
ORD-0008656,2026-09-05,Nakuru,AGO,OMC_D,206.94,206.94,NORMAL,SYNTHETIC_SCENARIO
ORD-0008657,2026-09-05,Nakuru,AGO,OMC_E,165.67,165.67,NORMAL,SYNTHETIC_SCENARIO
ORD-0008658,2026-09-05,Nakuru,AGO,OMC_F,0.22,0.22,HIGH,SYNTHETIC_SCENARIO
ORD-0008659,2026-09-06,Nakuru,AGO,OMC_A,144.24,144.24,NORMAL,SYNTHETIC_SCENARIO
ORD-0008660,2026-09-06,Nakuru,AGO,OMC_B,81.52,81.52,NORMAL,SYNTHETIC_SCENARIO
ORD-0008661,2026-09-06,Nakuru,AGO,OMC_C,157.44,157.44,NORMAL,SYNTHETIC_SCENARIO
ORD-0008662,2026-09-06,Nakuru,AGO,OMC_D,32.37,32.37,NORMAL,SYNTHETIC_SCENARIO
ORD-0008663,2026-09-06,Nakuru,AGO,OMC_E,23.02,23.02,NORMAL,SYNTHETIC_SCENARIO
ORD-0008664,2026-09-06,Nakuru,AGO,OMC_F,82.98,82.98,NORMAL,SYNTHETIC_SCENARIO
ORD-0008665,2026-09-07,Nakuru,AGO,OMC_A,175.12,175.12,NORMAL,SYNTHETIC_SCENARIO
ORD-0008666,2026-09-07,Nakuru,AGO,OMC_B,146.37,146.37,NORMAL,SYNTHETIC_SCENARIO
ORD-0008667,2026-09-07,Nakuru,AGO,OMC_C,28.68,28.68,NORMAL,SYNTHETIC_SCENARIO
ORD-0008668,2026-09-07,Nakuru,AGO,OMC_D,119.21,119.21,NORMAL,SYNTHETIC_SCENARIO
ORD-0008669,2026-09-07,Nakuru,AGO,OMC_E,63.28,63.28,NORMAL,SYNTHETIC_SCENARIO
ORD-0008670,2026-09-07,Nakuru,AGO,OMC_F,0.52,0.52,NORMAL,SYNTHETIC_SCENARIO
ORD-0008671,2026-09-08,Nakuru,AGO,OMC_A,172.65,172.65,NORMAL,SYNTHETIC_SCENARIO
ORD-0008672,2026-09-08,Nakuru,AGO,OMC_B,86.08,86.08,NORMAL,SYNTHETIC_SCENARIO
ORD-0008673,2026-09-08,Nakuru,AGO,OMC_C,141.66,141.66,NORMAL,SYNTHETIC_SCENARIO
ORD-0008674,2026-09-08,Nakuru,AGO,OMC_D,14.82,14.82,NORMAL,SYNTHETIC_SCENARIO
ORD-0008675,2026-09-08,Nakuru,AGO,OMC_E,86.06,86.06,NORMAL,SYNTHETIC_SCENARIO
ORD-0008676,2026-09-08,Nakuru,AGO,OMC_F,102.32,102.32,NORMAL,SYNTHETIC_SCENARIO
ORD-0008677,2026-09-09,Nakuru,AGO,OMC_A,259.97,259.97,NORMAL,SYNTHETIC_SCENARIO
ORD-0008678,2026-09-09,Nakuru,AGO,OMC_B,198.36,198.36,NORMAL,SYNTHETIC_SCENARIO
ORD-0008679,2026-09-09,Nakuru,AGO,OMC_C,119.72,119.72,NORMAL,SYNTHETIC_SCENARIO
ORD-0008680,2026-09-09,Nakuru,AGO,OMC_D,22.19,22.19,NORMAL,SYNTHETIC_SCENARIO
ORD-0008681,2026-09-09,Nakuru,AGO,OMC_E,4.08,4.08,HIGH,SYNTHETIC_SCENARIO
ORD-0008682,2026-09-09,Nakuru,AGO,OMC_F,59.83,59.83,NORMAL,SYNTHETIC_SCENARIO
ORD-0008683,2026-09-10,Nakuru,AGO,OMC_A,361.77,361.77,NORMAL,SYNTHETIC_SCENARIO
ORD-0008684,2026-09-10,Nakuru,AGO,OMC_B,12.74,12.74,HIGH,SYNTHETIC_SCENARIO
ORD-0008685,2026-09-10,Nakuru,AGO,OMC_C,87.43,87.43,NORMAL,SYNTHETIC_SCENARIO
ORD-0008686,2026-09-10,Nakuru,AGO,OMC_D,6.56,6.56,NORMAL,SYNTHETIC_SCENARIO
ORD-0008687,2026-09-10,Nakuru,AGO,OMC_E,105.55,105.55,NORMAL,SYNTHETIC_SCENARIO
ORD-0008688,2026-09-10,Nakuru,AGO,OMC_F,44.24,44.24,NORMAL,SYNTHETIC_SCENARIO
ORD-0008689,2026-09-11,Nakuru,AGO,OMC_A,149.3,149.3,NORMAL,SYNTHETIC_SCENARIO
ORD-0008690,2026-09-11,Nakuru,AGO,OMC_B,164.87,164.87,NORMAL,SYNTHETIC_SCENARIO
ORD-0008691,2026-09-11,Nakuru,AGO,OMC_C,158.11,158.11,NORMAL,SYNTHETIC_SCENARIO
ORD-0008692,2026-09-11,Nakuru,AGO,OMC_D,56.73,56.73,HIGH,SYNTHETIC_SCENARIO
ORD-0008693,2026-09-11,Nakuru,AGO,OMC_E,97.69,97.69,NORMAL,SYNTHETIC_SCENARIO
ORD-0008694,2026-09-11,Nakuru,AGO,OMC_F,34.83,34.83,NORMAL,SYNTHETIC_SCENARIO
ORD-0008695,2026-09-12,Nakuru,AGO,OMC_A,224.81,224.81,NORMAL,SYNTHETIC_SCENARIO
ORD-0008696,2026-09-12,Nakuru,AGO,OMC_B,80.45,80.45,NORMAL,SYNTHETIC_SCENARIO
ORD-0008697,2026-09-12,Nakuru,AGO,OMC_C,66.3,66.3,NORMAL,SYNTHETIC_SCENARIO
ORD-0008698,2026-09-12,Nakuru,AGO,OMC_D,27.83,27.83,NORMAL,SYNTHETIC_SCENARIO
ORD-0008699,2026-09-12,Nakuru,AGO,OMC_E,92.6,92.6,NORMAL,SYNTHETIC_SCENARIO
ORD-0008700,2026-09-12,Nakuru,AGO,OMC_F,86.55,86.55,NORMAL,SYNTHETIC_SCENARIO
ORD-0008701,2026-09-13,Nakuru,AGO,OMC_A,158.96,158.96,NORMAL,SYNTHETIC_SCENARIO
ORD-0008702,2026-09-13,Nakuru,AGO,OMC_B,166.41,166.41,HIGH,SYNTHETIC_SCENARIO
ORD-0008703,2026-09-13,Nakuru,AGO,OMC_C,43.34,43.34,NORMAL,SYNTHETIC_SCENARIO
ORD-0008704,2026-09-13,Nakuru,AGO,OMC_D,43.73,43.73,NORMAL,SYNTHETIC_SCENARIO
ORD-0008705,2026-09-13,Nakuru,AGO,OMC_E,109.77,109.77,NORMAL,SYNTHETIC_SCENARIO
ORD-0008706,2026-09-13,Nakuru,AGO,OMC_F,8.14,8.14,NORMAL,SYNTHETIC_SCENARIO
ORD-0008707,2026-09-14,Nakuru,AGO,OMC_A,317.44,317.44,NORMAL,SYNTHETIC_SCENARIO
ORD-0008708,2026-09-14,Nakuru,AGO,OMC_B,121.53,121.53,NORMAL,SYNTHETIC_SCENARIO
ORD-0008709,2026-09-14,Nakuru,AGO,OMC_C,14.47,14.47,NORMAL,SYNTHETIC_SCENARIO
ORD-0008710,2026-09-14,Nakuru,AGO,OMC_D,58.08,58.08,NORMAL,SYNTHETIC_SCENARIO
ORD-0008711,2026-09-14,Nakuru,AGO,OMC_E,102.64,102.64,NORMAL,SYNTHETIC_SCENARIO
ORD-0008712,2026-09-14,Nakuru,AGO,OMC_F,2.6,2.6,NORMAL,SYNTHETIC_SCENARIO
ORD-0008713,2026-09-15,Nakuru,AGO,OMC_A,97.65,97.65,NORMAL,SYNTHETIC_SCENARIO
ORD-0008714,2026-09-15,Nakuru,AGO,OMC_B,149.11,149.11,NORMAL,SYNTHETIC_SCENARIO
ORD-0008715,2026-09-15,Nakuru,AGO,OMC_C,99.53,99.53,NORMAL,SYNTHETIC_SCENARIO
ORD-0008716,2026-09-15,Nakuru,AGO,OMC_D,98.4,98.4,NORMAL,SYNTHETIC_SCENARIO
ORD-0008717,2026-09-15,Nakuru,AGO,OMC_E,135.85,135.85,NORMAL,SYNTHETIC_SCENARIO
ORD-0008718,2026-09-15,Nakuru,AGO,OMC_F,59.71,59.71,NORMAL,SYNTHETIC_SCENARIO
ORD-0008719,2026-09-16,Nakuru,AGO,OMC_A,104.52,104.52,NORMAL,SYNTHETIC_SCENARIO
ORD-0008720,2026-09-16,Nakuru,AGO,OMC_B,138.15,138.15,NORMAL,SYNTHETIC_SCENARIO
ORD-0008721,2026-09-16,Nakuru,AGO,OMC_C,114.46,114.46,NORMAL,SYNTHETIC_SCENARIO
ORD-0008722,2026-09-16,Nakuru,AGO,OMC_D,161.49,161.49,NORMAL,SYNTHETIC_SCENARIO
ORD-0008723,2026-09-16,Nakuru,AGO,OMC_E,61.86,61.86,NORMAL,SYNTHETIC_SCENARIO
ORD-0008724,2026-09-16,Nakuru,AGO,OMC_F,42.41,42.41,NORMAL,SYNTHETIC_SCENARIO
ORD-0008725,2026-09-17,Nakuru,AGO,OMC_A,253.82,253.82,NORMAL,SYNTHETIC_SCENARIO
ORD-0008726,2026-09-17,Nakuru,AGO,OMC_B,83.96,83.96,NORMAL,SYNTHETIC_SCENARIO
ORD-0008727,2026-09-17,Nakuru,AGO,OMC_C,148.94,148.94,NORMAL,SYNTHETIC_SCENARIO
ORD-0008728,2026-09-17,Nakuru,AGO,OMC_D,48.92,48.92,NORMAL,SYNTHETIC_SCENARIO
ORD-0008729,2026-09-17,Nakuru,AGO,OMC_E,81.62,81.62,NORMAL,SYNTHETIC_SCENARIO
ORD-0008730,2026-09-17,Nakuru,AGO,OMC_F,78.83,78.83,NORMAL,SYNTHETIC_SCENARIO
ORD-0008731,2026-09-18,Nakuru,AGO,OMC_A,117.52,117.52,NORMAL,SYNTHETIC_SCENARIO
ORD-0008732,2026-09-18,Nakuru,AGO,OMC_B,94.12,94.12,NORMAL,SYNTHETIC_SCENARIO
ORD-0008733,2026-09-18,Nakuru,AGO,OMC_C,77.61,77.61,NORMAL,SYNTHETIC_SCENARIO
ORD-0008734,2026-09-18,Nakuru,AGO,OMC_D,116.89,116.89,NORMAL,SYNTHETIC_SCENARIO
ORD-0008735,2026-09-18,Nakuru,AGO,OMC_E,63.46,63.46,NORMAL,SYNTHETIC_SCENARIO
ORD-0008736,2026-09-18,Nakuru,AGO,OMC_F,192.64,192.64,NORMAL,SYNTHETIC_SCENARIO
ORD-0008737,2026-09-19,Nakuru,AGO,OMC_A,99.37,99.37,NORMAL,SYNTHETIC_SCENARIO
ORD-0008738,2026-09-19,Nakuru,AGO,OMC_B,63.88,63.88,NORMAL,SYNTHETIC_SCENARIO
ORD-0008739,2026-09-19,Nakuru,AGO,OMC_C,158.04,158.04,NORMAL,SYNTHETIC_SCENARIO
ORD-0008740,2026-09-19,Nakuru,AGO,OMC_D,77.13,77.13,NORMAL,SYNTHETIC_SCENARIO
ORD-0008741,2026-09-19,Nakuru,AGO,OMC_E,66.76,66.76,NORMAL,SYNTHETIC_SCENARIO
ORD-0008742,2026-09-19,Nakuru,AGO,OMC_F,48.21,48.21,NORMAL,SYNTHETIC_SCENARIO
ORD-0008743,2026-09-20,Nakuru,AGO,OMC_A,107.11,107.11,NORMAL,SYNTHETIC_SCENARIO
ORD-0008744,2026-09-20,Nakuru,AGO,OMC_B,169.16,169.16,HIGH,SYNTHETIC_SCENARIO
ORD-0008745,2026-09-20,Nakuru,AGO,OMC_C,65.53,65.53,NORMAL,SYNTHETIC_SCENARIO
ORD-0008746,2026-09-20,Nakuru,AGO,OMC_D,69.99,69.99,NORMAL,SYNTHETIC_SCENARIO
ORD-0008747,2026-09-20,Nakuru,AGO,OMC_E,7.61,7.61,NORMAL,SYNTHETIC_SCENARIO
ORD-0008748,2026-09-20,Nakuru,AGO,OMC_F,89.53,89.53,NORMAL,SYNTHETIC_SCENARIO
ORD-0008749,2026-09-21,Nakuru,AGO,OMC_A,266.32,266.32,HIGH,SYNTHETIC_SCENARIO
ORD-0008750,2026-09-21,Nakuru,AGO,OMC_B,110.06,110.06,NORMAL,SYNTHETIC_SCENARIO
ORD-0008751,2026-09-21,Nakuru,AGO,OMC_C,62.77,62.77,NORMAL,SYNTHETIC_SCENARIO
ORD-0008752,2026-09-21,Nakuru,AGO,OMC_D,88.96,88.96,NORMAL,SYNTHETIC_SCENARIO
ORD-0008753,2026-09-21,Nakuru,AGO,OMC_E,26.86,26.86,NORMAL,SYNTHETIC_SCENARIO
ORD-0008754,2026-09-21,Nakuru,AGO,OMC_F,19.53,19.53,NORMAL,SYNTHETIC_SCENARIO
ORD-0008755,2026-09-22,Nakuru,AGO,OMC_A,163.44,163.44,NORMAL,SYNTHETIC_SCENARIO
ORD-0008756,2026-09-22,Nakuru,AGO,OMC_B,312.16,312.16,NORMAL,SYNTHETIC_SCENARIO
ORD-0008757,2026-09-22,Nakuru,AGO,OMC_C,20.68,20.68,NORMAL,SYNTHETIC_SCENARIO
ORD-0008758,2026-09-22,Nakuru,AGO,OMC_D,55.85,55.85,NORMAL,SYNTHETIC_SCENARIO
ORD-0008759,2026-09-22,Nakuru,AGO,OMC_E,54.07,54.07,NORMAL,SYNTHETIC_SCENARIO
ORD-0008760,2026-09-22,Nakuru,AGO,OMC_F,43.86,43.86,NORMAL,SYNTHETIC_SCENARIO
ORD-0008761,2026-09-23,Nakuru,AGO,OMC_A,77.65,77.65,NORMAL,SYNTHETIC_SCENARIO
ORD-0008762,2026-09-23,Nakuru,AGO,OMC_B,249.1,249.1,NORMAL,SYNTHETIC_SCENARIO
ORD-0008763,2026-09-23,Nakuru,AGO,OMC_C,136.71,136.71,HIGH,SYNTHETIC_SCENARIO
ORD-0008764,2026-09-23,Nakuru,AGO,OMC_D,57.47,57.47,NORMAL,SYNTHETIC_SCENARIO
ORD-0008765,2026-09-23,Nakuru,AGO,OMC_E,19.97,19.97,NORMAL,SYNTHETIC_SCENARIO
ORD-0008766,2026-09-23,Nakuru,AGO,OMC_F,76.67,76.67,NORMAL,SYNTHETIC_SCENARIO
ORD-0008767,2026-09-24,Nakuru,AGO,OMC_A,126.85,126.85,HIGH,SYNTHETIC_SCENARIO
ORD-0008768,2026-09-24,Nakuru,AGO,OMC_B,126.94,126.94,NORMAL,SYNTHETIC_SCENARIO
ORD-0008769,2026-09-24,Nakuru,AGO,OMC_C,188.15,188.15,NORMAL,SYNTHETIC_SCENARIO
ORD-0008770,2026-09-24,Nakuru,AGO,OMC_D,71.74,71.74,NORMAL,SYNTHETIC_SCENARIO
ORD-0008771,2026-09-24,Nakuru,AGO,OMC_E,52.0,52.0,NORMAL,SYNTHETIC_SCENARIO
ORD-0008772,2026-09-24,Nakuru,AGO,OMC_F,50.57,50.57,NORMAL,SYNTHETIC_SCENARIO
ORD-0008773,2026-09-25,Nakuru,AGO,OMC_A,366.72,366.72,NORMAL,SYNTHETIC_SCENARIO
ORD-0008774,2026-09-25,Nakuru,AGO,OMC_B,58.64,58.64,NORMAL,SYNTHETIC_SCENARIO
ORD-0008775,2026-09-25,Nakuru,AGO,OMC_C,107.47,107.47,NORMAL,SYNTHETIC_SCENARIO
ORD-0008776,2026-09-25,Nakuru,AGO,OMC_D,42.82,42.82,NORMAL,SYNTHETIC_SCENARIO
ORD-0008777,2026-09-25,Nakuru,AGO,OMC_E,14.85,14.85,NORMAL,SYNTHETIC_SCENARIO
ORD-0008778,2026-09-25,Nakuru,AGO,OMC_F,94.52,94.52,NORMAL,SYNTHETIC_SCENARIO
ORD-0008779,2026-09-26,Nakuru,AGO,OMC_A,187.72,187.72,NORMAL,SYNTHETIC_SCENARIO
ORD-0008780,2026-09-26,Nakuru,AGO,OMC_B,176.0,176.0,NORMAL,SYNTHETIC_SCENARIO
ORD-0008781,2026-09-26,Nakuru,AGO,OMC_C,43.87,43.87,NORMAL,SYNTHETIC_SCENARIO
ORD-0008782,2026-09-26,Nakuru,AGO,OMC_D,26.43,26.43,NORMAL,SYNTHETIC_SCENARIO
ORD-0008783,2026-09-26,Nakuru,AGO,OMC_E,91.95,91.95,NORMAL,SYNTHETIC_SCENARIO
ORD-0008784,2026-09-26,Nakuru,AGO,OMC_F,0.16,0.16,NORMAL,SYNTHETIC_SCENARIO
ORD-0008785,2026-09-27,Nakuru,AGO,OMC_A,155.27,155.27,NORMAL,SYNTHETIC_SCENARIO
ORD-0008786,2026-09-27,Nakuru,AGO,OMC_B,93.94,93.94,NORMAL,SYNTHETIC_SCENARIO
ORD-0008787,2026-09-27,Nakuru,AGO,OMC_C,65.19,65.19,HIGH,SYNTHETIC_SCENARIO
ORD-0008788,2026-09-27,Nakuru,AGO,OMC_D,94.41,94.41,NORMAL,SYNTHETIC_SCENARIO
ORD-0008789,2026-09-27,Nakuru,AGO,OMC_E,3.1,3.1,NORMAL,SYNTHETIC_SCENARIO
ORD-0008790,2026-09-27,Nakuru,AGO,OMC_F,82.86,82.86,NORMAL,SYNTHETIC_SCENARIO
ORD-0008791,2026-09-28,Nakuru,AGO,OMC_A,63.73,63.73,NORMAL,SYNTHETIC_SCENARIO
ORD-0008792,2026-09-28,Nakuru,AGO,OMC_B,187.12,187.12,NORMAL,SYNTHETIC_SCENARIO
ORD-0008793,2026-09-28,Nakuru,AGO,OMC_C,89.94,89.94,NORMAL,SYNTHETIC_SCENARIO
ORD-0008794,2026-09-28,Nakuru,AGO,OMC_D,97.65,97.65,HIGH,SYNTHETIC_SCENARIO
ORD-0008795,2026-09-28,Nakuru,AGO,OMC_E,75.55,75.55,NORMAL,SYNTHETIC_SCENARIO
ORD-0008796,2026-09-28,Nakuru,AGO,OMC_F,65.81,65.81,NORMAL,SYNTHETIC_SCENARIO
ORD-0008797,2026-09-29,Nakuru,AGO,OMC_A,170.65,170.65,HIGH,SYNTHETIC_SCENARIO
ORD-0008798,2026-09-29,Nakuru,AGO,OMC_B,80.94,80.94,NORMAL,SYNTHETIC_SCENARIO
ORD-0008799,2026-09-29,Nakuru,AGO,OMC_C,164.94,164.94,NORMAL,SYNTHETIC_SCENARIO
ORD-0008800,2026-09-29,Nakuru,AGO,OMC_D,103.32,103.32,NORMAL,SYNTHETIC_SCENARIO
ORD-0008801,2026-09-29,Nakuru,AGO,OMC_E,42.33,42.33,NORMAL,SYNTHETIC_SCENARIO
ORD-0008802,2026-09-29,Nakuru,AGO,OMC_F,31.3,31.3,NORMAL,SYNTHETIC_SCENARIO
ORD-0008803,2026-09-30,Nakuru,AGO,OMC_A,60.18,60.18,NORMAL,SYNTHETIC_SCENARIO
ORD-0008804,2026-09-30,Nakuru,AGO,OMC_B,185.25,185.25,NORMAL,SYNTHETIC_SCENARIO
ORD-0008805,2026-09-30,Nakuru,AGO,OMC_C,132.38,132.38,NORMAL,SYNTHETIC_SCENARIO
ORD-0008806,2026-09-30,Nakuru,AGO,OMC_D,100.42,100.42,NORMAL,SYNTHETIC_SCENARIO
ORD-0008807,2026-09-30,Nakuru,AGO,OMC_E,131.56,131.56,NORMAL,SYNTHETIC_SCENARIO
ORD-0008808,2026-09-30,Nakuru,AGO,OMC_F,12.07,12.07,NORMAL,SYNTHETIC_SCENARIO
ORD-0008809,2026-10-01,Nakuru,AGO,OMC_A,250.22,250.22,NORMAL,SYNTHETIC_SCENARIO
ORD-0008810,2026-10-01,Nakuru,AGO,OMC_B,171.36,171.36,NORMAL,SYNTHETIC_SCENARIO
ORD-0008811,2026-10-01,Nakuru,AGO,OMC_C,138.22,138.22,NORMAL,SYNTHETIC_SCENARIO
ORD-0008812,2026-10-01,Nakuru,AGO,OMC_D,68.65,68.65,NORMAL,SYNTHETIC_SCENARIO
ORD-0008813,2026-10-01,Nakuru,AGO,OMC_E,71.92,71.92,NORMAL,SYNTHETIC_SCENARIO
ORD-0008814,2026-10-01,Nakuru,AGO,OMC_F,19.59,19.59,NORMAL,SYNTHETIC_SCENARIO
ORD-0008815,2026-10-02,Nakuru,AGO,OMC_A,172.53,172.53,NORMAL,SYNTHETIC_SCENARIO
ORD-0008816,2026-10-02,Nakuru,AGO,OMC_B,188.71,188.71,NORMAL,SYNTHETIC_SCENARIO
ORD-0008817,2026-10-02,Nakuru,AGO,OMC_C,27.22,27.22,NORMAL,SYNTHETIC_SCENARIO
ORD-0008818,2026-10-02,Nakuru,AGO,OMC_D,198.13,198.13,NORMAL,SYNTHETIC_SCENARIO
ORD-0008819,2026-10-02,Nakuru,AGO,OMC_E,105.71,105.71,NORMAL,SYNTHETIC_SCENARIO
ORD-0008820,2026-10-02,Nakuru,AGO,OMC_F,73.72,73.72,NORMAL,SYNTHETIC_SCENARIO
ORD-0008821,2026-10-03,Nakuru,AGO,OMC_A,168.49,168.49,NORMAL,SYNTHETIC_SCENARIO
ORD-0008822,2026-10-03,Nakuru,AGO,OMC_B,224.9,224.9,NORMAL,SYNTHETIC_SCENARIO
ORD-0008823,2026-10-03,Nakuru,AGO,OMC_C,61.02,61.02,NORMAL,SYNTHETIC_SCENARIO
ORD-0008824,2026-10-03,Nakuru,AGO,OMC_D,68.43,68.43,HIGH,SYNTHETIC_SCENARIO
ORD-0008825,2026-10-03,Nakuru,AGO,OMC_E,57.15,57.15,NORMAL,SYNTHETIC_SCENARIO
ORD-0008826,2026-10-03,Nakuru,AGO,OMC_F,42.65,42.65,NORMAL,SYNTHETIC_SCENARIO
ORD-0008827,2026-10-04,Nakuru,AGO,OMC_A,301.22,301.22,NORMAL,SYNTHETIC_SCENARIO
ORD-0008828,2026-10-04,Nakuru,AGO,OMC_B,54.21,54.21,NORMAL,SYNTHETIC_SCENARIO
ORD-0008829,2026-10-04,Nakuru,AGO,OMC_C,185.99,185.99,NORMAL,SYNTHETIC_SCENARIO
ORD-0008830,2026-10-04,Nakuru,AGO,OMC_D,31.76,31.76,NORMAL,SYNTHETIC_SCENARIO
ORD-0008831,2026-10-04,Nakuru,AGO,OMC_E,4.55,4.55,NORMAL,SYNTHETIC_SCENARIO
ORD-0008832,2026-10-04,Nakuru,AGO,OMC_F,9.89,9.89,NORMAL,SYNTHETIC_SCENARIO
ORD-0008833,2026-10-05,Nakuru,AGO,OMC_A,105.19,105.19,NORMAL,SYNTHETIC_SCENARIO
ORD-0008834,2026-10-05,Nakuru,AGO,OMC_B,356.86,356.86,NORMAL,SYNTHETIC_SCENARIO
ORD-0008835,2026-10-05,Nakuru,AGO,OMC_C,28.43,28.43,NORMAL,SYNTHETIC_SCENARIO
ORD-0008836,2026-10-05,Nakuru,AGO,OMC_D,124.29,124.29,NORMAL,SYNTHETIC_SCENARIO
ORD-0008837,2026-10-05,Nakuru,AGO,OMC_E,29.23,29.23,HIGH,SYNTHETIC_SCENARIO
ORD-0008838,2026-10-05,Nakuru,AGO,OMC_F,54.99,54.99,NORMAL,SYNTHETIC_SCENARIO
ORD-0008839,2026-10-06,Nakuru,AGO,OMC_A,210.84,210.84,NORMAL,SYNTHETIC_SCENARIO
ORD-0008840,2026-10-06,Nakuru,AGO,OMC_B,208.08,208.08,HIGH,SYNTHETIC_SCENARIO
ORD-0008841,2026-10-06,Nakuru,AGO,OMC_C,197.67,197.67,NORMAL,SYNTHETIC_SCENARIO
ORD-0008842,2026-10-06,Nakuru,AGO,OMC_D,93.03,93.03,NORMAL,SYNTHETIC_SCENARIO
ORD-0008843,2026-10-06,Nakuru,AGO,OMC_E,5.62,5.62,NORMAL,SYNTHETIC_SCENARIO
ORD-0008844,2026-10-06,Nakuru,AGO,OMC_F,42.7,42.7,NORMAL,SYNTHETIC_SCENARIO
ORD-0008845,2026-10-07,Nakuru,AGO,OMC_A,90.82,90.82,NORMAL,SYNTHETIC_SCENARIO
ORD-0008846,2026-10-07,Nakuru,AGO,OMC_B,106.12,106.12,NORMAL,SYNTHETIC_SCENARIO
ORD-0008847,2026-10-07,Nakuru,AGO,OMC_C,321.46,321.46,NORMAL,SYNTHETIC_SCENARIO
ORD-0008848,2026-10-07,Nakuru,AGO,OMC_D,84.36,84.36,NORMAL,SYNTHETIC_SCENARIO
ORD-0008849,2026-10-07,Nakuru,AGO,OMC_E,70.01,70.01,NORMAL,SYNTHETIC_SCENARIO
ORD-0008850,2026-10-07,Nakuru,AGO,OMC_F,14.35,14.35,NORMAL,SYNTHETIC_SCENARIO
ORD-0008851,2026-10-08,Nakuru,AGO,OMC_A,190.57,190.57,NORMAL,SYNTHETIC_SCENARIO
ORD-0008852,2026-10-08,Nakuru,AGO,OMC_B,160.77,160.77,NORMAL,SYNTHETIC_SCENARIO
ORD-0008853,2026-10-08,Nakuru,AGO,OMC_C,218.86,218.86,NORMAL,SYNTHETIC_SCENARIO
ORD-0008854,2026-10-08,Nakuru,AGO,OMC_D,49.82,49.82,NORMAL,SYNTHETIC_SCENARIO
ORD-0008855,2026-10-08,Nakuru,AGO,OMC_E,83.27,83.27,HIGH,SYNTHETIC_SCENARIO
ORD-0008856,2026-10-08,Nakuru,AGO,OMC_F,18.64,18.64,NORMAL,SYNTHETIC_SCENARIO
ORD-0008857,2026-10-09,Nakuru,AGO,OMC_A,115.2,115.2,NORMAL,SYNTHETIC_SCENARIO
ORD-0008858,2026-10-09,Nakuru,AGO,OMC_B,238.66,238.66,NORMAL,SYNTHETIC_SCENARIO
ORD-0008859,2026-10-09,Nakuru,AGO,OMC_C,213.83,213.83,NORMAL,SYNTHETIC_SCENARIO
ORD-0008860,2026-10-09,Nakuru,AGO,OMC_D,66.77,66.77,NORMAL,SYNTHETIC_SCENARIO
ORD-0008861,2026-10-09,Nakuru,AGO,OMC_E,58.14,58.14,NORMAL,SYNTHETIC_SCENARIO
ORD-0008862,2026-10-09,Nakuru,AGO,OMC_F,37.96,37.96,NORMAL,SYNTHETIC_SCENARIO
ORD-0008863,2026-10-10,Nakuru,AGO,OMC_A,348.93,348.93,NORMAL,SYNTHETIC_SCENARIO
ORD-0008864,2026-10-10,Nakuru,AGO,OMC_B,44.9,44.9,NORMAL,SYNTHETIC_SCENARIO
ORD-0008865,2026-10-10,Nakuru,AGO,OMC_C,7.18,7.18,NORMAL,SYNTHETIC_SCENARIO
ORD-0008866,2026-10-10,Nakuru,AGO,OMC_D,104.01,104.01,NORMAL,SYNTHETIC_SCENARIO
ORD-0008867,2026-10-10,Nakuru,AGO,OMC_E,73.24,73.24,NORMAL,SYNTHETIC_SCENARIO
ORD-0008868,2026-10-10,Nakuru,AGO,OMC_F,61.58,61.58,NORMAL,SYNTHETIC_SCENARIO
ORD-0008869,2026-10-11,Nakuru,AGO,OMC_A,69.65,69.65,NORMAL,SYNTHETIC_SCENARIO
ORD-0008870,2026-10-11,Nakuru,AGO,OMC_B,248.75,248.75,NORMAL,SYNTHETIC_SCENARIO
ORD-0008871,2026-10-11,Nakuru,AGO,OMC_C,54.98,54.98,HIGH,SYNTHETIC_SCENARIO
ORD-0008872,2026-10-11,Nakuru,AGO,OMC_D,48.17,48.17,NORMAL,SYNTHETIC_SCENARIO
ORD-0008873,2026-10-11,Nakuru,AGO,OMC_E,138.21,138.21,NORMAL,SYNTHETIC_SCENARIO
ORD-0008874,2026-10-11,Nakuru,AGO,OMC_F,64.29,64.29,NORMAL,SYNTHETIC_SCENARIO
ORD-0008875,2026-10-12,Nakuru,AGO,OMC_A,99.25,99.25,NORMAL,SYNTHETIC_SCENARIO
ORD-0008876,2026-10-12,Nakuru,AGO,OMC_B,26.87,26.87,NORMAL,SYNTHETIC_SCENARIO
ORD-0008877,2026-10-12,Nakuru,AGO,OMC_C,153.63,153.63,NORMAL,SYNTHETIC_SCENARIO
ORD-0008878,2026-10-12,Nakuru,AGO,OMC_D,138.19,138.19,NORMAL,SYNTHETIC_SCENARIO
ORD-0008879,2026-10-12,Nakuru,AGO,OMC_E,96.93,96.93,NORMAL,SYNTHETIC_SCENARIO
ORD-0008880,2026-10-12,Nakuru,AGO,OMC_F,81.75,81.75,NORMAL,SYNTHETIC_SCENARIO
ORD-0008881,2026-10-13,Nakuru,AGO,OMC_A,125.58,125.58,NORMAL,SYNTHETIC_SCENARIO
ORD-0008882,2026-10-13,Nakuru,AGO,OMC_B,303.51,303.51,NORMAL,SYNTHETIC_SCENARIO
ORD-0008883,2026-10-13,Nakuru,AGO,OMC_C,107.5,107.5,NORMAL,SYNTHETIC_SCENARIO
ORD-0008884,2026-10-13,Nakuru,AGO,OMC_D,126.62,126.62,NORMAL,SYNTHETIC_SCENARIO
ORD-0008885,2026-10-13,Nakuru,AGO,OMC_E,35.82,35.82,NORMAL,SYNTHETIC_SCENARIO
ORD-0008886,2026-10-13,Nakuru,AGO,OMC_F,26.14,26.14,NORMAL,SYNTHETIC_SCENARIO
ORD-0008887,2026-10-14,Nakuru,AGO,OMC_A,302.28,302.28,NORMAL,SYNTHETIC_SCENARIO
ORD-0008888,2026-10-14,Nakuru,AGO,OMC_B,31.77,31.77,NORMAL,SYNTHETIC_SCENARIO
ORD-0008889,2026-10-14,Nakuru,AGO,OMC_C,136.44,136.44,HIGH,SYNTHETIC_SCENARIO
ORD-0008890,2026-10-14,Nakuru,AGO,OMC_D,159.74,159.74,NORMAL,SYNTHETIC_SCENARIO
ORD-0008891,2026-10-14,Nakuru,AGO,OMC_E,115.72,115.72,NORMAL,SYNTHETIC_SCENARIO
ORD-0008892,2026-10-14,Nakuru,AGO,OMC_F,15.0,15.0,NORMAL,SYNTHETIC_SCENARIO
ORD-0008893,2026-10-15,Nakuru,AGO,OMC_A,82.82,82.82,NORMAL,SYNTHETIC_SCENARIO
ORD-0008894,2026-10-15,Nakuru,AGO,OMC_B,256.0,256.0,NORMAL,SYNTHETIC_SCENARIO
ORD-0008895,2026-10-15,Nakuru,AGO,OMC_C,237.33,237.33,NORMAL,SYNTHETIC_SCENARIO
ORD-0008896,2026-10-15,Nakuru,AGO,OMC_D,16.8,16.8,HIGH,SYNTHETIC_SCENARIO
ORD-0008897,2026-10-15,Nakuru,AGO,OMC_E,82.81,82.81,NORMAL,SYNTHETIC_SCENARIO
ORD-0008898,2026-10-15,Nakuru,AGO,OMC_F,87.95,87.95,NORMAL,SYNTHETIC_SCENARIO
ORD-0008899,2026-10-16,Nakuru,AGO,OMC_A,270.1,270.1,NORMAL,SYNTHETIC_SCENARIO
ORD-0008900,2026-10-16,Nakuru,AGO,OMC_B,150.25,150.25,NORMAL,SYNTHETIC_SCENARIO
ORD-0008901,2026-10-16,Nakuru,AGO,OMC_C,162.9,162.9,NORMAL,SYNTHETIC_SCENARIO
ORD-0008902,2026-10-16,Nakuru,AGO,OMC_D,32.85,32.85,NORMAL,SYNTHETIC_SCENARIO
ORD-0008903,2026-10-16,Nakuru,AGO,OMC_E,24.19,24.19,HIGH,SYNTHETIC_SCENARIO
ORD-0008904,2026-10-16,Nakuru,AGO,OMC_F,70.01,70.01,NORMAL,SYNTHETIC_SCENARIO
ORD-0008905,2026-10-17,Nakuru,AGO,OMC_A,203.32,203.32,NORMAL,SYNTHETIC_SCENARIO
ORD-0008906,2026-10-17,Nakuru,AGO,OMC_B,141.44,141.44,NORMAL,SYNTHETIC_SCENARIO
ORD-0008907,2026-10-17,Nakuru,AGO,OMC_C,157.1,157.1,NORMAL,SYNTHETIC_SCENARIO
ORD-0008908,2026-10-17,Nakuru,AGO,OMC_D,74.28,74.28,NORMAL,SYNTHETIC_SCENARIO
ORD-0008909,2026-10-17,Nakuru,AGO,OMC_E,60.03,60.03,NORMAL,SYNTHETIC_SCENARIO
ORD-0008910,2026-10-17,Nakuru,AGO,OMC_F,27.93,27.93,NORMAL,SYNTHETIC_SCENARIO
ORD-0008911,2026-10-18,Nakuru,AGO,OMC_A,190.72,190.72,NORMAL,SYNTHETIC_SCENARIO
ORD-0008912,2026-10-18,Nakuru,AGO,OMC_B,218.43,218.43,NORMAL,SYNTHETIC_SCENARIO
ORD-0008913,2026-10-18,Nakuru,AGO,OMC_C,29.6,29.6,HIGH,SYNTHETIC_SCENARIO
ORD-0008914,2026-10-18,Nakuru,AGO,OMC_D,53.52,53.52,NORMAL,SYNTHETIC_SCENARIO
ORD-0008915,2026-10-18,Nakuru,AGO,OMC_E,33.73,33.73,NORMAL,SYNTHETIC_SCENARIO
ORD-0008916,2026-10-18,Nakuru,AGO,OMC_F,39.15,39.15,NORMAL,SYNTHETIC_SCENARIO
ORD-0008917,2026-10-19,Nakuru,AGO,OMC_A,21.29,21.29,HIGH,SYNTHETIC_SCENARIO
ORD-0008918,2026-10-19,Nakuru,AGO,OMC_B,101.44,101.44,NORMAL,SYNTHETIC_SCENARIO
ORD-0008919,2026-10-19,Nakuru,AGO,OMC_C,406.06,406.06,HIGH,SYNTHETIC_SCENARIO
ORD-0008920,2026-10-19,Nakuru,AGO,OMC_D,76.31,76.31,NORMAL,SYNTHETIC_SCENARIO
ORD-0008921,2026-10-19,Nakuru,AGO,OMC_E,50.58,50.58,NORMAL,SYNTHETIC_SCENARIO
ORD-0008922,2026-10-19,Nakuru,AGO,OMC_F,9.33,9.33,NORMAL,SYNTHETIC_SCENARIO
ORD-0008923,2026-10-20,Nakuru,AGO,OMC_A,119.57,119.57,NORMAL,SYNTHETIC_SCENARIO
ORD-0008924,2026-10-20,Nakuru,AGO,OMC_B,331.27,331.27,NORMAL,SYNTHETIC_SCENARIO
ORD-0008925,2026-10-20,Nakuru,AGO,OMC_C,155.86,155.86,NORMAL,SYNTHETIC_SCENARIO
ORD-0008926,2026-10-20,Nakuru,AGO,OMC_D,74.61,74.61,NORMAL,SYNTHETIC_SCENARIO
ORD-0008927,2026-10-20,Nakuru,AGO,OMC_E,57.13,57.13,HIGH,SYNTHETIC_SCENARIO
ORD-0008928,2026-10-20,Nakuru,AGO,OMC_F,17.87,17.87,HIGH,SYNTHETIC_SCENARIO
ORD-0008929,2026-10-21,Nakuru,AGO,OMC_A,82.76,82.76,NORMAL,SYNTHETIC_SCENARIO
ORD-0008930,2026-10-21,Nakuru,AGO,OMC_B,278.34,278.34,NORMAL,SYNTHETIC_SCENARIO
ORD-0008931,2026-10-21,Nakuru,AGO,OMC_C,156.6,156.6,NORMAL,SYNTHETIC_SCENARIO
ORD-0008932,2026-10-21,Nakuru,AGO,OMC_D,91.88,91.88,NORMAL,SYNTHETIC_SCENARIO
ORD-0008933,2026-10-21,Nakuru,AGO,OMC_E,85.11,85.11,NORMAL,SYNTHETIC_SCENARIO
ORD-0008934,2026-10-21,Nakuru,AGO,OMC_F,27.84,27.84,NORMAL,SYNTHETIC_SCENARIO
ORD-0008935,2026-10-22,Nakuru,AGO,OMC_A,160.79,160.79,NORMAL,SYNTHETIC_SCENARIO
ORD-0008936,2026-10-22,Nakuru,AGO,OMC_B,48.1,48.1,NORMAL,SYNTHETIC_SCENARIO
ORD-0008937,2026-10-22,Nakuru,AGO,OMC_C,363.13,363.13,NORMAL,SYNTHETIC_SCENARIO
ORD-0008938,2026-10-22,Nakuru,AGO,OMC_D,15.78,15.78,NORMAL,SYNTHETIC_SCENARIO
ORD-0008939,2026-10-22,Nakuru,AGO,OMC_E,71.01,71.01,NORMAL,SYNTHETIC_SCENARIO
ORD-0008940,2026-10-22,Nakuru,AGO,OMC_F,71.8,71.8,NORMAL,SYNTHETIC_SCENARIO
ORD-0008941,2026-10-23,Nakuru,AGO,OMC_A,98.32,98.32,NORMAL,SYNTHETIC_SCENARIO
ORD-0008942,2026-10-23,Nakuru,AGO,OMC_B,91.0,91.0,HIGH,SYNTHETIC_SCENARIO
ORD-0008943,2026-10-23,Nakuru,AGO,OMC_C,231.93,231.93,NORMAL,SYNTHETIC_SCENARIO
ORD-0008944,2026-10-23,Nakuru,AGO,OMC_D,131.54,131.54,HIGH,SYNTHETIC_SCENARIO
ORD-0008945,2026-10-23,Nakuru,AGO,OMC_E,21.59,21.59,NORMAL,SYNTHETIC_SCENARIO
ORD-0008946,2026-10-23,Nakuru,AGO,OMC_F,207.4,207.4,NORMAL,SYNTHETIC_SCENARIO
ORD-0008947,2026-10-24,Nakuru,AGO,OMC_A,167.91,167.91,NORMAL,SYNTHETIC_SCENARIO
ORD-0008948,2026-10-24,Nakuru,AGO,OMC_B,228.05,228.05,NORMAL,SYNTHETIC_SCENARIO
ORD-0008949,2026-10-24,Nakuru,AGO,OMC_C,104.27,104.27,NORMAL,SYNTHETIC_SCENARIO
ORD-0008950,2026-10-24,Nakuru,AGO,OMC_D,61.64,61.64,NORMAL,SYNTHETIC_SCENARIO
ORD-0008951,2026-10-24,Nakuru,AGO,OMC_E,5.21,5.21,NORMAL,SYNTHETIC_SCENARIO
ORD-0008952,2026-10-24,Nakuru,AGO,OMC_F,77.38,77.38,NORMAL,SYNTHETIC_SCENARIO
ORD-0008953,2026-10-25,Nakuru,AGO,OMC_A,254.97,254.97,NORMAL,SYNTHETIC_SCENARIO
ORD-0008954,2026-10-25,Nakuru,AGO,OMC_B,111.13,111.13,NORMAL,SYNTHETIC_SCENARIO
ORD-0008955,2026-10-25,Nakuru,AGO,OMC_C,119.1,119.1,NORMAL,SYNTHETIC_SCENARIO
ORD-0008956,2026-10-25,Nakuru,AGO,OMC_D,113.65,113.65,NORMAL,SYNTHETIC_SCENARIO
ORD-0008957,2026-10-25,Nakuru,AGO,OMC_E,6.4,6.4,NORMAL,SYNTHETIC_SCENARIO
ORD-0008958,2026-10-25,Nakuru,AGO,OMC_F,5.04,5.04,NORMAL,SYNTHETIC_SCENARIO
ORD-0008959,2026-10-26,Nakuru,AGO,OMC_A,74.63,74.63,NORMAL,SYNTHETIC_SCENARIO
ORD-0008960,2026-10-26,Nakuru,AGO,OMC_B,165.89,165.89,NORMAL,SYNTHETIC_SCENARIO
ORD-0008961,2026-10-26,Nakuru,AGO,OMC_C,63.23,63.23,NORMAL,SYNTHETIC_SCENARIO
ORD-0008962,2026-10-26,Nakuru,AGO,OMC_D,229.77,229.77,NORMAL,SYNTHETIC_SCENARIO
ORD-0008963,2026-10-26,Nakuru,AGO,OMC_E,131.94,131.94,NORMAL,SYNTHETIC_SCENARIO
ORD-0008964,2026-10-26,Nakuru,AGO,OMC_F,50.71,50.71,NORMAL,SYNTHETIC_SCENARIO
ORD-0008965,2026-10-27,Nakuru,AGO,OMC_A,436.62,436.62,HIGH,SYNTHETIC_SCENARIO
ORD-0008966,2026-10-27,Nakuru,AGO,OMC_B,131.02,131.02,NORMAL,SYNTHETIC_SCENARIO
ORD-0008967,2026-10-27,Nakuru,AGO,OMC_C,48.47,48.47,HIGH,SYNTHETIC_SCENARIO
ORD-0008968,2026-10-27,Nakuru,AGO,OMC_D,96.77,96.77,HIGH,SYNTHETIC_SCENARIO
ORD-0008969,2026-10-27,Nakuru,AGO,OMC_E,25.43,25.43,NORMAL,SYNTHETIC_SCENARIO
ORD-0008970,2026-10-27,Nakuru,AGO,OMC_F,0.05,0.05,NORMAL,SYNTHETIC_SCENARIO
ORD-0008971,2026-10-28,Nakuru,AGO,OMC_A,122.94,122.94,NORMAL,SYNTHETIC_SCENARIO
ORD-0008972,2026-10-28,Nakuru,AGO,OMC_B,39.02,39.02,NORMAL,SYNTHETIC_SCENARIO
ORD-0008973,2026-10-28,Nakuru,AGO,OMC_C,332.28,332.28,NORMAL,SYNTHETIC_SCENARIO
ORD-0008974,2026-10-28,Nakuru,AGO,OMC_D,96.05,96.05,NORMAL,SYNTHETIC_SCENARIO
ORD-0008975,2026-10-28,Nakuru,AGO,OMC_E,24.92,24.92,NORMAL,SYNTHETIC_SCENARIO
ORD-0008976,2026-10-28,Nakuru,AGO,OMC_F,112.74,112.74,HIGH,SYNTHETIC_SCENARIO
ORD-0008977,2026-10-29,Nakuru,AGO,OMC_A,194.96,194.96,NORMAL,SYNTHETIC_SCENARIO
ORD-0008978,2026-10-29,Nakuru,AGO,OMC_B,67.32,67.32,NORMAL,SYNTHETIC_SCENARIO
ORD-0008979,2026-10-29,Nakuru,AGO,OMC_C,320.76,320.76,NORMAL,SYNTHETIC_SCENARIO
ORD-0008980,2026-10-29,Nakuru,AGO,OMC_D,83.41,83.41,NORMAL,SYNTHETIC_SCENARIO
ORD-0008981,2026-10-29,Nakuru,AGO,OMC_E,152.52,152.52,NORMAL,SYNTHETIC_SCENARIO
ORD-0008982,2026-10-29,Nakuru,AGO,OMC_F,18.34,18.34,NORMAL,SYNTHETIC_SCENARIO
ORD-0008983,2026-10-30,Nakuru,AGO,OMC_A,52.25,52.25,NORMAL,SYNTHETIC_SCENARIO
ORD-0008984,2026-10-30,Nakuru,AGO,OMC_B,89.19,89.19,NORMAL,SYNTHETIC_SCENARIO
ORD-0008985,2026-10-30,Nakuru,AGO,OMC_C,247.38,247.38,NORMAL,SYNTHETIC_SCENARIO
ORD-0008986,2026-10-30,Nakuru,AGO,OMC_D,59.81,59.81,HIGH,SYNTHETIC_SCENARIO
ORD-0008987,2026-10-30,Nakuru,AGO,OMC_E,340.94,340.94,NORMAL,SYNTHETIC_SCENARIO
ORD-0008988,2026-10-30,Nakuru,AGO,OMC_F,0.77,0.77,NORMAL,SYNTHETIC_SCENARIO
ORD-0008989,2026-10-31,Nakuru,AGO,OMC_A,135.29,135.29,NORMAL,SYNTHETIC_SCENARIO
ORD-0008990,2026-10-31,Nakuru,AGO,OMC_B,81.31,81.31,NORMAL,SYNTHETIC_SCENARIO
ORD-0008991,2026-10-31,Nakuru,AGO,OMC_C,161.38,161.38,HIGH,SYNTHETIC_SCENARIO
ORD-0008992,2026-10-31,Nakuru,AGO,OMC_D,160.68,160.68,NORMAL,SYNTHETIC_SCENARIO
ORD-0008993,2026-10-31,Nakuru,AGO,OMC_E,88.3,88.3,NORMAL,SYNTHETIC_SCENARIO
ORD-0008994,2026-10-31,Nakuru,AGO,OMC_F,59.95,59.95,NORMAL,SYNTHETIC_SCENARIO
ORD-0008995,2026-11-01,Nakuru,AGO,OMC_A,171.79,171.79,NORMAL,SYNTHETIC_SCENARIO
ORD-0008996,2026-11-01,Nakuru,AGO,OMC_B,97.67,97.67,NORMAL,SYNTHETIC_SCENARIO
ORD-0008997,2026-11-01,Nakuru,AGO,OMC_C,78.89,78.89,NORMAL,SYNTHETIC_SCENARIO
ORD-0008998,2026-11-01,Nakuru,AGO,OMC_D,131.27,131.27,NORMAL,SYNTHETIC_SCENARIO
ORD-0008999,2026-11-01,Nakuru,AGO,OMC_E,23.07,23.07,NORMAL,SYNTHETIC_SCENARIO
ORD-0009000,2026-11-01,Nakuru,AGO,OMC_F,7.89,7.89,NORMAL,SYNTHETIC_SCENARIO
ORD-0009001,2026-11-02,Nakuru,AGO,OMC_A,215.47,215.47,NORMAL,SYNTHETIC_SCENARIO
ORD-0009002,2026-11-02,Nakuru,AGO,OMC_B,156.37,156.37,NORMAL,SYNTHETIC_SCENARIO
ORD-0009003,2026-11-02,Nakuru,AGO,OMC_C,71.88,71.88,NORMAL,SYNTHETIC_SCENARIO
ORD-0009004,2026-11-02,Nakuru,AGO,OMC_D,21.33,21.33,NORMAL,SYNTHETIC_SCENARIO
ORD-0009005,2026-11-02,Nakuru,AGO,OMC_E,134.59,134.59,NORMAL,SYNTHETIC_SCENARIO
ORD-0009006,2026-11-02,Nakuru,AGO,OMC_F,12.09,12.09,NORMAL,SYNTHETIC_SCENARIO
ORD-0009007,2026-11-03,Nakuru,AGO,OMC_A,66.44,66.44,NORMAL,SYNTHETIC_SCENARIO
ORD-0009008,2026-11-03,Nakuru,AGO,OMC_B,202.85,202.85,NORMAL,SYNTHETIC_SCENARIO
ORD-0009009,2026-11-03,Nakuru,AGO,OMC_C,97.41,97.41,NORMAL,SYNTHETIC_SCENARIO
ORD-0009010,2026-11-03,Nakuru,AGO,OMC_D,74.25,74.25,NORMAL,SYNTHETIC_SCENARIO
ORD-0009011,2026-11-03,Nakuru,AGO,OMC_E,115.18,115.18,NORMAL,SYNTHETIC_SCENARIO
ORD-0009012,2026-11-03,Nakuru,AGO,OMC_F,10.48,10.48,NORMAL,SYNTHETIC_SCENARIO
ORD-0009013,2026-11-04,Nakuru,AGO,OMC_A,68.01,68.01,NORMAL,SYNTHETIC_SCENARIO
ORD-0009014,2026-11-04,Nakuru,AGO,OMC_B,207.05,207.05,NORMAL,SYNTHETIC_SCENARIO
ORD-0009015,2026-11-04,Nakuru,AGO,OMC_C,39.72,39.72,NORMAL,SYNTHETIC_SCENARIO
ORD-0009016,2026-11-04,Nakuru,AGO,OMC_D,68.02,68.02,NORMAL,SYNTHETIC_SCENARIO
ORD-0009017,2026-11-04,Nakuru,AGO,OMC_E,135.28,135.28,NORMAL,SYNTHETIC_SCENARIO
ORD-0009018,2026-11-04,Nakuru,AGO,OMC_F,49.47,49.47,NORMAL,SYNTHETIC_SCENARIO
ORD-0009019,2026-11-05,Nakuru,AGO,OMC_A,161.0,161.0,HIGH,SYNTHETIC_SCENARIO
ORD-0009020,2026-11-05,Nakuru,AGO,OMC_B,168.45,168.45,HIGH,SYNTHETIC_SCENARIO
ORD-0009021,2026-11-05,Nakuru,AGO,OMC_C,172.72,172.72,HIGH,SYNTHETIC_SCENARIO
ORD-0009022,2026-11-05,Nakuru,AGO,OMC_D,59.02,59.02,NORMAL,SYNTHETIC_SCENARIO
ORD-0009023,2026-11-05,Nakuru,AGO,OMC_E,68.52,68.52,NORMAL,SYNTHETIC_SCENARIO
ORD-0009024,2026-11-05,Nakuru,AGO,OMC_F,10.87,10.87,HIGH,SYNTHETIC_SCENARIO
ORD-0009025,2026-11-06,Nakuru,AGO,OMC_A,186.91,186.91,HIGH,SYNTHETIC_SCENARIO
ORD-0009026,2026-11-06,Nakuru,AGO,OMC_B,127.15,127.15,NORMAL,SYNTHETIC_SCENARIO
ORD-0009027,2026-11-06,Nakuru,AGO,OMC_C,63.19,63.19,NORMAL,SYNTHETIC_SCENARIO
ORD-0009028,2026-11-06,Nakuru,AGO,OMC_D,133.34,133.34,NORMAL,SYNTHETIC_SCENARIO
ORD-0009029,2026-11-06,Nakuru,AGO,OMC_E,127.82,127.82,NORMAL,SYNTHETIC_SCENARIO
ORD-0009030,2026-11-06,Nakuru,AGO,OMC_F,24.07,24.07,NORMAL,SYNTHETIC_SCENARIO
ORD-0009031,2026-11-07,Nakuru,AGO,OMC_A,34.04,34.04,NORMAL,SYNTHETIC_SCENARIO
ORD-0009032,2026-11-07,Nakuru,AGO,OMC_B,30.69,30.69,NORMAL,SYNTHETIC_SCENARIO
ORD-0009033,2026-11-07,Nakuru,AGO,OMC_C,184.04,184.04,NORMAL,SYNTHETIC_SCENARIO
ORD-0009034,2026-11-07,Nakuru,AGO,OMC_D,214.64,214.64,NORMAL,SYNTHETIC_SCENARIO
ORD-0009035,2026-11-07,Nakuru,AGO,OMC_E,31.43,31.43,NORMAL,SYNTHETIC_SCENARIO
ORD-0009036,2026-11-07,Nakuru,AGO,OMC_F,54.56,54.56,NORMAL,SYNTHETIC_SCENARIO
ORD-0009037,2026-11-08,Nakuru,AGO,OMC_A,156.72,156.72,HIGH,SYNTHETIC_SCENARIO
ORD-0009038,2026-11-08,Nakuru,AGO,OMC_B,172.8,172.8,NORMAL,SYNTHETIC_SCENARIO
ORD-0009039,2026-11-08,Nakuru,AGO,OMC_C,31.69,31.69,NORMAL,SYNTHETIC_SCENARIO
ORD-0009040,2026-11-08,Nakuru,AGO,OMC_D,93.97,93.97,NORMAL,SYNTHETIC_SCENARIO
ORD-0009041,2026-11-08,Nakuru,AGO,OMC_E,40.36,40.36,NORMAL,SYNTHETIC_SCENARIO
ORD-0009042,2026-11-08,Nakuru,AGO,OMC_F,17.05,17.05,NORMAL,SYNTHETIC_SCENARIO
ORD-0009043,2026-11-09,Nakuru,AGO,OMC_A,234.77,234.77,NORMAL,SYNTHETIC_SCENARIO
ORD-0009044,2026-11-09,Nakuru,AGO,OMC_B,89.76,89.76,NORMAL,SYNTHETIC_SCENARIO
ORD-0009045,2026-11-09,Nakuru,AGO,OMC_C,145.6,145.6,NORMAL,SYNTHETIC_SCENARIO
ORD-0009046,2026-11-09,Nakuru,AGO,OMC_D,24.26,24.26,NORMAL,SYNTHETIC_SCENARIO
ORD-0009047,2026-11-09,Nakuru,AGO,OMC_E,130.37,130.37,NORMAL,SYNTHETIC_SCENARIO
ORD-0009048,2026-11-09,Nakuru,AGO,OMC_F,15.19,15.19,NORMAL,SYNTHETIC_SCENARIO
ORD-0009049,2026-11-10,Nakuru,AGO,OMC_A,196.76,196.76,NORMAL,SYNTHETIC_SCENARIO
ORD-0009050,2026-11-10,Nakuru,AGO,OMC_B,60.92,60.92,NORMAL,SYNTHETIC_SCENARIO
ORD-0009051,2026-11-10,Nakuru,AGO,OMC_C,141.61,141.61,NORMAL,SYNTHETIC_SCENARIO
ORD-0009052,2026-11-10,Nakuru,AGO,OMC_D,86.0,86.0,NORMAL,SYNTHETIC_SCENARIO
ORD-0009053,2026-11-10,Nakuru,AGO,OMC_E,49.61,49.61,NORMAL,SYNTHETIC_SCENARIO
ORD-0009054,2026-11-10,Nakuru,AGO,OMC_F,65.27,65.27,NORMAL,SYNTHETIC_SCENARIO
ORD-0009055,2026-11-11,Nakuru,AGO,OMC_A,158.9,158.9,NORMAL,SYNTHETIC_SCENARIO
ORD-0009056,2026-11-11,Nakuru,AGO,OMC_B,140.35,140.35,NORMAL,SYNTHETIC_SCENARIO
ORD-0009057,2026-11-11,Nakuru,AGO,OMC_C,84.29,84.29,NORMAL,SYNTHETIC_SCENARIO
ORD-0009058,2026-11-11,Nakuru,AGO,OMC_D,103.6,103.6,NORMAL,SYNTHETIC_SCENARIO
ORD-0009059,2026-11-11,Nakuru,AGO,OMC_E,56.05,56.05,NORMAL,SYNTHETIC_SCENARIO
ORD-0009060,2026-11-11,Nakuru,AGO,OMC_F,64.97,64.97,NORMAL,SYNTHETIC_SCENARIO
ORD-0009061,2026-11-12,Nakuru,AGO,OMC_A,237.88,237.88,NORMAL,SYNTHETIC_SCENARIO
ORD-0009062,2026-11-12,Nakuru,AGO,OMC_B,108.59,108.59,NORMAL,SYNTHETIC_SCENARIO
ORD-0009063,2026-11-12,Nakuru,AGO,OMC_C,68.7,68.7,NORMAL,SYNTHETIC_SCENARIO
ORD-0009064,2026-11-12,Nakuru,AGO,OMC_D,120.81,120.81,NORMAL,SYNTHETIC_SCENARIO
ORD-0009065,2026-11-12,Nakuru,AGO,OMC_E,102.08,102.08,NORMAL,SYNTHETIC_SCENARIO
ORD-0009066,2026-11-12,Nakuru,AGO,OMC_F,9.6,9.6,NORMAL,SYNTHETIC_SCENARIO
ORD-0009067,2026-11-13,Nakuru,AGO,OMC_A,244.2,244.2,NORMAL,SYNTHETIC_SCENARIO
ORD-0009068,2026-11-13,Nakuru,AGO,OMC_B,134.26,134.26,NORMAL,SYNTHETIC_SCENARIO
ORD-0009069,2026-11-13,Nakuru,AGO,OMC_C,28.84,28.84,NORMAL,SYNTHETIC_SCENARIO
ORD-0009070,2026-11-13,Nakuru,AGO,OMC_D,59.11,59.11,NORMAL,SYNTHETIC_SCENARIO
ORD-0009071,2026-11-13,Nakuru,AGO,OMC_E,34.23,34.23,NORMAL,SYNTHETIC_SCENARIO
ORD-0009072,2026-11-13,Nakuru,AGO,OMC_F,110.45,110.45,NORMAL,SYNTHETIC_SCENARIO
ORD-0009073,2026-11-14,Nakuru,AGO,OMC_A,89.96,89.96,NORMAL,SYNTHETIC_SCENARIO
ORD-0009074,2026-11-14,Nakuru,AGO,OMC_B,213.98,213.98,NORMAL,SYNTHETIC_SCENARIO
ORD-0009075,2026-11-14,Nakuru,AGO,OMC_C,75.02,75.02,NORMAL,SYNTHETIC_SCENARIO
ORD-0009076,2026-11-14,Nakuru,AGO,OMC_D,54.54,54.54,NORMAL,SYNTHETIC_SCENARIO
ORD-0009077,2026-11-14,Nakuru,AGO,OMC_E,27.37,27.37,NORMAL,SYNTHETIC_SCENARIO
ORD-0009078,2026-11-14,Nakuru,AGO,OMC_F,68.14,68.14,NORMAL,SYNTHETIC_SCENARIO
ORD-0009079,2026-11-15,Nakuru,AGO,OMC_A,84.83,84.83,NORMAL,SYNTHETIC_SCENARIO
ORD-0009080,2026-11-15,Nakuru,AGO,OMC_B,286.77,286.77,NORMAL,SYNTHETIC_SCENARIO
ORD-0009081,2026-11-15,Nakuru,AGO,OMC_C,71.16,71.16,NORMAL,SYNTHETIC_SCENARIO
ORD-0009082,2026-11-15,Nakuru,AGO,OMC_D,24.88,24.88,NORMAL,SYNTHETIC_SCENARIO
ORD-0009083,2026-11-15,Nakuru,AGO,OMC_E,1.17,1.17,NORMAL,SYNTHETIC_SCENARIO
ORD-0009084,2026-11-15,Nakuru,AGO,OMC_F,2.34,2.34,NORMAL,SYNTHETIC_SCENARIO
ORD-0009085,2026-11-16,Nakuru,AGO,OMC_A,53.58,53.58,NORMAL,SYNTHETIC_SCENARIO
ORD-0009086,2026-11-16,Nakuru,AGO,OMC_B,23.59,23.59,NORMAL,SYNTHETIC_SCENARIO
ORD-0009087,2026-11-16,Nakuru,AGO,OMC_C,326.05,326.05,NORMAL,SYNTHETIC_SCENARIO
ORD-0009088,2026-11-16,Nakuru,AGO,OMC_D,114.13,114.13,NORMAL,SYNTHETIC_SCENARIO
ORD-0009089,2026-11-16,Nakuru,AGO,OMC_E,15.43,15.43,NORMAL,SYNTHETIC_SCENARIO
ORD-0009090,2026-11-16,Nakuru,AGO,OMC_F,44.16,44.16,HIGH,SYNTHETIC_SCENARIO
ORD-0009091,2026-11-17,Nakuru,AGO,OMC_A,166.21,166.21,NORMAL,SYNTHETIC_SCENARIO
ORD-0009092,2026-11-17,Nakuru,AGO,OMC_B,126.71,126.71,NORMAL,SYNTHETIC_SCENARIO
ORD-0009093,2026-11-17,Nakuru,AGO,OMC_C,87.38,87.38,NORMAL,SYNTHETIC_SCENARIO
ORD-0009094,2026-11-17,Nakuru,AGO,OMC_D,138.03,138.03,NORMAL,SYNTHETIC_SCENARIO
ORD-0009095,2026-11-17,Nakuru,AGO,OMC_E,1.88,1.88,NORMAL,SYNTHETIC_SCENARIO
ORD-0009096,2026-11-17,Nakuru,AGO,OMC_F,60.83,60.83,NORMAL,SYNTHETIC_SCENARIO
ORD-0009097,2026-11-18,Nakuru,AGO,OMC_A,131.04,131.04,NORMAL,SYNTHETIC_SCENARIO
ORD-0009098,2026-11-18,Nakuru,AGO,OMC_B,189.12,189.12,NORMAL,SYNTHETIC_SCENARIO
ORD-0009099,2026-11-18,Nakuru,AGO,OMC_C,182.5,182.5,NORMAL,SYNTHETIC_SCENARIO
ORD-0009100,2026-11-18,Nakuru,AGO,OMC_D,56.68,56.68,HIGH,SYNTHETIC_SCENARIO
ORD-0009101,2026-11-18,Nakuru,AGO,OMC_E,38.46,38.46,NORMAL,SYNTHETIC_SCENARIO
ORD-0009102,2026-11-18,Nakuru,AGO,OMC_F,0.71,0.71,NORMAL,SYNTHETIC_SCENARIO
ORD-0009103,2026-11-19,Nakuru,AGO,OMC_A,178.71,178.71,NORMAL,SYNTHETIC_SCENARIO
ORD-0009104,2026-11-19,Nakuru,AGO,OMC_B,215.67,215.67,NORMAL,SYNTHETIC_SCENARIO
ORD-0009105,2026-11-19,Nakuru,AGO,OMC_C,145.97,145.97,NORMAL,SYNTHETIC_SCENARIO
ORD-0009106,2026-11-19,Nakuru,AGO,OMC_D,40.33,40.33,NORMAL,SYNTHETIC_SCENARIO
ORD-0009107,2026-11-19,Nakuru,AGO,OMC_E,26.08,26.08,NORMAL,SYNTHETIC_SCENARIO
ORD-0009108,2026-11-19,Nakuru,AGO,OMC_F,4.8,4.8,NORMAL,SYNTHETIC_SCENARIO
ORD-0009109,2026-11-20,Nakuru,AGO,OMC_A,270.2,270.2,NORMAL,SYNTHETIC_SCENARIO
ORD-0009110,2026-11-20,Nakuru,AGO,OMC_B,57.24,57.24,NORMAL,SYNTHETIC_SCENARIO
ORD-0009111,2026-11-20,Nakuru,AGO,OMC_C,164.27,164.27,NORMAL,SYNTHETIC_SCENARIO
ORD-0009112,2026-11-20,Nakuru,AGO,OMC_D,53.91,53.91,NORMAL,SYNTHETIC_SCENARIO
ORD-0009113,2026-11-20,Nakuru,AGO,OMC_E,24.63,24.63,NORMAL,SYNTHETIC_SCENARIO
ORD-0009114,2026-11-20,Nakuru,AGO,OMC_F,106.83,106.83,NORMAL,SYNTHETIC_SCENARIO
ORD-0009115,2026-11-21,Nakuru,AGO,OMC_A,158.21,158.21,NORMAL,SYNTHETIC_SCENARIO
ORD-0009116,2026-11-21,Nakuru,AGO,OMC_B,53.12,53.12,NORMAL,SYNTHETIC_SCENARIO
ORD-0009117,2026-11-21,Nakuru,AGO,OMC_C,78.22,78.22,NORMAL,SYNTHETIC_SCENARIO
ORD-0009118,2026-11-21,Nakuru,AGO,OMC_D,192.83,192.83,NORMAL,SYNTHETIC_SCENARIO
ORD-0009119,2026-11-21,Nakuru,AGO,OMC_E,68.55,68.55,NORMAL,SYNTHETIC_SCENARIO
ORD-0009120,2026-11-21,Nakuru,AGO,OMC_F,19.8,19.8,NORMAL,SYNTHETIC_SCENARIO
ORD-0009121,2026-11-22,Nakuru,AGO,OMC_A,104.8,104.8,NORMAL,SYNTHETIC_SCENARIO
ORD-0009122,2026-11-22,Nakuru,AGO,OMC_B,16.57,16.57,NORMAL,SYNTHETIC_SCENARIO
ORD-0009123,2026-11-22,Nakuru,AGO,OMC_C,52.71,52.71,NORMAL,SYNTHETIC_SCENARIO
ORD-0009124,2026-11-22,Nakuru,AGO,OMC_D,52.93,52.93,NORMAL,SYNTHETIC_SCENARIO
ORD-0009125,2026-11-22,Nakuru,AGO,OMC_E,106.65,106.65,NORMAL,SYNTHETIC_SCENARIO
ORD-0009126,2026-11-22,Nakuru,AGO,OMC_F,192.19,192.19,NORMAL,SYNTHETIC_SCENARIO
ORD-0009127,2026-11-23,Nakuru,AGO,OMC_A,214.39,214.39,NORMAL,SYNTHETIC_SCENARIO
ORD-0009128,2026-11-23,Nakuru,AGO,OMC_B,32.03,32.03,NORMAL,SYNTHETIC_SCENARIO
ORD-0009129,2026-11-23,Nakuru,AGO,OMC_C,6.97,6.97,NORMAL,SYNTHETIC_SCENARIO
ORD-0009130,2026-11-23,Nakuru,AGO,OMC_D,203.57,203.57,NORMAL,SYNTHETIC_SCENARIO
ORD-0009131,2026-11-23,Nakuru,AGO,OMC_E,127.49,127.49,HIGH,SYNTHETIC_SCENARIO
ORD-0009132,2026-11-23,Nakuru,AGO,OMC_F,16.68,16.68,HIGH,SYNTHETIC_SCENARIO
ORD-0009133,2026-11-24,Nakuru,AGO,OMC_A,246.13,246.13,NORMAL,SYNTHETIC_SCENARIO
ORD-0009134,2026-11-24,Nakuru,AGO,OMC_B,191.01,191.01,NORMAL,SYNTHETIC_SCENARIO
ORD-0009135,2026-11-24,Nakuru,AGO,OMC_C,83.79,83.79,HIGH,SYNTHETIC_SCENARIO
ORD-0009136,2026-11-24,Nakuru,AGO,OMC_D,21.55,21.55,NORMAL,SYNTHETIC_SCENARIO
ORD-0009137,2026-11-24,Nakuru,AGO,OMC_E,101.01,101.01,NORMAL,SYNTHETIC_SCENARIO
ORD-0009138,2026-11-24,Nakuru,AGO,OMC_F,24.55,24.55,NORMAL,SYNTHETIC_SCENARIO
ORD-0009139,2026-11-25,Nakuru,AGO,OMC_A,155.61,155.61,NORMAL,SYNTHETIC_SCENARIO
ORD-0009140,2026-11-25,Nakuru,AGO,OMC_B,198.0,198.0,NORMAL,SYNTHETIC_SCENARIO
ORD-0009141,2026-11-25,Nakuru,AGO,OMC_C,108.11,108.11,NORMAL,SYNTHETIC_SCENARIO
ORD-0009142,2026-11-25,Nakuru,AGO,OMC_D,50.98,50.98,NORMAL,SYNTHETIC_SCENARIO
ORD-0009143,2026-11-25,Nakuru,AGO,OMC_E,17.21,17.21,NORMAL,SYNTHETIC_SCENARIO
ORD-0009144,2026-11-25,Nakuru,AGO,OMC_F,105.66,105.66,NORMAL,SYNTHETIC_SCENARIO
ORD-0009145,2026-11-26,Nakuru,AGO,OMC_A,125.92,125.92,NORMAL,SYNTHETIC_SCENARIO
ORD-0009146,2026-11-26,Nakuru,AGO,OMC_B,91.09,91.09,NORMAL,SYNTHETIC_SCENARIO
ORD-0009147,2026-11-26,Nakuru,AGO,OMC_C,76.7,76.7,NORMAL,SYNTHETIC_SCENARIO
ORD-0009148,2026-11-26,Nakuru,AGO,OMC_D,183.37,183.37,NORMAL,SYNTHETIC_SCENARIO
ORD-0009149,2026-11-26,Nakuru,AGO,OMC_E,20.7,20.7,NORMAL,SYNTHETIC_SCENARIO
ORD-0009150,2026-11-26,Nakuru,AGO,OMC_F,64.88,64.88,NORMAL,SYNTHETIC_SCENARIO
ORD-0009151,2026-11-27,Nakuru,AGO,OMC_A,337.63,337.63,NORMAL,SYNTHETIC_SCENARIO
ORD-0009152,2026-11-27,Nakuru,AGO,OMC_B,92.62,92.62,NORMAL,SYNTHETIC_SCENARIO
ORD-0009153,2026-11-27,Nakuru,AGO,OMC_C,134.43,134.43,NORMAL,SYNTHETIC_SCENARIO
ORD-0009154,2026-11-27,Nakuru,AGO,OMC_D,11.89,11.89,NORMAL,SYNTHETIC_SCENARIO
ORD-0009155,2026-11-27,Nakuru,AGO,OMC_E,42.38,42.38,NORMAL,SYNTHETIC_SCENARIO
ORD-0009156,2026-11-27,Nakuru,AGO,OMC_F,1.1,1.1,NORMAL,SYNTHETIC_SCENARIO
ORD-0009157,2026-11-28,Nakuru,AGO,OMC_A,55.25,55.25,NORMAL,SYNTHETIC_SCENARIO
ORD-0009158,2026-11-28,Nakuru,AGO,OMC_B,131.84,131.84,NORMAL,SYNTHETIC_SCENARIO
ORD-0009159,2026-11-28,Nakuru,AGO,OMC_C,91.24,91.24,NORMAL,SYNTHETIC_SCENARIO
ORD-0009160,2026-11-28,Nakuru,AGO,OMC_D,172.21,172.21,HIGH,SYNTHETIC_SCENARIO
ORD-0009161,2026-11-28,Nakuru,AGO,OMC_E,68.3,68.3,NORMAL,SYNTHETIC_SCENARIO
ORD-0009162,2026-11-28,Nakuru,AGO,OMC_F,4.08,4.08,NORMAL,SYNTHETIC_SCENARIO
ORD-0009163,2026-11-29,Nakuru,AGO,OMC_A,200.81,200.81,NORMAL,SYNTHETIC_SCENARIO
ORD-0009164,2026-11-29,Nakuru,AGO,OMC_B,29.71,29.71,NORMAL,SYNTHETIC_SCENARIO
ORD-0009165,2026-11-29,Nakuru,AGO,OMC_C,170.62,170.62,NORMAL,SYNTHETIC_SCENARIO
ORD-0009166,2026-11-29,Nakuru,AGO,OMC_D,36.13,36.13,NORMAL,SYNTHETIC_SCENARIO
ORD-0009167,2026-11-29,Nakuru,AGO,OMC_E,58.59,58.59,NORMAL,SYNTHETIC_SCENARIO
ORD-0009168,2026-11-29,Nakuru,AGO,OMC_F,45.62,45.62,NORMAL,SYNTHETIC_SCENARIO
ORD-0009169,2026-11-30,Nakuru,AGO,OMC_A,98.74,98.74,NORMAL,SYNTHETIC_SCENARIO
ORD-0009170,2026-11-30,Nakuru,AGO,OMC_B,62.82,62.82,NORMAL,SYNTHETIC_SCENARIO
ORD-0009171,2026-11-30,Nakuru,AGO,OMC_C,134.31,134.31,NORMAL,SYNTHETIC_SCENARIO
ORD-0009172,2026-11-30,Nakuru,AGO,OMC_D,31.15,31.15,NORMAL,SYNTHETIC_SCENARIO
ORD-0009173,2026-11-30,Nakuru,AGO,OMC_E,199.65,199.65,HIGH,SYNTHETIC_SCENARIO
ORD-0009174,2026-11-30,Nakuru,AGO,OMC_F,27.08,27.08,HIGH,SYNTHETIC_SCENARIO
ORD-0009175,2026-12-01,Nakuru,AGO,OMC_A,318.71,318.71,NORMAL,SYNTHETIC_SCENARIO
ORD-0009176,2026-12-01,Nakuru,AGO,OMC_B,90.59,90.59,NORMAL,SYNTHETIC_SCENARIO
ORD-0009177,2026-12-01,Nakuru,AGO,OMC_C,156.16,156.16,NORMAL,SYNTHETIC_SCENARIO
ORD-0009178,2026-12-01,Nakuru,AGO,OMC_D,33.34,33.34,NORMAL,SYNTHETIC_SCENARIO
ORD-0009179,2026-12-01,Nakuru,AGO,OMC_E,2.39,2.39,NORMAL,SYNTHETIC_SCENARIO
ORD-0009180,2026-12-01,Nakuru,AGO,OMC_F,44.78,44.78,NORMAL,SYNTHETIC_SCENARIO
ORD-0009181,2026-12-02,Nakuru,AGO,OMC_A,293.02,293.02,NORMAL,SYNTHETIC_SCENARIO
ORD-0009182,2026-12-02,Nakuru,AGO,OMC_B,140.1,140.1,NORMAL,SYNTHETIC_SCENARIO
ORD-0009183,2026-12-02,Nakuru,AGO,OMC_C,7.32,7.32,NORMAL,SYNTHETIC_SCENARIO
ORD-0009184,2026-12-02,Nakuru,AGO,OMC_D,50.81,50.81,NORMAL,SYNTHETIC_SCENARIO
ORD-0009185,2026-12-02,Nakuru,AGO,OMC_E,54.23,54.23,NORMAL,SYNTHETIC_SCENARIO
ORD-0009186,2026-12-02,Nakuru,AGO,OMC_F,125.86,125.86,NORMAL,SYNTHETIC_SCENARIO
ORD-0009187,2026-12-03,Nakuru,AGO,OMC_A,255.54,255.54,NORMAL,SYNTHETIC_SCENARIO
ORD-0009188,2026-12-03,Nakuru,AGO,OMC_B,242.47,242.47,NORMAL,SYNTHETIC_SCENARIO
ORD-0009189,2026-12-03,Nakuru,AGO,OMC_C,55.53,55.53,NORMAL,SYNTHETIC_SCENARIO
ORD-0009190,2026-12-03,Nakuru,AGO,OMC_D,66.98,66.98,HIGH,SYNTHETIC_SCENARIO
ORD-0009191,2026-12-03,Nakuru,AGO,OMC_E,36.76,36.76,NORMAL,SYNTHETIC_SCENARIO
ORD-0009192,2026-12-03,Nakuru,AGO,OMC_F,26.89,26.89,NORMAL,SYNTHETIC_SCENARIO
ORD-0009193,2026-12-04,Nakuru,AGO,OMC_A,149.53,149.53,NORMAL,SYNTHETIC_SCENARIO
ORD-0009194,2026-12-04,Nakuru,AGO,OMC_B,180.74,180.74,NORMAL,SYNTHETIC_SCENARIO
ORD-0009195,2026-12-04,Nakuru,AGO,OMC_C,135.58,135.58,NORMAL,SYNTHETIC_SCENARIO
ORD-0009196,2026-12-04,Nakuru,AGO,OMC_D,159.2,159.2,HIGH,SYNTHETIC_SCENARIO
ORD-0009197,2026-12-04,Nakuru,AGO,OMC_E,21.78,21.78,NORMAL,SYNTHETIC_SCENARIO
ORD-0009198,2026-12-04,Nakuru,AGO,OMC_F,2.16,2.16,HIGH,SYNTHETIC_SCENARIO
ORD-0009199,2026-12-05,Nakuru,AGO,OMC_A,236.18,236.18,NORMAL,SYNTHETIC_SCENARIO
ORD-0009200,2026-12-05,Nakuru,AGO,OMC_B,151.68,151.68,NORMAL,SYNTHETIC_SCENARIO
ORD-0009201,2026-12-05,Nakuru,AGO,OMC_C,148.72,148.72,NORMAL,SYNTHETIC_SCENARIO
ORD-0009202,2026-12-05,Nakuru,AGO,OMC_D,67.29,67.29,NORMAL,SYNTHETIC_SCENARIO
ORD-0009203,2026-12-05,Nakuru,AGO,OMC_E,11.12,11.12,NORMAL,SYNTHETIC_SCENARIO
ORD-0009204,2026-12-05,Nakuru,AGO,OMC_F,14.3,14.3,NORMAL,SYNTHETIC_SCENARIO
ORD-0009205,2026-12-06,Nakuru,AGO,OMC_A,164.48,164.48,NORMAL,SYNTHETIC_SCENARIO
ORD-0009206,2026-12-06,Nakuru,AGO,OMC_B,124.32,124.32,NORMAL,SYNTHETIC_SCENARIO
ORD-0009207,2026-12-06,Nakuru,AGO,OMC_C,44.97,44.97,HIGH,SYNTHETIC_SCENARIO
ORD-0009208,2026-12-06,Nakuru,AGO,OMC_D,36.96,36.96,NORMAL,SYNTHETIC_SCENARIO
ORD-0009209,2026-12-06,Nakuru,AGO,OMC_E,0.89,0.89,NORMAL,SYNTHETIC_SCENARIO
ORD-0009210,2026-12-06,Nakuru,AGO,OMC_F,152.15,152.15,NORMAL,SYNTHETIC_SCENARIO
ORD-0009211,2026-12-07,Nakuru,AGO,OMC_A,57.97,57.97,NORMAL,SYNTHETIC_SCENARIO
ORD-0009212,2026-12-07,Nakuru,AGO,OMC_B,258.13,258.13,NORMAL,SYNTHETIC_SCENARIO
ORD-0009213,2026-12-07,Nakuru,AGO,OMC_C,186.45,186.45,NORMAL,SYNTHETIC_SCENARIO
ORD-0009214,2026-12-07,Nakuru,AGO,OMC_D,65.15,65.15,NORMAL,SYNTHETIC_SCENARIO
ORD-0009215,2026-12-07,Nakuru,AGO,OMC_E,25.89,25.89,NORMAL,SYNTHETIC_SCENARIO
ORD-0009216,2026-12-07,Nakuru,AGO,OMC_F,67.31,67.31,NORMAL,SYNTHETIC_SCENARIO
ORD-0009217,2026-12-08,Nakuru,AGO,OMC_A,125.56,125.56,NORMAL,SYNTHETIC_SCENARIO
ORD-0009218,2026-12-08,Nakuru,AGO,OMC_B,236.67,236.67,NORMAL,SYNTHETIC_SCENARIO
ORD-0009219,2026-12-08,Nakuru,AGO,OMC_C,43.03,43.03,NORMAL,SYNTHETIC_SCENARIO
ORD-0009220,2026-12-08,Nakuru,AGO,OMC_D,40.9,40.9,NORMAL,SYNTHETIC_SCENARIO
ORD-0009221,2026-12-08,Nakuru,AGO,OMC_E,158.73,158.73,NORMAL,SYNTHETIC_SCENARIO
ORD-0009222,2026-12-08,Nakuru,AGO,OMC_F,27.93,27.93,NORMAL,SYNTHETIC_SCENARIO
ORD-0009223,2026-12-09,Nakuru,AGO,OMC_A,101.93,101.93,NORMAL,SYNTHETIC_SCENARIO
ORD-0009224,2026-12-09,Nakuru,AGO,OMC_B,210.09,210.09,NORMAL,SYNTHETIC_SCENARIO
ORD-0009225,2026-12-09,Nakuru,AGO,OMC_C,189.36,189.36,NORMAL,SYNTHETIC_SCENARIO
ORD-0009226,2026-12-09,Nakuru,AGO,OMC_D,60.2,60.2,NORMAL,SYNTHETIC_SCENARIO
ORD-0009227,2026-12-09,Nakuru,AGO,OMC_E,79.13,79.13,NORMAL,SYNTHETIC_SCENARIO
ORD-0009228,2026-12-09,Nakuru,AGO,OMC_F,1.68,1.68,NORMAL,SYNTHETIC_SCENARIO
ORD-0009229,2026-12-10,Nakuru,AGO,OMC_A,134.04,134.04,NORMAL,SYNTHETIC_SCENARIO
ORD-0009230,2026-12-10,Nakuru,AGO,OMC_B,162.55,162.55,NORMAL,SYNTHETIC_SCENARIO
ORD-0009231,2026-12-10,Nakuru,AGO,OMC_C,71.35,71.35,NORMAL,SYNTHETIC_SCENARIO
ORD-0009232,2026-12-10,Nakuru,AGO,OMC_D,126.71,126.71,NORMAL,SYNTHETIC_SCENARIO
ORD-0009233,2026-12-10,Nakuru,AGO,OMC_E,142.31,142.31,NORMAL,SYNTHETIC_SCENARIO
ORD-0009234,2026-12-10,Nakuru,AGO,OMC_F,8.89,8.89,NORMAL,SYNTHETIC_SCENARIO
ORD-0009235,2026-12-11,Nakuru,AGO,OMC_A,278.07,278.07,NORMAL,SYNTHETIC_SCENARIO
ORD-0009236,2026-12-11,Nakuru,AGO,OMC_B,85.29,85.29,NORMAL,SYNTHETIC_SCENARIO
ORD-0009237,2026-12-11,Nakuru,AGO,OMC_C,64.37,64.37,NORMAL,SYNTHETIC_SCENARIO
ORD-0009238,2026-12-11,Nakuru,AGO,OMC_D,97.4,97.4,NORMAL,SYNTHETIC_SCENARIO
ORD-0009239,2026-12-11,Nakuru,AGO,OMC_E,114.06,114.06,NORMAL,SYNTHETIC_SCENARIO
ORD-0009240,2026-12-11,Nakuru,AGO,OMC_F,27.4,27.4,NORMAL,SYNTHETIC_SCENARIO
ORD-0009241,2026-12-12,Nakuru,AGO,OMC_A,383.75,383.75,NORMAL,SYNTHETIC_SCENARIO
ORD-0009242,2026-12-12,Nakuru,AGO,OMC_B,73.41,73.41,NORMAL,SYNTHETIC_SCENARIO
ORD-0009243,2026-12-12,Nakuru,AGO,OMC_C,92.31,92.31,NORMAL,SYNTHETIC_SCENARIO
ORD-0009244,2026-12-12,Nakuru,AGO,OMC_D,38.84,38.84,NORMAL,SYNTHETIC_SCENARIO
ORD-0009245,2026-12-12,Nakuru,AGO,OMC_E,8.87,8.87,NORMAL,SYNTHETIC_SCENARIO
ORD-0009246,2026-12-12,Nakuru,AGO,OMC_F,3.64,3.64,NORMAL,SYNTHETIC_SCENARIO
ORD-0009247,2026-12-13,Nakuru,AGO,OMC_A,96.76,96.76,NORMAL,SYNTHETIC_SCENARIO
ORD-0009248,2026-12-13,Nakuru,AGO,OMC_B,135.23,135.23,NORMAL,SYNTHETIC_SCENARIO
ORD-0009249,2026-12-13,Nakuru,AGO,OMC_C,22.86,22.86,NORMAL,SYNTHETIC_SCENARIO
ORD-0009250,2026-12-13,Nakuru,AGO,OMC_D,223.01,223.01,NORMAL,SYNTHETIC_SCENARIO
ORD-0009251,2026-12-13,Nakuru,AGO,OMC_E,51.22,51.22,NORMAL,SYNTHETIC_SCENARIO
ORD-0009252,2026-12-13,Nakuru,AGO,OMC_F,25.2,25.2,NORMAL,SYNTHETIC_SCENARIO
ORD-0009253,2026-12-14,Nakuru,AGO,OMC_A,88.82,88.82,NORMAL,SYNTHETIC_SCENARIO
ORD-0009254,2026-12-14,Nakuru,AGO,OMC_B,160.18,160.18,NORMAL,SYNTHETIC_SCENARIO
ORD-0009255,2026-12-14,Nakuru,AGO,OMC_C,173.38,173.38,HIGH,SYNTHETIC_SCENARIO
ORD-0009256,2026-12-14,Nakuru,AGO,OMC_D,111.41,111.41,NORMAL,SYNTHETIC_SCENARIO
ORD-0009257,2026-12-14,Nakuru,AGO,OMC_E,21.97,21.97,NORMAL,SYNTHETIC_SCENARIO
ORD-0009258,2026-12-14,Nakuru,AGO,OMC_F,23.61,23.61,NORMAL,SYNTHETIC_SCENARIO
ORD-0009259,2026-12-15,Nakuru,AGO,OMC_A,362.89,362.89,NORMAL,SYNTHETIC_SCENARIO
ORD-0009260,2026-12-15,Nakuru,AGO,OMC_B,98.02,98.02,NORMAL,SYNTHETIC_SCENARIO
ORD-0009261,2026-12-15,Nakuru,AGO,OMC_C,52.0,52.0,NORMAL,SYNTHETIC_SCENARIO
ORD-0009262,2026-12-15,Nakuru,AGO,OMC_D,41.12,41.12,HIGH,SYNTHETIC_SCENARIO
ORD-0009263,2026-12-15,Nakuru,AGO,OMC_E,52.64,52.64,NORMAL,SYNTHETIC_SCENARIO
ORD-0009264,2026-12-15,Nakuru,AGO,OMC_F,52.89,52.89,NORMAL,SYNTHETIC_SCENARIO
ORD-0009265,2026-12-16,Nakuru,AGO,OMC_A,169.52,169.52,NORMAL,SYNTHETIC_SCENARIO
ORD-0009266,2026-12-16,Nakuru,AGO,OMC_B,302.85,302.85,NORMAL,SYNTHETIC_SCENARIO
ORD-0009267,2026-12-16,Nakuru,AGO,OMC_C,77.62,77.62,NORMAL,SYNTHETIC_SCENARIO
ORD-0009268,2026-12-16,Nakuru,AGO,OMC_D,66.7,66.7,NORMAL,SYNTHETIC_SCENARIO
ORD-0009269,2026-12-16,Nakuru,AGO,OMC_E,51.37,51.37,NORMAL,SYNTHETIC_SCENARIO
ORD-0009270,2026-12-16,Nakuru,AGO,OMC_F,22.75,22.75,NORMAL,SYNTHETIC_SCENARIO
ORD-0009271,2026-12-17,Nakuru,AGO,OMC_A,151.92,151.92,NORMAL,SYNTHETIC_SCENARIO
ORD-0009272,2026-12-17,Nakuru,AGO,OMC_B,212.74,212.74,NORMAL,SYNTHETIC_SCENARIO
ORD-0009273,2026-12-17,Nakuru,AGO,OMC_C,111.23,111.23,NORMAL,SYNTHETIC_SCENARIO
ORD-0009274,2026-12-17,Nakuru,AGO,OMC_D,15.06,15.06,NORMAL,SYNTHETIC_SCENARIO
ORD-0009275,2026-12-17,Nakuru,AGO,OMC_E,63.15,63.15,NORMAL,SYNTHETIC_SCENARIO
ORD-0009276,2026-12-17,Nakuru,AGO,OMC_F,92.07,92.07,NORMAL,SYNTHETIC_SCENARIO
ORD-0009277,2026-12-18,Nakuru,AGO,OMC_A,96.49,96.49,HIGH,SYNTHETIC_SCENARIO
ORD-0009278,2026-12-18,Nakuru,AGO,OMC_B,184.64,184.64,NORMAL,SYNTHETIC_SCENARIO
ORD-0009279,2026-12-18,Nakuru,AGO,OMC_C,201.15,201.15,NORMAL,SYNTHETIC_SCENARIO
ORD-0009280,2026-12-18,Nakuru,AGO,OMC_D,80.29,80.29,HIGH,SYNTHETIC_SCENARIO
ORD-0009281,2026-12-18,Nakuru,AGO,OMC_E,12.58,12.58,NORMAL,SYNTHETIC_SCENARIO
ORD-0009282,2026-12-18,Nakuru,AGO,OMC_F,94.78,94.78,NORMAL,SYNTHETIC_SCENARIO
ORD-0009283,2026-12-19,Nakuru,AGO,OMC_A,84.64,84.64,NORMAL,SYNTHETIC_SCENARIO
ORD-0009284,2026-12-19,Nakuru,AGO,OMC_B,175.74,175.74,NORMAL,SYNTHETIC_SCENARIO
ORD-0009285,2026-12-19,Nakuru,AGO,OMC_C,33.73,33.73,NORMAL,SYNTHETIC_SCENARIO
ORD-0009286,2026-12-19,Nakuru,AGO,OMC_D,103.03,103.03,NORMAL,SYNTHETIC_SCENARIO
ORD-0009287,2026-12-19,Nakuru,AGO,OMC_E,109.07,109.07,NORMAL,SYNTHETIC_SCENARIO
ORD-0009288,2026-12-19,Nakuru,AGO,OMC_F,56.43,56.43,NORMAL,SYNTHETIC_SCENARIO
ORD-0009289,2026-12-20,Nakuru,AGO,OMC_A,85.58,85.58,NORMAL,SYNTHETIC_SCENARIO
ORD-0009290,2026-12-20,Nakuru,AGO,OMC_B,135.4,135.4,NORMAL,SYNTHETIC_SCENARIO
ORD-0009291,2026-12-20,Nakuru,AGO,OMC_C,161.19,161.19,NORMAL,SYNTHETIC_SCENARIO
ORD-0009292,2026-12-20,Nakuru,AGO,OMC_D,37.76,37.76,NORMAL,SYNTHETIC_SCENARIO
ORD-0009293,2026-12-20,Nakuru,AGO,OMC_E,30.13,30.13,HIGH,SYNTHETIC_SCENARIO
ORD-0009294,2026-12-20,Nakuru,AGO,OMC_F,65.24,65.24,NORMAL,SYNTHETIC_SCENARIO
ORD-0009295,2026-12-21,Nakuru,AGO,OMC_A,152.47,152.47,NORMAL,SYNTHETIC_SCENARIO
ORD-0009296,2026-12-21,Nakuru,AGO,OMC_B,56.41,56.41,NORMAL,SYNTHETIC_SCENARIO
ORD-0009297,2026-12-21,Nakuru,AGO,OMC_C,176.78,176.78,NORMAL,SYNTHETIC_SCENARIO
ORD-0009298,2026-12-21,Nakuru,AGO,OMC_D,150.9,150.9,NORMAL,SYNTHETIC_SCENARIO
ORD-0009299,2026-12-21,Nakuru,AGO,OMC_E,62.42,62.42,NORMAL,SYNTHETIC_SCENARIO
ORD-0009300,2026-12-21,Nakuru,AGO,OMC_F,5.14,5.14,HIGH,SYNTHETIC_SCENARIO
ORD-0009301,2026-12-22,Nakuru,AGO,OMC_A,169.76,169.76,HIGH,SYNTHETIC_SCENARIO
ORD-0009302,2026-12-22,Nakuru,AGO,OMC_B,244.56,244.56,NORMAL,SYNTHETIC_SCENARIO
ORD-0009303,2026-12-22,Nakuru,AGO,OMC_C,100.18,100.18,NORMAL,SYNTHETIC_SCENARIO
ORD-0009304,2026-12-22,Nakuru,AGO,OMC_D,27.9,27.9,NORMAL,SYNTHETIC_SCENARIO
ORD-0009305,2026-12-22,Nakuru,AGO,OMC_E,56.05,56.05,HIGH,SYNTHETIC_SCENARIO
ORD-0009306,2026-12-22,Nakuru,AGO,OMC_F,25.51,25.51,NORMAL,SYNTHETIC_SCENARIO
ORD-0009307,2026-12-23,Nakuru,AGO,OMC_A,74.57,74.57,NORMAL,SYNTHETIC_SCENARIO
ORD-0009308,2026-12-23,Nakuru,AGO,OMC_B,114.05,114.05,NORMAL,SYNTHETIC_SCENARIO
ORD-0009309,2026-12-23,Nakuru,AGO,OMC_C,174.14,174.14,HIGH,SYNTHETIC_SCENARIO
ORD-0009310,2026-12-23,Nakuru,AGO,OMC_D,158.24,158.24,NORMAL,SYNTHETIC_SCENARIO
ORD-0009311,2026-12-23,Nakuru,AGO,OMC_E,92.31,92.31,NORMAL,SYNTHETIC_SCENARIO
ORD-0009312,2026-12-23,Nakuru,AGO,OMC_F,2.18,2.18,NORMAL,SYNTHETIC_SCENARIO
ORD-0009313,2026-12-24,Nakuru,AGO,OMC_A,268.02,268.02,NORMAL,SYNTHETIC_SCENARIO
ORD-0009314,2026-12-24,Nakuru,AGO,OMC_B,163.79,163.79,HIGH,SYNTHETIC_SCENARIO
ORD-0009315,2026-12-24,Nakuru,AGO,OMC_C,57.91,57.91,NORMAL,SYNTHETIC_SCENARIO
ORD-0009316,2026-12-24,Nakuru,AGO,OMC_D,8.99,8.99,NORMAL,SYNTHETIC_SCENARIO
ORD-0009317,2026-12-24,Nakuru,AGO,OMC_E,83.83,83.83,HIGH,SYNTHETIC_SCENARIO
ORD-0009318,2026-12-24,Nakuru,AGO,OMC_F,52.01,52.01,NORMAL,SYNTHETIC_SCENARIO
ORD-0009319,2026-12-25,Nakuru,AGO,OMC_A,195.44,195.44,NORMAL,SYNTHETIC_SCENARIO
ORD-0009320,2026-12-25,Nakuru,AGO,OMC_B,67.93,67.93,NORMAL,SYNTHETIC_SCENARIO
ORD-0009321,2026-12-25,Nakuru,AGO,OMC_C,236.06,236.06,NORMAL,SYNTHETIC_SCENARIO
ORD-0009322,2026-12-25,Nakuru,AGO,OMC_D,101.73,101.73,HIGH,SYNTHETIC_SCENARIO
ORD-0009323,2026-12-25,Nakuru,AGO,OMC_E,59.63,59.63,NORMAL,SYNTHETIC_SCENARIO
ORD-0009324,2026-12-25,Nakuru,AGO,OMC_F,12.62,12.62,NORMAL,SYNTHETIC_SCENARIO
ORD-0009325,2026-12-26,Nakuru,AGO,OMC_A,101.38,101.38,NORMAL,SYNTHETIC_SCENARIO
ORD-0009326,2026-12-26,Nakuru,AGO,OMC_B,333.23,333.23,NORMAL,SYNTHETIC_SCENARIO
ORD-0009327,2026-12-26,Nakuru,AGO,OMC_C,31.57,31.57,NORMAL,SYNTHETIC_SCENARIO
ORD-0009328,2026-12-26,Nakuru,AGO,OMC_D,56.46,56.46,HIGH,SYNTHETIC_SCENARIO
ORD-0009329,2026-12-26,Nakuru,AGO,OMC_E,59.85,59.85,NORMAL,SYNTHETIC_SCENARIO
ORD-0009330,2026-12-26,Nakuru,AGO,OMC_F,22.24,22.24,NORMAL,SYNTHETIC_SCENARIO
ORD-0009331,2026-12-27,Nakuru,AGO,OMC_A,147.27,147.27,NORMAL,SYNTHETIC_SCENARIO
ORD-0009332,2026-12-27,Nakuru,AGO,OMC_B,182.24,182.24,NORMAL,SYNTHETIC_SCENARIO
ORD-0009333,2026-12-27,Nakuru,AGO,OMC_C,58.54,58.54,HIGH,SYNTHETIC_SCENARIO
ORD-0009334,2026-12-27,Nakuru,AGO,OMC_D,72.83,72.83,HIGH,SYNTHETIC_SCENARIO
ORD-0009335,2026-12-27,Nakuru,AGO,OMC_E,61.64,61.64,NORMAL,SYNTHETIC_SCENARIO
ORD-0009336,2026-12-27,Nakuru,AGO,OMC_F,5.83,5.83,NORMAL,SYNTHETIC_SCENARIO
ORD-0009337,2026-12-28,Nakuru,AGO,OMC_A,358.44,358.44,NORMAL,SYNTHETIC_SCENARIO
ORD-0009338,2026-12-28,Nakuru,AGO,OMC_B,59.78,59.78,NORMAL,SYNTHETIC_SCENARIO
ORD-0009339,2026-12-28,Nakuru,AGO,OMC_C,19.65,19.65,NORMAL,SYNTHETIC_SCENARIO
ORD-0009340,2026-12-28,Nakuru,AGO,OMC_D,135.67,135.67,NORMAL,SYNTHETIC_SCENARIO
ORD-0009341,2026-12-28,Nakuru,AGO,OMC_E,22.98,22.98,NORMAL,SYNTHETIC_SCENARIO
ORD-0009342,2026-12-28,Nakuru,AGO,OMC_F,39.75,39.75,NORMAL,SYNTHETIC_SCENARIO
ORD-0009343,2026-12-29,Nakuru,AGO,OMC_A,103.22,103.22,NORMAL,SYNTHETIC_SCENARIO
ORD-0009344,2026-12-29,Nakuru,AGO,OMC_B,323.28,323.28,NORMAL,SYNTHETIC_SCENARIO
ORD-0009345,2026-12-29,Nakuru,AGO,OMC_C,105.22,105.22,NORMAL,SYNTHETIC_SCENARIO
ORD-0009346,2026-12-29,Nakuru,AGO,OMC_D,3.96,3.96,HIGH,SYNTHETIC_SCENARIO
ORD-0009347,2026-12-29,Nakuru,AGO,OMC_E,50.61,50.61,NORMAL,SYNTHETIC_SCENARIO
ORD-0009348,2026-12-29,Nakuru,AGO,OMC_F,122.04,122.04,NORMAL,SYNTHETIC_SCENARIO
ORD-0009349,2026-12-30,Nakuru,AGO,OMC_A,117.53,117.53,NORMAL,SYNTHETIC_SCENARIO
ORD-0009350,2026-12-30,Nakuru,AGO,OMC_B,237.61,237.61,NORMAL,SYNTHETIC_SCENARIO
ORD-0009351,2026-12-30,Nakuru,AGO,OMC_C,144.98,144.98,NORMAL,SYNTHETIC_SCENARIO
ORD-0009352,2026-12-30,Nakuru,AGO,OMC_D,6.04,6.04,NORMAL,SYNTHETIC_SCENARIO
ORD-0009353,2026-12-30,Nakuru,AGO,OMC_E,147.24,147.24,NORMAL,SYNTHETIC_SCENARIO
ORD-0009354,2026-12-30,Nakuru,AGO,OMC_F,75.38,75.38,NORMAL,SYNTHETIC_SCENARIO
ORD-0009355,2026-12-31,Nakuru,AGO,OMC_A,72.87,72.87,NORMAL,SYNTHETIC_SCENARIO
ORD-0009356,2026-12-31,Nakuru,AGO,OMC_B,305.34,305.34,NORMAL,SYNTHETIC_SCENARIO
ORD-0009357,2026-12-31,Nakuru,AGO,OMC_C,71.93,71.93,NORMAL,SYNTHETIC_SCENARIO
ORD-0009358,2026-12-31,Nakuru,AGO,OMC_D,7.21,7.21,HIGH,SYNTHETIC_SCENARIO
ORD-0009359,2026-12-31,Nakuru,AGO,OMC_E,41.05,41.05,NORMAL,SYNTHETIC_SCENARIO
ORD-0009360,2026-12-31,Nakuru,AGO,OMC_F,114.38,114.38,NORMAL,SYNTHETIC_SCENARIO
ORD-0009361,2026-09-03,Nakuru,DPK,OMC_A,3.85,3.85,NORMAL,SYNTHETIC_SCENARIO
ORD-0009362,2026-09-03,Nakuru,DPK,OMC_B,0.9,0.9,NORMAL,SYNTHETIC_SCENARIO
ORD-0009363,2026-09-03,Nakuru,DPK,OMC_C,0.35,0.35,NORMAL,SYNTHETIC_SCENARIO
ORD-0009364,2026-09-03,Nakuru,DPK,OMC_D,0.9,0.9,NORMAL,SYNTHETIC_SCENARIO
ORD-0009365,2026-09-03,Nakuru,DPK,OMC_E,0.84,0.84,NORMAL,SYNTHETIC_SCENARIO
ORD-0009366,2026-09-03,Nakuru,DPK,OMC_F,0.78,0.78,NORMAL,SYNTHETIC_SCENARIO
ORD-0009367,2026-09-04,Nakuru,DPK,OMC_A,2.83,2.83,NORMAL,SYNTHETIC_SCENARIO
ORD-0009368,2026-09-04,Nakuru,DPK,OMC_B,1.89,1.89,HIGH,SYNTHETIC_SCENARIO
ORD-0009369,2026-09-04,Nakuru,DPK,OMC_C,0.26,0.26,NORMAL,SYNTHETIC_SCENARIO
ORD-0009370,2026-09-04,Nakuru,DPK,OMC_D,1.09,1.09,NORMAL,SYNTHETIC_SCENARIO
ORD-0009371,2026-09-04,Nakuru,DPK,OMC_E,0.67,0.67,NORMAL,SYNTHETIC_SCENARIO
ORD-0009372,2026-09-04,Nakuru,DPK,OMC_F,0.61,0.61,HIGH,SYNTHETIC_SCENARIO
ORD-0009373,2026-09-05,Nakuru,DPK,OMC_A,1.96,1.96,NORMAL,SYNTHETIC_SCENARIO
ORD-0009374,2026-09-05,Nakuru,DPK,OMC_B,2.29,2.29,NORMAL,SYNTHETIC_SCENARIO
ORD-0009375,2026-09-05,Nakuru,DPK,OMC_C,0.62,0.62,NORMAL,SYNTHETIC_SCENARIO
ORD-0009376,2026-09-05,Nakuru,DPK,OMC_D,1.59,1.59,NORMAL,SYNTHETIC_SCENARIO
ORD-0009377,2026-09-05,Nakuru,DPK,OMC_E,0.06,0.06,NORMAL,SYNTHETIC_SCENARIO
ORD-0009378,2026-09-05,Nakuru,DPK,OMC_F,0.42,0.42,NORMAL,SYNTHETIC_SCENARIO
ORD-0009379,2026-09-06,Nakuru,DPK,OMC_A,2.11,2.11,NORMAL,SYNTHETIC_SCENARIO
ORD-0009380,2026-09-06,Nakuru,DPK,OMC_B,0.56,0.56,NORMAL,SYNTHETIC_SCENARIO
ORD-0009381,2026-09-06,Nakuru,DPK,OMC_C,1.7,1.7,NORMAL,SYNTHETIC_SCENARIO
ORD-0009382,2026-09-06,Nakuru,DPK,OMC_D,0.85,0.85,NORMAL,SYNTHETIC_SCENARIO
ORD-0009383,2026-09-06,Nakuru,DPK,OMC_E,0.34,0.34,HIGH,SYNTHETIC_SCENARIO
ORD-0009384,2026-09-06,Nakuru,DPK,OMC_F,0.48,0.48,NORMAL,SYNTHETIC_SCENARIO
ORD-0009385,2026-09-07,Nakuru,DPK,OMC_A,1.61,1.61,NORMAL,SYNTHETIC_SCENARIO
ORD-0009386,2026-09-07,Nakuru,DPK,OMC_B,1.19,1.19,NORMAL,SYNTHETIC_SCENARIO
ORD-0009387,2026-09-07,Nakuru,DPK,OMC_C,1.7,1.7,NORMAL,SYNTHETIC_SCENARIO
ORD-0009388,2026-09-07,Nakuru,DPK,OMC_D,0.96,0.96,NORMAL,SYNTHETIC_SCENARIO
ORD-0009389,2026-09-07,Nakuru,DPK,OMC_E,1.11,1.11,NORMAL,SYNTHETIC_SCENARIO
ORD-0009390,2026-09-07,Nakuru,DPK,OMC_F,0.26,0.26,NORMAL,SYNTHETIC_SCENARIO
ORD-0009391,2026-09-08,Nakuru,DPK,OMC_A,0.68,0.68,NORMAL,SYNTHETIC_SCENARIO
ORD-0009392,2026-09-08,Nakuru,DPK,OMC_B,0.8,0.8,NORMAL,SYNTHETIC_SCENARIO
ORD-0009393,2026-09-08,Nakuru,DPK,OMC_C,0.3,0.3,NORMAL,SYNTHETIC_SCENARIO
ORD-0009394,2026-09-08,Nakuru,DPK,OMC_D,3.46,3.46,NORMAL,SYNTHETIC_SCENARIO
ORD-0009395,2026-09-08,Nakuru,DPK,OMC_E,1.06,1.06,HIGH,SYNTHETIC_SCENARIO
ORD-0009396,2026-09-08,Nakuru,DPK,OMC_F,0.62,0.62,NORMAL,SYNTHETIC_SCENARIO
ORD-0009397,2026-09-09,Nakuru,DPK,OMC_A,1.52,1.52,NORMAL,SYNTHETIC_SCENARIO
ORD-0009398,2026-09-09,Nakuru,DPK,OMC_B,1.91,1.91,NORMAL,SYNTHETIC_SCENARIO
ORD-0009399,2026-09-09,Nakuru,DPK,OMC_C,0.35,0.35,NORMAL,SYNTHETIC_SCENARIO
ORD-0009400,2026-09-09,Nakuru,DPK,OMC_D,1.56,1.56,NORMAL,SYNTHETIC_SCENARIO
ORD-0009401,2026-09-09,Nakuru,DPK,OMC_E,0.15,0.15,NORMAL,SYNTHETIC_SCENARIO
ORD-0009402,2026-09-09,Nakuru,DPK,OMC_F,0.48,0.48,NORMAL,SYNTHETIC_SCENARIO
ORD-0009403,2026-09-10,Nakuru,DPK,OMC_A,2.42,2.42,NORMAL,SYNTHETIC_SCENARIO
ORD-0009404,2026-09-10,Nakuru,DPK,OMC_B,0.25,0.25,NORMAL,SYNTHETIC_SCENARIO
ORD-0009405,2026-09-10,Nakuru,DPK,OMC_C,1.27,1.27,NORMAL,SYNTHETIC_SCENARIO
ORD-0009406,2026-09-10,Nakuru,DPK,OMC_D,2.19,2.19,NORMAL,SYNTHETIC_SCENARIO
ORD-0009407,2026-09-10,Nakuru,DPK,OMC_E,1.01,1.01,NORMAL,SYNTHETIC_SCENARIO
ORD-0009408,2026-09-10,Nakuru,DPK,OMC_F,0.06,0.06,NORMAL,SYNTHETIC_SCENARIO
ORD-0009409,2026-09-11,Nakuru,DPK,OMC_A,1.42,1.42,NORMAL,SYNTHETIC_SCENARIO
ORD-0009410,2026-09-11,Nakuru,DPK,OMC_B,1.36,1.36,NORMAL,SYNTHETIC_SCENARIO
ORD-0009411,2026-09-11,Nakuru,DPK,OMC_C,0.76,0.76,HIGH,SYNTHETIC_SCENARIO
ORD-0009412,2026-09-11,Nakuru,DPK,OMC_D,1.39,1.39,NORMAL,SYNTHETIC_SCENARIO
ORD-0009413,2026-09-11,Nakuru,DPK,OMC_E,2.01,2.01,NORMAL,SYNTHETIC_SCENARIO
ORD-0009414,2026-09-11,Nakuru,DPK,OMC_F,0.17,0.17,NORMAL,SYNTHETIC_SCENARIO
ORD-0009415,2026-09-12,Nakuru,DPK,OMC_A,1.3,1.3,NORMAL,SYNTHETIC_SCENARIO
ORD-0009416,2026-09-12,Nakuru,DPK,OMC_B,1.83,1.83,NORMAL,SYNTHETIC_SCENARIO
ORD-0009417,2026-09-12,Nakuru,DPK,OMC_C,1.12,1.12,NORMAL,SYNTHETIC_SCENARIO
ORD-0009418,2026-09-12,Nakuru,DPK,OMC_D,1.19,1.19,NORMAL,SYNTHETIC_SCENARIO
ORD-0009419,2026-09-12,Nakuru,DPK,OMC_E,0.22,0.22,NORMAL,SYNTHETIC_SCENARIO
ORD-0009420,2026-09-12,Nakuru,DPK,OMC_F,0.58,0.58,NORMAL,SYNTHETIC_SCENARIO
ORD-0009421,2026-09-13,Nakuru,DPK,OMC_A,2.57,2.57,NORMAL,SYNTHETIC_SCENARIO
ORD-0009422,2026-09-13,Nakuru,DPK,OMC_B,1.6,1.6,NORMAL,SYNTHETIC_SCENARIO
ORD-0009423,2026-09-13,Nakuru,DPK,OMC_C,0.91,0.91,NORMAL,SYNTHETIC_SCENARIO
ORD-0009424,2026-09-13,Nakuru,DPK,OMC_D,0.21,0.21,NORMAL,SYNTHETIC_SCENARIO
ORD-0009425,2026-09-13,Nakuru,DPK,OMC_E,1.5,1.5,NORMAL,SYNTHETIC_SCENARIO
ORD-0009426,2026-09-13,Nakuru,DPK,OMC_F,0.33,0.33,NORMAL,SYNTHETIC_SCENARIO
ORD-0009427,2026-09-14,Nakuru,DPK,OMC_A,1.23,1.23,NORMAL,SYNTHETIC_SCENARIO
ORD-0009428,2026-09-14,Nakuru,DPK,OMC_B,0.67,0.67,NORMAL,SYNTHETIC_SCENARIO
ORD-0009429,2026-09-14,Nakuru,DPK,OMC_C,0.79,0.79,NORMAL,SYNTHETIC_SCENARIO
ORD-0009430,2026-09-14,Nakuru,DPK,OMC_D,0.85,0.85,NORMAL,SYNTHETIC_SCENARIO
ORD-0009431,2026-09-14,Nakuru,DPK,OMC_E,0.39,0.39,NORMAL,SYNTHETIC_SCENARIO
ORD-0009432,2026-09-14,Nakuru,DPK,OMC_F,3.28,3.28,NORMAL,SYNTHETIC_SCENARIO
ORD-0009433,2026-09-15,Nakuru,DPK,OMC_A,1.98,1.98,NORMAL,SYNTHETIC_SCENARIO
ORD-0009434,2026-09-15,Nakuru,DPK,OMC_B,1.09,1.09,NORMAL,SYNTHETIC_SCENARIO
ORD-0009435,2026-09-15,Nakuru,DPK,OMC_C,1.74,1.74,HIGH,SYNTHETIC_SCENARIO
ORD-0009436,2026-09-15,Nakuru,DPK,OMC_D,1.13,1.13,NORMAL,SYNTHETIC_SCENARIO
ORD-0009437,2026-09-15,Nakuru,DPK,OMC_E,0.58,0.58,HIGH,SYNTHETIC_SCENARIO
ORD-0009438,2026-09-15,Nakuru,DPK,OMC_F,0.05,0.05,NORMAL,SYNTHETIC_SCENARIO
ORD-0009439,2026-09-16,Nakuru,DPK,OMC_A,2.53,2.53,NORMAL,SYNTHETIC_SCENARIO
ORD-0009440,2026-09-16,Nakuru,DPK,OMC_B,2.18,2.18,NORMAL,SYNTHETIC_SCENARIO
ORD-0009441,2026-09-16,Nakuru,DPK,OMC_C,0.17,0.17,NORMAL,SYNTHETIC_SCENARIO
ORD-0009442,2026-09-16,Nakuru,DPK,OMC_D,1.13,1.13,NORMAL,SYNTHETIC_SCENARIO
ORD-0009443,2026-09-16,Nakuru,DPK,OMC_E,0.24,0.24,NORMAL,SYNTHETIC_SCENARIO
ORD-0009444,2026-09-16,Nakuru,DPK,OMC_F,0.61,0.61,NORMAL,SYNTHETIC_SCENARIO
ORD-0009445,2026-09-17,Nakuru,DPK,OMC_A,0.92,0.92,NORMAL,SYNTHETIC_SCENARIO
ORD-0009446,2026-09-17,Nakuru,DPK,OMC_B,0.77,0.77,NORMAL,SYNTHETIC_SCENARIO
ORD-0009447,2026-09-17,Nakuru,DPK,OMC_C,2.96,2.96,NORMAL,SYNTHETIC_SCENARIO
ORD-0009448,2026-09-17,Nakuru,DPK,OMC_D,1.29,1.29,NORMAL,SYNTHETIC_SCENARIO
ORD-0009449,2026-09-17,Nakuru,DPK,OMC_E,0.87,0.87,NORMAL,SYNTHETIC_SCENARIO
ORD-0009450,2026-09-17,Nakuru,DPK,OMC_F,0.28,0.28,NORMAL,SYNTHETIC_SCENARIO
ORD-0009451,2026-09-18,Nakuru,DPK,OMC_A,0.42,0.42,NORMAL,SYNTHETIC_SCENARIO
ORD-0009452,2026-09-18,Nakuru,DPK,OMC_B,1.21,1.21,NORMAL,SYNTHETIC_SCENARIO
ORD-0009453,2026-09-18,Nakuru,DPK,OMC_C,1.61,1.61,NORMAL,SYNTHETIC_SCENARIO
ORD-0009454,2026-09-18,Nakuru,DPK,OMC_D,1.94,1.94,NORMAL,SYNTHETIC_SCENARIO
ORD-0009455,2026-09-18,Nakuru,DPK,OMC_E,1.92,1.92,NORMAL,SYNTHETIC_SCENARIO
ORD-0009456,2026-09-18,Nakuru,DPK,OMC_F,0.34,0.34,NORMAL,SYNTHETIC_SCENARIO
ORD-0009457,2026-09-19,Nakuru,DPK,OMC_A,2.25,2.25,NORMAL,SYNTHETIC_SCENARIO
ORD-0009458,2026-09-19,Nakuru,DPK,OMC_B,0.96,0.96,NORMAL,SYNTHETIC_SCENARIO
ORD-0009459,2026-09-19,Nakuru,DPK,OMC_C,0.91,0.91,NORMAL,SYNTHETIC_SCENARIO
ORD-0009460,2026-09-19,Nakuru,DPK,OMC_D,2.63,2.63,NORMAL,SYNTHETIC_SCENARIO
ORD-0009461,2026-09-19,Nakuru,DPK,OMC_E,0.22,0.22,NORMAL,SYNTHETIC_SCENARIO
ORD-0009462,2026-09-19,Nakuru,DPK,OMC_F,0.06,0.06,NORMAL,SYNTHETIC_SCENARIO
ORD-0009463,2026-09-20,Nakuru,DPK,OMC_A,2.59,2.59,NORMAL,SYNTHETIC_SCENARIO
ORD-0009464,2026-09-20,Nakuru,DPK,OMC_B,0.36,0.36,HIGH,SYNTHETIC_SCENARIO
ORD-0009465,2026-09-20,Nakuru,DPK,OMC_C,0.74,0.74,NORMAL,SYNTHETIC_SCENARIO
ORD-0009466,2026-09-20,Nakuru,DPK,OMC_D,1.21,1.21,NORMAL,SYNTHETIC_SCENARIO
ORD-0009467,2026-09-20,Nakuru,DPK,OMC_E,0.49,0.49,NORMAL,SYNTHETIC_SCENARIO
ORD-0009468,2026-09-20,Nakuru,DPK,OMC_F,0.78,0.78,NORMAL,SYNTHETIC_SCENARIO
ORD-0009469,2026-09-21,Nakuru,DPK,OMC_A,0.92,0.92,NORMAL,SYNTHETIC_SCENARIO
ORD-0009470,2026-09-21,Nakuru,DPK,OMC_B,0.64,0.64,NORMAL,SYNTHETIC_SCENARIO
ORD-0009471,2026-09-21,Nakuru,DPK,OMC_C,2.59,2.59,NORMAL,SYNTHETIC_SCENARIO
ORD-0009472,2026-09-21,Nakuru,DPK,OMC_D,0.07,0.07,NORMAL,SYNTHETIC_SCENARIO
ORD-0009473,2026-09-21,Nakuru,DPK,OMC_E,0.56,0.56,NORMAL,SYNTHETIC_SCENARIO
ORD-0009474,2026-09-21,Nakuru,DPK,OMC_F,2.4,2.4,NORMAL,SYNTHETIC_SCENARIO
ORD-0009475,2026-09-22,Nakuru,DPK,OMC_A,1.27,1.27,NORMAL,SYNTHETIC_SCENARIO
ORD-0009476,2026-09-22,Nakuru,DPK,OMC_B,1.32,1.32,NORMAL,SYNTHETIC_SCENARIO
ORD-0009477,2026-09-22,Nakuru,DPK,OMC_C,1.15,1.15,NORMAL,SYNTHETIC_SCENARIO
ORD-0009478,2026-09-22,Nakuru,DPK,OMC_D,2.5,2.5,NORMAL,SYNTHETIC_SCENARIO
ORD-0009479,2026-09-22,Nakuru,DPK,OMC_E,0.08,0.08,NORMAL,SYNTHETIC_SCENARIO
ORD-0009480,2026-09-22,Nakuru,DPK,OMC_F,0.25,0.25,NORMAL,SYNTHETIC_SCENARIO
ORD-0009481,2026-09-23,Nakuru,DPK,OMC_A,3.2,3.2,NORMAL,SYNTHETIC_SCENARIO
ORD-0009482,2026-09-23,Nakuru,DPK,OMC_B,0.97,0.97,NORMAL,SYNTHETIC_SCENARIO
ORD-0009483,2026-09-23,Nakuru,DPK,OMC_C,0.74,0.74,NORMAL,SYNTHETIC_SCENARIO
ORD-0009484,2026-09-23,Nakuru,DPK,OMC_D,0.96,0.96,NORMAL,SYNTHETIC_SCENARIO
ORD-0009485,2026-09-23,Nakuru,DPK,OMC_E,0.55,0.55,NORMAL,SYNTHETIC_SCENARIO
ORD-0009486,2026-09-23,Nakuru,DPK,OMC_F,0.67,0.67,NORMAL,SYNTHETIC_SCENARIO
ORD-0009487,2026-09-24,Nakuru,DPK,OMC_A,0.98,0.98,NORMAL,SYNTHETIC_SCENARIO
ORD-0009488,2026-09-24,Nakuru,DPK,OMC_B,2.87,2.87,NORMAL,SYNTHETIC_SCENARIO
ORD-0009489,2026-09-24,Nakuru,DPK,OMC_C,0.55,0.55,NORMAL,SYNTHETIC_SCENARIO
ORD-0009490,2026-09-24,Nakuru,DPK,OMC_D,0.53,0.53,NORMAL,SYNTHETIC_SCENARIO
ORD-0009491,2026-09-24,Nakuru,DPK,OMC_E,1.15,1.15,NORMAL,SYNTHETIC_SCENARIO
ORD-0009492,2026-09-24,Nakuru,DPK,OMC_F,0.63,0.63,NORMAL,SYNTHETIC_SCENARIO
ORD-0009493,2026-09-25,Nakuru,DPK,OMC_A,1.58,1.58,NORMAL,SYNTHETIC_SCENARIO
ORD-0009494,2026-09-25,Nakuru,DPK,OMC_B,2.64,2.64,NORMAL,SYNTHETIC_SCENARIO
ORD-0009495,2026-09-25,Nakuru,DPK,OMC_C,0.3,0.3,NORMAL,SYNTHETIC_SCENARIO
ORD-0009496,2026-09-25,Nakuru,DPK,OMC_D,0.77,0.77,NORMAL,SYNTHETIC_SCENARIO
ORD-0009497,2026-09-25,Nakuru,DPK,OMC_E,1.59,1.59,NORMAL,SYNTHETIC_SCENARIO
ORD-0009498,2026-09-25,Nakuru,DPK,OMC_F,0.19,0.19,NORMAL,SYNTHETIC_SCENARIO
ORD-0009499,2026-09-26,Nakuru,DPK,OMC_A,1.1,1.1,NORMAL,SYNTHETIC_SCENARIO
ORD-0009500,2026-09-26,Nakuru,DPK,OMC_B,0.49,0.49,NORMAL,SYNTHETIC_SCENARIO
ORD-0009501,2026-09-26,Nakuru,DPK,OMC_C,3.15,3.15,NORMAL,SYNTHETIC_SCENARIO
ORD-0009502,2026-09-26,Nakuru,DPK,OMC_D,0.96,0.96,NORMAL,SYNTHETIC_SCENARIO
ORD-0009503,2026-09-26,Nakuru,DPK,OMC_E,0.83,0.83,NORMAL,SYNTHETIC_SCENARIO
ORD-0009504,2026-09-26,Nakuru,DPK,OMC_F,0.09,0.09,NORMAL,SYNTHETIC_SCENARIO
ORD-0009505,2026-09-27,Nakuru,DPK,OMC_A,0.89,0.89,NORMAL,SYNTHETIC_SCENARIO
ORD-0009506,2026-09-27,Nakuru,DPK,OMC_B,1.15,1.15,NORMAL,SYNTHETIC_SCENARIO
ORD-0009507,2026-09-27,Nakuru,DPK,OMC_C,0.9,0.9,NORMAL,SYNTHETIC_SCENARIO
ORD-0009508,2026-09-27,Nakuru,DPK,OMC_D,0.99,0.99,NORMAL,SYNTHETIC_SCENARIO
ORD-0009509,2026-09-27,Nakuru,DPK,OMC_E,0.2,0.2,NORMAL,SYNTHETIC_SCENARIO
ORD-0009510,2026-09-27,Nakuru,DPK,OMC_F,1.42,1.42,NORMAL,SYNTHETIC_SCENARIO
ORD-0009511,2026-09-28,Nakuru,DPK,OMC_A,2.52,2.52,NORMAL,SYNTHETIC_SCENARIO
ORD-0009512,2026-09-28,Nakuru,DPK,OMC_B,0.18,0.18,NORMAL,SYNTHETIC_SCENARIO
ORD-0009513,2026-09-28,Nakuru,DPK,OMC_C,0.59,0.59,NORMAL,SYNTHETIC_SCENARIO
ORD-0009514,2026-09-28,Nakuru,DPK,OMC_D,3.08,3.08,NORMAL,SYNTHETIC_SCENARIO
ORD-0009515,2026-09-28,Nakuru,DPK,OMC_E,0.44,0.44,NORMAL,SYNTHETIC_SCENARIO
ORD-0009516,2026-09-28,Nakuru,DPK,OMC_F,0.33,0.33,NORMAL,SYNTHETIC_SCENARIO
ORD-0009517,2026-09-29,Nakuru,DPK,OMC_A,2.42,2.42,NORMAL,SYNTHETIC_SCENARIO
ORD-0009518,2026-09-29,Nakuru,DPK,OMC_B,0.85,0.85,NORMAL,SYNTHETIC_SCENARIO
ORD-0009519,2026-09-29,Nakuru,DPK,OMC_C,1.3,1.3,NORMAL,SYNTHETIC_SCENARIO
ORD-0009520,2026-09-29,Nakuru,DPK,OMC_D,1.52,1.52,NORMAL,SYNTHETIC_SCENARIO
ORD-0009521,2026-09-29,Nakuru,DPK,OMC_E,0.45,0.45,NORMAL,SYNTHETIC_SCENARIO
ORD-0009522,2026-09-29,Nakuru,DPK,OMC_F,1.19,1.19,NORMAL,SYNTHETIC_SCENARIO
ORD-0009523,2026-09-30,Nakuru,DPK,OMC_A,2.09,2.09,NORMAL,SYNTHETIC_SCENARIO
ORD-0009524,2026-09-30,Nakuru,DPK,OMC_B,2.36,2.36,NORMAL,SYNTHETIC_SCENARIO
ORD-0009525,2026-09-30,Nakuru,DPK,OMC_C,0.92,0.92,NORMAL,SYNTHETIC_SCENARIO
ORD-0009526,2026-09-30,Nakuru,DPK,OMC_D,0.43,0.43,NORMAL,SYNTHETIC_SCENARIO
ORD-0009527,2026-09-30,Nakuru,DPK,OMC_E,0.47,0.47,HIGH,SYNTHETIC_SCENARIO
ORD-0009528,2026-09-30,Nakuru,DPK,OMC_F,0.44,0.44,NORMAL,SYNTHETIC_SCENARIO
ORD-0009529,2026-10-01,Nakuru,DPK,OMC_A,1.5,1.5,NORMAL,SYNTHETIC_SCENARIO
ORD-0009530,2026-10-01,Nakuru,DPK,OMC_B,1.58,1.58,NORMAL,SYNTHETIC_SCENARIO
ORD-0009531,2026-10-01,Nakuru,DPK,OMC_C,1.3,1.3,NORMAL,SYNTHETIC_SCENARIO
ORD-0009532,2026-10-01,Nakuru,DPK,OMC_D,2.25,2.25,NORMAL,SYNTHETIC_SCENARIO
ORD-0009533,2026-10-01,Nakuru,DPK,OMC_E,0.49,0.49,HIGH,SYNTHETIC_SCENARIO
ORD-0009534,2026-10-01,Nakuru,DPK,OMC_F,0.33,0.33,NORMAL,SYNTHETIC_SCENARIO
ORD-0009535,2026-10-02,Nakuru,DPK,OMC_A,1.08,1.08,NORMAL,SYNTHETIC_SCENARIO
ORD-0009536,2026-10-02,Nakuru,DPK,OMC_B,0.77,0.77,NORMAL,SYNTHETIC_SCENARIO
ORD-0009537,2026-10-02,Nakuru,DPK,OMC_C,0.89,0.89,NORMAL,SYNTHETIC_SCENARIO
ORD-0009538,2026-10-02,Nakuru,DPK,OMC_D,1.85,1.85,NORMAL,SYNTHETIC_SCENARIO
ORD-0009539,2026-10-02,Nakuru,DPK,OMC_E,3.46,3.46,HIGH,SYNTHETIC_SCENARIO
ORD-0009540,2026-10-02,Nakuru,DPK,OMC_F,0.08,0.08,HIGH,SYNTHETIC_SCENARIO
ORD-0009541,2026-10-03,Nakuru,DPK,OMC_A,0.81,0.81,HIGH,SYNTHETIC_SCENARIO
ORD-0009542,2026-10-03,Nakuru,DPK,OMC_B,0.6,0.6,HIGH,SYNTHETIC_SCENARIO
ORD-0009543,2026-10-03,Nakuru,DPK,OMC_C,1.66,1.66,NORMAL,SYNTHETIC_SCENARIO
ORD-0009544,2026-10-03,Nakuru,DPK,OMC_D,1.86,1.86,NORMAL,SYNTHETIC_SCENARIO
ORD-0009545,2026-10-03,Nakuru,DPK,OMC_E,0.05,0.05,NORMAL,SYNTHETIC_SCENARIO
ORD-0009546,2026-10-03,Nakuru,DPK,OMC_F,1.97,1.97,NORMAL,SYNTHETIC_SCENARIO
ORD-0009547,2026-10-04,Nakuru,DPK,OMC_A,1.31,1.31,NORMAL,SYNTHETIC_SCENARIO
ORD-0009548,2026-10-04,Nakuru,DPK,OMC_B,1.56,1.56,NORMAL,SYNTHETIC_SCENARIO
ORD-0009549,2026-10-04,Nakuru,DPK,OMC_C,0.84,0.84,NORMAL,SYNTHETIC_SCENARIO
ORD-0009550,2026-10-04,Nakuru,DPK,OMC_D,1.48,1.48,NORMAL,SYNTHETIC_SCENARIO
ORD-0009551,2026-10-04,Nakuru,DPK,OMC_E,0.46,0.46,NORMAL,SYNTHETIC_SCENARIO
ORD-0009552,2026-10-04,Nakuru,DPK,OMC_F,0.75,0.75,NORMAL,SYNTHETIC_SCENARIO
ORD-0009553,2026-10-05,Nakuru,DPK,OMC_A,0.88,0.88,NORMAL,SYNTHETIC_SCENARIO
ORD-0009554,2026-10-05,Nakuru,DPK,OMC_B,0.78,0.78,NORMAL,SYNTHETIC_SCENARIO
ORD-0009555,2026-10-05,Nakuru,DPK,OMC_C,1.49,1.49,NORMAL,SYNTHETIC_SCENARIO
ORD-0009556,2026-10-05,Nakuru,DPK,OMC_D,1.99,1.99,NORMAL,SYNTHETIC_SCENARIO
ORD-0009557,2026-10-05,Nakuru,DPK,OMC_E,1.6,1.6,NORMAL,SYNTHETIC_SCENARIO
ORD-0009558,2026-10-05,Nakuru,DPK,OMC_F,0.04,0.04,NORMAL,SYNTHETIC_SCENARIO
ORD-0009559,2026-10-06,Nakuru,DPK,OMC_A,3.11,3.11,NORMAL,SYNTHETIC_SCENARIO
ORD-0009560,2026-10-06,Nakuru,DPK,OMC_B,2.02,2.02,NORMAL,SYNTHETIC_SCENARIO
ORD-0009561,2026-10-06,Nakuru,DPK,OMC_C,0.31,0.31,NORMAL,SYNTHETIC_SCENARIO
ORD-0009562,2026-10-06,Nakuru,DPK,OMC_D,1.19,1.19,NORMAL,SYNTHETIC_SCENARIO
ORD-0009563,2026-10-06,Nakuru,DPK,OMC_E,0.2,0.2,NORMAL,SYNTHETIC_SCENARIO
ORD-0009564,2026-10-06,Nakuru,DPK,OMC_F,0.1,0.1,NORMAL,SYNTHETIC_SCENARIO
ORD-0009565,2026-10-07,Nakuru,DPK,OMC_A,0.24,0.24,NORMAL,SYNTHETIC_SCENARIO
ORD-0009566,2026-10-07,Nakuru,DPK,OMC_B,2.63,2.63,NORMAL,SYNTHETIC_SCENARIO
ORD-0009567,2026-10-07,Nakuru,DPK,OMC_C,1.19,1.19,NORMAL,SYNTHETIC_SCENARIO
ORD-0009568,2026-10-07,Nakuru,DPK,OMC_D,1.63,1.63,NORMAL,SYNTHETIC_SCENARIO
ORD-0009569,2026-10-07,Nakuru,DPK,OMC_E,1.22,1.22,NORMAL,SYNTHETIC_SCENARIO
ORD-0009570,2026-10-07,Nakuru,DPK,OMC_F,0.65,0.65,HIGH,SYNTHETIC_SCENARIO
ORD-0009571,2026-10-08,Nakuru,DPK,OMC_A,1.03,1.03,NORMAL,SYNTHETIC_SCENARIO
ORD-0009572,2026-10-08,Nakuru,DPK,OMC_B,1.46,1.46,NORMAL,SYNTHETIC_SCENARIO
ORD-0009573,2026-10-08,Nakuru,DPK,OMC_C,2.74,2.74,NORMAL,SYNTHETIC_SCENARIO
ORD-0009574,2026-10-08,Nakuru,DPK,OMC_D,1.25,1.25,NORMAL,SYNTHETIC_SCENARIO
ORD-0009575,2026-10-08,Nakuru,DPK,OMC_E,1.25,1.25,HIGH,SYNTHETIC_SCENARIO
ORD-0009576,2026-10-08,Nakuru,DPK,OMC_F,0.29,0.29,NORMAL,SYNTHETIC_SCENARIO
ORD-0009577,2026-10-09,Nakuru,DPK,OMC_A,3.47,3.47,NORMAL,SYNTHETIC_SCENARIO
ORD-0009578,2026-10-09,Nakuru,DPK,OMC_B,0.66,0.66,NORMAL,SYNTHETIC_SCENARIO
ORD-0009579,2026-10-09,Nakuru,DPK,OMC_C,0.96,0.96,NORMAL,SYNTHETIC_SCENARIO
ORD-0009580,2026-10-09,Nakuru,DPK,OMC_D,1.7,1.7,NORMAL,SYNTHETIC_SCENARIO
ORD-0009581,2026-10-09,Nakuru,DPK,OMC_E,1.08,1.08,NORMAL,SYNTHETIC_SCENARIO
ORD-0009582,2026-10-09,Nakuru,DPK,OMC_F,0.15,0.15,NORMAL,SYNTHETIC_SCENARIO
ORD-0009583,2026-10-10,Nakuru,DPK,OMC_A,2.58,2.58,NORMAL,SYNTHETIC_SCENARIO
ORD-0009584,2026-10-10,Nakuru,DPK,OMC_B,1.36,1.36,NORMAL,SYNTHETIC_SCENARIO
ORD-0009585,2026-10-10,Nakuru,DPK,OMC_C,1.42,1.42,HIGH,SYNTHETIC_SCENARIO
ORD-0009586,2026-10-10,Nakuru,DPK,OMC_D,0.73,0.73,NORMAL,SYNTHETIC_SCENARIO
ORD-0009587,2026-10-10,Nakuru,DPK,OMC_E,0.03,0.03,NORMAL,SYNTHETIC_SCENARIO
ORD-0009588,2026-10-10,Nakuru,DPK,OMC_F,0.34,0.34,NORMAL,SYNTHETIC_SCENARIO
ORD-0009589,2026-10-11,Nakuru,DPK,OMC_A,1.02,1.02,NORMAL,SYNTHETIC_SCENARIO
ORD-0009590,2026-10-11,Nakuru,DPK,OMC_B,0.72,0.72,NORMAL,SYNTHETIC_SCENARIO
ORD-0009591,2026-10-11,Nakuru,DPK,OMC_C,2.31,2.31,NORMAL,SYNTHETIC_SCENARIO
ORD-0009592,2026-10-11,Nakuru,DPK,OMC_D,1.57,1.57,NORMAL,SYNTHETIC_SCENARIO
ORD-0009593,2026-10-11,Nakuru,DPK,OMC_E,0.23,0.23,NORMAL,SYNTHETIC_SCENARIO
ORD-0009594,2026-10-11,Nakuru,DPK,OMC_F,0.41,0.41,NORMAL,SYNTHETIC_SCENARIO
ORD-0009595,2026-10-12,Nakuru,DPK,OMC_A,2.13,2.13,NORMAL,SYNTHETIC_SCENARIO
ORD-0009596,2026-10-12,Nakuru,DPK,OMC_B,2.06,2.06,NORMAL,SYNTHETIC_SCENARIO
ORD-0009597,2026-10-12,Nakuru,DPK,OMC_C,2.12,2.12,NORMAL,SYNTHETIC_SCENARIO
ORD-0009598,2026-10-12,Nakuru,DPK,OMC_D,0.94,0.94,NORMAL,SYNTHETIC_SCENARIO
ORD-0009599,2026-10-12,Nakuru,DPK,OMC_E,0.86,0.86,NORMAL,SYNTHETIC_SCENARIO
ORD-0009600,2026-10-12,Nakuru,DPK,OMC_F,0.33,0.33,NORMAL,SYNTHETIC_SCENARIO
ORD-0009601,2026-10-13,Nakuru,DPK,OMC_A,2.04,2.04,NORMAL,SYNTHETIC_SCENARIO
ORD-0009602,2026-10-13,Nakuru,DPK,OMC_B,0.92,0.92,NORMAL,SYNTHETIC_SCENARIO
ORD-0009603,2026-10-13,Nakuru,DPK,OMC_C,1.29,1.29,NORMAL,SYNTHETIC_SCENARIO
ORD-0009604,2026-10-13,Nakuru,DPK,OMC_D,1.16,1.16,NORMAL,SYNTHETIC_SCENARIO
ORD-0009605,2026-10-13,Nakuru,DPK,OMC_E,0.67,0.67,NORMAL,SYNTHETIC_SCENARIO
ORD-0009606,2026-10-13,Nakuru,DPK,OMC_F,0.85,0.85,HIGH,SYNTHETIC_SCENARIO
ORD-0009607,2026-10-14,Nakuru,DPK,OMC_A,2.11,2.11,NORMAL,SYNTHETIC_SCENARIO
ORD-0009608,2026-10-14,Nakuru,DPK,OMC_B,0.87,0.87,NORMAL,SYNTHETIC_SCENARIO
ORD-0009609,2026-10-14,Nakuru,DPK,OMC_C,0.26,0.26,NORMAL,SYNTHETIC_SCENARIO
ORD-0009610,2026-10-14,Nakuru,DPK,OMC_D,2.05,2.05,HIGH,SYNTHETIC_SCENARIO
ORD-0009611,2026-10-14,Nakuru,DPK,OMC_E,0.51,0.51,NORMAL,SYNTHETIC_SCENARIO
ORD-0009612,2026-10-14,Nakuru,DPK,OMC_F,1.43,1.43,NORMAL,SYNTHETIC_SCENARIO
ORD-0009613,2026-10-15,Nakuru,DPK,OMC_A,2.8,2.8,NORMAL,SYNTHETIC_SCENARIO
ORD-0009614,2026-10-15,Nakuru,DPK,OMC_B,1.36,1.36,NORMAL,SYNTHETIC_SCENARIO
ORD-0009615,2026-10-15,Nakuru,DPK,OMC_C,0.87,0.87,NORMAL,SYNTHETIC_SCENARIO
ORD-0009616,2026-10-15,Nakuru,DPK,OMC_D,0.28,0.28,HIGH,SYNTHETIC_SCENARIO
ORD-0009617,2026-10-15,Nakuru,DPK,OMC_E,1.19,1.19,NORMAL,SYNTHETIC_SCENARIO
ORD-0009618,2026-10-15,Nakuru,DPK,OMC_F,0.43,0.43,NORMAL,SYNTHETIC_SCENARIO
ORD-0009619,2026-10-16,Nakuru,DPK,OMC_A,0.71,0.71,NORMAL,SYNTHETIC_SCENARIO
ORD-0009620,2026-10-16,Nakuru,DPK,OMC_B,5.43,5.43,NORMAL,SYNTHETIC_SCENARIO
ORD-0009621,2026-10-16,Nakuru,DPK,OMC_C,1.05,1.05,NORMAL,SYNTHETIC_SCENARIO
ORD-0009622,2026-10-16,Nakuru,DPK,OMC_D,0.14,0.14,NORMAL,SYNTHETIC_SCENARIO
ORD-0009623,2026-10-16,Nakuru,DPK,OMC_E,0.68,0.68,NORMAL,SYNTHETIC_SCENARIO
ORD-0009624,2026-10-16,Nakuru,DPK,OMC_F,0.13,0.13,NORMAL,SYNTHETIC_SCENARIO
ORD-0009625,2026-10-17,Nakuru,DPK,OMC_A,2.29,2.29,NORMAL,SYNTHETIC_SCENARIO
ORD-0009626,2026-10-17,Nakuru,DPK,OMC_B,1.47,1.47,NORMAL,SYNTHETIC_SCENARIO
ORD-0009627,2026-10-17,Nakuru,DPK,OMC_C,0.86,0.86,HIGH,SYNTHETIC_SCENARIO
ORD-0009628,2026-10-17,Nakuru,DPK,OMC_D,0.7,0.7,NORMAL,SYNTHETIC_SCENARIO
ORD-0009629,2026-10-17,Nakuru,DPK,OMC_E,0.94,0.94,NORMAL,SYNTHETIC_SCENARIO
ORD-0009630,2026-10-17,Nakuru,DPK,OMC_F,0.56,0.56,NORMAL,SYNTHETIC_SCENARIO
ORD-0009631,2026-10-18,Nakuru,DPK,OMC_A,0.73,0.73,NORMAL,SYNTHETIC_SCENARIO
ORD-0009632,2026-10-18,Nakuru,DPK,OMC_B,2.11,2.11,NORMAL,SYNTHETIC_SCENARIO
ORD-0009633,2026-10-18,Nakuru,DPK,OMC_C,0.03,0.03,NORMAL,SYNTHETIC_SCENARIO
ORD-0009634,2026-10-18,Nakuru,DPK,OMC_D,1.33,1.33,NORMAL,SYNTHETIC_SCENARIO
ORD-0009635,2026-10-18,Nakuru,DPK,OMC_E,0.99,0.99,NORMAL,SYNTHETIC_SCENARIO
ORD-0009636,2026-10-18,Nakuru,DPK,OMC_F,0.37,0.37,NORMAL,SYNTHETIC_SCENARIO
ORD-0009637,2026-10-19,Nakuru,DPK,OMC_A,2.95,2.95,NORMAL,SYNTHETIC_SCENARIO
ORD-0009638,2026-10-19,Nakuru,DPK,OMC_B,0.63,0.63,NORMAL,SYNTHETIC_SCENARIO
ORD-0009639,2026-10-19,Nakuru,DPK,OMC_C,0.11,0.11,NORMAL,SYNTHETIC_SCENARIO
ORD-0009640,2026-10-19,Nakuru,DPK,OMC_D,1.63,1.63,NORMAL,SYNTHETIC_SCENARIO
ORD-0009641,2026-10-19,Nakuru,DPK,OMC_E,1.34,1.34,NORMAL,SYNTHETIC_SCENARIO
ORD-0009642,2026-10-19,Nakuru,DPK,OMC_F,0.92,0.92,NORMAL,SYNTHETIC_SCENARIO
ORD-0009643,2026-10-20,Nakuru,DPK,OMC_A,2.4,2.4,NORMAL,SYNTHETIC_SCENARIO
ORD-0009644,2026-10-20,Nakuru,DPK,OMC_B,1.11,1.11,HIGH,SYNTHETIC_SCENARIO
ORD-0009645,2026-10-20,Nakuru,DPK,OMC_C,1.76,1.76,NORMAL,SYNTHETIC_SCENARIO
ORD-0009646,2026-10-20,Nakuru,DPK,OMC_D,0.91,0.91,NORMAL,SYNTHETIC_SCENARIO
ORD-0009647,2026-10-20,Nakuru,DPK,OMC_E,1.01,1.01,HIGH,SYNTHETIC_SCENARIO
ORD-0009648,2026-10-20,Nakuru,DPK,OMC_F,0.13,0.13,NORMAL,SYNTHETIC_SCENARIO
ORD-0009649,2026-10-21,Nakuru,DPK,OMC_A,3.29,3.29,NORMAL,SYNTHETIC_SCENARIO
ORD-0009650,2026-10-21,Nakuru,DPK,OMC_B,1.46,1.46,NORMAL,SYNTHETIC_SCENARIO
ORD-0009651,2026-10-21,Nakuru,DPK,OMC_C,0.29,0.29,NORMAL,SYNTHETIC_SCENARIO
ORD-0009652,2026-10-21,Nakuru,DPK,OMC_D,0.83,0.83,NORMAL,SYNTHETIC_SCENARIO
ORD-0009653,2026-10-21,Nakuru,DPK,OMC_E,1.38,1.38,NORMAL,SYNTHETIC_SCENARIO
ORD-0009654,2026-10-21,Nakuru,DPK,OMC_F,0.04,0.04,NORMAL,SYNTHETIC_SCENARIO
ORD-0009655,2026-10-22,Nakuru,DPK,OMC_A,2.21,2.21,NORMAL,SYNTHETIC_SCENARIO
ORD-0009656,2026-10-22,Nakuru,DPK,OMC_B,1.48,1.48,NORMAL,SYNTHETIC_SCENARIO
ORD-0009657,2026-10-22,Nakuru,DPK,OMC_C,3.48,3.48,NORMAL,SYNTHETIC_SCENARIO
ORD-0009658,2026-10-22,Nakuru,DPK,OMC_D,0.45,0.45,NORMAL,SYNTHETIC_SCENARIO
ORD-0009659,2026-10-22,Nakuru,DPK,OMC_E,0.19,0.19,NORMAL,SYNTHETIC_SCENARIO
ORD-0009660,2026-10-22,Nakuru,DPK,OMC_F,0.41,0.41,NORMAL,SYNTHETIC_SCENARIO
ORD-0009661,2026-10-23,Nakuru,DPK,OMC_A,3.22,3.22,NORMAL,SYNTHETIC_SCENARIO
ORD-0009662,2026-10-23,Nakuru,DPK,OMC_B,0.38,0.38,NORMAL,SYNTHETIC_SCENARIO
ORD-0009663,2026-10-23,Nakuru,DPK,OMC_C,1.55,1.55,NORMAL,SYNTHETIC_SCENARIO
ORD-0009664,2026-10-23,Nakuru,DPK,OMC_D,0.84,0.84,NORMAL,SYNTHETIC_SCENARIO
ORD-0009665,2026-10-23,Nakuru,DPK,OMC_E,0.3,0.3,NORMAL,SYNTHETIC_SCENARIO
ORD-0009666,2026-10-23,Nakuru,DPK,OMC_F,1.64,1.64,NORMAL,SYNTHETIC_SCENARIO
ORD-0009667,2026-10-24,Nakuru,DPK,OMC_A,1.65,1.65,NORMAL,SYNTHETIC_SCENARIO
ORD-0009668,2026-10-24,Nakuru,DPK,OMC_B,0.69,0.69,NORMAL,SYNTHETIC_SCENARIO
ORD-0009669,2026-10-24,Nakuru,DPK,OMC_C,0.65,0.65,NORMAL,SYNTHETIC_SCENARIO
ORD-0009670,2026-10-24,Nakuru,DPK,OMC_D,2.1,2.1,NORMAL,SYNTHETIC_SCENARIO
ORD-0009671,2026-10-24,Nakuru,DPK,OMC_E,0.2,0.2,NORMAL,SYNTHETIC_SCENARIO
ORD-0009672,2026-10-24,Nakuru,DPK,OMC_F,1.52,1.52,NORMAL,SYNTHETIC_SCENARIO
ORD-0009673,2026-10-25,Nakuru,DPK,OMC_A,1.95,1.95,NORMAL,SYNTHETIC_SCENARIO
ORD-0009674,2026-10-25,Nakuru,DPK,OMC_B,2.13,2.13,NORMAL,SYNTHETIC_SCENARIO
ORD-0009675,2026-10-25,Nakuru,DPK,OMC_C,1.24,1.24,NORMAL,SYNTHETIC_SCENARIO
ORD-0009676,2026-10-25,Nakuru,DPK,OMC_D,0.6,0.6,NORMAL,SYNTHETIC_SCENARIO
ORD-0009677,2026-10-25,Nakuru,DPK,OMC_E,0.34,0.34,NORMAL,SYNTHETIC_SCENARIO
ORD-0009678,2026-10-25,Nakuru,DPK,OMC_F,0.03,0.03,NORMAL,SYNTHETIC_SCENARIO
ORD-0009679,2026-10-26,Nakuru,DPK,OMC_A,2.07,2.07,NORMAL,SYNTHETIC_SCENARIO
ORD-0009680,2026-10-26,Nakuru,DPK,OMC_B,1.34,1.34,NORMAL,SYNTHETIC_SCENARIO
ORD-0009681,2026-10-26,Nakuru,DPK,OMC_C,0.81,0.81,NORMAL,SYNTHETIC_SCENARIO
ORD-0009682,2026-10-26,Nakuru,DPK,OMC_D,1.26,1.26,NORMAL,SYNTHETIC_SCENARIO
ORD-0009683,2026-10-26,Nakuru,DPK,OMC_E,1.1,1.1,NORMAL,SYNTHETIC_SCENARIO
ORD-0009684,2026-10-26,Nakuru,DPK,OMC_F,0.44,0.44,NORMAL,SYNTHETIC_SCENARIO
ORD-0009685,2026-10-27,Nakuru,DPK,OMC_A,1.18,1.18,HIGH,SYNTHETIC_SCENARIO
ORD-0009686,2026-10-27,Nakuru,DPK,OMC_B,0.77,0.77,NORMAL,SYNTHETIC_SCENARIO
ORD-0009687,2026-10-27,Nakuru,DPK,OMC_C,3.89,3.89,HIGH,SYNTHETIC_SCENARIO
ORD-0009688,2026-10-27,Nakuru,DPK,OMC_D,0.66,0.66,NORMAL,SYNTHETIC_SCENARIO
ORD-0009689,2026-10-27,Nakuru,DPK,OMC_E,0.15,0.15,NORMAL,SYNTHETIC_SCENARIO
ORD-0009690,2026-10-27,Nakuru,DPK,OMC_F,0.86,0.86,NORMAL,SYNTHETIC_SCENARIO
ORD-0009691,2026-10-28,Nakuru,DPK,OMC_A,1.75,1.75,NORMAL,SYNTHETIC_SCENARIO
ORD-0009692,2026-10-28,Nakuru,DPK,OMC_B,2.69,2.69,NORMAL,SYNTHETIC_SCENARIO
ORD-0009693,2026-10-28,Nakuru,DPK,OMC_C,1.72,1.72,NORMAL,SYNTHETIC_SCENARIO
ORD-0009694,2026-10-28,Nakuru,DPK,OMC_D,0.35,0.35,NORMAL,SYNTHETIC_SCENARIO
ORD-0009695,2026-10-28,Nakuru,DPK,OMC_E,0.19,0.19,NORMAL,SYNTHETIC_SCENARIO
ORD-0009696,2026-10-28,Nakuru,DPK,OMC_F,0.06,0.06,HIGH,SYNTHETIC_SCENARIO
ORD-0009697,2026-10-29,Nakuru,DPK,OMC_A,5.24,5.24,NORMAL,SYNTHETIC_SCENARIO
ORD-0009698,2026-10-29,Nakuru,DPK,OMC_B,1.27,1.27,NORMAL,SYNTHETIC_SCENARIO
ORD-0009699,2026-10-29,Nakuru,DPK,OMC_C,0.74,0.74,NORMAL,SYNTHETIC_SCENARIO
ORD-0009700,2026-10-29,Nakuru,DPK,OMC_D,0.11,0.11,NORMAL,SYNTHETIC_SCENARIO
ORD-0009701,2026-10-29,Nakuru,DPK,OMC_E,0.44,0.44,NORMAL,SYNTHETIC_SCENARIO
ORD-0009702,2026-10-29,Nakuru,DPK,OMC_F,0.04,0.04,NORMAL,SYNTHETIC_SCENARIO
ORD-0009703,2026-10-30,Nakuru,DPK,OMC_A,0.7,0.7,NORMAL,SYNTHETIC_SCENARIO
ORD-0009704,2026-10-30,Nakuru,DPK,OMC_B,2.66,2.66,HIGH,SYNTHETIC_SCENARIO
ORD-0009705,2026-10-30,Nakuru,DPK,OMC_C,1.3,1.3,NORMAL,SYNTHETIC_SCENARIO
ORD-0009706,2026-10-30,Nakuru,DPK,OMC_D,0.39,0.39,NORMAL,SYNTHETIC_SCENARIO
ORD-0009707,2026-10-30,Nakuru,DPK,OMC_E,1.75,1.75,NORMAL,SYNTHETIC_SCENARIO
ORD-0009708,2026-10-30,Nakuru,DPK,OMC_F,0.56,0.56,NORMAL,SYNTHETIC_SCENARIO
ORD-0009709,2026-10-31,Nakuru,DPK,OMC_A,3.09,3.09,NORMAL,SYNTHETIC_SCENARIO
ORD-0009710,2026-10-31,Nakuru,DPK,OMC_B,1.36,1.36,HIGH,SYNTHETIC_SCENARIO
ORD-0009711,2026-10-31,Nakuru,DPK,OMC_C,1.83,1.83,NORMAL,SYNTHETIC_SCENARIO
ORD-0009712,2026-10-31,Nakuru,DPK,OMC_D,0.46,0.46,NORMAL,SYNTHETIC_SCENARIO
ORD-0009713,2026-10-31,Nakuru,DPK,OMC_E,0.1,0.1,NORMAL,SYNTHETIC_SCENARIO
ORD-0009714,2026-10-31,Nakuru,DPK,OMC_F,0.13,0.13,NORMAL,SYNTHETIC_SCENARIO
ORD-0009715,2026-11-01,Nakuru,DPK,OMC_A,0.65,0.65,NORMAL,SYNTHETIC_SCENARIO
ORD-0009716,2026-11-01,Nakuru,DPK,OMC_B,1.02,1.02,NORMAL,SYNTHETIC_SCENARIO
ORD-0009717,2026-11-01,Nakuru,DPK,OMC_C,0.71,0.71,NORMAL,SYNTHETIC_SCENARIO
ORD-0009718,2026-11-01,Nakuru,DPK,OMC_D,1.3,1.3,NORMAL,SYNTHETIC_SCENARIO
ORD-0009719,2026-11-01,Nakuru,DPK,OMC_E,0.63,0.63,NORMAL,SYNTHETIC_SCENARIO
ORD-0009720,2026-11-01,Nakuru,DPK,OMC_F,1.84,1.84,NORMAL,SYNTHETIC_SCENARIO
ORD-0009721,2026-11-02,Nakuru,DPK,OMC_A,2.67,2.67,NORMAL,SYNTHETIC_SCENARIO
ORD-0009722,2026-11-02,Nakuru,DPK,OMC_B,1.28,1.28,NORMAL,SYNTHETIC_SCENARIO
ORD-0009723,2026-11-02,Nakuru,DPK,OMC_C,1.55,1.55,NORMAL,SYNTHETIC_SCENARIO
ORD-0009724,2026-11-02,Nakuru,DPK,OMC_D,0.1,0.1,NORMAL,SYNTHETIC_SCENARIO
ORD-0009725,2026-11-02,Nakuru,DPK,OMC_E,0.67,0.67,NORMAL,SYNTHETIC_SCENARIO
ORD-0009726,2026-11-02,Nakuru,DPK,OMC_F,0.99,0.99,HIGH,SYNTHETIC_SCENARIO
ORD-0009727,2026-11-03,Nakuru,DPK,OMC_A,2.48,2.48,HIGH,SYNTHETIC_SCENARIO
ORD-0009728,2026-11-03,Nakuru,DPK,OMC_B,0.29,0.29,NORMAL,SYNTHETIC_SCENARIO
ORD-0009729,2026-11-03,Nakuru,DPK,OMC_C,0.54,0.54,NORMAL,SYNTHETIC_SCENARIO
ORD-0009730,2026-11-03,Nakuru,DPK,OMC_D,0.03,0.03,NORMAL,SYNTHETIC_SCENARIO
ORD-0009731,2026-11-03,Nakuru,DPK,OMC_E,2.86,2.86,NORMAL,SYNTHETIC_SCENARIO
ORD-0009732,2026-11-03,Nakuru,DPK,OMC_F,0.36,0.36,NORMAL,SYNTHETIC_SCENARIO
ORD-0009733,2026-11-04,Nakuru,DPK,OMC_A,1.1,1.1,NORMAL,SYNTHETIC_SCENARIO
ORD-0009734,2026-11-04,Nakuru,DPK,OMC_B,1.32,1.32,NORMAL,SYNTHETIC_SCENARIO
ORD-0009735,2026-11-04,Nakuru,DPK,OMC_C,0.57,0.57,HIGH,SYNTHETIC_SCENARIO
ORD-0009736,2026-11-04,Nakuru,DPK,OMC_D,2.8,2.8,NORMAL,SYNTHETIC_SCENARIO
ORD-0009737,2026-11-04,Nakuru,DPK,OMC_E,0.68,0.68,NORMAL,SYNTHETIC_SCENARIO
ORD-0009738,2026-11-04,Nakuru,DPK,OMC_F,0.06,0.06,NORMAL,SYNTHETIC_SCENARIO
ORD-0009739,2026-11-05,Nakuru,DPK,OMC_A,3.34,3.34,NORMAL,SYNTHETIC_SCENARIO
ORD-0009740,2026-11-05,Nakuru,DPK,OMC_B,0.83,0.83,NORMAL,SYNTHETIC_SCENARIO
ORD-0009741,2026-11-05,Nakuru,DPK,OMC_C,1.12,1.12,HIGH,SYNTHETIC_SCENARIO
ORD-0009742,2026-11-05,Nakuru,DPK,OMC_D,0.75,0.75,NORMAL,SYNTHETIC_SCENARIO
ORD-0009743,2026-11-05,Nakuru,DPK,OMC_E,0.87,0.87,NORMAL,SYNTHETIC_SCENARIO
ORD-0009744,2026-11-05,Nakuru,DPK,OMC_F,0.11,0.11,NORMAL,SYNTHETIC_SCENARIO
ORD-0009745,2026-11-06,Nakuru,DPK,OMC_A,2.9,2.9,HIGH,SYNTHETIC_SCENARIO
ORD-0009746,2026-11-06,Nakuru,DPK,OMC_B,0.88,0.88,NORMAL,SYNTHETIC_SCENARIO
ORD-0009747,2026-11-06,Nakuru,DPK,OMC_C,1.95,1.95,NORMAL,SYNTHETIC_SCENARIO
ORD-0009748,2026-11-06,Nakuru,DPK,OMC_D,0.3,0.3,HIGH,SYNTHETIC_SCENARIO
ORD-0009749,2026-11-06,Nakuru,DPK,OMC_E,1.04,1.04,NORMAL,SYNTHETIC_SCENARIO
ORD-0009750,2026-11-06,Nakuru,DPK,OMC_F,0.28,0.28,NORMAL,SYNTHETIC_SCENARIO
ORD-0009751,2026-11-07,Nakuru,DPK,OMC_A,0.52,0.52,NORMAL,SYNTHETIC_SCENARIO
ORD-0009752,2026-11-07,Nakuru,DPK,OMC_B,1.95,1.95,NORMAL,SYNTHETIC_SCENARIO
ORD-0009753,2026-11-07,Nakuru,DPK,OMC_C,0.9,0.9,NORMAL,SYNTHETIC_SCENARIO
ORD-0009754,2026-11-07,Nakuru,DPK,OMC_D,1.31,1.31,NORMAL,SYNTHETIC_SCENARIO
ORD-0009755,2026-11-07,Nakuru,DPK,OMC_E,0.23,0.23,NORMAL,SYNTHETIC_SCENARIO
ORD-0009756,2026-11-07,Nakuru,DPK,OMC_F,1.16,1.16,NORMAL,SYNTHETIC_SCENARIO
ORD-0009757,2026-11-08,Nakuru,DPK,OMC_A,2.43,2.43,NORMAL,SYNTHETIC_SCENARIO
ORD-0009758,2026-11-08,Nakuru,DPK,OMC_B,0.6,0.6,NORMAL,SYNTHETIC_SCENARIO
ORD-0009759,2026-11-08,Nakuru,DPK,OMC_C,1.72,1.72,NORMAL,SYNTHETIC_SCENARIO
ORD-0009760,2026-11-08,Nakuru,DPK,OMC_D,0.6,0.6,NORMAL,SYNTHETIC_SCENARIO
ORD-0009761,2026-11-08,Nakuru,DPK,OMC_E,0.09,0.09,NORMAL,SYNTHETIC_SCENARIO
ORD-0009762,2026-11-08,Nakuru,DPK,OMC_F,0.09,0.09,NORMAL,SYNTHETIC_SCENARIO
ORD-0009763,2026-11-09,Nakuru,DPK,OMC_A,1.27,1.27,NORMAL,SYNTHETIC_SCENARIO
ORD-0009764,2026-11-09,Nakuru,DPK,OMC_B,1.37,1.37,NORMAL,SYNTHETIC_SCENARIO
ORD-0009765,2026-11-09,Nakuru,DPK,OMC_C,1.19,1.19,NORMAL,SYNTHETIC_SCENARIO
ORD-0009766,2026-11-09,Nakuru,DPK,OMC_D,0.34,0.34,NORMAL,SYNTHETIC_SCENARIO
ORD-0009767,2026-11-09,Nakuru,DPK,OMC_E,0.68,0.68,NORMAL,SYNTHETIC_SCENARIO
ORD-0009768,2026-11-09,Nakuru,DPK,OMC_F,1.92,1.92,NORMAL,SYNTHETIC_SCENARIO
ORD-0009769,2026-11-10,Nakuru,DPK,OMC_A,1.67,1.67,NORMAL,SYNTHETIC_SCENARIO
ORD-0009770,2026-11-10,Nakuru,DPK,OMC_B,1.16,1.16,NORMAL,SYNTHETIC_SCENARIO
ORD-0009771,2026-11-10,Nakuru,DPK,OMC_C,1.53,1.53,NORMAL,SYNTHETIC_SCENARIO
ORD-0009772,2026-11-10,Nakuru,DPK,OMC_D,0.82,0.82,NORMAL,SYNTHETIC_SCENARIO
ORD-0009773,2026-11-10,Nakuru,DPK,OMC_E,1.32,1.32,NORMAL,SYNTHETIC_SCENARIO
ORD-0009774,2026-11-10,Nakuru,DPK,OMC_F,0.55,0.55,NORMAL,SYNTHETIC_SCENARIO
ORD-0009775,2026-11-11,Nakuru,DPK,OMC_A,1.62,1.62,NORMAL,SYNTHETIC_SCENARIO
ORD-0009776,2026-11-11,Nakuru,DPK,OMC_B,2.77,2.77,NORMAL,SYNTHETIC_SCENARIO
ORD-0009777,2026-11-11,Nakuru,DPK,OMC_C,0.86,0.86,NORMAL,SYNTHETIC_SCENARIO
ORD-0009778,2026-11-11,Nakuru,DPK,OMC_D,1.1,1.1,NORMAL,SYNTHETIC_SCENARIO
ORD-0009779,2026-11-11,Nakuru,DPK,OMC_E,0.14,0.14,NORMAL,SYNTHETIC_SCENARIO
ORD-0009780,2026-11-11,Nakuru,DPK,OMC_F,0.18,0.18,NORMAL,SYNTHETIC_SCENARIO
ORD-0009781,2026-11-12,Nakuru,DPK,OMC_A,1.67,1.67,NORMAL,SYNTHETIC_SCENARIO
ORD-0009782,2026-11-12,Nakuru,DPK,OMC_B,0.95,0.95,NORMAL,SYNTHETIC_SCENARIO
ORD-0009783,2026-11-12,Nakuru,DPK,OMC_C,1.7,1.7,NORMAL,SYNTHETIC_SCENARIO
ORD-0009784,2026-11-12,Nakuru,DPK,OMC_D,1.32,1.32,NORMAL,SYNTHETIC_SCENARIO
ORD-0009785,2026-11-12,Nakuru,DPK,OMC_E,0.29,0.29,NORMAL,SYNTHETIC_SCENARIO
ORD-0009786,2026-11-12,Nakuru,DPK,OMC_F,1.02,1.02,NORMAL,SYNTHETIC_SCENARIO
ORD-0009787,2026-11-13,Nakuru,DPK,OMC_A,1.49,1.49,NORMAL,SYNTHETIC_SCENARIO
ORD-0009788,2026-11-13,Nakuru,DPK,OMC_B,1.0,1.0,NORMAL,SYNTHETIC_SCENARIO
ORD-0009789,2026-11-13,Nakuru,DPK,OMC_C,0.79,0.79,NORMAL,SYNTHETIC_SCENARIO
ORD-0009790,2026-11-13,Nakuru,DPK,OMC_D,0.64,0.64,NORMAL,SYNTHETIC_SCENARIO
ORD-0009791,2026-11-13,Nakuru,DPK,OMC_E,2.25,2.25,NORMAL,SYNTHETIC_SCENARIO
ORD-0009792,2026-11-13,Nakuru,DPK,OMC_F,0.83,0.83,NORMAL,SYNTHETIC_SCENARIO
ORD-0009793,2026-11-14,Nakuru,DPK,OMC_A,1.53,1.53,NORMAL,SYNTHETIC_SCENARIO
ORD-0009794,2026-11-14,Nakuru,DPK,OMC_B,0.29,0.29,NORMAL,SYNTHETIC_SCENARIO
ORD-0009795,2026-11-14,Nakuru,DPK,OMC_C,2.26,2.26,NORMAL,SYNTHETIC_SCENARIO
ORD-0009796,2026-11-14,Nakuru,DPK,OMC_D,2.18,2.18,NORMAL,SYNTHETIC_SCENARIO
ORD-0009797,2026-11-14,Nakuru,DPK,OMC_E,0.3,0.3,NORMAL,SYNTHETIC_SCENARIO
ORD-0009798,2026-11-14,Nakuru,DPK,OMC_F,0.04,0.04,HIGH,SYNTHETIC_SCENARIO
ORD-0009799,2026-11-15,Nakuru,DPK,OMC_A,1.23,1.23,NORMAL,SYNTHETIC_SCENARIO
ORD-0009800,2026-11-15,Nakuru,DPK,OMC_B,1.52,1.52,NORMAL,SYNTHETIC_SCENARIO
ORD-0009801,2026-11-15,Nakuru,DPK,OMC_C,1.26,1.26,NORMAL,SYNTHETIC_SCENARIO
ORD-0009802,2026-11-15,Nakuru,DPK,OMC_D,1.01,1.01,NORMAL,SYNTHETIC_SCENARIO
ORD-0009803,2026-11-15,Nakuru,DPK,OMC_E,0.57,0.57,NORMAL,SYNTHETIC_SCENARIO
ORD-0009804,2026-11-15,Nakuru,DPK,OMC_F,0.62,0.62,NORMAL,SYNTHETIC_SCENARIO
ORD-0009805,2026-11-16,Nakuru,DPK,OMC_A,3.1,3.1,NORMAL,SYNTHETIC_SCENARIO
ORD-0009806,2026-11-16,Nakuru,DPK,OMC_B,2.09,2.09,NORMAL,SYNTHETIC_SCENARIO
ORD-0009807,2026-11-16,Nakuru,DPK,OMC_C,0.58,0.58,NORMAL,SYNTHETIC_SCENARIO
ORD-0009808,2026-11-16,Nakuru,DPK,OMC_D,0.43,0.43,NORMAL,SYNTHETIC_SCENARIO
ORD-0009809,2026-11-16,Nakuru,DPK,OMC_E,0.04,0.04,NORMAL,SYNTHETIC_SCENARIO
ORD-0009810,2026-11-16,Nakuru,DPK,OMC_F,0.42,0.42,NORMAL,SYNTHETIC_SCENARIO
ORD-0009811,2026-11-17,Nakuru,DPK,OMC_A,1.32,1.32,HIGH,SYNTHETIC_SCENARIO
ORD-0009812,2026-11-17,Nakuru,DPK,OMC_B,0.35,0.35,NORMAL,SYNTHETIC_SCENARIO
ORD-0009813,2026-11-17,Nakuru,DPK,OMC_C,1.31,1.31,NORMAL,SYNTHETIC_SCENARIO
ORD-0009814,2026-11-17,Nakuru,DPK,OMC_D,2.38,2.38,NORMAL,SYNTHETIC_SCENARIO
ORD-0009815,2026-11-17,Nakuru,DPK,OMC_E,0.2,0.2,NORMAL,SYNTHETIC_SCENARIO
ORD-0009816,2026-11-17,Nakuru,DPK,OMC_F,1.59,1.59,HIGH,SYNTHETIC_SCENARIO
ORD-0009817,2026-11-18,Nakuru,DPK,OMC_A,1.69,1.69,NORMAL,SYNTHETIC_SCENARIO
ORD-0009818,2026-11-18,Nakuru,DPK,OMC_B,1.74,1.74,NORMAL,SYNTHETIC_SCENARIO
ORD-0009819,2026-11-18,Nakuru,DPK,OMC_C,0.63,0.63,HIGH,SYNTHETIC_SCENARIO
ORD-0009820,2026-11-18,Nakuru,DPK,OMC_D,1.93,1.93,NORMAL,SYNTHETIC_SCENARIO
ORD-0009821,2026-11-18,Nakuru,DPK,OMC_E,0.38,0.38,NORMAL,SYNTHETIC_SCENARIO
ORD-0009822,2026-11-18,Nakuru,DPK,OMC_F,0.05,0.05,HIGH,SYNTHETIC_SCENARIO
ORD-0009823,2026-11-19,Nakuru,DPK,OMC_A,1.1,1.1,NORMAL,SYNTHETIC_SCENARIO
ORD-0009824,2026-11-19,Nakuru,DPK,OMC_B,2.07,2.07,NORMAL,SYNTHETIC_SCENARIO
ORD-0009825,2026-11-19,Nakuru,DPK,OMC_C,0.96,0.96,NORMAL,SYNTHETIC_SCENARIO
ORD-0009826,2026-11-19,Nakuru,DPK,OMC_D,0.38,0.38,NORMAL,SYNTHETIC_SCENARIO
ORD-0009827,2026-11-19,Nakuru,DPK,OMC_E,1.93,1.93,NORMAL,SYNTHETIC_SCENARIO
ORD-0009828,2026-11-19,Nakuru,DPK,OMC_F,0.03,0.03,NORMAL,SYNTHETIC_SCENARIO
ORD-0009829,2026-11-20,Nakuru,DPK,OMC_A,0.66,0.66,NORMAL,SYNTHETIC_SCENARIO
ORD-0009830,2026-11-20,Nakuru,DPK,OMC_B,0.6,0.6,NORMAL,SYNTHETIC_SCENARIO
ORD-0009831,2026-11-20,Nakuru,DPK,OMC_C,1.8,1.8,HIGH,SYNTHETIC_SCENARIO
ORD-0009832,2026-11-20,Nakuru,DPK,OMC_D,1.2,1.2,NORMAL,SYNTHETIC_SCENARIO
ORD-0009833,2026-11-20,Nakuru,DPK,OMC_E,0.94,0.94,NORMAL,SYNTHETIC_SCENARIO
ORD-0009834,2026-11-20,Nakuru,DPK,OMC_F,1.75,1.75,NORMAL,SYNTHETIC_SCENARIO
ORD-0009835,2026-11-21,Nakuru,DPK,OMC_A,0.94,0.94,NORMAL,SYNTHETIC_SCENARIO
ORD-0009836,2026-11-21,Nakuru,DPK,OMC_B,2.97,2.97,NORMAL,SYNTHETIC_SCENARIO
ORD-0009837,2026-11-21,Nakuru,DPK,OMC_C,0.44,0.44,NORMAL,SYNTHETIC_SCENARIO
ORD-0009838,2026-11-21,Nakuru,DPK,OMC_D,0.43,0.43,NORMAL,SYNTHETIC_SCENARIO
ORD-0009839,2026-11-21,Nakuru,DPK,OMC_E,1.02,1.02,NORMAL,SYNTHETIC_SCENARIO
ORD-0009840,2026-11-21,Nakuru,DPK,OMC_F,0.67,0.67,NORMAL,SYNTHETIC_SCENARIO
ORD-0009841,2026-11-22,Nakuru,DPK,OMC_A,1.34,1.34,NORMAL,SYNTHETIC_SCENARIO
ORD-0009842,2026-11-22,Nakuru,DPK,OMC_B,1.37,1.37,NORMAL,SYNTHETIC_SCENARIO
ORD-0009843,2026-11-22,Nakuru,DPK,OMC_C,1.83,1.83,NORMAL,SYNTHETIC_SCENARIO
ORD-0009844,2026-11-22,Nakuru,DPK,OMC_D,0.8,0.8,NORMAL,SYNTHETIC_SCENARIO
ORD-0009845,2026-11-22,Nakuru,DPK,OMC_E,0.02,0.02,NORMAL,SYNTHETIC_SCENARIO
ORD-0009846,2026-11-22,Nakuru,DPK,OMC_F,0.12,0.12,NORMAL,SYNTHETIC_SCENARIO
ORD-0009847,2026-11-23,Nakuru,DPK,OMC_A,1.38,1.38,NORMAL,SYNTHETIC_SCENARIO
ORD-0009848,2026-11-23,Nakuru,DPK,OMC_B,1.51,1.51,NORMAL,SYNTHETIC_SCENARIO
ORD-0009849,2026-11-23,Nakuru,DPK,OMC_C,1.96,1.96,NORMAL,SYNTHETIC_SCENARIO
ORD-0009850,2026-11-23,Nakuru,DPK,OMC_D,0.64,0.64,NORMAL,SYNTHETIC_SCENARIO
ORD-0009851,2026-11-23,Nakuru,DPK,OMC_E,0.21,0.21,NORMAL,SYNTHETIC_SCENARIO
ORD-0009852,2026-11-23,Nakuru,DPK,OMC_F,1.54,1.54,NORMAL,SYNTHETIC_SCENARIO
ORD-0009853,2026-11-24,Nakuru,DPK,OMC_A,1.43,1.43,NORMAL,SYNTHETIC_SCENARIO
ORD-0009854,2026-11-24,Nakuru,DPK,OMC_B,1.05,1.05,NORMAL,SYNTHETIC_SCENARIO
ORD-0009855,2026-11-24,Nakuru,DPK,OMC_C,2.02,2.02,NORMAL,SYNTHETIC_SCENARIO
ORD-0009856,2026-11-24,Nakuru,DPK,OMC_D,1.14,1.14,NORMAL,SYNTHETIC_SCENARIO
ORD-0009857,2026-11-24,Nakuru,DPK,OMC_E,0.73,0.73,NORMAL,SYNTHETIC_SCENARIO
ORD-0009858,2026-11-24,Nakuru,DPK,OMC_F,0.5,0.5,NORMAL,SYNTHETIC_SCENARIO
ORD-0009859,2026-11-25,Nakuru,DPK,OMC_A,0.45,0.45,NORMAL,SYNTHETIC_SCENARIO
ORD-0009860,2026-11-25,Nakuru,DPK,OMC_B,2.57,2.57,NORMAL,SYNTHETIC_SCENARIO
ORD-0009861,2026-11-25,Nakuru,DPK,OMC_C,1.04,1.04,NORMAL,SYNTHETIC_SCENARIO
ORD-0009862,2026-11-25,Nakuru,DPK,OMC_D,1.78,1.78,HIGH,SYNTHETIC_SCENARIO
ORD-0009863,2026-11-25,Nakuru,DPK,OMC_E,0.97,0.97,NORMAL,SYNTHETIC_SCENARIO
ORD-0009864,2026-11-25,Nakuru,DPK,OMC_F,0.1,0.1,HIGH,SYNTHETIC_SCENARIO
ORD-0009865,2026-11-26,Nakuru,DPK,OMC_A,1.3,1.3,NORMAL,SYNTHETIC_SCENARIO
ORD-0009866,2026-11-26,Nakuru,DPK,OMC_B,2.19,2.19,NORMAL,SYNTHETIC_SCENARIO
ORD-0009867,2026-11-26,Nakuru,DPK,OMC_C,0.93,0.93,NORMAL,SYNTHETIC_SCENARIO
ORD-0009868,2026-11-26,Nakuru,DPK,OMC_D,0.55,0.55,NORMAL,SYNTHETIC_SCENARIO
ORD-0009869,2026-11-26,Nakuru,DPK,OMC_E,1.14,1.14,NORMAL,SYNTHETIC_SCENARIO
ORD-0009870,2026-11-26,Nakuru,DPK,OMC_F,1.21,1.21,NORMAL,SYNTHETIC_SCENARIO
ORD-0009871,2026-11-27,Nakuru,DPK,OMC_A,1.92,1.92,NORMAL,SYNTHETIC_SCENARIO
ORD-0009872,2026-11-27,Nakuru,DPK,OMC_B,1.51,1.51,NORMAL,SYNTHETIC_SCENARIO
ORD-0009873,2026-11-27,Nakuru,DPK,OMC_C,1.71,1.71,NORMAL,SYNTHETIC_SCENARIO
ORD-0009874,2026-11-27,Nakuru,DPK,OMC_D,0.8,0.8,NORMAL,SYNTHETIC_SCENARIO
ORD-0009875,2026-11-27,Nakuru,DPK,OMC_E,1.08,1.08,NORMAL,SYNTHETIC_SCENARIO
ORD-0009876,2026-11-27,Nakuru,DPK,OMC_F,0.03,0.03,NORMAL,SYNTHETIC_SCENARIO
ORD-0009877,2026-11-28,Nakuru,DPK,OMC_A,2.26,2.26,NORMAL,SYNTHETIC_SCENARIO
ORD-0009878,2026-11-28,Nakuru,DPK,OMC_B,0.97,0.97,NORMAL,SYNTHETIC_SCENARIO
ORD-0009879,2026-11-28,Nakuru,DPK,OMC_C,1.3,1.3,NORMAL,SYNTHETIC_SCENARIO
ORD-0009880,2026-11-28,Nakuru,DPK,OMC_D,0.32,0.32,NORMAL,SYNTHETIC_SCENARIO
ORD-0009881,2026-11-28,Nakuru,DPK,OMC_E,1.78,1.78,NORMAL,SYNTHETIC_SCENARIO
ORD-0009882,2026-11-28,Nakuru,DPK,OMC_F,0.0,0.0,NORMAL,SYNTHETIC_SCENARIO
ORD-0009883,2026-11-29,Nakuru,DPK,OMC_A,2.12,2.12,NORMAL,SYNTHETIC_SCENARIO
ORD-0009884,2026-11-29,Nakuru,DPK,OMC_B,1.38,1.38,NORMAL,SYNTHETIC_SCENARIO
ORD-0009885,2026-11-29,Nakuru,DPK,OMC_C,1.28,1.28,NORMAL,SYNTHETIC_SCENARIO
ORD-0009886,2026-11-29,Nakuru,DPK,OMC_D,0.22,0.22,NORMAL,SYNTHETIC_SCENARIO
ORD-0009887,2026-11-29,Nakuru,DPK,OMC_E,0.12,0.12,NORMAL,SYNTHETIC_SCENARIO
ORD-0009888,2026-11-29,Nakuru,DPK,OMC_F,0.54,0.54,NORMAL,SYNTHETIC_SCENARIO
ORD-0009889,2026-11-30,Nakuru,DPK,OMC_A,1.46,1.46,NORMAL,SYNTHETIC_SCENARIO
ORD-0009890,2026-11-30,Nakuru,DPK,OMC_B,1.98,1.98,NORMAL,SYNTHETIC_SCENARIO
ORD-0009891,2026-11-30,Nakuru,DPK,OMC_C,1.66,1.66,NORMAL,SYNTHETIC_SCENARIO
ORD-0009892,2026-11-30,Nakuru,DPK,OMC_D,0.26,0.26,NORMAL,SYNTHETIC_SCENARIO
ORD-0009893,2026-11-30,Nakuru,DPK,OMC_E,1.38,1.38,NORMAL,SYNTHETIC_SCENARIO
ORD-0009894,2026-11-30,Nakuru,DPK,OMC_F,0.05,0.05,NORMAL,SYNTHETIC_SCENARIO
ORD-0009895,2026-12-01,Nakuru,DPK,OMC_A,1.96,1.96,NORMAL,SYNTHETIC_SCENARIO
ORD-0009896,2026-12-01,Nakuru,DPK,OMC_B,1.93,1.93,NORMAL,SYNTHETIC_SCENARIO
ORD-0009897,2026-12-01,Nakuru,DPK,OMC_C,0.9,0.9,NORMAL,SYNTHETIC_SCENARIO
ORD-0009898,2026-12-01,Nakuru,DPK,OMC_D,2.11,2.11,NORMAL,SYNTHETIC_SCENARIO
ORD-0009899,2026-12-01,Nakuru,DPK,OMC_E,0.76,0.76,NORMAL,SYNTHETIC_SCENARIO
ORD-0009900,2026-12-01,Nakuru,DPK,OMC_F,0.03,0.03,NORMAL,SYNTHETIC_SCENARIO
ORD-0009901,2026-12-02,Nakuru,DPK,OMC_A,1.73,1.73,NORMAL,SYNTHETIC_SCENARIO
ORD-0009902,2026-12-02,Nakuru,DPK,OMC_B,0.5,0.5,NORMAL,SYNTHETIC_SCENARIO
ORD-0009903,2026-12-02,Nakuru,DPK,OMC_C,0.41,0.41,NORMAL,SYNTHETIC_SCENARIO
ORD-0009904,2026-12-02,Nakuru,DPK,OMC_D,3.17,3.17,NORMAL,SYNTHETIC_SCENARIO
ORD-0009905,2026-12-02,Nakuru,DPK,OMC_E,2.05,2.05,HIGH,SYNTHETIC_SCENARIO
ORD-0009906,2026-12-02,Nakuru,DPK,OMC_F,0.19,0.19,NORMAL,SYNTHETIC_SCENARIO
ORD-0009907,2026-12-03,Nakuru,DPK,OMC_A,2.13,2.13,NORMAL,SYNTHETIC_SCENARIO
ORD-0009908,2026-12-03,Nakuru,DPK,OMC_B,1.84,1.84,NORMAL,SYNTHETIC_SCENARIO
ORD-0009909,2026-12-03,Nakuru,DPK,OMC_C,0.71,0.71,NORMAL,SYNTHETIC_SCENARIO
ORD-0009910,2026-12-03,Nakuru,DPK,OMC_D,2.36,2.36,NORMAL,SYNTHETIC_SCENARIO
ORD-0009911,2026-12-03,Nakuru,DPK,OMC_E,0.08,0.08,NORMAL,SYNTHETIC_SCENARIO
ORD-0009912,2026-12-03,Nakuru,DPK,OMC_F,0.5,0.5,NORMAL,SYNTHETIC_SCENARIO
ORD-0009913,2026-12-04,Nakuru,DPK,OMC_A,4.5,4.5,NORMAL,SYNTHETIC_SCENARIO
ORD-0009914,2026-12-04,Nakuru,DPK,OMC_B,1.35,1.35,NORMAL,SYNTHETIC_SCENARIO
ORD-0009915,2026-12-04,Nakuru,DPK,OMC_C,0.85,0.85,NORMAL,SYNTHETIC_SCENARIO
ORD-0009916,2026-12-04,Nakuru,DPK,OMC_D,0.4,0.4,NORMAL,SYNTHETIC_SCENARIO
ORD-0009917,2026-12-04,Nakuru,DPK,OMC_E,1.97,1.97,NORMAL,SYNTHETIC_SCENARIO
ORD-0009918,2026-12-04,Nakuru,DPK,OMC_F,0.1,0.1,NORMAL,SYNTHETIC_SCENARIO
ORD-0009919,2026-12-05,Nakuru,DPK,OMC_A,0.33,0.33,NORMAL,SYNTHETIC_SCENARIO
ORD-0009920,2026-12-05,Nakuru,DPK,OMC_B,1.82,1.82,NORMAL,SYNTHETIC_SCENARIO
ORD-0009921,2026-12-05,Nakuru,DPK,OMC_C,1.01,1.01,NORMAL,SYNTHETIC_SCENARIO
ORD-0009922,2026-12-05,Nakuru,DPK,OMC_D,1.56,1.56,NORMAL,SYNTHETIC_SCENARIO
ORD-0009923,2026-12-05,Nakuru,DPK,OMC_E,0.4,0.4,NORMAL,SYNTHETIC_SCENARIO
ORD-0009924,2026-12-05,Nakuru,DPK,OMC_F,0.95,0.95,NORMAL,SYNTHETIC_SCENARIO
ORD-0009925,2026-12-06,Nakuru,DPK,OMC_A,0.89,0.89,NORMAL,SYNTHETIC_SCENARIO
ORD-0009926,2026-12-06,Nakuru,DPK,OMC_B,1.56,1.56,NORMAL,SYNTHETIC_SCENARIO
ORD-0009927,2026-12-06,Nakuru,DPK,OMC_C,0.79,0.79,NORMAL,SYNTHETIC_SCENARIO
ORD-0009928,2026-12-06,Nakuru,DPK,OMC_D,1.87,1.87,NORMAL,SYNTHETIC_SCENARIO
ORD-0009929,2026-12-06,Nakuru,DPK,OMC_E,0.87,0.87,NORMAL,SYNTHETIC_SCENARIO
ORD-0009930,2026-12-06,Nakuru,DPK,OMC_F,0.1,0.1,NORMAL,SYNTHETIC_SCENARIO
ORD-0009931,2026-12-07,Nakuru,DPK,OMC_A,3.2,3.2,NORMAL,SYNTHETIC_SCENARIO
ORD-0009932,2026-12-07,Nakuru,DPK,OMC_B,1.49,1.49,NORMAL,SYNTHETIC_SCENARIO
ORD-0009933,2026-12-07,Nakuru,DPK,OMC_C,0.43,0.43,HIGH,SYNTHETIC_SCENARIO
ORD-0009934,2026-12-07,Nakuru,DPK,OMC_D,1.63,1.63,NORMAL,SYNTHETIC_SCENARIO
ORD-0009935,2026-12-07,Nakuru,DPK,OMC_E,0.69,0.69,NORMAL,SYNTHETIC_SCENARIO
ORD-0009936,2026-12-07,Nakuru,DPK,OMC_F,0.46,0.46,NORMAL,SYNTHETIC_SCENARIO
ORD-0009937,2026-12-08,Nakuru,DPK,OMC_A,1.26,1.26,NORMAL,SYNTHETIC_SCENARIO
ORD-0009938,2026-12-08,Nakuru,DPK,OMC_B,1.43,1.43,NORMAL,SYNTHETIC_SCENARIO
ORD-0009939,2026-12-08,Nakuru,DPK,OMC_C,1.08,1.08,NORMAL,SYNTHETIC_SCENARIO
ORD-0009940,2026-12-08,Nakuru,DPK,OMC_D,2.05,2.05,NORMAL,SYNTHETIC_SCENARIO
ORD-0009941,2026-12-08,Nakuru,DPK,OMC_E,0.69,0.69,NORMAL,SYNTHETIC_SCENARIO
ORD-0009942,2026-12-08,Nakuru,DPK,OMC_F,0.31,0.31,NORMAL,SYNTHETIC_SCENARIO
ORD-0009943,2026-12-09,Nakuru,DPK,OMC_A,1.72,1.72,NORMAL,SYNTHETIC_SCENARIO
ORD-0009944,2026-12-09,Nakuru,DPK,OMC_B,2.3,2.3,NORMAL,SYNTHETIC_SCENARIO
ORD-0009945,2026-12-09,Nakuru,DPK,OMC_C,0.7,0.7,NORMAL,SYNTHETIC_SCENARIO
ORD-0009946,2026-12-09,Nakuru,DPK,OMC_D,0.67,0.67,NORMAL,SYNTHETIC_SCENARIO
ORD-0009947,2026-12-09,Nakuru,DPK,OMC_E,0.27,0.27,NORMAL,SYNTHETIC_SCENARIO
ORD-0009948,2026-12-09,Nakuru,DPK,OMC_F,1.53,1.53,NORMAL,SYNTHETIC_SCENARIO
ORD-0009949,2026-12-10,Nakuru,DPK,OMC_A,1.71,1.71,NORMAL,SYNTHETIC_SCENARIO
ORD-0009950,2026-12-10,Nakuru,DPK,OMC_B,1.92,1.92,NORMAL,SYNTHETIC_SCENARIO
ORD-0009951,2026-12-10,Nakuru,DPK,OMC_C,0.42,0.42,NORMAL,SYNTHETIC_SCENARIO
ORD-0009952,2026-12-10,Nakuru,DPK,OMC_D,1.05,1.05,NORMAL,SYNTHETIC_SCENARIO
ORD-0009953,2026-12-10,Nakuru,DPK,OMC_E,0.33,0.33,NORMAL,SYNTHETIC_SCENARIO
ORD-0009954,2026-12-10,Nakuru,DPK,OMC_F,2.29,2.29,HIGH,SYNTHETIC_SCENARIO
ORD-0009955,2026-12-11,Nakuru,DPK,OMC_A,1.38,1.38,NORMAL,SYNTHETIC_SCENARIO
ORD-0009956,2026-12-11,Nakuru,DPK,OMC_B,2.7,2.7,NORMAL,SYNTHETIC_SCENARIO
ORD-0009957,2026-12-11,Nakuru,DPK,OMC_C,0.28,0.28,NORMAL,SYNTHETIC_SCENARIO
ORD-0009958,2026-12-11,Nakuru,DPK,OMC_D,0.26,0.26,NORMAL,SYNTHETIC_SCENARIO
ORD-0009959,2026-12-11,Nakuru,DPK,OMC_E,2.87,2.87,NORMAL,SYNTHETIC_SCENARIO
ORD-0009960,2026-12-11,Nakuru,DPK,OMC_F,0.07,0.07,NORMAL,SYNTHETIC_SCENARIO
ORD-0009961,2026-12-12,Nakuru,DPK,OMC_A,1.19,1.19,HIGH,SYNTHETIC_SCENARIO
ORD-0009962,2026-12-12,Nakuru,DPK,OMC_B,1.48,1.48,NORMAL,SYNTHETIC_SCENARIO
ORD-0009963,2026-12-12,Nakuru,DPK,OMC_C,1.06,1.06,NORMAL,SYNTHETIC_SCENARIO
ORD-0009964,2026-12-12,Nakuru,DPK,OMC_D,0.7,0.7,NORMAL,SYNTHETIC_SCENARIO
ORD-0009965,2026-12-12,Nakuru,DPK,OMC_E,0.27,0.27,NORMAL,SYNTHETIC_SCENARIO
ORD-0009966,2026-12-12,Nakuru,DPK,OMC_F,1.74,1.74,NORMAL,SYNTHETIC_SCENARIO
ORD-0009967,2026-12-13,Nakuru,DPK,OMC_A,1.05,1.05,NORMAL,SYNTHETIC_SCENARIO
ORD-0009968,2026-12-13,Nakuru,DPK,OMC_B,1.34,1.34,NORMAL,SYNTHETIC_SCENARIO
ORD-0009969,2026-12-13,Nakuru,DPK,OMC_C,1.73,1.73,NORMAL,SYNTHETIC_SCENARIO
ORD-0009970,2026-12-13,Nakuru,DPK,OMC_D,0.58,0.58,NORMAL,SYNTHETIC_SCENARIO
ORD-0009971,2026-12-13,Nakuru,DPK,OMC_E,0.65,0.65,NORMAL,SYNTHETIC_SCENARIO
ORD-0009972,2026-12-13,Nakuru,DPK,OMC_F,0.57,0.57,NORMAL,SYNTHETIC_SCENARIO
ORD-0009973,2026-12-14,Nakuru,DPK,OMC_A,1.86,1.86,NORMAL,SYNTHETIC_SCENARIO
ORD-0009974,2026-12-14,Nakuru,DPK,OMC_B,1.92,1.92,HIGH,SYNTHETIC_SCENARIO
ORD-0009975,2026-12-14,Nakuru,DPK,OMC_C,0.62,0.62,NORMAL,SYNTHETIC_SCENARIO
ORD-0009976,2026-12-14,Nakuru,DPK,OMC_D,0.22,0.22,NORMAL,SYNTHETIC_SCENARIO
ORD-0009977,2026-12-14,Nakuru,DPK,OMC_E,0.48,0.48,NORMAL,SYNTHETIC_SCENARIO
ORD-0009978,2026-12-14,Nakuru,DPK,OMC_F,2.85,2.85,NORMAL,SYNTHETIC_SCENARIO
ORD-0009979,2026-12-15,Nakuru,DPK,OMC_A,2.0,2.0,NORMAL,SYNTHETIC_SCENARIO
ORD-0009980,2026-12-15,Nakuru,DPK,OMC_B,0.83,0.83,NORMAL,SYNTHETIC_SCENARIO
ORD-0009981,2026-12-15,Nakuru,DPK,OMC_C,2.25,2.25,NORMAL,SYNTHETIC_SCENARIO
ORD-0009982,2026-12-15,Nakuru,DPK,OMC_D,1.8,1.8,NORMAL,SYNTHETIC_SCENARIO
ORD-0009983,2026-12-15,Nakuru,DPK,OMC_E,0.13,0.13,NORMAL,SYNTHETIC_SCENARIO
ORD-0009984,2026-12-15,Nakuru,DPK,OMC_F,0.09,0.09,NORMAL,SYNTHETIC_SCENARIO
ORD-0009985,2026-12-16,Nakuru,DPK,OMC_A,2.09,2.09,NORMAL,SYNTHETIC_SCENARIO
ORD-0009986,2026-12-16,Nakuru,DPK,OMC_B,0.98,0.98,NORMAL,SYNTHETIC_SCENARIO
ORD-0009987,2026-12-16,Nakuru,DPK,OMC_C,0.49,0.49,NORMAL,SYNTHETIC_SCENARIO
ORD-0009988,2026-12-16,Nakuru,DPK,OMC_D,0.65,0.65,NORMAL,SYNTHETIC_SCENARIO
ORD-0009989,2026-12-16,Nakuru,DPK,OMC_E,2.33,2.33,NORMAL,SYNTHETIC_SCENARIO
ORD-0009990,2026-12-16,Nakuru,DPK,OMC_F,0.29,0.29,NORMAL,SYNTHETIC_SCENARIO
ORD-0009991,2026-12-17,Nakuru,DPK,OMC_A,0.92,0.92,NORMAL,SYNTHETIC_SCENARIO
ORD-0009992,2026-12-17,Nakuru,DPK,OMC_B,0.68,0.68,NORMAL,SYNTHETIC_SCENARIO
ORD-0009993,2026-12-17,Nakuru,DPK,OMC_C,2.77,2.77,NORMAL,SYNTHETIC_SCENARIO
ORD-0009994,2026-12-17,Nakuru,DPK,OMC_D,0.58,0.58,HIGH,SYNTHETIC_SCENARIO
ORD-0009995,2026-12-17,Nakuru,DPK,OMC_E,1.28,1.28,NORMAL,SYNTHETIC_SCENARIO
ORD-0009996,2026-12-17,Nakuru,DPK,OMC_F,1.0,1.0,NORMAL,SYNTHETIC_SCENARIO
ORD-0009997,2026-12-18,Nakuru,DPK,OMC_A,2.51,2.51,NORMAL,SYNTHETIC_SCENARIO
ORD-0009998,2026-12-18,Nakuru,DPK,OMC_B,2.54,2.54,NORMAL,SYNTHETIC_SCENARIO
ORD-0009999,2026-12-18,Nakuru,DPK,OMC_C,1.49,1.49,HIGH,SYNTHETIC_SCENARIO
ORD-0010000,2026-12-18,Nakuru,DPK,OMC_D,0.37,0.37,NORMAL,SYNTHETIC_SCENARIO
ORD-0010001,2026-12-18,Nakuru,DPK,OMC_E,0.53,0.53,NORMAL,SYNTHETIC_SCENARIO
ORD-0010002,2026-12-18,Nakuru,DPK,OMC_F,0.51,0.51,HIGH,SYNTHETIC_SCENARIO
ORD-0010003,2026-12-19,Nakuru,DPK,OMC_A,2.09,2.09,NORMAL,SYNTHETIC_SCENARIO
ORD-0010004,2026-12-19,Nakuru,DPK,OMC_B,1.11,1.11,NORMAL,SYNTHETIC_SCENARIO
ORD-0010005,2026-12-19,Nakuru,DPK,OMC_C,1.59,1.59,NORMAL,SYNTHETIC_SCENARIO
ORD-0010006,2026-12-19,Nakuru,DPK,OMC_D,0.52,0.52,NORMAL,SYNTHETIC_SCENARIO
ORD-0010007,2026-12-19,Nakuru,DPK,OMC_E,0.54,0.54,NORMAL,SYNTHETIC_SCENARIO
ORD-0010008,2026-12-19,Nakuru,DPK,OMC_F,1.22,1.22,NORMAL,SYNTHETIC_SCENARIO
ORD-0010009,2026-12-20,Nakuru,DPK,OMC_A,1.29,1.29,NORMAL,SYNTHETIC_SCENARIO
ORD-0010010,2026-12-20,Nakuru,DPK,OMC_B,0.46,0.46,NORMAL,SYNTHETIC_SCENARIO
ORD-0010011,2026-12-20,Nakuru,DPK,OMC_C,3.62,3.62,NORMAL,SYNTHETIC_SCENARIO
ORD-0010012,2026-12-20,Nakuru,DPK,OMC_D,1.02,1.02,NORMAL,SYNTHETIC_SCENARIO
ORD-0010013,2026-12-20,Nakuru,DPK,OMC_E,0.25,0.25,NORMAL,SYNTHETIC_SCENARIO
ORD-0010014,2026-12-20,Nakuru,DPK,OMC_F,0.06,0.06,HIGH,SYNTHETIC_SCENARIO
ORD-0010015,2026-12-21,Nakuru,DPK,OMC_A,1.65,1.65,NORMAL,SYNTHETIC_SCENARIO
ORD-0010016,2026-12-21,Nakuru,DPK,OMC_B,2.95,2.95,NORMAL,SYNTHETIC_SCENARIO
ORD-0010017,2026-12-21,Nakuru,DPK,OMC_C,0.39,0.39,NORMAL,SYNTHETIC_SCENARIO
ORD-0010018,2026-12-21,Nakuru,DPK,OMC_D,0.98,0.98,NORMAL,SYNTHETIC_SCENARIO
ORD-0010019,2026-12-21,Nakuru,DPK,OMC_E,0.62,0.62,NORMAL,SYNTHETIC_SCENARIO
ORD-0010020,2026-12-21,Nakuru,DPK,OMC_F,0.04,0.04,HIGH,SYNTHETIC_SCENARIO
ORD-0010021,2026-12-22,Nakuru,DPK,OMC_A,2.77,2.77,NORMAL,SYNTHETIC_SCENARIO
ORD-0010022,2026-12-22,Nakuru,DPK,OMC_B,1.42,1.42,NORMAL,SYNTHETIC_SCENARIO
ORD-0010023,2026-12-22,Nakuru,DPK,OMC_C,0.73,0.73,NORMAL,SYNTHETIC_SCENARIO
ORD-0010024,2026-12-22,Nakuru,DPK,OMC_D,0.47,0.47,NORMAL,SYNTHETIC_SCENARIO
ORD-0010025,2026-12-22,Nakuru,DPK,OMC_E,1.81,1.81,NORMAL,SYNTHETIC_SCENARIO
ORD-0010026,2026-12-22,Nakuru,DPK,OMC_F,0.88,0.88,HIGH,SYNTHETIC_SCENARIO
ORD-0010027,2026-12-23,Nakuru,DPK,OMC_A,4.65,4.65,NORMAL,SYNTHETIC_SCENARIO
ORD-0010028,2026-12-23,Nakuru,DPK,OMC_B,0.6,0.6,NORMAL,SYNTHETIC_SCENARIO
ORD-0010029,2026-12-23,Nakuru,DPK,OMC_C,0.2,0.2,HIGH,SYNTHETIC_SCENARIO
ORD-0010030,2026-12-23,Nakuru,DPK,OMC_D,0.29,0.29,NORMAL,SYNTHETIC_SCENARIO
ORD-0010031,2026-12-23,Nakuru,DPK,OMC_E,1.17,1.17,NORMAL,SYNTHETIC_SCENARIO
ORD-0010032,2026-12-23,Nakuru,DPK,OMC_F,0.19,0.19,NORMAL,SYNTHETIC_SCENARIO
ORD-0010033,2026-12-24,Nakuru,DPK,OMC_A,1.13,1.13,NORMAL,SYNTHETIC_SCENARIO
ORD-0010034,2026-12-24,Nakuru,DPK,OMC_B,1.72,1.72,HIGH,SYNTHETIC_SCENARIO
ORD-0010035,2026-12-24,Nakuru,DPK,OMC_C,1.24,1.24,NORMAL,SYNTHETIC_SCENARIO
ORD-0010036,2026-12-24,Nakuru,DPK,OMC_D,1.15,1.15,NORMAL,SYNTHETIC_SCENARIO
ORD-0010037,2026-12-24,Nakuru,DPK,OMC_E,2.44,2.44,NORMAL,SYNTHETIC_SCENARIO
ORD-0010038,2026-12-24,Nakuru,DPK,OMC_F,0.31,0.31,NORMAL,SYNTHETIC_SCENARIO
ORD-0010039,2026-12-25,Nakuru,DPK,OMC_A,3.66,3.66,HIGH,SYNTHETIC_SCENARIO
ORD-0010040,2026-12-25,Nakuru,DPK,OMC_B,0.51,0.51,NORMAL,SYNTHETIC_SCENARIO
ORD-0010041,2026-12-25,Nakuru,DPK,OMC_C,2.3,2.3,NORMAL,SYNTHETIC_SCENARIO
ORD-0010042,2026-12-25,Nakuru,DPK,OMC_D,0.4,0.4,NORMAL,SYNTHETIC_SCENARIO
ORD-0010043,2026-12-25,Nakuru,DPK,OMC_E,0.01,0.01,NORMAL,SYNTHETIC_SCENARIO
ORD-0010044,2026-12-25,Nakuru,DPK,OMC_F,0.7,0.7,HIGH,SYNTHETIC_SCENARIO
ORD-0010045,2026-12-26,Nakuru,DPK,OMC_A,2.7,2.7,NORMAL,SYNTHETIC_SCENARIO
ORD-0010046,2026-12-26,Nakuru,DPK,OMC_B,0.61,0.61,NORMAL,SYNTHETIC_SCENARIO
ORD-0010047,2026-12-26,Nakuru,DPK,OMC_C,1.92,1.92,NORMAL,SYNTHETIC_SCENARIO
ORD-0010048,2026-12-26,Nakuru,DPK,OMC_D,0.12,0.12,NORMAL,SYNTHETIC_SCENARIO
ORD-0010049,2026-12-26,Nakuru,DPK,OMC_E,0.91,0.91,NORMAL,SYNTHETIC_SCENARIO
ORD-0010050,2026-12-26,Nakuru,DPK,OMC_F,0.43,0.43,NORMAL,SYNTHETIC_SCENARIO
ORD-0010051,2026-12-27,Nakuru,DPK,OMC_A,0.71,0.71,NORMAL,SYNTHETIC_SCENARIO
ORD-0010052,2026-12-27,Nakuru,DPK,OMC_B,2.0,2.0,NORMAL,SYNTHETIC_SCENARIO
ORD-0010053,2026-12-27,Nakuru,DPK,OMC_C,1.5,1.5,NORMAL,SYNTHETIC_SCENARIO
ORD-0010054,2026-12-27,Nakuru,DPK,OMC_D,0.88,0.88,NORMAL,SYNTHETIC_SCENARIO
ORD-0010055,2026-12-27,Nakuru,DPK,OMC_E,0.41,0.41,NORMAL,SYNTHETIC_SCENARIO
ORD-0010056,2026-12-27,Nakuru,DPK,OMC_F,0.29,0.29,HIGH,SYNTHETIC_SCENARIO
ORD-0010057,2026-12-28,Nakuru,DPK,OMC_A,3.06,3.06,HIGH,SYNTHETIC_SCENARIO
ORD-0010058,2026-12-28,Nakuru,DPK,OMC_B,2.23,2.23,NORMAL,SYNTHETIC_SCENARIO
ORD-0010059,2026-12-28,Nakuru,DPK,OMC_C,1.08,1.08,NORMAL,SYNTHETIC_SCENARIO
ORD-0010060,2026-12-28,Nakuru,DPK,OMC_D,0.5,0.5,NORMAL,SYNTHETIC_SCENARIO
ORD-0010061,2026-12-28,Nakuru,DPK,OMC_E,0.44,0.44,NORMAL,SYNTHETIC_SCENARIO
ORD-0010062,2026-12-28,Nakuru,DPK,OMC_F,0.13,0.13,NORMAL,SYNTHETIC_SCENARIO
ORD-0010063,2026-12-29,Nakuru,DPK,OMC_A,3.5,3.5,NORMAL,SYNTHETIC_SCENARIO
ORD-0010064,2026-12-29,Nakuru,DPK,OMC_B,0.66,0.66,NORMAL,SYNTHETIC_SCENARIO
ORD-0010065,2026-12-29,Nakuru,DPK,OMC_C,0.09,0.09,NORMAL,SYNTHETIC_SCENARIO
ORD-0010066,2026-12-29,Nakuru,DPK,OMC_D,1.87,1.87,HIGH,SYNTHETIC_SCENARIO
ORD-0010067,2026-12-29,Nakuru,DPK,OMC_E,0.02,0.02,NORMAL,SYNTHETIC_SCENARIO
ORD-0010068,2026-12-29,Nakuru,DPK,OMC_F,0.67,0.67,NORMAL,SYNTHETIC_SCENARIO
ORD-0010069,2026-12-30,Nakuru,DPK,OMC_A,4.14,4.14,NORMAL,SYNTHETIC_SCENARIO
ORD-0010070,2026-12-30,Nakuru,DPK,OMC_B,1.47,1.47,NORMAL,SYNTHETIC_SCENARIO
ORD-0010071,2026-12-30,Nakuru,DPK,OMC_C,1.05,1.05,HIGH,SYNTHETIC_SCENARIO
ORD-0010072,2026-12-30,Nakuru,DPK,OMC_D,0.34,0.34,NORMAL,SYNTHETIC_SCENARIO
ORD-0010073,2026-12-30,Nakuru,DPK,OMC_E,0.11,0.11,NORMAL,SYNTHETIC_SCENARIO
ORD-0010074,2026-12-30,Nakuru,DPK,OMC_F,0.3,0.3,NORMAL,SYNTHETIC_SCENARIO
ORD-0010075,2026-12-31,Nakuru,DPK,OMC_A,1.6,1.6,NORMAL,SYNTHETIC_SCENARIO
ORD-0010076,2026-12-31,Nakuru,DPK,OMC_B,1.79,1.79,NORMAL,SYNTHETIC_SCENARIO
ORD-0010077,2026-12-31,Nakuru,DPK,OMC_C,2.73,2.73,NORMAL,SYNTHETIC_SCENARIO
ORD-0010078,2026-12-31,Nakuru,DPK,OMC_D,0.88,0.88,NORMAL,SYNTHETIC_SCENARIO
ORD-0010079,2026-12-31,Nakuru,DPK,OMC_E,0.23,0.23,NORMAL,SYNTHETIC_SCENARIO
ORD-0010080,2026-12-31,Nakuru,DPK,OMC_F,0.69,0.69,NORMAL,SYNTHETIC_SCENARIO
ORD-0010081,2026-09-03,Nakuru,PMS,OMC_A,131.07,131.07,NORMAL,SYNTHETIC_SCENARIO
ORD-0010082,2026-09-03,Nakuru,PMS,OMC_B,71.73,71.73,NORMAL,SYNTHETIC_SCENARIO
ORD-0010083,2026-09-03,Nakuru,PMS,OMC_C,171.97,171.97,NORMAL,SYNTHETIC_SCENARIO
ORD-0010084,2026-09-03,Nakuru,PMS,OMC_D,39.28,39.28,NORMAL,SYNTHETIC_SCENARIO
ORD-0010085,2026-09-03,Nakuru,PMS,OMC_E,114.44,114.44,NORMAL,SYNTHETIC_SCENARIO
ORD-0010086,2026-09-03,Nakuru,PMS,OMC_F,34.08,34.08,NORMAL,SYNTHETIC_SCENARIO
ORD-0010087,2026-09-04,Nakuru,PMS,OMC_A,83.29,83.29,HIGH,SYNTHETIC_SCENARIO
ORD-0010088,2026-09-04,Nakuru,PMS,OMC_B,155.74,155.74,NORMAL,SYNTHETIC_SCENARIO
ORD-0010089,2026-09-04,Nakuru,PMS,OMC_C,223.6,223.6,NORMAL,SYNTHETIC_SCENARIO
ORD-0010090,2026-09-04,Nakuru,PMS,OMC_D,93.5,93.5,NORMAL,SYNTHETIC_SCENARIO
ORD-0010091,2026-09-04,Nakuru,PMS,OMC_E,10.47,10.47,NORMAL,SYNTHETIC_SCENARIO
ORD-0010092,2026-09-04,Nakuru,PMS,OMC_F,31.0,31.0,NORMAL,SYNTHETIC_SCENARIO
ORD-0010093,2026-09-05,Nakuru,PMS,OMC_A,112.87,112.87,NORMAL,SYNTHETIC_SCENARIO
ORD-0010094,2026-09-05,Nakuru,PMS,OMC_B,145.65,145.65,NORMAL,SYNTHETIC_SCENARIO
ORD-0010095,2026-09-05,Nakuru,PMS,OMC_C,106.33,106.33,HIGH,SYNTHETIC_SCENARIO
ORD-0010096,2026-09-05,Nakuru,PMS,OMC_D,37.11,37.11,NORMAL,SYNTHETIC_SCENARIO
ORD-0010097,2026-09-05,Nakuru,PMS,OMC_E,31.26,31.26,NORMAL,SYNTHETIC_SCENARIO
ORD-0010098,2026-09-05,Nakuru,PMS,OMC_F,101.22,101.22,NORMAL,SYNTHETIC_SCENARIO
ORD-0010099,2026-09-06,Nakuru,PMS,OMC_A,99.86,99.86,NORMAL,SYNTHETIC_SCENARIO
ORD-0010100,2026-09-06,Nakuru,PMS,OMC_B,111.99,111.99,NORMAL,SYNTHETIC_SCENARIO
ORD-0010101,2026-09-06,Nakuru,PMS,OMC_C,64.88,64.88,NORMAL,SYNTHETIC_SCENARIO
ORD-0010102,2026-09-06,Nakuru,PMS,OMC_D,100.46,100.46,NORMAL,SYNTHETIC_SCENARIO
ORD-0010103,2026-09-06,Nakuru,PMS,OMC_E,75.28,75.28,NORMAL,SYNTHETIC_SCENARIO
ORD-0010104,2026-09-06,Nakuru,PMS,OMC_F,21.4,21.4,NORMAL,SYNTHETIC_SCENARIO
ORD-0010105,2026-09-07,Nakuru,PMS,OMC_A,282.87,282.87,NORMAL,SYNTHETIC_SCENARIO
ORD-0010106,2026-09-07,Nakuru,PMS,OMC_B,116.49,116.49,HIGH,SYNTHETIC_SCENARIO
ORD-0010107,2026-09-07,Nakuru,PMS,OMC_C,93.77,93.77,NORMAL,SYNTHETIC_SCENARIO
ORD-0010108,2026-09-07,Nakuru,PMS,OMC_D,57.24,57.24,NORMAL,SYNTHETIC_SCENARIO
ORD-0010109,2026-09-07,Nakuru,PMS,OMC_E,28.89,28.89,NORMAL,SYNTHETIC_SCENARIO
ORD-0010110,2026-09-07,Nakuru,PMS,OMC_F,50.12,50.12,NORMAL,SYNTHETIC_SCENARIO
ORD-0010111,2026-09-08,Nakuru,PMS,OMC_A,129.11,129.11,NORMAL,SYNTHETIC_SCENARIO
ORD-0010112,2026-09-08,Nakuru,PMS,OMC_B,208.68,208.68,NORMAL,SYNTHETIC_SCENARIO
ORD-0010113,2026-09-08,Nakuru,PMS,OMC_C,53.41,53.41,HIGH,SYNTHETIC_SCENARIO
ORD-0010114,2026-09-08,Nakuru,PMS,OMC_D,67.56,67.56,NORMAL,SYNTHETIC_SCENARIO
ORD-0010115,2026-09-08,Nakuru,PMS,OMC_E,124.04,124.04,NORMAL,SYNTHETIC_SCENARIO
ORD-0010116,2026-09-08,Nakuru,PMS,OMC_F,8.49,8.49,NORMAL,SYNTHETIC_SCENARIO
ORD-0010117,2026-09-09,Nakuru,PMS,OMC_A,170.88,170.88,NORMAL,SYNTHETIC_SCENARIO
ORD-0010118,2026-09-09,Nakuru,PMS,OMC_B,90.74,90.74,NORMAL,SYNTHETIC_SCENARIO
ORD-0010119,2026-09-09,Nakuru,PMS,OMC_C,41.25,41.25,NORMAL,SYNTHETIC_SCENARIO
ORD-0010120,2026-09-09,Nakuru,PMS,OMC_D,74.87,74.87,NORMAL,SYNTHETIC_SCENARIO
ORD-0010121,2026-09-09,Nakuru,PMS,OMC_E,77.75,77.75,NORMAL,SYNTHETIC_SCENARIO
ORD-0010122,2026-09-09,Nakuru,PMS,OMC_F,149.43,149.43,HIGH,SYNTHETIC_SCENARIO
ORD-0010123,2026-09-10,Nakuru,PMS,OMC_A,170.22,170.22,NORMAL,SYNTHETIC_SCENARIO
ORD-0010124,2026-09-10,Nakuru,PMS,OMC_B,31.85,31.85,NORMAL,SYNTHETIC_SCENARIO
ORD-0010125,2026-09-10,Nakuru,PMS,OMC_C,141.86,141.86,NORMAL,SYNTHETIC_SCENARIO
ORD-0010126,2026-09-10,Nakuru,PMS,OMC_D,63.37,63.37,NORMAL,SYNTHETIC_SCENARIO
ORD-0010127,2026-09-10,Nakuru,PMS,OMC_E,65.8,65.8,NORMAL,SYNTHETIC_SCENARIO
ORD-0010128,2026-09-10,Nakuru,PMS,OMC_F,91.39,91.39,NORMAL,SYNTHETIC_SCENARIO
ORD-0010129,2026-09-11,Nakuru,PMS,OMC_A,125.26,125.26,HIGH,SYNTHETIC_SCENARIO
ORD-0010130,2026-09-11,Nakuru,PMS,OMC_B,289.79,289.79,NORMAL,SYNTHETIC_SCENARIO
ORD-0010131,2026-09-11,Nakuru,PMS,OMC_C,30.92,30.92,NORMAL,SYNTHETIC_SCENARIO
ORD-0010132,2026-09-11,Nakuru,PMS,OMC_D,56.48,56.48,NORMAL,SYNTHETIC_SCENARIO
ORD-0010133,2026-09-11,Nakuru,PMS,OMC_E,70.01,70.01,NORMAL,SYNTHETIC_SCENARIO
ORD-0010134,2026-09-11,Nakuru,PMS,OMC_F,9.37,9.37,NORMAL,SYNTHETIC_SCENARIO
ORD-0010135,2026-09-12,Nakuru,PMS,OMC_A,119.18,119.18,NORMAL,SYNTHETIC_SCENARIO
ORD-0010136,2026-09-12,Nakuru,PMS,OMC_B,133.51,133.51,NORMAL,SYNTHETIC_SCENARIO
ORD-0010137,2026-09-12,Nakuru,PMS,OMC_C,162.52,162.52,NORMAL,SYNTHETIC_SCENARIO
ORD-0010138,2026-09-12,Nakuru,PMS,OMC_D,67.34,67.34,NORMAL,SYNTHETIC_SCENARIO
ORD-0010139,2026-09-12,Nakuru,PMS,OMC_E,27.04,27.04,NORMAL,SYNTHETIC_SCENARIO
ORD-0010140,2026-09-12,Nakuru,PMS,OMC_F,21.07,21.07,NORMAL,SYNTHETIC_SCENARIO
ORD-0010141,2026-09-13,Nakuru,PMS,OMC_A,52.93,52.93,NORMAL,SYNTHETIC_SCENARIO
ORD-0010142,2026-09-13,Nakuru,PMS,OMC_B,245.76,245.76,HIGH,SYNTHETIC_SCENARIO
ORD-0010143,2026-09-13,Nakuru,PMS,OMC_C,94.74,94.74,NORMAL,SYNTHETIC_SCENARIO
ORD-0010144,2026-09-13,Nakuru,PMS,OMC_D,18.96,18.96,NORMAL,SYNTHETIC_SCENARIO
ORD-0010145,2026-09-13,Nakuru,PMS,OMC_E,49.67,49.67,NORMAL,SYNTHETIC_SCENARIO
ORD-0010146,2026-09-13,Nakuru,PMS,OMC_F,9.21,9.21,NORMAL,SYNTHETIC_SCENARIO
ORD-0010147,2026-09-14,Nakuru,PMS,OMC_A,137.28,137.28,NORMAL,SYNTHETIC_SCENARIO
ORD-0010148,2026-09-14,Nakuru,PMS,OMC_B,70.56,70.56,NORMAL,SYNTHETIC_SCENARIO
ORD-0010149,2026-09-14,Nakuru,PMS,OMC_C,49.45,49.45,NORMAL,SYNTHETIC_SCENARIO
ORD-0010150,2026-09-14,Nakuru,PMS,OMC_D,67.12,67.12,NORMAL,SYNTHETIC_SCENARIO
ORD-0010151,2026-09-14,Nakuru,PMS,OMC_E,6.98,6.98,NORMAL,SYNTHETIC_SCENARIO
ORD-0010152,2026-09-14,Nakuru,PMS,OMC_F,202.5,202.5,NORMAL,SYNTHETIC_SCENARIO
ORD-0010153,2026-09-15,Nakuru,PMS,OMC_A,50.49,50.49,NORMAL,SYNTHETIC_SCENARIO
ORD-0010154,2026-09-15,Nakuru,PMS,OMC_B,80.52,80.52,NORMAL,SYNTHETIC_SCENARIO
ORD-0010155,2026-09-15,Nakuru,PMS,OMC_C,112.31,112.31,NORMAL,SYNTHETIC_SCENARIO
ORD-0010156,2026-09-15,Nakuru,PMS,OMC_D,158.59,158.59,HIGH,SYNTHETIC_SCENARIO
ORD-0010157,2026-09-15,Nakuru,PMS,OMC_E,72.12,72.12,NORMAL,SYNTHETIC_SCENARIO
ORD-0010158,2026-09-15,Nakuru,PMS,OMC_F,72.76,72.76,NORMAL,SYNTHETIC_SCENARIO
ORD-0010159,2026-09-16,Nakuru,PMS,OMC_A,183.85,183.85,NORMAL,SYNTHETIC_SCENARIO
ORD-0010160,2026-09-16,Nakuru,PMS,OMC_B,37.5,37.5,NORMAL,SYNTHETIC_SCENARIO
ORD-0010161,2026-09-16,Nakuru,PMS,OMC_C,94.38,94.38,NORMAL,SYNTHETIC_SCENARIO
ORD-0010162,2026-09-16,Nakuru,PMS,OMC_D,133.09,133.09,NORMAL,SYNTHETIC_SCENARIO
ORD-0010163,2026-09-16,Nakuru,PMS,OMC_E,20.44,20.44,NORMAL,SYNTHETIC_SCENARIO
ORD-0010164,2026-09-16,Nakuru,PMS,OMC_F,94.52,94.52,NORMAL,SYNTHETIC_SCENARIO
ORD-0010165,2026-09-17,Nakuru,PMS,OMC_A,87.61,87.61,NORMAL,SYNTHETIC_SCENARIO
ORD-0010166,2026-09-17,Nakuru,PMS,OMC_B,281.58,281.58,NORMAL,SYNTHETIC_SCENARIO
ORD-0010167,2026-09-17,Nakuru,PMS,OMC_C,55.22,55.22,NORMAL,SYNTHETIC_SCENARIO
ORD-0010168,2026-09-17,Nakuru,PMS,OMC_D,86.5,86.5,NORMAL,SYNTHETIC_SCENARIO
ORD-0010169,2026-09-17,Nakuru,PMS,OMC_E,85.13,85.13,NORMAL,SYNTHETIC_SCENARIO
ORD-0010170,2026-09-17,Nakuru,PMS,OMC_F,21.15,21.15,NORMAL,SYNTHETIC_SCENARIO
ORD-0010171,2026-09-18,Nakuru,PMS,OMC_A,307.0,307.0,NORMAL,SYNTHETIC_SCENARIO
ORD-0010172,2026-09-18,Nakuru,PMS,OMC_B,133.64,133.64,NORMAL,SYNTHETIC_SCENARIO
ORD-0010173,2026-09-18,Nakuru,PMS,OMC_C,63.64,63.64,NORMAL,SYNTHETIC_SCENARIO
ORD-0010174,2026-09-18,Nakuru,PMS,OMC_D,37.5,37.5,NORMAL,SYNTHETIC_SCENARIO
ORD-0010175,2026-09-18,Nakuru,PMS,OMC_E,38.83,38.83,HIGH,SYNTHETIC_SCENARIO
ORD-0010176,2026-09-18,Nakuru,PMS,OMC_F,5.05,5.05,NORMAL,SYNTHETIC_SCENARIO
ORD-0010177,2026-09-19,Nakuru,PMS,OMC_A,23.83,23.83,NORMAL,SYNTHETIC_SCENARIO
ORD-0010178,2026-09-19,Nakuru,PMS,OMC_B,68.41,68.41,NORMAL,SYNTHETIC_SCENARIO
ORD-0010179,2026-09-19,Nakuru,PMS,OMC_C,96.89,96.89,NORMAL,SYNTHETIC_SCENARIO
ORD-0010180,2026-09-19,Nakuru,PMS,OMC_D,78.42,78.42,NORMAL,SYNTHETIC_SCENARIO
ORD-0010181,2026-09-19,Nakuru,PMS,OMC_E,120.48,120.48,NORMAL,SYNTHETIC_SCENARIO
ORD-0010182,2026-09-19,Nakuru,PMS,OMC_F,159.81,159.81,HIGH,SYNTHETIC_SCENARIO
ORD-0010183,2026-09-20,Nakuru,PMS,OMC_A,165.37,165.37,NORMAL,SYNTHETIC_SCENARIO
ORD-0010184,2026-09-20,Nakuru,PMS,OMC_B,83.74,83.74,NORMAL,SYNTHETIC_SCENARIO
ORD-0010185,2026-09-20,Nakuru,PMS,OMC_C,20.6,20.6,NORMAL,SYNTHETIC_SCENARIO
ORD-0010186,2026-09-20,Nakuru,PMS,OMC_D,143.51,143.51,NORMAL,SYNTHETIC_SCENARIO
ORD-0010187,2026-09-20,Nakuru,PMS,OMC_E,40.94,40.94,HIGH,SYNTHETIC_SCENARIO
ORD-0010188,2026-09-20,Nakuru,PMS,OMC_F,20.67,20.67,NORMAL,SYNTHETIC_SCENARIO
ORD-0010189,2026-09-21,Nakuru,PMS,OMC_A,199.76,199.76,NORMAL,SYNTHETIC_SCENARIO
ORD-0010190,2026-09-21,Nakuru,PMS,OMC_B,120.82,120.82,NORMAL,SYNTHETIC_SCENARIO
ORD-0010191,2026-09-21,Nakuru,PMS,OMC_C,30.39,30.39,HIGH,SYNTHETIC_SCENARIO
ORD-0010192,2026-09-21,Nakuru,PMS,OMC_D,65.97,65.97,NORMAL,SYNTHETIC_SCENARIO
ORD-0010193,2026-09-21,Nakuru,PMS,OMC_E,55.16,55.16,NORMAL,SYNTHETIC_SCENARIO
ORD-0010194,2026-09-21,Nakuru,PMS,OMC_F,81.79,81.79,NORMAL,SYNTHETIC_SCENARIO
ORD-0010195,2026-09-22,Nakuru,PMS,OMC_A,41.86,41.86,NORMAL,SYNTHETIC_SCENARIO
ORD-0010196,2026-09-22,Nakuru,PMS,OMC_B,238.35,238.35,NORMAL,SYNTHETIC_SCENARIO
ORD-0010197,2026-09-22,Nakuru,PMS,OMC_C,40.81,40.81,NORMAL,SYNTHETIC_SCENARIO
ORD-0010198,2026-09-22,Nakuru,PMS,OMC_D,13.33,13.33,NORMAL,SYNTHETIC_SCENARIO
ORD-0010199,2026-09-22,Nakuru,PMS,OMC_E,140.17,140.17,NORMAL,SYNTHETIC_SCENARIO
ORD-0010200,2026-09-22,Nakuru,PMS,OMC_F,25.01,25.01,NORMAL,SYNTHETIC_SCENARIO
ORD-0010201,2026-09-23,Nakuru,PMS,OMC_A,98.14,98.14,NORMAL,SYNTHETIC_SCENARIO
ORD-0010202,2026-09-23,Nakuru,PMS,OMC_B,205.68,205.68,HIGH,SYNTHETIC_SCENARIO
ORD-0010203,2026-09-23,Nakuru,PMS,OMC_C,47.46,47.46,NORMAL,SYNTHETIC_SCENARIO
ORD-0010204,2026-09-23,Nakuru,PMS,OMC_D,42.31,42.31,NORMAL,SYNTHETIC_SCENARIO
ORD-0010205,2026-09-23,Nakuru,PMS,OMC_E,123.86,123.86,NORMAL,SYNTHETIC_SCENARIO
ORD-0010206,2026-09-23,Nakuru,PMS,OMC_F,8.34,8.34,NORMAL,SYNTHETIC_SCENARIO
ORD-0010207,2026-09-24,Nakuru,PMS,OMC_A,55.42,55.42,NORMAL,SYNTHETIC_SCENARIO
ORD-0010208,2026-09-24,Nakuru,PMS,OMC_B,151.88,151.88,NORMAL,SYNTHETIC_SCENARIO
ORD-0010209,2026-09-24,Nakuru,PMS,OMC_C,26.13,26.13,NORMAL,SYNTHETIC_SCENARIO
ORD-0010210,2026-09-24,Nakuru,PMS,OMC_D,279.92,279.92,NORMAL,SYNTHETIC_SCENARIO
ORD-0010211,2026-09-24,Nakuru,PMS,OMC_E,69.79,69.79,NORMAL,SYNTHETIC_SCENARIO
ORD-0010212,2026-09-24,Nakuru,PMS,OMC_F,8.59,8.59,NORMAL,SYNTHETIC_SCENARIO
ORD-0010213,2026-09-25,Nakuru,PMS,OMC_A,57.22,57.22,NORMAL,SYNTHETIC_SCENARIO
ORD-0010214,2026-09-25,Nakuru,PMS,OMC_B,258.04,258.04,NORMAL,SYNTHETIC_SCENARIO
ORD-0010215,2026-09-25,Nakuru,PMS,OMC_C,46.36,46.36,NORMAL,SYNTHETIC_SCENARIO
ORD-0010216,2026-09-25,Nakuru,PMS,OMC_D,67.05,67.05,NORMAL,SYNTHETIC_SCENARIO
ORD-0010217,2026-09-25,Nakuru,PMS,OMC_E,58.29,58.29,NORMAL,SYNTHETIC_SCENARIO
ORD-0010218,2026-09-25,Nakuru,PMS,OMC_F,82.22,82.22,NORMAL,SYNTHETIC_SCENARIO
ORD-0010219,2026-09-26,Nakuru,PMS,OMC_A,220.58,220.58,NORMAL,SYNTHETIC_SCENARIO
ORD-0010220,2026-09-26,Nakuru,PMS,OMC_B,110.3,110.3,NORMAL,SYNTHETIC_SCENARIO
ORD-0010221,2026-09-26,Nakuru,PMS,OMC_C,129.13,129.13,NORMAL,SYNTHETIC_SCENARIO
ORD-0010222,2026-09-26,Nakuru,PMS,OMC_D,49.52,49.52,NORMAL,SYNTHETIC_SCENARIO
ORD-0010223,2026-09-26,Nakuru,PMS,OMC_E,13.69,13.69,NORMAL,SYNTHETIC_SCENARIO
ORD-0010224,2026-09-26,Nakuru,PMS,OMC_F,21.38,21.38,NORMAL,SYNTHETIC_SCENARIO
ORD-0010225,2026-09-27,Nakuru,PMS,OMC_A,216.2,216.2,HIGH,SYNTHETIC_SCENARIO
ORD-0010226,2026-09-27,Nakuru,PMS,OMC_B,95.75,95.75,HIGH,SYNTHETIC_SCENARIO
ORD-0010227,2026-09-27,Nakuru,PMS,OMC_C,16.89,16.89,NORMAL,SYNTHETIC_SCENARIO
ORD-0010228,2026-09-27,Nakuru,PMS,OMC_D,43.15,43.15,NORMAL,SYNTHETIC_SCENARIO
ORD-0010229,2026-09-27,Nakuru,PMS,OMC_E,100.24,100.24,NORMAL,SYNTHETIC_SCENARIO
ORD-0010230,2026-09-27,Nakuru,PMS,OMC_F,14.96,14.96,NORMAL,SYNTHETIC_SCENARIO
ORD-0010231,2026-09-28,Nakuru,PMS,OMC_A,51.35,51.35,NORMAL,SYNTHETIC_SCENARIO
ORD-0010232,2026-09-28,Nakuru,PMS,OMC_B,177.16,177.16,NORMAL,SYNTHETIC_SCENARIO
ORD-0010233,2026-09-28,Nakuru,PMS,OMC_C,44.76,44.76,HIGH,SYNTHETIC_SCENARIO
ORD-0010234,2026-09-28,Nakuru,PMS,OMC_D,85.15,85.15,NORMAL,SYNTHETIC_SCENARIO
ORD-0010235,2026-09-28,Nakuru,PMS,OMC_E,20.64,20.64,NORMAL,SYNTHETIC_SCENARIO
ORD-0010236,2026-09-28,Nakuru,PMS,OMC_F,162.84,162.84,HIGH,SYNTHETIC_SCENARIO
ORD-0010237,2026-09-29,Nakuru,PMS,OMC_A,137.84,137.84,NORMAL,SYNTHETIC_SCENARIO
ORD-0010238,2026-09-29,Nakuru,PMS,OMC_B,241.01,241.01,NORMAL,SYNTHETIC_SCENARIO
ORD-0010239,2026-09-29,Nakuru,PMS,OMC_C,77.21,77.21,HIGH,SYNTHETIC_SCENARIO
ORD-0010240,2026-09-29,Nakuru,PMS,OMC_D,80.36,80.36,NORMAL,SYNTHETIC_SCENARIO
ORD-0010241,2026-09-29,Nakuru,PMS,OMC_E,29.23,29.23,NORMAL,SYNTHETIC_SCENARIO
ORD-0010242,2026-09-29,Nakuru,PMS,OMC_F,54.23,54.23,NORMAL,SYNTHETIC_SCENARIO
ORD-0010243,2026-09-30,Nakuru,PMS,OMC_A,267.62,267.62,NORMAL,SYNTHETIC_SCENARIO
ORD-0010244,2026-09-30,Nakuru,PMS,OMC_B,52.61,52.61,HIGH,SYNTHETIC_SCENARIO
ORD-0010245,2026-09-30,Nakuru,PMS,OMC_C,61.46,61.46,NORMAL,SYNTHETIC_SCENARIO
ORD-0010246,2026-09-30,Nakuru,PMS,OMC_D,120.12,120.12,NORMAL,SYNTHETIC_SCENARIO
ORD-0010247,2026-09-30,Nakuru,PMS,OMC_E,62.27,62.27,NORMAL,SYNTHETIC_SCENARIO
ORD-0010248,2026-09-30,Nakuru,PMS,OMC_F,31.12,31.12,NORMAL,SYNTHETIC_SCENARIO
ORD-0010249,2026-10-01,Nakuru,PMS,OMC_A,116.13,116.13,NORMAL,SYNTHETIC_SCENARIO
ORD-0010250,2026-10-01,Nakuru,PMS,OMC_B,172.25,172.25,NORMAL,SYNTHETIC_SCENARIO
ORD-0010251,2026-10-01,Nakuru,PMS,OMC_C,190.66,190.66,NORMAL,SYNTHETIC_SCENARIO
ORD-0010252,2026-10-01,Nakuru,PMS,OMC_D,58.09,58.09,NORMAL,SYNTHETIC_SCENARIO
ORD-0010253,2026-10-01,Nakuru,PMS,OMC_E,70.59,70.59,NORMAL,SYNTHETIC_SCENARIO
ORD-0010254,2026-10-01,Nakuru,PMS,OMC_F,23.21,23.21,NORMAL,SYNTHETIC_SCENARIO
ORD-0010255,2026-10-02,Nakuru,PMS,OMC_A,226.65,226.65,NORMAL,SYNTHETIC_SCENARIO
ORD-0010256,2026-10-02,Nakuru,PMS,OMC_B,126.39,126.39,NORMAL,SYNTHETIC_SCENARIO
ORD-0010257,2026-10-02,Nakuru,PMS,OMC_C,93.7,93.7,NORMAL,SYNTHETIC_SCENARIO
ORD-0010258,2026-10-02,Nakuru,PMS,OMC_D,22.52,22.52,NORMAL,SYNTHETIC_SCENARIO
ORD-0010259,2026-10-02,Nakuru,PMS,OMC_E,127.31,127.31,NORMAL,SYNTHETIC_SCENARIO
ORD-0010260,2026-10-02,Nakuru,PMS,OMC_F,35.48,35.48,NORMAL,SYNTHETIC_SCENARIO
ORD-0010261,2026-10-03,Nakuru,PMS,OMC_A,233.74,233.74,NORMAL,SYNTHETIC_SCENARIO
ORD-0010262,2026-10-03,Nakuru,PMS,OMC_B,62.21,62.21,NORMAL,SYNTHETIC_SCENARIO
ORD-0010263,2026-10-03,Nakuru,PMS,OMC_C,134.17,134.17,NORMAL,SYNTHETIC_SCENARIO
ORD-0010264,2026-10-03,Nakuru,PMS,OMC_D,54.82,54.82,NORMAL,SYNTHETIC_SCENARIO
ORD-0010265,2026-10-03,Nakuru,PMS,OMC_E,46.38,46.38,NORMAL,SYNTHETIC_SCENARIO
ORD-0010266,2026-10-03,Nakuru,PMS,OMC_F,90.61,90.61,NORMAL,SYNTHETIC_SCENARIO
ORD-0010267,2026-10-04,Nakuru,PMS,OMC_A,50.46,50.46,NORMAL,SYNTHETIC_SCENARIO
ORD-0010268,2026-10-04,Nakuru,PMS,OMC_B,111.28,111.28,NORMAL,SYNTHETIC_SCENARIO
ORD-0010269,2026-10-04,Nakuru,PMS,OMC_C,24.87,24.87,NORMAL,SYNTHETIC_SCENARIO
ORD-0010270,2026-10-04,Nakuru,PMS,OMC_D,243.2,243.2,NORMAL,SYNTHETIC_SCENARIO
ORD-0010271,2026-10-04,Nakuru,PMS,OMC_E,17.08,17.08,NORMAL,SYNTHETIC_SCENARIO
ORD-0010272,2026-10-04,Nakuru,PMS,OMC_F,49.94,49.94,NORMAL,SYNTHETIC_SCENARIO
ORD-0010273,2026-10-05,Nakuru,PMS,OMC_A,202.49,202.49,NORMAL,SYNTHETIC_SCENARIO
ORD-0010274,2026-10-05,Nakuru,PMS,OMC_B,106.67,106.67,NORMAL,SYNTHETIC_SCENARIO
ORD-0010275,2026-10-05,Nakuru,PMS,OMC_C,98.42,98.42,NORMAL,SYNTHETIC_SCENARIO
ORD-0010276,2026-10-05,Nakuru,PMS,OMC_D,16.23,16.23,NORMAL,SYNTHETIC_SCENARIO
ORD-0010277,2026-10-05,Nakuru,PMS,OMC_E,91.49,91.49,NORMAL,SYNTHETIC_SCENARIO
ORD-0010278,2026-10-05,Nakuru,PMS,OMC_F,24.46,24.46,NORMAL,SYNTHETIC_SCENARIO
ORD-0010279,2026-10-06,Nakuru,PMS,OMC_A,154.37,154.37,NORMAL,SYNTHETIC_SCENARIO
ORD-0010280,2026-10-06,Nakuru,PMS,OMC_B,100.15,100.15,NORMAL,SYNTHETIC_SCENARIO
ORD-0010281,2026-10-06,Nakuru,PMS,OMC_C,53.37,53.37,HIGH,SYNTHETIC_SCENARIO
ORD-0010282,2026-10-06,Nakuru,PMS,OMC_D,85.58,85.58,NORMAL,SYNTHETIC_SCENARIO
ORD-0010283,2026-10-06,Nakuru,PMS,OMC_E,61.9,61.9,NORMAL,SYNTHETIC_SCENARIO
ORD-0010284,2026-10-06,Nakuru,PMS,OMC_F,117.58,117.58,NORMAL,SYNTHETIC_SCENARIO
ORD-0010285,2026-10-07,Nakuru,PMS,OMC_A,117.05,117.05,NORMAL,SYNTHETIC_SCENARIO
ORD-0010286,2026-10-07,Nakuru,PMS,OMC_B,129.09,129.09,NORMAL,SYNTHETIC_SCENARIO
ORD-0010287,2026-10-07,Nakuru,PMS,OMC_C,189.6,189.6,NORMAL,SYNTHETIC_SCENARIO
ORD-0010288,2026-10-07,Nakuru,PMS,OMC_D,85.22,85.22,NORMAL,SYNTHETIC_SCENARIO
ORD-0010289,2026-10-07,Nakuru,PMS,OMC_E,35.98,35.98,NORMAL,SYNTHETIC_SCENARIO
ORD-0010290,2026-10-07,Nakuru,PMS,OMC_F,38.93,38.93,HIGH,SYNTHETIC_SCENARIO
ORD-0010291,2026-10-08,Nakuru,PMS,OMC_A,109.91,109.91,NORMAL,SYNTHETIC_SCENARIO
ORD-0010292,2026-10-08,Nakuru,PMS,OMC_B,197.26,197.26,NORMAL,SYNTHETIC_SCENARIO
ORD-0010293,2026-10-08,Nakuru,PMS,OMC_C,14.65,14.65,NORMAL,SYNTHETIC_SCENARIO
ORD-0010294,2026-10-08,Nakuru,PMS,OMC_D,69.06,69.06,NORMAL,SYNTHETIC_SCENARIO
ORD-0010295,2026-10-08,Nakuru,PMS,OMC_E,168.83,168.83,NORMAL,SYNTHETIC_SCENARIO
ORD-0010296,2026-10-08,Nakuru,PMS,OMC_F,89.98,89.98,NORMAL,SYNTHETIC_SCENARIO
ORD-0010297,2026-10-09,Nakuru,PMS,OMC_A,258.1,258.1,NORMAL,SYNTHETIC_SCENARIO
ORD-0010298,2026-10-09,Nakuru,PMS,OMC_B,163.67,163.67,NORMAL,SYNTHETIC_SCENARIO
ORD-0010299,2026-10-09,Nakuru,PMS,OMC_C,57.71,57.71,NORMAL,SYNTHETIC_SCENARIO
ORD-0010300,2026-10-09,Nakuru,PMS,OMC_D,81.78,81.78,NORMAL,SYNTHETIC_SCENARIO
ORD-0010301,2026-10-09,Nakuru,PMS,OMC_E,68.21,68.21,NORMAL,SYNTHETIC_SCENARIO
ORD-0010302,2026-10-09,Nakuru,PMS,OMC_F,18.42,18.42,NORMAL,SYNTHETIC_SCENARIO
ORD-0010303,2026-10-10,Nakuru,PMS,OMC_A,85.41,85.41,NORMAL,SYNTHETIC_SCENARIO
ORD-0010304,2026-10-10,Nakuru,PMS,OMC_B,153.09,153.09,NORMAL,SYNTHETIC_SCENARIO
ORD-0010305,2026-10-10,Nakuru,PMS,OMC_C,55.66,55.66,HIGH,SYNTHETIC_SCENARIO
ORD-0010306,2026-10-10,Nakuru,PMS,OMC_D,49.51,49.51,NORMAL,SYNTHETIC_SCENARIO
ORD-0010307,2026-10-10,Nakuru,PMS,OMC_E,1.92,1.92,NORMAL,SYNTHETIC_SCENARIO
ORD-0010308,2026-10-10,Nakuru,PMS,OMC_F,228.69,228.69,NORMAL,SYNTHETIC_SCENARIO
ORD-0010309,2026-10-11,Nakuru,PMS,OMC_A,118.33,118.33,NORMAL,SYNTHETIC_SCENARIO
ORD-0010310,2026-10-11,Nakuru,PMS,OMC_B,184.33,184.33,NORMAL,SYNTHETIC_SCENARIO
ORD-0010311,2026-10-11,Nakuru,PMS,OMC_C,9.36,9.36,NORMAL,SYNTHETIC_SCENARIO
ORD-0010312,2026-10-11,Nakuru,PMS,OMC_D,34.49,34.49,HIGH,SYNTHETIC_SCENARIO
ORD-0010313,2026-10-11,Nakuru,PMS,OMC_E,111.24,111.24,NORMAL,SYNTHETIC_SCENARIO
ORD-0010314,2026-10-11,Nakuru,PMS,OMC_F,2.06,2.06,NORMAL,SYNTHETIC_SCENARIO
ORD-0010315,2026-10-12,Nakuru,PMS,OMC_A,250.09,250.09,NORMAL,SYNTHETIC_SCENARIO
ORD-0010316,2026-10-12,Nakuru,PMS,OMC_B,37.54,37.54,NORMAL,SYNTHETIC_SCENARIO
ORD-0010317,2026-10-12,Nakuru,PMS,OMC_C,49.71,49.71,NORMAL,SYNTHETIC_SCENARIO
ORD-0010318,2026-10-12,Nakuru,PMS,OMC_D,135.63,135.63,NORMAL,SYNTHETIC_SCENARIO
ORD-0010319,2026-10-12,Nakuru,PMS,OMC_E,40.53,40.53,NORMAL,SYNTHETIC_SCENARIO
ORD-0010320,2026-10-12,Nakuru,PMS,OMC_F,46.99,46.99,NORMAL,SYNTHETIC_SCENARIO
ORD-0010321,2026-10-13,Nakuru,PMS,OMC_A,113.64,113.64,NORMAL,SYNTHETIC_SCENARIO
ORD-0010322,2026-10-13,Nakuru,PMS,OMC_B,157.72,157.72,NORMAL,SYNTHETIC_SCENARIO
ORD-0010323,2026-10-13,Nakuru,PMS,OMC_C,97.06,97.06,NORMAL,SYNTHETIC_SCENARIO
ORD-0010324,2026-10-13,Nakuru,PMS,OMC_D,95.83,95.83,NORMAL,SYNTHETIC_SCENARIO
ORD-0010325,2026-10-13,Nakuru,PMS,OMC_E,67.12,67.12,NORMAL,SYNTHETIC_SCENARIO
ORD-0010326,2026-10-13,Nakuru,PMS,OMC_F,97.52,97.52,NORMAL,SYNTHETIC_SCENARIO
ORD-0010327,2026-10-14,Nakuru,PMS,OMC_A,56.89,56.89,NORMAL,SYNTHETIC_SCENARIO
ORD-0010328,2026-10-14,Nakuru,PMS,OMC_B,122.44,122.44,NORMAL,SYNTHETIC_SCENARIO
ORD-0010329,2026-10-14,Nakuru,PMS,OMC_C,67.36,67.36,NORMAL,SYNTHETIC_SCENARIO
ORD-0010330,2026-10-14,Nakuru,PMS,OMC_D,333.31,333.31,NORMAL,SYNTHETIC_SCENARIO
ORD-0010331,2026-10-14,Nakuru,PMS,OMC_E,67.26,67.26,HIGH,SYNTHETIC_SCENARIO
ORD-0010332,2026-10-14,Nakuru,PMS,OMC_F,6.05,6.05,HIGH,SYNTHETIC_SCENARIO
ORD-0010333,2026-10-15,Nakuru,PMS,OMC_A,224.06,224.06,HIGH,SYNTHETIC_SCENARIO
ORD-0010334,2026-10-15,Nakuru,PMS,OMC_B,117.87,117.87,NORMAL,SYNTHETIC_SCENARIO
ORD-0010335,2026-10-15,Nakuru,PMS,OMC_C,27.99,27.99,NORMAL,SYNTHETIC_SCENARIO
ORD-0010336,2026-10-15,Nakuru,PMS,OMC_D,155.99,155.99,NORMAL,SYNTHETIC_SCENARIO
ORD-0010337,2026-10-15,Nakuru,PMS,OMC_E,93.23,93.23,NORMAL,SYNTHETIC_SCENARIO
ORD-0010338,2026-10-15,Nakuru,PMS,OMC_F,6.33,6.33,NORMAL,SYNTHETIC_SCENARIO
ORD-0010339,2026-10-16,Nakuru,PMS,OMC_A,96.99,96.99,NORMAL,SYNTHETIC_SCENARIO
ORD-0010340,2026-10-16,Nakuru,PMS,OMC_B,59.89,59.89,NORMAL,SYNTHETIC_SCENARIO
ORD-0010341,2026-10-16,Nakuru,PMS,OMC_C,236.63,236.63,NORMAL,SYNTHETIC_SCENARIO
ORD-0010342,2026-10-16,Nakuru,PMS,OMC_D,52.36,52.36,HIGH,SYNTHETIC_SCENARIO
ORD-0010343,2026-10-16,Nakuru,PMS,OMC_E,83.44,83.44,HIGH,SYNTHETIC_SCENARIO
ORD-0010344,2026-10-16,Nakuru,PMS,OMC_F,65.12,65.12,NORMAL,SYNTHETIC_SCENARIO
ORD-0010345,2026-10-17,Nakuru,PMS,OMC_A,213.28,213.28,NORMAL,SYNTHETIC_SCENARIO
ORD-0010346,2026-10-17,Nakuru,PMS,OMC_B,68.24,68.24,NORMAL,SYNTHETIC_SCENARIO
ORD-0010347,2026-10-17,Nakuru,PMS,OMC_C,62.93,62.93,NORMAL,SYNTHETIC_SCENARIO
ORD-0010348,2026-10-17,Nakuru,PMS,OMC_D,13.41,13.41,NORMAL,SYNTHETIC_SCENARIO
ORD-0010349,2026-10-17,Nakuru,PMS,OMC_E,128.97,128.97,NORMAL,SYNTHETIC_SCENARIO
ORD-0010350,2026-10-17,Nakuru,PMS,OMC_F,58.93,58.93,NORMAL,SYNTHETIC_SCENARIO
ORD-0010351,2026-10-18,Nakuru,PMS,OMC_A,169.5,169.5,NORMAL,SYNTHETIC_SCENARIO
ORD-0010352,2026-10-18,Nakuru,PMS,OMC_B,138.26,138.26,NORMAL,SYNTHETIC_SCENARIO
ORD-0010353,2026-10-18,Nakuru,PMS,OMC_C,48.12,48.12,NORMAL,SYNTHETIC_SCENARIO
ORD-0010354,2026-10-18,Nakuru,PMS,OMC_D,147.27,147.27,NORMAL,SYNTHETIC_SCENARIO
ORD-0010355,2026-10-18,Nakuru,PMS,OMC_E,5.04,5.04,NORMAL,SYNTHETIC_SCENARIO
ORD-0010356,2026-10-18,Nakuru,PMS,OMC_F,16.72,16.72,NORMAL,SYNTHETIC_SCENARIO
ORD-0010357,2026-10-19,Nakuru,PMS,OMC_A,142.43,142.43,HIGH,SYNTHETIC_SCENARIO
ORD-0010358,2026-10-19,Nakuru,PMS,OMC_B,124.75,124.75,NORMAL,SYNTHETIC_SCENARIO
ORD-0010359,2026-10-19,Nakuru,PMS,OMC_C,90.46,90.46,NORMAL,SYNTHETIC_SCENARIO
ORD-0010360,2026-10-19,Nakuru,PMS,OMC_D,146.33,146.33,NORMAL,SYNTHETIC_SCENARIO
ORD-0010361,2026-10-19,Nakuru,PMS,OMC_E,53.94,53.94,NORMAL,SYNTHETIC_SCENARIO
ORD-0010362,2026-10-19,Nakuru,PMS,OMC_F,28.77,28.77,HIGH,SYNTHETIC_SCENARIO
ORD-0010363,2026-10-20,Nakuru,PMS,OMC_A,96.58,96.58,NORMAL,SYNTHETIC_SCENARIO
ORD-0010364,2026-10-20,Nakuru,PMS,OMC_B,68.53,68.53,NORMAL,SYNTHETIC_SCENARIO
ORD-0010365,2026-10-20,Nakuru,PMS,OMC_C,274.13,274.13,NORMAL,SYNTHETIC_SCENARIO
ORD-0010366,2026-10-20,Nakuru,PMS,OMC_D,34.24,34.24,NORMAL,SYNTHETIC_SCENARIO
ORD-0010367,2026-10-20,Nakuru,PMS,OMC_E,31.04,31.04,NORMAL,SYNTHETIC_SCENARIO
ORD-0010368,2026-10-20,Nakuru,PMS,OMC_F,202.61,202.61,NORMAL,SYNTHETIC_SCENARIO
ORD-0010369,2026-10-21,Nakuru,PMS,OMC_A,211.79,211.79,NORMAL,SYNTHETIC_SCENARIO
ORD-0010370,2026-10-21,Nakuru,PMS,OMC_B,77.91,77.91,NORMAL,SYNTHETIC_SCENARIO
ORD-0010371,2026-10-21,Nakuru,PMS,OMC_C,164.07,164.07,NORMAL,SYNTHETIC_SCENARIO
ORD-0010372,2026-10-21,Nakuru,PMS,OMC_D,65.34,65.34,NORMAL,SYNTHETIC_SCENARIO
ORD-0010373,2026-10-21,Nakuru,PMS,OMC_E,27.03,27.03,NORMAL,SYNTHETIC_SCENARIO
ORD-0010374,2026-10-21,Nakuru,PMS,OMC_F,24.41,24.41,NORMAL,SYNTHETIC_SCENARIO
ORD-0010375,2026-10-22,Nakuru,PMS,OMC_A,287.51,287.51,NORMAL,SYNTHETIC_SCENARIO
ORD-0010376,2026-10-22,Nakuru,PMS,OMC_B,120.68,120.68,NORMAL,SYNTHETIC_SCENARIO
ORD-0010377,2026-10-22,Nakuru,PMS,OMC_C,116.71,116.71,NORMAL,SYNTHETIC_SCENARIO
ORD-0010378,2026-10-22,Nakuru,PMS,OMC_D,71.14,71.14,NORMAL,SYNTHETIC_SCENARIO
ORD-0010379,2026-10-22,Nakuru,PMS,OMC_E,2.49,2.49,NORMAL,SYNTHETIC_SCENARIO
ORD-0010380,2026-10-22,Nakuru,PMS,OMC_F,26.72,26.72,NORMAL,SYNTHETIC_SCENARIO
ORD-0010381,2026-10-23,Nakuru,PMS,OMC_A,83.03,83.03,HIGH,SYNTHETIC_SCENARIO
ORD-0010382,2026-10-23,Nakuru,PMS,OMC_B,65.84,65.84,NORMAL,SYNTHETIC_SCENARIO
ORD-0010383,2026-10-23,Nakuru,PMS,OMC_C,28.88,28.88,NORMAL,SYNTHETIC_SCENARIO
ORD-0010384,2026-10-23,Nakuru,PMS,OMC_D,199.04,199.04,NORMAL,SYNTHETIC_SCENARIO
ORD-0010385,2026-10-23,Nakuru,PMS,OMC_E,181.81,181.81,NORMAL,SYNTHETIC_SCENARIO
ORD-0010386,2026-10-23,Nakuru,PMS,OMC_F,41.68,41.68,NORMAL,SYNTHETIC_SCENARIO
ORD-0010387,2026-10-24,Nakuru,PMS,OMC_A,111.46,111.46,NORMAL,SYNTHETIC_SCENARIO
ORD-0010388,2026-10-24,Nakuru,PMS,OMC_B,34.44,34.44,HIGH,SYNTHETIC_SCENARIO
ORD-0010389,2026-10-24,Nakuru,PMS,OMC_C,203.72,203.72,NORMAL,SYNTHETIC_SCENARIO
ORD-0010390,2026-10-24,Nakuru,PMS,OMC_D,84.97,84.97,NORMAL,SYNTHETIC_SCENARIO
ORD-0010391,2026-10-24,Nakuru,PMS,OMC_E,81.49,81.49,NORMAL,SYNTHETIC_SCENARIO
ORD-0010392,2026-10-24,Nakuru,PMS,OMC_F,19.41,19.41,NORMAL,SYNTHETIC_SCENARIO
ORD-0010393,2026-10-25,Nakuru,PMS,OMC_A,69.18,69.18,NORMAL,SYNTHETIC_SCENARIO
ORD-0010394,2026-10-25,Nakuru,PMS,OMC_B,131.36,131.36,NORMAL,SYNTHETIC_SCENARIO
ORD-0010395,2026-10-25,Nakuru,PMS,OMC_C,131.88,131.88,NORMAL,SYNTHETIC_SCENARIO
ORD-0010396,2026-10-25,Nakuru,PMS,OMC_D,58.84,58.84,NORMAL,SYNTHETIC_SCENARIO
ORD-0010397,2026-10-25,Nakuru,PMS,OMC_E,97.22,97.22,NORMAL,SYNTHETIC_SCENARIO
ORD-0010398,2026-10-25,Nakuru,PMS,OMC_F,16.29,16.29,NORMAL,SYNTHETIC_SCENARIO
ORD-0010399,2026-10-26,Nakuru,PMS,OMC_A,229.06,229.06,NORMAL,SYNTHETIC_SCENARIO
ORD-0010400,2026-10-26,Nakuru,PMS,OMC_B,125.37,125.37,NORMAL,SYNTHETIC_SCENARIO
ORD-0010401,2026-10-26,Nakuru,PMS,OMC_C,109.47,109.47,NORMAL,SYNTHETIC_SCENARIO
ORD-0010402,2026-10-26,Nakuru,PMS,OMC_D,103.51,103.51,NORMAL,SYNTHETIC_SCENARIO
ORD-0010403,2026-10-26,Nakuru,PMS,OMC_E,39.51,39.51,NORMAL,SYNTHETIC_SCENARIO
ORD-0010404,2026-10-26,Nakuru,PMS,OMC_F,13.01,13.01,NORMAL,SYNTHETIC_SCENARIO
ORD-0010405,2026-10-27,Nakuru,PMS,OMC_A,103.88,103.88,NORMAL,SYNTHETIC_SCENARIO
ORD-0010406,2026-10-27,Nakuru,PMS,OMC_B,153.1,153.1,NORMAL,SYNTHETIC_SCENARIO
ORD-0010407,2026-10-27,Nakuru,PMS,OMC_C,90.37,90.37,NORMAL,SYNTHETIC_SCENARIO
ORD-0010408,2026-10-27,Nakuru,PMS,OMC_D,124.77,124.77,NORMAL,SYNTHETIC_SCENARIO
ORD-0010409,2026-10-27,Nakuru,PMS,OMC_E,73.22,73.22,NORMAL,SYNTHETIC_SCENARIO
ORD-0010410,2026-10-27,Nakuru,PMS,OMC_F,30.41,30.41,NORMAL,SYNTHETIC_SCENARIO
ORD-0010411,2026-10-28,Nakuru,PMS,OMC_A,209.12,209.12,NORMAL,SYNTHETIC_SCENARIO
ORD-0010412,2026-10-28,Nakuru,PMS,OMC_B,46.02,46.02,NORMAL,SYNTHETIC_SCENARIO
ORD-0010413,2026-10-28,Nakuru,PMS,OMC_C,129.35,129.35,NORMAL,SYNTHETIC_SCENARIO
ORD-0010414,2026-10-28,Nakuru,PMS,OMC_D,139.36,139.36,NORMAL,SYNTHETIC_SCENARIO
ORD-0010415,2026-10-28,Nakuru,PMS,OMC_E,56.59,56.59,NORMAL,SYNTHETIC_SCENARIO
ORD-0010416,2026-10-28,Nakuru,PMS,OMC_F,81.0,81.0,NORMAL,SYNTHETIC_SCENARIO
ORD-0010417,2026-10-29,Nakuru,PMS,OMC_A,191.25,191.25,NORMAL,SYNTHETIC_SCENARIO
ORD-0010418,2026-10-29,Nakuru,PMS,OMC_B,132.04,132.04,NORMAL,SYNTHETIC_SCENARIO
ORD-0010419,2026-10-29,Nakuru,PMS,OMC_C,49.71,49.71,NORMAL,SYNTHETIC_SCENARIO
ORD-0010420,2026-10-29,Nakuru,PMS,OMC_D,55.51,55.51,NORMAL,SYNTHETIC_SCENARIO
ORD-0010421,2026-10-29,Nakuru,PMS,OMC_E,49.13,49.13,NORMAL,SYNTHETIC_SCENARIO
ORD-0010422,2026-10-29,Nakuru,PMS,OMC_F,202.6,202.6,NORMAL,SYNTHETIC_SCENARIO
ORD-0010423,2026-10-30,Nakuru,PMS,OMC_A,135.36,135.36,NORMAL,SYNTHETIC_SCENARIO
ORD-0010424,2026-10-30,Nakuru,PMS,OMC_B,288.11,288.11,NORMAL,SYNTHETIC_SCENARIO
ORD-0010425,2026-10-30,Nakuru,PMS,OMC_C,15.46,15.46,NORMAL,SYNTHETIC_SCENARIO
ORD-0010426,2026-10-30,Nakuru,PMS,OMC_D,139.44,139.44,NORMAL,SYNTHETIC_SCENARIO
ORD-0010427,2026-10-30,Nakuru,PMS,OMC_E,38.59,38.59,NORMAL,SYNTHETIC_SCENARIO
ORD-0010428,2026-10-30,Nakuru,PMS,OMC_F,7.68,7.68,NORMAL,SYNTHETIC_SCENARIO
ORD-0010429,2026-10-31,Nakuru,PMS,OMC_A,139.43,139.43,NORMAL,SYNTHETIC_SCENARIO
ORD-0010430,2026-10-31,Nakuru,PMS,OMC_B,169.34,169.34,NORMAL,SYNTHETIC_SCENARIO
ORD-0010431,2026-10-31,Nakuru,PMS,OMC_C,131.08,131.08,NORMAL,SYNTHETIC_SCENARIO
ORD-0010432,2026-10-31,Nakuru,PMS,OMC_D,65.17,65.17,NORMAL,SYNTHETIC_SCENARIO
ORD-0010433,2026-10-31,Nakuru,PMS,OMC_E,31.67,31.67,HIGH,SYNTHETIC_SCENARIO
ORD-0010434,2026-10-31,Nakuru,PMS,OMC_F,65.5,65.5,NORMAL,SYNTHETIC_SCENARIO
ORD-0010435,2026-11-01,Nakuru,PMS,OMC_A,104.93,104.93,NORMAL,SYNTHETIC_SCENARIO
ORD-0010436,2026-11-01,Nakuru,PMS,OMC_B,137.45,137.45,NORMAL,SYNTHETIC_SCENARIO
ORD-0010437,2026-11-01,Nakuru,PMS,OMC_C,56.65,56.65,NORMAL,SYNTHETIC_SCENARIO
ORD-0010438,2026-11-01,Nakuru,PMS,OMC_D,58.87,58.87,HIGH,SYNTHETIC_SCENARIO
ORD-0010439,2026-11-01,Nakuru,PMS,OMC_E,13.55,13.55,NORMAL,SYNTHETIC_SCENARIO
ORD-0010440,2026-11-01,Nakuru,PMS,OMC_F,90.61,90.61,NORMAL,SYNTHETIC_SCENARIO
ORD-0010441,2026-11-02,Nakuru,PMS,OMC_A,157.7,157.7,NORMAL,SYNTHETIC_SCENARIO
ORD-0010442,2026-11-02,Nakuru,PMS,OMC_B,162.72,162.72,NORMAL,SYNTHETIC_SCENARIO
ORD-0010443,2026-11-02,Nakuru,PMS,OMC_C,41.02,41.02,NORMAL,SYNTHETIC_SCENARIO
ORD-0010444,2026-11-02,Nakuru,PMS,OMC_D,43.32,43.32,NORMAL,SYNTHETIC_SCENARIO
ORD-0010445,2026-11-02,Nakuru,PMS,OMC_E,44.23,44.23,NORMAL,SYNTHETIC_SCENARIO
ORD-0010446,2026-11-02,Nakuru,PMS,OMC_F,106.94,106.94,NORMAL,SYNTHETIC_SCENARIO
ORD-0010447,2026-11-03,Nakuru,PMS,OMC_A,153.51,153.51,NORMAL,SYNTHETIC_SCENARIO
ORD-0010448,2026-11-03,Nakuru,PMS,OMC_B,106.91,106.91,NORMAL,SYNTHETIC_SCENARIO
ORD-0010449,2026-11-03,Nakuru,PMS,OMC_C,162.98,162.98,HIGH,SYNTHETIC_SCENARIO
ORD-0010450,2026-11-03,Nakuru,PMS,OMC_D,109.54,109.54,NORMAL,SYNTHETIC_SCENARIO
ORD-0010451,2026-11-03,Nakuru,PMS,OMC_E,5.28,5.28,NORMAL,SYNTHETIC_SCENARIO
ORD-0010452,2026-11-03,Nakuru,PMS,OMC_F,69.44,69.44,NORMAL,SYNTHETIC_SCENARIO
ORD-0010453,2026-11-04,Nakuru,PMS,OMC_A,223.35,223.35,NORMAL,SYNTHETIC_SCENARIO
ORD-0010454,2026-11-04,Nakuru,PMS,OMC_B,53.47,53.47,NORMAL,SYNTHETIC_SCENARIO
ORD-0010455,2026-11-04,Nakuru,PMS,OMC_C,94.55,94.55,NORMAL,SYNTHETIC_SCENARIO
ORD-0010456,2026-11-04,Nakuru,PMS,OMC_D,161.71,161.71,NORMAL,SYNTHETIC_SCENARIO
ORD-0010457,2026-11-04,Nakuru,PMS,OMC_E,25.38,25.38,HIGH,SYNTHETIC_SCENARIO
ORD-0010458,2026-11-04,Nakuru,PMS,OMC_F,9.93,9.93,NORMAL,SYNTHETIC_SCENARIO
ORD-0010459,2026-11-05,Nakuru,PMS,OMC_A,69.78,69.78,NORMAL,SYNTHETIC_SCENARIO
ORD-0010460,2026-11-05,Nakuru,PMS,OMC_B,224.52,224.52,NORMAL,SYNTHETIC_SCENARIO
ORD-0010461,2026-11-05,Nakuru,PMS,OMC_C,59.99,59.99,NORMAL,SYNTHETIC_SCENARIO
ORD-0010462,2026-11-05,Nakuru,PMS,OMC_D,22.08,22.08,NORMAL,SYNTHETIC_SCENARIO
ORD-0010463,2026-11-05,Nakuru,PMS,OMC_E,137.07,137.07,NORMAL,SYNTHETIC_SCENARIO
ORD-0010464,2026-11-05,Nakuru,PMS,OMC_F,36.56,36.56,NORMAL,SYNTHETIC_SCENARIO
ORD-0010465,2026-11-06,Nakuru,PMS,OMC_A,206.25,206.25,NORMAL,SYNTHETIC_SCENARIO
ORD-0010466,2026-11-06,Nakuru,PMS,OMC_B,174.23,174.23,NORMAL,SYNTHETIC_SCENARIO
ORD-0010467,2026-11-06,Nakuru,PMS,OMC_C,76.36,76.36,NORMAL,SYNTHETIC_SCENARIO
ORD-0010468,2026-11-06,Nakuru,PMS,OMC_D,62.6,62.6,NORMAL,SYNTHETIC_SCENARIO
ORD-0010469,2026-11-06,Nakuru,PMS,OMC_E,33.64,33.64,NORMAL,SYNTHETIC_SCENARIO
ORD-0010470,2026-11-06,Nakuru,PMS,OMC_F,116.43,116.43,NORMAL,SYNTHETIC_SCENARIO
ORD-0010471,2026-11-07,Nakuru,PMS,OMC_A,109.01,109.01,NORMAL,SYNTHETIC_SCENARIO
ORD-0010472,2026-11-07,Nakuru,PMS,OMC_B,197.89,197.89,NORMAL,SYNTHETIC_SCENARIO
ORD-0010473,2026-11-07,Nakuru,PMS,OMC_C,22.39,22.39,NORMAL,SYNTHETIC_SCENARIO
ORD-0010474,2026-11-07,Nakuru,PMS,OMC_D,73.6,73.6,NORMAL,SYNTHETIC_SCENARIO
ORD-0010475,2026-11-07,Nakuru,PMS,OMC_E,67.6,67.6,NORMAL,SYNTHETIC_SCENARIO
ORD-0010476,2026-11-07,Nakuru,PMS,OMC_F,5.78,5.78,NORMAL,SYNTHETIC_SCENARIO
ORD-0010477,2026-11-08,Nakuru,PMS,OMC_A,178.75,178.75,NORMAL,SYNTHETIC_SCENARIO
ORD-0010478,2026-11-08,Nakuru,PMS,OMC_B,113.27,113.27,NORMAL,SYNTHETIC_SCENARIO
ORD-0010479,2026-11-08,Nakuru,PMS,OMC_C,18.69,18.69,NORMAL,SYNTHETIC_SCENARIO
ORD-0010480,2026-11-08,Nakuru,PMS,OMC_D,106.37,106.37,NORMAL,SYNTHETIC_SCENARIO
ORD-0010481,2026-11-08,Nakuru,PMS,OMC_E,3.94,3.94,NORMAL,SYNTHETIC_SCENARIO
ORD-0010482,2026-11-08,Nakuru,PMS,OMC_F,19.58,19.58,NORMAL,SYNTHETIC_SCENARIO
ORD-0010483,2026-11-09,Nakuru,PMS,OMC_A,82.84,82.84,NORMAL,SYNTHETIC_SCENARIO
ORD-0010484,2026-11-09,Nakuru,PMS,OMC_B,83.13,83.13,NORMAL,SYNTHETIC_SCENARIO
ORD-0010485,2026-11-09,Nakuru,PMS,OMC_C,172.04,172.04,NORMAL,SYNTHETIC_SCENARIO
ORD-0010486,2026-11-09,Nakuru,PMS,OMC_D,134.45,134.45,NORMAL,SYNTHETIC_SCENARIO
ORD-0010487,2026-11-09,Nakuru,PMS,OMC_E,65.37,65.37,NORMAL,SYNTHETIC_SCENARIO
ORD-0010488,2026-11-09,Nakuru,PMS,OMC_F,28.98,28.98,NORMAL,SYNTHETIC_SCENARIO
ORD-0010489,2026-11-10,Nakuru,PMS,OMC_A,228.21,228.21,NORMAL,SYNTHETIC_SCENARIO
ORD-0010490,2026-11-10,Nakuru,PMS,OMC_B,50.52,50.52,NORMAL,SYNTHETIC_SCENARIO
ORD-0010491,2026-11-10,Nakuru,PMS,OMC_C,150.86,150.86,NORMAL,SYNTHETIC_SCENARIO
ORD-0010492,2026-11-10,Nakuru,PMS,OMC_D,48.4,48.4,NORMAL,SYNTHETIC_SCENARIO
ORD-0010493,2026-11-10,Nakuru,PMS,OMC_E,50.24,50.24,NORMAL,SYNTHETIC_SCENARIO
ORD-0010494,2026-11-10,Nakuru,PMS,OMC_F,37.07,37.07,NORMAL,SYNTHETIC_SCENARIO
ORD-0010495,2026-11-11,Nakuru,PMS,OMC_A,47.22,47.22,NORMAL,SYNTHETIC_SCENARIO
ORD-0010496,2026-11-11,Nakuru,PMS,OMC_B,233.54,233.54,NORMAL,SYNTHETIC_SCENARIO
ORD-0010497,2026-11-11,Nakuru,PMS,OMC_C,77.94,77.94,NORMAL,SYNTHETIC_SCENARIO
ORD-0010498,2026-11-11,Nakuru,PMS,OMC_D,28.55,28.55,NORMAL,SYNTHETIC_SCENARIO
ORD-0010499,2026-11-11,Nakuru,PMS,OMC_E,166.7,166.7,NORMAL,SYNTHETIC_SCENARIO
ORD-0010500,2026-11-11,Nakuru,PMS,OMC_F,32.01,32.01,NORMAL,SYNTHETIC_SCENARIO
ORD-0010501,2026-11-12,Nakuru,PMS,OMC_A,189.91,189.91,NORMAL,SYNTHETIC_SCENARIO
ORD-0010502,2026-11-12,Nakuru,PMS,OMC_B,205.76,205.76,NORMAL,SYNTHETIC_SCENARIO
ORD-0010503,2026-11-12,Nakuru,PMS,OMC_C,36.63,36.63,NORMAL,SYNTHETIC_SCENARIO
ORD-0010504,2026-11-12,Nakuru,PMS,OMC_D,110.76,110.76,NORMAL,SYNTHETIC_SCENARIO
ORD-0010505,2026-11-12,Nakuru,PMS,OMC_E,12.16,12.16,HIGH,SYNTHETIC_SCENARIO
ORD-0010506,2026-11-12,Nakuru,PMS,OMC_F,5.81,5.81,NORMAL,SYNTHETIC_SCENARIO
ORD-0010507,2026-11-13,Nakuru,PMS,OMC_A,207.9,207.9,NORMAL,SYNTHETIC_SCENARIO
ORD-0010508,2026-11-13,Nakuru,PMS,OMC_B,142.59,142.59,NORMAL,SYNTHETIC_SCENARIO
ORD-0010509,2026-11-13,Nakuru,PMS,OMC_C,161.22,161.22,NORMAL,SYNTHETIC_SCENARIO
ORD-0010510,2026-11-13,Nakuru,PMS,OMC_D,62.83,62.83,NORMAL,SYNTHETIC_SCENARIO
ORD-0010511,2026-11-13,Nakuru,PMS,OMC_E,9.57,9.57,NORMAL,SYNTHETIC_SCENARIO
ORD-0010512,2026-11-13,Nakuru,PMS,OMC_F,5.79,5.79,NORMAL,SYNTHETIC_SCENARIO
ORD-0010513,2026-11-14,Nakuru,PMS,OMC_A,64.33,64.33,NORMAL,SYNTHETIC_SCENARIO
ORD-0010514,2026-11-14,Nakuru,PMS,OMC_B,66.83,66.83,NORMAL,SYNTHETIC_SCENARIO
ORD-0010515,2026-11-14,Nakuru,PMS,OMC_C,121.72,121.72,NORMAL,SYNTHETIC_SCENARIO
ORD-0010516,2026-11-14,Nakuru,PMS,OMC_D,151.31,151.31,NORMAL,SYNTHETIC_SCENARIO
ORD-0010517,2026-11-14,Nakuru,PMS,OMC_E,27.15,27.15,NORMAL,SYNTHETIC_SCENARIO
ORD-0010518,2026-11-14,Nakuru,PMS,OMC_F,47.98,47.98,NORMAL,SYNTHETIC_SCENARIO
ORD-0010519,2026-11-15,Nakuru,PMS,OMC_A,60.53,60.53,NORMAL,SYNTHETIC_SCENARIO
ORD-0010520,2026-11-15,Nakuru,PMS,OMC_B,175.5,175.5,NORMAL,SYNTHETIC_SCENARIO
ORD-0010521,2026-11-15,Nakuru,PMS,OMC_C,67.87,67.87,NORMAL,SYNTHETIC_SCENARIO
ORD-0010522,2026-11-15,Nakuru,PMS,OMC_D,81.59,81.59,NORMAL,SYNTHETIC_SCENARIO
ORD-0010523,2026-11-15,Nakuru,PMS,OMC_E,86.54,86.54,NORMAL,SYNTHETIC_SCENARIO
ORD-0010524,2026-11-15,Nakuru,PMS,OMC_F,6.81,6.81,NORMAL,SYNTHETIC_SCENARIO
ORD-0010525,2026-11-16,Nakuru,PMS,OMC_A,153.08,153.08,NORMAL,SYNTHETIC_SCENARIO
ORD-0010526,2026-11-16,Nakuru,PMS,OMC_B,91.21,91.21,HIGH,SYNTHETIC_SCENARIO
ORD-0010527,2026-11-16,Nakuru,PMS,OMC_C,195.78,195.78,NORMAL,SYNTHETIC_SCENARIO
ORD-0010528,2026-11-16,Nakuru,PMS,OMC_D,30.29,30.29,NORMAL,SYNTHETIC_SCENARIO
ORD-0010529,2026-11-16,Nakuru,PMS,OMC_E,101.93,101.93,NORMAL,SYNTHETIC_SCENARIO
ORD-0010530,2026-11-16,Nakuru,PMS,OMC_F,0.71,0.71,NORMAL,SYNTHETIC_SCENARIO
ORD-0010531,2026-11-17,Nakuru,PMS,OMC_A,88.3,88.3,HIGH,SYNTHETIC_SCENARIO
ORD-0010532,2026-11-17,Nakuru,PMS,OMC_B,111.06,111.06,NORMAL,SYNTHETIC_SCENARIO
ORD-0010533,2026-11-17,Nakuru,PMS,OMC_C,114.36,114.36,NORMAL,SYNTHETIC_SCENARIO
ORD-0010534,2026-11-17,Nakuru,PMS,OMC_D,73.75,73.75,NORMAL,SYNTHETIC_SCENARIO
ORD-0010535,2026-11-17,Nakuru,PMS,OMC_E,90.99,90.99,NORMAL,SYNTHETIC_SCENARIO
ORD-0010536,2026-11-17,Nakuru,PMS,OMC_F,31.67,31.67,NORMAL,SYNTHETIC_SCENARIO
ORD-0010537,2026-11-18,Nakuru,PMS,OMC_A,186.22,186.22,NORMAL,SYNTHETIC_SCENARIO
ORD-0010538,2026-11-18,Nakuru,PMS,OMC_B,87.54,87.54,NORMAL,SYNTHETIC_SCENARIO
ORD-0010539,2026-11-18,Nakuru,PMS,OMC_C,74.42,74.42,NORMAL,SYNTHETIC_SCENARIO
ORD-0010540,2026-11-18,Nakuru,PMS,OMC_D,44.65,44.65,HIGH,SYNTHETIC_SCENARIO
ORD-0010541,2026-11-18,Nakuru,PMS,OMC_E,45.74,45.74,NORMAL,SYNTHETIC_SCENARIO
ORD-0010542,2026-11-18,Nakuru,PMS,OMC_F,56.3,56.3,HIGH,SYNTHETIC_SCENARIO
ORD-0010543,2026-11-19,Nakuru,PMS,OMC_A,145.94,145.94,HIGH,SYNTHETIC_SCENARIO
ORD-0010544,2026-11-19,Nakuru,PMS,OMC_B,237.55,237.55,NORMAL,SYNTHETIC_SCENARIO
ORD-0010545,2026-11-19,Nakuru,PMS,OMC_C,121.08,121.08,HIGH,SYNTHETIC_SCENARIO
ORD-0010546,2026-11-19,Nakuru,PMS,OMC_D,57.32,57.32,NORMAL,SYNTHETIC_SCENARIO
ORD-0010547,2026-11-19,Nakuru,PMS,OMC_E,28.99,28.99,NORMAL,SYNTHETIC_SCENARIO
ORD-0010548,2026-11-19,Nakuru,PMS,OMC_F,18.81,18.81,HIGH,SYNTHETIC_SCENARIO
ORD-0010549,2026-11-20,Nakuru,PMS,OMC_A,71.1,71.1,NORMAL,SYNTHETIC_SCENARIO
ORD-0010550,2026-11-20,Nakuru,PMS,OMC_B,60.32,60.32,NORMAL,SYNTHETIC_SCENARIO
ORD-0010551,2026-11-20,Nakuru,PMS,OMC_C,417.01,417.01,NORMAL,SYNTHETIC_SCENARIO
ORD-0010552,2026-11-20,Nakuru,PMS,OMC_D,18.49,18.49,NORMAL,SYNTHETIC_SCENARIO
ORD-0010553,2026-11-20,Nakuru,PMS,OMC_E,53.45,53.45,NORMAL,SYNTHETIC_SCENARIO
ORD-0010554,2026-11-20,Nakuru,PMS,OMC_F,0.24,0.24,NORMAL,SYNTHETIC_SCENARIO
ORD-0010555,2026-11-21,Nakuru,PMS,OMC_A,68.59,68.59,NORMAL,SYNTHETIC_SCENARIO
ORD-0010556,2026-11-21,Nakuru,PMS,OMC_B,177.53,177.53,NORMAL,SYNTHETIC_SCENARIO
ORD-0010557,2026-11-21,Nakuru,PMS,OMC_C,44.79,44.79,NORMAL,SYNTHETIC_SCENARIO
ORD-0010558,2026-11-21,Nakuru,PMS,OMC_D,80.08,80.08,NORMAL,SYNTHETIC_SCENARIO
ORD-0010559,2026-11-21,Nakuru,PMS,OMC_E,68.87,68.87,NORMAL,SYNTHETIC_SCENARIO
ORD-0010560,2026-11-21,Nakuru,PMS,OMC_F,46.71,46.71,NORMAL,SYNTHETIC_SCENARIO
ORD-0010561,2026-11-22,Nakuru,PMS,OMC_A,123.84,123.84,NORMAL,SYNTHETIC_SCENARIO
ORD-0010562,2026-11-22,Nakuru,PMS,OMC_B,28.12,28.12,NORMAL,SYNTHETIC_SCENARIO
ORD-0010563,2026-11-22,Nakuru,PMS,OMC_C,181.79,181.79,NORMAL,SYNTHETIC_SCENARIO
ORD-0010564,2026-11-22,Nakuru,PMS,OMC_D,81.42,81.42,HIGH,SYNTHETIC_SCENARIO
ORD-0010565,2026-11-22,Nakuru,PMS,OMC_E,68.69,68.69,NORMAL,SYNTHETIC_SCENARIO
ORD-0010566,2026-11-22,Nakuru,PMS,OMC_F,10.33,10.33,NORMAL,SYNTHETIC_SCENARIO
ORD-0010567,2026-11-23,Nakuru,PMS,OMC_A,133.51,133.51,NORMAL,SYNTHETIC_SCENARIO
ORD-0010568,2026-11-23,Nakuru,PMS,OMC_B,214.23,214.23,NORMAL,SYNTHETIC_SCENARIO
ORD-0010569,2026-11-23,Nakuru,PMS,OMC_C,47.9,47.9,NORMAL,SYNTHETIC_SCENARIO
ORD-0010570,2026-11-23,Nakuru,PMS,OMC_D,25.48,25.48,NORMAL,SYNTHETIC_SCENARIO
ORD-0010571,2026-11-23,Nakuru,PMS,OMC_E,127.59,127.59,NORMAL,SYNTHETIC_SCENARIO
ORD-0010572,2026-11-23,Nakuru,PMS,OMC_F,15.82,15.82,NORMAL,SYNTHETIC_SCENARIO
ORD-0010573,2026-11-24,Nakuru,PMS,OMC_A,211.51,211.51,NORMAL,SYNTHETIC_SCENARIO
ORD-0010574,2026-11-24,Nakuru,PMS,OMC_B,32.13,32.13,NORMAL,SYNTHETIC_SCENARIO
ORD-0010575,2026-11-24,Nakuru,PMS,OMC_C,76.87,76.87,NORMAL,SYNTHETIC_SCENARIO
ORD-0010576,2026-11-24,Nakuru,PMS,OMC_D,81.72,81.72,NORMAL,SYNTHETIC_SCENARIO
ORD-0010577,2026-11-24,Nakuru,PMS,OMC_E,66.13,66.13,NORMAL,SYNTHETIC_SCENARIO
ORD-0010578,2026-11-24,Nakuru,PMS,OMC_F,80.05,80.05,NORMAL,SYNTHETIC_SCENARIO
ORD-0010579,2026-11-25,Nakuru,PMS,OMC_A,146.97,146.97,NORMAL,SYNTHETIC_SCENARIO
ORD-0010580,2026-11-25,Nakuru,PMS,OMC_B,104.06,104.06,NORMAL,SYNTHETIC_SCENARIO
ORD-0010581,2026-11-25,Nakuru,PMS,OMC_C,104.4,104.4,NORMAL,SYNTHETIC_SCENARIO
ORD-0010582,2026-11-25,Nakuru,PMS,OMC_D,124.05,124.05,NORMAL,SYNTHETIC_SCENARIO
ORD-0010583,2026-11-25,Nakuru,PMS,OMC_E,81.48,81.48,HIGH,SYNTHETIC_SCENARIO
ORD-0010584,2026-11-25,Nakuru,PMS,OMC_F,52.02,52.02,NORMAL,SYNTHETIC_SCENARIO
ORD-0010585,2026-11-26,Nakuru,PMS,OMC_A,38.51,38.51,NORMAL,SYNTHETIC_SCENARIO
ORD-0010586,2026-11-26,Nakuru,PMS,OMC_B,105.76,105.76,HIGH,SYNTHETIC_SCENARIO
ORD-0010587,2026-11-26,Nakuru,PMS,OMC_C,288.42,288.42,NORMAL,SYNTHETIC_SCENARIO
ORD-0010588,2026-11-26,Nakuru,PMS,OMC_D,70.1,70.1,NORMAL,SYNTHETIC_SCENARIO
ORD-0010589,2026-11-26,Nakuru,PMS,OMC_E,12.07,12.07,NORMAL,SYNTHETIC_SCENARIO
ORD-0010590,2026-11-26,Nakuru,PMS,OMC_F,48.85,48.85,NORMAL,SYNTHETIC_SCENARIO
ORD-0010591,2026-11-27,Nakuru,PMS,OMC_A,51.98,51.98,NORMAL,SYNTHETIC_SCENARIO
ORD-0010592,2026-11-27,Nakuru,PMS,OMC_B,287.09,287.09,NORMAL,SYNTHETIC_SCENARIO
ORD-0010593,2026-11-27,Nakuru,PMS,OMC_C,96.75,96.75,NORMAL,SYNTHETIC_SCENARIO
ORD-0010594,2026-11-27,Nakuru,PMS,OMC_D,117.82,117.82,NORMAL,SYNTHETIC_SCENARIO
ORD-0010595,2026-11-27,Nakuru,PMS,OMC_E,14.09,14.09,NORMAL,SYNTHETIC_SCENARIO
ORD-0010596,2026-11-27,Nakuru,PMS,OMC_F,23.67,23.67,NORMAL,SYNTHETIC_SCENARIO
ORD-0010597,2026-11-28,Nakuru,PMS,OMC_A,143.77,143.77,NORMAL,SYNTHETIC_SCENARIO
ORD-0010598,2026-11-28,Nakuru,PMS,OMC_B,192.56,192.56,NORMAL,SYNTHETIC_SCENARIO
ORD-0010599,2026-11-28,Nakuru,PMS,OMC_C,77.02,77.02,NORMAL,SYNTHETIC_SCENARIO
ORD-0010600,2026-11-28,Nakuru,PMS,OMC_D,41.41,41.41,NORMAL,SYNTHETIC_SCENARIO
ORD-0010601,2026-11-28,Nakuru,PMS,OMC_E,40.18,40.18,NORMAL,SYNTHETIC_SCENARIO
ORD-0010602,2026-11-28,Nakuru,PMS,OMC_F,12.75,12.75,NORMAL,SYNTHETIC_SCENARIO
ORD-0010603,2026-11-29,Nakuru,PMS,OMC_A,91.7,91.7,HIGH,SYNTHETIC_SCENARIO
ORD-0010604,2026-11-29,Nakuru,PMS,OMC_B,57.82,57.82,NORMAL,SYNTHETIC_SCENARIO
ORD-0010605,2026-11-29,Nakuru,PMS,OMC_C,104.98,104.98,NORMAL,SYNTHETIC_SCENARIO
ORD-0010606,2026-11-29,Nakuru,PMS,OMC_D,85.67,85.67,NORMAL,SYNTHETIC_SCENARIO
ORD-0010607,2026-11-29,Nakuru,PMS,OMC_E,45.74,45.74,NORMAL,SYNTHETIC_SCENARIO
ORD-0010608,2026-11-29,Nakuru,PMS,OMC_F,57.93,57.93,NORMAL,SYNTHETIC_SCENARIO
ORD-0010609,2026-11-30,Nakuru,PMS,OMC_A,38.25,38.25,NORMAL,SYNTHETIC_SCENARIO
ORD-0010610,2026-11-30,Nakuru,PMS,OMC_B,216.67,216.67,NORMAL,SYNTHETIC_SCENARIO
ORD-0010611,2026-11-30,Nakuru,PMS,OMC_C,165.19,165.19,NORMAL,SYNTHETIC_SCENARIO
ORD-0010612,2026-11-30,Nakuru,PMS,OMC_D,61.66,61.66,NORMAL,SYNTHETIC_SCENARIO
ORD-0010613,2026-11-30,Nakuru,PMS,OMC_E,15.06,15.06,NORMAL,SYNTHETIC_SCENARIO
ORD-0010614,2026-11-30,Nakuru,PMS,OMC_F,66.8,66.8,NORMAL,SYNTHETIC_SCENARIO
ORD-0010615,2026-12-01,Nakuru,PMS,OMC_A,83.85,83.85,NORMAL,SYNTHETIC_SCENARIO
ORD-0010616,2026-12-01,Nakuru,PMS,OMC_B,258.97,258.97,NORMAL,SYNTHETIC_SCENARIO
ORD-0010617,2026-12-01,Nakuru,PMS,OMC_C,84.1,84.1,HIGH,SYNTHETIC_SCENARIO
ORD-0010618,2026-12-01,Nakuru,PMS,OMC_D,58.63,58.63,NORMAL,SYNTHETIC_SCENARIO
ORD-0010619,2026-12-01,Nakuru,PMS,OMC_E,23.81,23.81,NORMAL,SYNTHETIC_SCENARIO
ORD-0010620,2026-12-01,Nakuru,PMS,OMC_F,159.6,159.6,NORMAL,SYNTHETIC_SCENARIO
ORD-0010621,2026-12-02,Nakuru,PMS,OMC_A,135.95,135.95,NORMAL,SYNTHETIC_SCENARIO
ORD-0010622,2026-12-02,Nakuru,PMS,OMC_B,228.01,228.01,NORMAL,SYNTHETIC_SCENARIO
ORD-0010623,2026-12-02,Nakuru,PMS,OMC_C,249.64,249.64,NORMAL,SYNTHETIC_SCENARIO
ORD-0010624,2026-12-02,Nakuru,PMS,OMC_D,18.07,18.07,NORMAL,SYNTHETIC_SCENARIO
ORD-0010625,2026-12-02,Nakuru,PMS,OMC_E,45.85,45.85,NORMAL,SYNTHETIC_SCENARIO
ORD-0010626,2026-12-02,Nakuru,PMS,OMC_F,13.6,13.6,NORMAL,SYNTHETIC_SCENARIO
ORD-0010627,2026-12-03,Nakuru,PMS,OMC_A,57.4,57.4,NORMAL,SYNTHETIC_SCENARIO
ORD-0010628,2026-12-03,Nakuru,PMS,OMC_B,281.59,281.59,NORMAL,SYNTHETIC_SCENARIO
ORD-0010629,2026-12-03,Nakuru,PMS,OMC_C,205.22,205.22,NORMAL,SYNTHETIC_SCENARIO
ORD-0010630,2026-12-03,Nakuru,PMS,OMC_D,98.08,98.08,NORMAL,SYNTHETIC_SCENARIO
ORD-0010631,2026-12-03,Nakuru,PMS,OMC_E,45.21,45.21,NORMAL,SYNTHETIC_SCENARIO
ORD-0010632,2026-12-03,Nakuru,PMS,OMC_F,5.3,5.3,NORMAL,SYNTHETIC_SCENARIO
ORD-0010633,2026-12-04,Nakuru,PMS,OMC_A,268.91,268.91,NORMAL,SYNTHETIC_SCENARIO
ORD-0010634,2026-12-04,Nakuru,PMS,OMC_B,32.26,32.26,NORMAL,SYNTHETIC_SCENARIO
ORD-0010635,2026-12-04,Nakuru,PMS,OMC_C,38.16,38.16,NORMAL,SYNTHETIC_SCENARIO
ORD-0010636,2026-12-04,Nakuru,PMS,OMC_D,139.79,139.79,NORMAL,SYNTHETIC_SCENARIO
ORD-0010637,2026-12-04,Nakuru,PMS,OMC_E,289.1,289.1,NORMAL,SYNTHETIC_SCENARIO
ORD-0010638,2026-12-04,Nakuru,PMS,OMC_F,13.96,13.96,NORMAL,SYNTHETIC_SCENARIO
ORD-0010639,2026-12-05,Nakuru,PMS,OMC_A,253.62,253.62,NORMAL,SYNTHETIC_SCENARIO
ORD-0010640,2026-12-05,Nakuru,PMS,OMC_B,74.25,74.25,NORMAL,SYNTHETIC_SCENARIO
ORD-0010641,2026-12-05,Nakuru,PMS,OMC_C,146.8,146.8,HIGH,SYNTHETIC_SCENARIO
ORD-0010642,2026-12-05,Nakuru,PMS,OMC_D,87.1,87.1,NORMAL,SYNTHETIC_SCENARIO
ORD-0010643,2026-12-05,Nakuru,PMS,OMC_E,13.93,13.93,NORMAL,SYNTHETIC_SCENARIO
ORD-0010644,2026-12-05,Nakuru,PMS,OMC_F,7.31,7.31,NORMAL,SYNTHETIC_SCENARIO
ORD-0010645,2026-12-06,Nakuru,PMS,OMC_A,299.46,299.46,NORMAL,SYNTHETIC_SCENARIO
ORD-0010646,2026-12-06,Nakuru,PMS,OMC_B,61.9,61.9,NORMAL,SYNTHETIC_SCENARIO
ORD-0010647,2026-12-06,Nakuru,PMS,OMC_C,57.05,57.05,NORMAL,SYNTHETIC_SCENARIO
ORD-0010648,2026-12-06,Nakuru,PMS,OMC_D,46.0,46.0,NORMAL,SYNTHETIC_SCENARIO
ORD-0010649,2026-12-06,Nakuru,PMS,OMC_E,78.69,78.69,NORMAL,SYNTHETIC_SCENARIO
ORD-0010650,2026-12-06,Nakuru,PMS,OMC_F,41.63,41.63,NORMAL,SYNTHETIC_SCENARIO
ORD-0010651,2026-12-07,Nakuru,PMS,OMC_A,237.27,237.27,HIGH,SYNTHETIC_SCENARIO
ORD-0010652,2026-12-07,Nakuru,PMS,OMC_B,208.73,208.73,NORMAL,SYNTHETIC_SCENARIO
ORD-0010653,2026-12-07,Nakuru,PMS,OMC_C,46.93,46.93,NORMAL,SYNTHETIC_SCENARIO
ORD-0010654,2026-12-07,Nakuru,PMS,OMC_D,81.27,81.27,NORMAL,SYNTHETIC_SCENARIO
ORD-0010655,2026-12-07,Nakuru,PMS,OMC_E,21.76,21.76,NORMAL,SYNTHETIC_SCENARIO
ORD-0010656,2026-12-07,Nakuru,PMS,OMC_F,54.32,54.32,HIGH,SYNTHETIC_SCENARIO
ORD-0010657,2026-12-08,Nakuru,PMS,OMC_A,74.85,74.85,NORMAL,SYNTHETIC_SCENARIO
ORD-0010658,2026-12-08,Nakuru,PMS,OMC_B,143.07,143.07,NORMAL,SYNTHETIC_SCENARIO
ORD-0010659,2026-12-08,Nakuru,PMS,OMC_C,316.3,316.3,NORMAL,SYNTHETIC_SCENARIO
ORD-0010660,2026-12-08,Nakuru,PMS,OMC_D,72.94,72.94,NORMAL,SYNTHETIC_SCENARIO
ORD-0010661,2026-12-08,Nakuru,PMS,OMC_E,40.2,40.2,NORMAL,SYNTHETIC_SCENARIO
ORD-0010662,2026-12-08,Nakuru,PMS,OMC_F,59.07,59.07,NORMAL,SYNTHETIC_SCENARIO
ORD-0010663,2026-12-09,Nakuru,PMS,OMC_A,35.06,35.06,NORMAL,SYNTHETIC_SCENARIO
ORD-0010664,2026-12-09,Nakuru,PMS,OMC_B,264.01,264.01,NORMAL,SYNTHETIC_SCENARIO
ORD-0010665,2026-12-09,Nakuru,PMS,OMC_C,79.73,79.73,NORMAL,SYNTHETIC_SCENARIO
ORD-0010666,2026-12-09,Nakuru,PMS,OMC_D,55.65,55.65,NORMAL,SYNTHETIC_SCENARIO
ORD-0010667,2026-12-09,Nakuru,PMS,OMC_E,69.77,69.77,NORMAL,SYNTHETIC_SCENARIO
ORD-0010668,2026-12-09,Nakuru,PMS,OMC_F,113.87,113.87,NORMAL,SYNTHETIC_SCENARIO
ORD-0010669,2026-12-10,Nakuru,PMS,OMC_A,121.19,121.19,NORMAL,SYNTHETIC_SCENARIO
ORD-0010670,2026-12-10,Nakuru,PMS,OMC_B,65.73,65.73,NORMAL,SYNTHETIC_SCENARIO
ORD-0010671,2026-12-10,Nakuru,PMS,OMC_C,228.67,228.67,NORMAL,SYNTHETIC_SCENARIO
ORD-0010672,2026-12-10,Nakuru,PMS,OMC_D,104.41,104.41,NORMAL,SYNTHETIC_SCENARIO
ORD-0010673,2026-12-10,Nakuru,PMS,OMC_E,118.14,118.14,NORMAL,SYNTHETIC_SCENARIO
ORD-0010674,2026-12-10,Nakuru,PMS,OMC_F,48.96,48.96,NORMAL,SYNTHETIC_SCENARIO
ORD-0010675,2026-12-11,Nakuru,PMS,OMC_A,307.33,307.33,NORMAL,SYNTHETIC_SCENARIO
ORD-0010676,2026-12-11,Nakuru,PMS,OMC_B,7.31,7.31,NORMAL,SYNTHETIC_SCENARIO
ORD-0010677,2026-12-11,Nakuru,PMS,OMC_C,186.32,186.32,HIGH,SYNTHETIC_SCENARIO
ORD-0010678,2026-12-11,Nakuru,PMS,OMC_D,68.07,68.07,NORMAL,SYNTHETIC_SCENARIO
ORD-0010679,2026-12-11,Nakuru,PMS,OMC_E,55.39,55.39,NORMAL,SYNTHETIC_SCENARIO
ORD-0010680,2026-12-11,Nakuru,PMS,OMC_F,84.55,84.55,NORMAL,SYNTHETIC_SCENARIO
ORD-0010681,2026-12-12,Nakuru,PMS,OMC_A,130.06,130.06,NORMAL,SYNTHETIC_SCENARIO
ORD-0010682,2026-12-12,Nakuru,PMS,OMC_B,332.75,332.75,NORMAL,SYNTHETIC_SCENARIO
ORD-0010683,2026-12-12,Nakuru,PMS,OMC_C,95.49,95.49,NORMAL,SYNTHETIC_SCENARIO
ORD-0010684,2026-12-12,Nakuru,PMS,OMC_D,68.54,68.54,NORMAL,SYNTHETIC_SCENARIO
ORD-0010685,2026-12-12,Nakuru,PMS,OMC_E,6.91,6.91,NORMAL,SYNTHETIC_SCENARIO
ORD-0010686,2026-12-12,Nakuru,PMS,OMC_F,26.51,26.51,NORMAL,SYNTHETIC_SCENARIO
ORD-0010687,2026-12-13,Nakuru,PMS,OMC_A,70.43,70.43,NORMAL,SYNTHETIC_SCENARIO
ORD-0010688,2026-12-13,Nakuru,PMS,OMC_B,60.03,60.03,NORMAL,SYNTHETIC_SCENARIO
ORD-0010689,2026-12-13,Nakuru,PMS,OMC_C,207.35,207.35,NORMAL,SYNTHETIC_SCENARIO
ORD-0010690,2026-12-13,Nakuru,PMS,OMC_D,71.05,71.05,NORMAL,SYNTHETIC_SCENARIO
ORD-0010691,2026-12-13,Nakuru,PMS,OMC_E,139.92,139.92,HIGH,SYNTHETIC_SCENARIO
ORD-0010692,2026-12-13,Nakuru,PMS,OMC_F,20.36,20.36,NORMAL,SYNTHETIC_SCENARIO
ORD-0010693,2026-12-14,Nakuru,PMS,OMC_A,255.76,255.76,NORMAL,SYNTHETIC_SCENARIO
ORD-0010694,2026-12-14,Nakuru,PMS,OMC_B,181.46,181.46,NORMAL,SYNTHETIC_SCENARIO
ORD-0010695,2026-12-14,Nakuru,PMS,OMC_C,117.9,117.9,NORMAL,SYNTHETIC_SCENARIO
ORD-0010696,2026-12-14,Nakuru,PMS,OMC_D,4.93,4.93,HIGH,SYNTHETIC_SCENARIO
ORD-0010697,2026-12-14,Nakuru,PMS,OMC_E,37.92,37.92,NORMAL,SYNTHETIC_SCENARIO
ORD-0010698,2026-12-14,Nakuru,PMS,OMC_F,10.48,10.48,NORMAL,SYNTHETIC_SCENARIO
ORD-0010699,2026-12-15,Nakuru,PMS,OMC_A,72.16,72.16,NORMAL,SYNTHETIC_SCENARIO
ORD-0010700,2026-12-15,Nakuru,PMS,OMC_B,125.66,125.66,NORMAL,SYNTHETIC_SCENARIO
ORD-0010701,2026-12-15,Nakuru,PMS,OMC_C,244.15,244.15,NORMAL,SYNTHETIC_SCENARIO
ORD-0010702,2026-12-15,Nakuru,PMS,OMC_D,35.23,35.23,NORMAL,SYNTHETIC_SCENARIO
ORD-0010703,2026-12-15,Nakuru,PMS,OMC_E,15.56,15.56,NORMAL,SYNTHETIC_SCENARIO
ORD-0010704,2026-12-15,Nakuru,PMS,OMC_F,208.14,208.14,NORMAL,SYNTHETIC_SCENARIO
ORD-0010705,2026-12-16,Nakuru,PMS,OMC_A,253.13,253.13,NORMAL,SYNTHETIC_SCENARIO
ORD-0010706,2026-12-16,Nakuru,PMS,OMC_B,57.91,57.91,NORMAL,SYNTHETIC_SCENARIO
ORD-0010707,2026-12-16,Nakuru,PMS,OMC_C,74.24,74.24,NORMAL,SYNTHETIC_SCENARIO
ORD-0010708,2026-12-16,Nakuru,PMS,OMC_D,55.51,55.51,NORMAL,SYNTHETIC_SCENARIO
ORD-0010709,2026-12-16,Nakuru,PMS,OMC_E,59.56,59.56,NORMAL,SYNTHETIC_SCENARIO
ORD-0010710,2026-12-16,Nakuru,PMS,OMC_F,176.66,176.66,NORMAL,SYNTHETIC_SCENARIO
ORD-0010711,2026-12-17,Nakuru,PMS,OMC_A,301.4,301.4,NORMAL,SYNTHETIC_SCENARIO
ORD-0010712,2026-12-17,Nakuru,PMS,OMC_B,87.52,87.52,NORMAL,SYNTHETIC_SCENARIO
ORD-0010713,2026-12-17,Nakuru,PMS,OMC_C,19.64,19.64,NORMAL,SYNTHETIC_SCENARIO
ORD-0010714,2026-12-17,Nakuru,PMS,OMC_D,154.44,154.44,NORMAL,SYNTHETIC_SCENARIO
ORD-0010715,2026-12-17,Nakuru,PMS,OMC_E,59.56,59.56,NORMAL,SYNTHETIC_SCENARIO
ORD-0010716,2026-12-17,Nakuru,PMS,OMC_F,39.52,39.52,NORMAL,SYNTHETIC_SCENARIO
ORD-0010717,2026-12-18,Nakuru,PMS,OMC_A,117.26,117.26,NORMAL,SYNTHETIC_SCENARIO
ORD-0010718,2026-12-18,Nakuru,PMS,OMC_B,106.38,106.38,HIGH,SYNTHETIC_SCENARIO
ORD-0010719,2026-12-18,Nakuru,PMS,OMC_C,367.35,367.35,NORMAL,SYNTHETIC_SCENARIO
ORD-0010720,2026-12-18,Nakuru,PMS,OMC_D,60.6,60.6,NORMAL,SYNTHETIC_SCENARIO
ORD-0010721,2026-12-18,Nakuru,PMS,OMC_E,28.53,28.53,NORMAL,SYNTHETIC_SCENARIO
ORD-0010722,2026-12-18,Nakuru,PMS,OMC_F,69.87,69.87,NORMAL,SYNTHETIC_SCENARIO
ORD-0010723,2026-12-19,Nakuru,PMS,OMC_A,160.68,160.68,NORMAL,SYNTHETIC_SCENARIO
ORD-0010724,2026-12-19,Nakuru,PMS,OMC_B,91.26,91.26,NORMAL,SYNTHETIC_SCENARIO
ORD-0010725,2026-12-19,Nakuru,PMS,OMC_C,43.79,43.79,NORMAL,SYNTHETIC_SCENARIO
ORD-0010726,2026-12-19,Nakuru,PMS,OMC_D,326.9,326.9,NORMAL,SYNTHETIC_SCENARIO
ORD-0010727,2026-12-19,Nakuru,PMS,OMC_E,25.15,25.15,NORMAL,SYNTHETIC_SCENARIO
ORD-0010728,2026-12-19,Nakuru,PMS,OMC_F,7.64,7.64,NORMAL,SYNTHETIC_SCENARIO
ORD-0010729,2026-12-20,Nakuru,PMS,OMC_A,221.07,221.07,NORMAL,SYNTHETIC_SCENARIO
ORD-0010730,2026-12-20,Nakuru,PMS,OMC_B,248.04,248.04,NORMAL,SYNTHETIC_SCENARIO
ORD-0010731,2026-12-20,Nakuru,PMS,OMC_C,56.12,56.12,NORMAL,SYNTHETIC_SCENARIO
ORD-0010732,2026-12-20,Nakuru,PMS,OMC_D,45.98,45.98,NORMAL,SYNTHETIC_SCENARIO
ORD-0010733,2026-12-20,Nakuru,PMS,OMC_E,64.57,64.57,NORMAL,SYNTHETIC_SCENARIO
ORD-0010734,2026-12-20,Nakuru,PMS,OMC_F,7.59,7.59,NORMAL,SYNTHETIC_SCENARIO
ORD-0010735,2026-12-21,Nakuru,PMS,OMC_A,107.75,107.75,HIGH,SYNTHETIC_SCENARIO
ORD-0010736,2026-12-21,Nakuru,PMS,OMC_B,193.17,193.17,NORMAL,SYNTHETIC_SCENARIO
ORD-0010737,2026-12-21,Nakuru,PMS,OMC_C,140.43,140.43,HIGH,SYNTHETIC_SCENARIO
ORD-0010738,2026-12-21,Nakuru,PMS,OMC_D,99.42,99.42,NORMAL,SYNTHETIC_SCENARIO
ORD-0010739,2026-12-21,Nakuru,PMS,OMC_E,27.56,27.56,NORMAL,SYNTHETIC_SCENARIO
ORD-0010740,2026-12-21,Nakuru,PMS,OMC_F,65.46,65.46,NORMAL,SYNTHETIC_SCENARIO
ORD-0010741,2026-12-22,Nakuru,PMS,OMC_A,155.81,155.81,NORMAL,SYNTHETIC_SCENARIO
ORD-0010742,2026-12-22,Nakuru,PMS,OMC_B,97.19,97.19,NORMAL,SYNTHETIC_SCENARIO
ORD-0010743,2026-12-22,Nakuru,PMS,OMC_C,120.7,120.7,HIGH,SYNTHETIC_SCENARIO
ORD-0010744,2026-12-22,Nakuru,PMS,OMC_D,36.57,36.57,NORMAL,SYNTHETIC_SCENARIO
ORD-0010745,2026-12-22,Nakuru,PMS,OMC_E,230.96,230.96,NORMAL,SYNTHETIC_SCENARIO
ORD-0010746,2026-12-22,Nakuru,PMS,OMC_F,63.13,63.13,NORMAL,SYNTHETIC_SCENARIO
ORD-0010747,2026-12-23,Nakuru,PMS,OMC_A,278.27,278.27,NORMAL,SYNTHETIC_SCENARIO
ORD-0010748,2026-12-23,Nakuru,PMS,OMC_B,140.42,140.42,NORMAL,SYNTHETIC_SCENARIO
ORD-0010749,2026-12-23,Nakuru,PMS,OMC_C,97.76,97.76,NORMAL,SYNTHETIC_SCENARIO
ORD-0010750,2026-12-23,Nakuru,PMS,OMC_D,120.87,120.87,HIGH,SYNTHETIC_SCENARIO
ORD-0010751,2026-12-23,Nakuru,PMS,OMC_E,29.23,29.23,NORMAL,SYNTHETIC_SCENARIO
ORD-0010752,2026-12-23,Nakuru,PMS,OMC_F,19.84,19.84,NORMAL,SYNTHETIC_SCENARIO
ORD-0010753,2026-12-24,Nakuru,PMS,OMC_A,102.14,102.14,NORMAL,SYNTHETIC_SCENARIO
ORD-0010754,2026-12-24,Nakuru,PMS,OMC_B,436.76,436.76,NORMAL,SYNTHETIC_SCENARIO
ORD-0010755,2026-12-24,Nakuru,PMS,OMC_C,48.25,48.25,NORMAL,SYNTHETIC_SCENARIO
ORD-0010756,2026-12-24,Nakuru,PMS,OMC_D,64.85,64.85,NORMAL,SYNTHETIC_SCENARIO
ORD-0010757,2026-12-24,Nakuru,PMS,OMC_E,16.77,16.77,NORMAL,SYNTHETIC_SCENARIO
ORD-0010758,2026-12-24,Nakuru,PMS,OMC_F,0.94,0.94,NORMAL,SYNTHETIC_SCENARIO
ORD-0010759,2026-12-25,Nakuru,PMS,OMC_A,159.99,159.99,NORMAL,SYNTHETIC_SCENARIO
ORD-0010760,2026-12-25,Nakuru,PMS,OMC_B,196.23,196.23,NORMAL,SYNTHETIC_SCENARIO
ORD-0010761,2026-12-25,Nakuru,PMS,OMC_C,44.23,44.23,NORMAL,SYNTHETIC_SCENARIO
ORD-0010762,2026-12-25,Nakuru,PMS,OMC_D,114.33,114.33,NORMAL,SYNTHETIC_SCENARIO
ORD-0010763,2026-12-25,Nakuru,PMS,OMC_E,115.69,115.69,NORMAL,SYNTHETIC_SCENARIO
ORD-0010764,2026-12-25,Nakuru,PMS,OMC_F,120.67,120.67,NORMAL,SYNTHETIC_SCENARIO
ORD-0010765,2026-12-26,Nakuru,PMS,OMC_A,204.95,204.95,NORMAL,SYNTHETIC_SCENARIO
ORD-0010766,2026-12-26,Nakuru,PMS,OMC_B,100.46,100.46,NORMAL,SYNTHETIC_SCENARIO
ORD-0010767,2026-12-26,Nakuru,PMS,OMC_C,85.02,85.02,NORMAL,SYNTHETIC_SCENARIO
ORD-0010768,2026-12-26,Nakuru,PMS,OMC_D,203.54,203.54,NORMAL,SYNTHETIC_SCENARIO
ORD-0010769,2026-12-26,Nakuru,PMS,OMC_E,32.92,32.92,NORMAL,SYNTHETIC_SCENARIO
ORD-0010770,2026-12-26,Nakuru,PMS,OMC_F,5.87,5.87,NORMAL,SYNTHETIC_SCENARIO
ORD-0010771,2026-12-27,Nakuru,PMS,OMC_A,171.31,171.31,NORMAL,SYNTHETIC_SCENARIO
ORD-0010772,2026-12-27,Nakuru,PMS,OMC_B,198.33,198.33,NORMAL,SYNTHETIC_SCENARIO
ORD-0010773,2026-12-27,Nakuru,PMS,OMC_C,16.04,16.04,NORMAL,SYNTHETIC_SCENARIO
ORD-0010774,2026-12-27,Nakuru,PMS,OMC_D,126.94,126.94,NORMAL,SYNTHETIC_SCENARIO
ORD-0010775,2026-12-27,Nakuru,PMS,OMC_E,9.14,9.14,NORMAL,SYNTHETIC_SCENARIO
ORD-0010776,2026-12-27,Nakuru,PMS,OMC_F,50.21,50.21,NORMAL,SYNTHETIC_SCENARIO
ORD-0010777,2026-12-28,Nakuru,PMS,OMC_A,293.63,293.63,NORMAL,SYNTHETIC_SCENARIO
ORD-0010778,2026-12-28,Nakuru,PMS,OMC_B,45.89,45.89,NORMAL,SYNTHETIC_SCENARIO
ORD-0010779,2026-12-28,Nakuru,PMS,OMC_C,61.99,61.99,NORMAL,SYNTHETIC_SCENARIO
ORD-0010780,2026-12-28,Nakuru,PMS,OMC_D,167.29,167.29,HIGH,SYNTHETIC_SCENARIO
ORD-0010781,2026-12-28,Nakuru,PMS,OMC_E,81.16,81.16,NORMAL,SYNTHETIC_SCENARIO
ORD-0010782,2026-12-28,Nakuru,PMS,OMC_F,11.23,11.23,NORMAL,SYNTHETIC_SCENARIO
ORD-0010783,2026-12-29,Nakuru,PMS,OMC_A,96.4,96.4,NORMAL,SYNTHETIC_SCENARIO
ORD-0010784,2026-12-29,Nakuru,PMS,OMC_B,232.58,232.58,NORMAL,SYNTHETIC_SCENARIO
ORD-0010785,2026-12-29,Nakuru,PMS,OMC_C,169.2,169.2,NORMAL,SYNTHETIC_SCENARIO
ORD-0010786,2026-12-29,Nakuru,PMS,OMC_D,84.88,84.88,NORMAL,SYNTHETIC_SCENARIO
ORD-0010787,2026-12-29,Nakuru,PMS,OMC_E,17.35,17.35,NORMAL,SYNTHETIC_SCENARIO
ORD-0010788,2026-12-29,Nakuru,PMS,OMC_F,31.04,31.04,NORMAL,SYNTHETIC_SCENARIO
ORD-0010789,2026-12-30,Nakuru,PMS,OMC_A,259.09,259.09,NORMAL,SYNTHETIC_SCENARIO
ORD-0010790,2026-12-30,Nakuru,PMS,OMC_B,241.19,241.19,NORMAL,SYNTHETIC_SCENARIO
ORD-0010791,2026-12-30,Nakuru,PMS,OMC_C,94.28,94.28,NORMAL,SYNTHETIC_SCENARIO
ORD-0010792,2026-12-30,Nakuru,PMS,OMC_D,41.16,41.16,NORMAL,SYNTHETIC_SCENARIO
ORD-0010793,2026-12-30,Nakuru,PMS,OMC_E,54.17,54.17,NORMAL,SYNTHETIC_SCENARIO
ORD-0010794,2026-12-30,Nakuru,PMS,OMC_F,4.31,4.31,NORMAL,SYNTHETIC_SCENARIO
ORD-0010795,2026-12-31,Nakuru,PMS,OMC_A,226.31,226.31,HIGH,SYNTHETIC_SCENARIO
ORD-0010796,2026-12-31,Nakuru,PMS,OMC_B,175.89,175.89,NORMAL,SYNTHETIC_SCENARIO
ORD-0010797,2026-12-31,Nakuru,PMS,OMC_C,181.16,181.16,NORMAL,SYNTHETIC_SCENARIO
ORD-0010798,2026-12-31,Nakuru,PMS,OMC_D,152.26,152.26,NORMAL,SYNTHETIC_SCENARIO
ORD-0010799,2026-12-31,Nakuru,PMS,OMC_E,35.76,35.76,NORMAL,SYNTHETIC_SCENARIO
ORD-0010800,2026-12-31,Nakuru,PMS,OMC_F,3.04,3.04,NORMAL,SYNTHETIC_SCENARIO
