batch_id,policy,trigger_date,origin,destination,product,pipeline_line,flow_limit_m3_hr,scheduled_volume_m3,scheduled_arrival_date,actual_arrival_date,delay_days,delivered_volume_m3,reason,automated_trigger,status
AUT-B-000001,AUTONOMOUS,2021-01-05,Nairobi/Upstream Hub,Eldoret,AGO,Line 4 (Nairobi-Eldoret),510,8160.0,2021-01-07,2021-01-07,0,8160.0,REORDER_POINT_BREACH,1,COMPLETED
AUT-B-000002,AUTONOMOUS,2021-01-12,Nairobi/Upstream Hub,Eldoret,AGO,Line 4 (Nairobi-Eldoret),510,8160.0,2021-01-14,2021-01-14,0,8160.0,REORDER_POINT_BREACH,1,COMPLETED
AUT-B-000003,AUTONOMOUS,2021-01-20,Nairobi/Upstream Hub,Eldoret,AGO,Line 4 (Nairobi-Eldoret),510,8160.0,2021-01-22,2021-01-22,0,8160.0,REORDER_POINT_BREACH,1,COMPLETED
AUT-B-000004,AUTONOMOUS,2021-01-27,Nairobi/Upstream Hub,Eldoret,AGO,Line 4 (Nairobi-Eldoret),510,8160.0,2021-01-29,2021-01-30,1,8160.0,REORDER_POINT_BREACH,1,COMPLETED
AUT-B-000005,AUTONOMOUS,2021-02-03,Nairobi/Upstream Hub,Eldoret,AGO,Line 4 (Nairobi-Eldoret),510,8160.0,2021-02-05,2021-02-05,0,8160.0,REORDER_POINT_BREACH,1,COMPLETED
AUT-B-000006,AUTONOMOUS,2021-02-12,Nairobi/Upstream Hub,Eldoret,AGO,Line 4 (Nairobi-Eldoret),510,8160.0,2021-02-14,2021-02-14,0,8160.0,REORDER_POINT_BREACH,1,COMPLETED
AUT-B-000007,AUTONOMOUS,2021-02-19,Nairobi/Upstream Hub,Eldoret,AGO,Line 4 (Nairobi-Eldoret),510,8160.0,2021-02-21,2021-02-21,0,8160.0,REORDER_POINT_BREACH,1,COMPLETED
AUT-B-000008,AUTONOMOUS,2021-02-27,Nairobi/Upstream Hub,Eldoret,AGO,Line 4 (Nairobi-Eldoret),510,8160.0,2021-03-01,2021-03-01,0,8160.0,REORDER_POINT_BREACH,1,COMPLETED
AUT-B-000009,AUTONOMOUS,2021-03-07,Nairobi/Upstream Hub,Eldoret,AGO,Line 4 (Nairobi-Eldoret),510,8160.0,2021-03-09,2021-03-09,0,8160.0,REORDER_POINT_BREACH,1,COMPLETED
AUT-B-000010,AUTONOMOUS,2021-03-15,Nairobi/Upstream Hub,Eldoret,AGO,Line 4 (Nairobi-Eldoret),510,8160.0,2021-03-17,2021-03-17,0,8160.0,REORDER_POINT_BREACH,1,COMPLETED
AUT-B-000011,AUTONOMOUS,2021-03-22,Nairobi/Upstream Hub,Eldoret,AGO,Line 4 (Nairobi-Eldoret),510,8160.0,2021-03-24,2021-03-24,0,8160.0,REORDER_POINT_BREACH,1,COMPLETED
AUT-B-000012,AUTONOMOUS,2021-03-30,Nairobi/Upstream Hub,Eldoret,AGO,Line 4 (Nairobi-Eldoret),510,8160.0,2021-04-01,2021-04-01,0,8160.0,REORDER_POINT_BREACH,1,COMPLETED
AUT-B-000013,AUTONOMOUS,2021-04-06,Nairobi/Upstream Hub,Eldoret,AGO,Line 4 (Nairobi-Eldoret),510,8160.0,2021-04-08,2021-04-08,0,8160.0,REORDER_POINT_BREACH,1,COMPLETED
AUT-B-000014,AUTONOMOUS,2021-04-13,Nairobi/Upstream Hub,Eldoret,AGO,Line 4 (Nairobi-Eldoret),510,8160.0,2021-04-15,2021-04-15,0,8160.0,REORDER_POINT_BREACH,1,COMPLETED
AUT-B-000015,AUTONOMOUS,2021-04-21,Nairobi/Upstream Hub,Eldoret,AGO,Line 4 (Nairobi-Eldoret),510,8160.0,2021-04-23,2021-04-23,0,8160.0,REORDER_POINT_BREACH,1,COMPLETED
AUT-B-000016,AUTONOMOUS,2021-04-28,Nairobi/Upstream Hub,Eldoret,AGO,Line 4 (Nairobi-Eldoret),510,8160.0,2021-04-30,2021-04-30,0,8160.0,REORDER_POINT_BREACH,1,COMPLETED
AUT-B-000017,AUTONOMOUS,2021-05-05,Nairobi/Upstream Hub,Eldoret,AGO,Line 4 (Nairobi-Eldoret),510,8160.0,2021-05-07,2021-05-07,0,8160.0,REORDER_POINT_BREACH,1,COMPLETED
AUT-B-000018,AUTONOMOUS,2021-05-13,Nairobi/Upstream Hub,Eldoret,AGO,Line 4 (Nairobi-Eldoret),510,8160.0,2021-05-15,2021-05-15,0,8160.0,REORDER_POINT_BREACH,1,COMPLETED
AUT-B-000019,AUTONOMOUS,2021-05-20,Nairobi/Upstream Hub,Eldoret,AGO,Line 4 (Nairobi-Eldoret),510,8160.0,2021-05-22,2021-05-22,0,8160.0,REORDER_POINT_BREACH,1,COMPLETED
AUT-B-000020,AUTONOMOUS,2021-05-28,Nairobi/Upstream Hub,Eldoret,AGO,Line 4 (Nairobi-Eldoret),510,8160.0,2021-05-30,2021-05-30,0,8160.0,REORDER_POINT_BREACH,1,COMPLETED
AUT-B-000021,AUTONOMOUS,2021-06-05,Nairobi/Upstream Hub,Eldoret,AGO,Line 4 (Nairobi-Eldoret),510,8160.0,2021-06-07,2021-06-07,0,8160.0,REORDER_POINT_BREACH,1,COMPLETED
AUT-B-000022,AUTONOMOUS,2021-06-13,Nairobi/Upstream Hub,Eldoret,AGO,Line 4 (Nairobi-Eldoret),510,8160.0,2021-06-15,2021-06-16,1,8160.0,REORDER_POINT_BREACH,1,COMPLETED
AUT-B-000023,AUTONOMOUS,2021-06-21,Nairobi/Upstream Hub,Eldoret,AGO,Line 4 (Nairobi-Eldoret),510,8160.0,2021-06-23,2021-06-23,0,8160.0,REORDER_POINT_BREACH,1,COMPLETED
AUT-B-000024,AUTONOMOUS,2021-06-29,Nairobi/Upstream Hub,Eldoret,AGO,Line 4 (Nairobi-Eldoret),510,8160.0,2021-07-01,2021-07-01,0,8160.0,REORDER_POINT_BREACH,1,COMPLETED
AUT-B-000025,AUTONOMOUS,2021-07-06,Nairobi/Upstream Hub,Eldoret,AGO,Line 4 (Nairobi-Eldoret),510,8160.0,2021-07-08,2021-07-08,0,8160.0,REORDER_POINT_BREACH,1,COMPLETED
AUT-B-000026,AUTONOMOUS,2021-07-14,Nairobi/Upstream Hub,Eldoret,AGO,Line 4 (Nairobi-Eldoret),510,8160.0,2021-07-16,2021-07-16,0,8160.0,REORDER_POINT_BREACH,1,COMPLETED
AUT-B-000027,AUTONOMOUS,2021-07-21,Nairobi/Upstream Hub,Eldoret,AGO,Line 4 (Nairobi-Eldoret),510,8160.0,2021-07-23,2021-07-23,0,8160.0,REORDER_POINT_BREACH,1,COMPLETED
AUT-B-000028,AUTONOMOUS,2021-07-28,Nairobi/Upstream Hub,Eldoret,AGO,Line 4 (Nairobi-Eldoret),510,8160.0,2021-07-30,2021-07-30,0,8160.0,REORDER_POINT_BREACH,1,COMPLETED
AUT-B-000029,AUTONOMOUS,2021-08-05,Nairobi/Upstream Hub,Eldoret,AGO,Line 4 (Nairobi-Eldoret),510,8160.0,2021-08-07,2021-08-07,0,8160.0,REORDER_POINT_BREACH,1,COMPLETED
AUT-B-000030,AUTONOMOUS,2021-08-12,Nairobi/Upstream Hub,Eldoret,AGO,Line 4 (Nairobi-Eldoret),510,8160.0,2021-08-14,2021-08-14,0,8160.0,REORDER_POINT_BREACH,1,COMPLETED
AUT-B-000031,AUTONOMOUS,2021-08-20,Nairobi/Upstream Hub,Eldoret,AGO,Line 4 (Nairobi-Eldoret),510,8160.0,2021-08-22,2021-08-22,0,8160.0,REORDER_POINT_BREACH,1,COMPLETED
AUT-B-000032,AUTONOMOUS,2021-08-27,Nairobi/Upstream Hub,Eldoret,AGO,Line 4 (Nairobi-Eldoret),510,8160.0,2021-08-29,2021-08-29,0,8160.0,REORDER_POINT_BREACH,1,COMPLETED
AUT-B-000033,AUTONOMOUS,2021-09-04,Nairobi/Upstream Hub,Eldoret,AGO,Line 4 (Nairobi-Eldoret),510,8160.0,2021-09-06,2021-09-06,0,8160.0,REORDER_POINT_BREACH,1,COMPLETED
AUT-B-000034,AUTONOMOUS,2021-09-11,Nairobi/Upstream Hub,Eldoret,AGO,Line 4 (Nairobi-Eldoret),510,8160.0,2021-09-13,2021-09-13,0,8160.0,REORDER_POINT_BREACH,1,COMPLETED
AUT-B-000035,AUTONOMOUS,2021-09-19,Nairobi/Upstream Hub,Eldoret,AGO,Line 4 (Nairobi-Eldoret),510,8160.0,2021-09-21,2021-09-21,0,8160.0,REORDER_POINT_BREACH,1,COMPLETED
AUT-B-000036,AUTONOMOUS,2021-09-26,Nairobi/Upstream Hub,Eldoret,AGO,Line 4 (Nairobi-Eldoret),510,8160.0,2021-09-28,2021-09-28,0,8160.0,REORDER_POINT_BREACH,1,COMPLETED
AUT-B-000037,AUTONOMOUS,2021-10-03,Nairobi/Upstream Hub,Eldoret,AGO,Line 4 (Nairobi-Eldoret),510,8160.0,2021-10-05,2021-10-05,0,8160.0,REORDER_POINT_BREACH,1,COMPLETED
AUT-B-000038,AUTONOMOUS,2021-10-09,Nairobi/Upstream Hub,Eldoret,AGO,Line 4 (Nairobi-Eldoret),510,8160.0,2021-10-11,2021-10-11,0,8160.0,REORDER_POINT_BREACH,1,COMPLETED
AUT-B-000039,AUTONOMOUS,2021-10-16,Nairobi/Upstream Hub,Eldoret,AGO,Line 4 (Nairobi-Eldoret),510,8160.0,2021-10-18,2021-10-18,0,8160.0,REORDER_POINT_BREACH,1,COMPLETED
AUT-B-000040,AUTONOMOUS,2021-10-22,Nairobi/Upstream Hub,Eldoret,AGO,Line 4 (Nairobi-Eldoret),510,8160.0,2021-10-24,2021-10-24,0,8160.0,REORDER_POINT_BREACH,1,COMPLETED
AUT-B-000041,AUTONOMOUS,2021-10-28,Nairobi/Upstream Hub,Eldoret,AGO,Line 4 (Nairobi-Eldoret),510,8160.0,2021-10-30,2021-10-30,0,8160.0,REORDER_POINT_BREACH,1,COMPLETED
AUT-B-000042,AUTONOMOUS,2021-11-04,Nairobi/Upstream Hub,Eldoret,AGO,Line 4 (Nairobi-Eldoret),510,8160.0,2021-11-06,2021-11-06,0,8160.0,REORDER_POINT_BREACH,1,COMPLETED
AUT-B-000043,AUTONOMOUS,2021-11-12,Nairobi/Upstream Hub,Eldoret,AGO,Line 4 (Nairobi-Eldoret),510,8160.0,2021-11-14,2021-11-14,0,8160.0,REORDER_POINT_BREACH,1,COMPLETED
AUT-B-000044,AUTONOMOUS,2021-11-19,Nairobi/Upstream Hub,Eldoret,AGO,Line 4 (Nairobi-Eldoret),510,8160.0,2021-11-21,2021-11-21,0,8160.0,REORDER_POINT_BREACH,1,COMPLETED
AUT-B-000045,AUTONOMOUS,2021-11-27,Nairobi/Upstream Hub,Eldoret,AGO,Line 4 (Nairobi-Eldoret),510,8160.0,2021-11-29,2021-11-29,0,8160.0,REORDER_POINT_BREACH,1,COMPLETED
AUT-B-000046,AUTONOMOUS,2021-12-04,Nairobi/Upstream Hub,Eldoret,AGO,Line 4 (Nairobi-Eldoret),510,8160.0,2021-12-06,2021-12-06,0,8160.0,REORDER_POINT_BREACH,1,COMPLETED
AUT-B-000047,AUTONOMOUS,2021-12-11,Nairobi/Upstream Hub,Eldoret,AGO,Line 4 (Nairobi-Eldoret),510,8160.0,2021-12-13,2021-12-13,0,8160.0,REORDER_POINT_BREACH,1,COMPLETED
AUT-B-000048,AUTONOMOUS,2021-12-19,Nairobi/Upstream Hub,Eldoret,AGO,Line 4 (Nairobi-Eldoret),510,8160.0,2021-12-21,2021-12-21,0,8160.0,REORDER_POINT_BREACH,1,COMPLETED
AUT-B-000049,AUTONOMOUS,2021-12-26,Nairobi/Upstream Hub,Eldoret,AGO,Line 4 (Nairobi-Eldoret),510,8160.0,2021-12-28,2021-12-28,0,8160.0,REORDER_POINT_BREACH,1,COMPLETED
AUT-B-000050,AUTONOMOUS,2022-01-03,Nairobi/Upstream Hub,Eldoret,AGO,Line 4 (Nairobi-Eldoret),510,8160.0,2022-01-05,2022-01-05,0,8160.0,REORDER_POINT_BREACH,1,COMPLETED
AUT-B-000051,AUTONOMOUS,2022-01-10,Nairobi/Upstream Hub,Eldoret,AGO,Line 4 (Nairobi-Eldoret),510,8160.0,2022-01-12,2022-01-12,0,8160.0,REORDER_POINT_BREACH,1,COMPLETED
AUT-B-000052,AUTONOMOUS,2022-01-17,Nairobi/Upstream Hub,Eldoret,AGO,Line 4 (Nairobi-Eldoret),510,8160.0,2022-01-19,2022-01-19,0,8160.0,REORDER_POINT_BREACH,1,COMPLETED
AUT-B-000053,AUTONOMOUS,2022-01-24,Nairobi/Upstream Hub,Eldoret,AGO,Line 4 (Nairobi-Eldoret),510,8160.0,2022-01-26,2022-01-26,0,8160.0,REORDER_POINT_BREACH,1,COMPLETED
AUT-B-000054,AUTONOMOUS,2022-01-31,Nairobi/Upstream Hub,Eldoret,AGO,Line 4 (Nairobi-Eldoret),510,8160.0,2022-02-02,2022-02-02,0,8160.0,REORDER_POINT_BREACH,1,COMPLETED
AUT-B-000055,AUTONOMOUS,2022-02-07,Nairobi/Upstream Hub,Eldoret,AGO,Line 4 (Nairobi-Eldoret),510,8160.0,2022-02-09,2022-02-09,0,8160.0,REORDER_POINT_BREACH,1,COMPLETED
AUT-B-000056,AUTONOMOUS,2022-02-15,Nairobi/Upstream Hub,Eldoret,AGO,Line 4 (Nairobi-Eldoret),510,8160.0,2022-02-17,2022-02-17,0,8160.0,REORDER_POINT_BREACH,1,COMPLETED
AUT-B-000057,AUTONOMOUS,2022-02-23,Nairobi/Upstream Hub,Eldoret,AGO,Line 4 (Nairobi-Eldoret),510,8160.0,2022-02-25,2022-02-25,0,8160.0,REORDER_POINT_BREACH,1,COMPLETED
AUT-B-000058,AUTONOMOUS,2022-03-02,Nairobi/Upstream Hub,Eldoret,AGO,Line 4 (Nairobi-Eldoret),510,8160.0,2022-03-04,2022-03-04,0,8160.0,REORDER_POINT_BREACH,1,COMPLETED
AUT-B-000059,AUTONOMOUS,2022-03-10,Nairobi/Upstream Hub,Eldoret,AGO,Line 4 (Nairobi-Eldoret),510,8160.0,2022-03-12,2022-03-12,0,8160.0,REORDER_POINT_BREACH,1,COMPLETED
AUT-B-000060,AUTONOMOUS,2022-03-17,Nairobi/Upstream Hub,Eldoret,AGO,Line 4 (Nairobi-Eldoret),510,8160.0,2022-03-19,2022-03-19,0,8160.0,REORDER_POINT_BREACH,1,COMPLETED
AUT-B-000061,AUTONOMOUS,2022-03-24,Nairobi/Upstream Hub,Eldoret,AGO,Line 4 (Nairobi-Eldoret),510,8160.0,2022-03-26,2022-03-26,0,8160.0,REORDER_POINT_BREACH,1,COMPLETED
AUT-B-000062,AUTONOMOUS,2022-03-31,Nairobi/Upstream Hub,Eldoret,AGO,Line 4 (Nairobi-Eldoret),510,8160.0,2022-04-02,2022-04-02,0,8160.0,REORDER_POINT_BREACH,1,COMPLETED
AUT-B-000063,AUTONOMOUS,2022-04-07,Nairobi/Upstream Hub,Eldoret,AGO,Line 4 (Nairobi-Eldoret),510,8160.0,2022-04-09,2022-04-09,0,8160.0,REORDER_POINT_BREACH,1,COMPLETED
AUT-B-000064,AUTONOMOUS,2022-04-14,Nairobi/Upstream Hub,Eldoret,AGO,Line 4 (Nairobi-Eldoret),510,8160.0,2022-04-16,2022-04-16,0,8160.0,REORDER_POINT_BREACH,1,COMPLETED
AUT-B-000065,AUTONOMOUS,2022-04-21,Nairobi/Upstream Hub,Eldoret,AGO,Line 4 (Nairobi-Eldoret),510,8160.0,2022-04-23,2022-04-23,0,8160.0,REORDER_POINT_BREACH,1,COMPLETED
AUT-B-000066,AUTONOMOUS,2022-04-29,Nairobi/Upstream Hub,Eldoret,AGO,Line 4 (Nairobi-Eldoret),510,8160.0,2022-05-01,2022-05-01,0,8160.0,REORDER_POINT_BREACH,1,COMPLETED
AUT-B-000067,AUTONOMOUS,2022-05-06,Nairobi/Upstream Hub,Eldoret,AGO,Line 4 (Nairobi-Eldoret),510,8160.0,2022-05-08,2022-05-08,0,8160.0,REORDER_POINT_BREACH,1,COMPLETED
AUT-B-000068,AUTONOMOUS,2022-05-13,Nairobi/Upstream Hub,Eldoret,AGO,Line 4 (Nairobi-Eldoret),510,8160.0,2022-05-15,2022-05-15,0,8160.0,REORDER_POINT_BREACH,1,COMPLETED
AUT-B-000069,AUTONOMOUS,2022-05-20,Nairobi/Upstream Hub,Eldoret,AGO,Line 4 (Nairobi-Eldoret),510,8160.0,2022-05-22,2022-05-22,0,8160.0,REORDER_POINT_BREACH,1,COMPLETED
AUT-B-000070,AUTONOMOUS,2022-05-27,Nairobi/Upstream Hub,Eldoret,AGO,Line 4 (Nairobi-Eldoret),510,8160.0,2022-05-29,2022-05-29,0,8160.0,REORDER_POINT_BREACH,1,COMPLETED
AUT-B-000071,AUTONOMOUS,2022-06-03,Nairobi/Upstream Hub,Eldoret,AGO,Line 4 (Nairobi-Eldoret),510,8160.0,2022-06-05,2022-06-05,0,8160.0,REORDER_POINT_BREACH,1,COMPLETED
AUT-B-000072,AUTONOMOUS,2022-06-11,Nairobi/Upstream Hub,Eldoret,AGO,Line 4 (Nairobi-Eldoret),510,8160.0,2022-06-13,2022-06-14,1,8160.0,REORDER_POINT_BREACH,1,COMPLETED
AUT-B-000073,AUTONOMOUS,2022-06-18,Nairobi/Upstream Hub,Eldoret,AGO,Line 4 (Nairobi-Eldoret),510,8160.0,2022-06-20,2022-06-20,0,8160.0,REORDER_POINT_BREACH,1,COMPLETED
AUT-B-000074,AUTONOMOUS,2022-06-26,Nairobi/Upstream Hub,Eldoret,AGO,Line 4 (Nairobi-Eldoret),510,8160.0,2022-06-28,2022-06-29,1,8160.0,REORDER_POINT_BREACH,1,COMPLETED
AUT-B-000075,AUTONOMOUS,2022-07-03,Nairobi/Upstream Hub,Eldoret,AGO,Line 4 (Nairobi-Eldoret),510,8160.0,2022-07-05,2022-07-05,0,8160.0,REORDER_POINT_BREACH,1,COMPLETED
AUT-B-000076,AUTONOMOUS,2022-07-10,Nairobi/Upstream Hub,Eldoret,AGO,Line 4 (Nairobi-Eldoret),510,8160.0,2022-07-12,2022-07-12,0,8160.0,REORDER_POINT_BREACH,1,COMPLETED
AUT-B-000077,AUTONOMOUS,2022-07-17,Nairobi/Upstream Hub,Eldoret,AGO,Line 4 (Nairobi-Eldoret),510,8160.0,2022-07-19,2022-07-19,0,8160.0,REORDER_POINT_BREACH,1,COMPLETED
AUT-B-000078,AUTONOMOUS,2022-07-25,Nairobi/Upstream Hub,Eldoret,AGO,Line 4 (Nairobi-Eldoret),510,8160.0,2022-07-27,2022-07-28,1,8160.0,REORDER_POINT_BREACH,1,COMPLETED
AUT-B-000079,AUTONOMOUS,2022-08-01,Nairobi/Upstream Hub,Eldoret,AGO,Line 4 (Nairobi-Eldoret),510,8160.0,2022-08-03,2022-08-03,0,8160.0,REORDER_POINT_BREACH,1,COMPLETED
AUT-B-000080,AUTONOMOUS,2022-08-08,Nairobi/Upstream Hub,Eldoret,AGO,Line 4 (Nairobi-Eldoret),510,8160.0,2022-08-10,2022-08-10,0,8160.0,REORDER_POINT_BREACH,1,COMPLETED
AUT-B-000081,AUTONOMOUS,2022-08-15,Nairobi/Upstream Hub,Eldoret,AGO,Line 4 (Nairobi-Eldoret),510,8160.0,2022-08-17,2022-08-17,0,8160.0,REORDER_POINT_BREACH,1,COMPLETED
AUT-B-000082,AUTONOMOUS,2022-08-23,Nairobi/Upstream Hub,Eldoret,AGO,Line 4 (Nairobi-Eldoret),510,8160.0,2022-08-25,2022-08-25,0,8160.0,REORDER_POINT_BREACH,1,COMPLETED
AUT-B-000083,AUTONOMOUS,2022-08-30,Nairobi/Upstream Hub,Eldoret,AGO,Line 4 (Nairobi-Eldoret),510,8160.0,2022-09-01,2022-09-01,0,8160.0,REORDER_POINT_BREACH,1,COMPLETED
AUT-B-000084,AUTONOMOUS,2022-09-06,Nairobi/Upstream Hub,Eldoret,AGO,Line 4 (Nairobi-Eldoret),510,8160.0,2022-09-08,2022-09-08,0,8160.0,REORDER_POINT_BREACH,1,COMPLETED
AUT-B-000085,AUTONOMOUS,2022-09-13,Nairobi/Upstream Hub,Eldoret,AGO,Line 4 (Nairobi-Eldoret),510,8160.0,2022-09-15,2022-09-15,0,8160.0,REORDER_POINT_BREACH,1,COMPLETED
AUT-B-000086,AUTONOMOUS,2022-09-20,Nairobi/Upstream Hub,Eldoret,AGO,Line 4 (Nairobi-Eldoret),510,8160.0,2022-09-22,2022-09-22,0,8160.0,REORDER_POINT_BREACH,1,COMPLETED
AUT-B-000087,AUTONOMOUS,2022-09-27,Nairobi/Upstream Hub,Eldoret,AGO,Line 4 (Nairobi-Eldoret),510,8160.0,2022-09-29,2022-09-29,0,8160.0,REORDER_POINT_BREACH,1,COMPLETED
AUT-B-000088,AUTONOMOUS,2022-10-03,Nairobi/Upstream Hub,Eldoret,AGO,Line 4 (Nairobi-Eldoret),510,8160.0,2022-10-05,2022-10-05,0,8160.0,REORDER_POINT_BREACH,1,COMPLETED
AUT-B-000089,AUTONOMOUS,2022-10-09,Nairobi/Upstream Hub,Eldoret,AGO,Line 4 (Nairobi-Eldoret),510,8160.0,2022-10-11,2022-10-11,0,8160.0,REORDER_POINT_BREACH,1,COMPLETED
AUT-B-000090,AUTONOMOUS,2022-10-15,Nairobi/Upstream Hub,Eldoret,AGO,Line 4 (Nairobi-Eldoret),510,8160.0,2022-10-17,2022-10-17,0,8160.0,REORDER_POINT_BREACH,1,COMPLETED
AUT-B-000091,AUTONOMOUS,2022-10-21,Nairobi/Upstream Hub,Eldoret,AGO,Line 4 (Nairobi-Eldoret),510,8160.0,2022-10-23,2022-10-23,0,8160.0,REORDER_POINT_BREACH,1,COMPLETED
AUT-B-000092,AUTONOMOUS,2022-10-27,Nairobi/Upstream Hub,Eldoret,AGO,Line 4 (Nairobi-Eldoret),510,8160.0,2022-10-29,2022-10-29,0,8160.0,REORDER_POINT_BREACH,1,COMPLETED
AUT-B-000093,AUTONOMOUS,2022-11-03,Nairobi/Upstream Hub,Eldoret,AGO,Line 4 (Nairobi-Eldoret),510,8160.0,2022-11-05,2022-11-05,0,8160.0,REORDER_POINT_BREACH,1,COMPLETED
AUT-B-000094,AUTONOMOUS,2022-11-10,Nairobi/Upstream Hub,Eldoret,AGO,Line 4 (Nairobi-Eldoret),510,8160.0,2022-11-12,2022-11-12,0,8160.0,REORDER_POINT_BREACH,1,COMPLETED
AUT-B-000095,AUTONOMOUS,2022-11-17,Nairobi/Upstream Hub,Eldoret,AGO,Line 4 (Nairobi-Eldoret),510,8160.0,2022-11-19,2022-11-19,0,8160.0,REORDER_POINT_BREACH,1,COMPLETED
AUT-B-000096,AUTONOMOUS,2022-11-24,Nairobi/Upstream Hub,Eldoret,AGO,Line 4 (Nairobi-Eldoret),510,8160.0,2022-11-26,2022-11-26,0,8160.0,REORDER_POINT_BREACH,1,COMPLETED
AUT-B-000097,AUTONOMOUS,2022-12-01,Nairobi/Upstream Hub,Eldoret,AGO,Line 4 (Nairobi-Eldoret),510,8160.0,2022-12-03,2022-12-03,0,8160.0,REORDER_POINT_BREACH,1,COMPLETED
AUT-B-000098,AUTONOMOUS,2022-12-08,Nairobi/Upstream Hub,Eldoret,AGO,Line 4 (Nairobi-Eldoret),510,8160.0,2022-12-10,2022-12-10,0,8160.0,REORDER_POINT_BREACH,1,COMPLETED
AUT-B-000099,AUTONOMOUS,2022-12-15,Nairobi/Upstream Hub,Eldoret,AGO,Line 4 (Nairobi-Eldoret),510,8160.0,2022-12-17,2022-12-17,0,8160.0,REORDER_POINT_BREACH,1,COMPLETED
AUT-B-000100,AUTONOMOUS,2022-12-23,Nairobi/Upstream Hub,Eldoret,AGO,Line 4 (Nairobi-Eldoret),510,8160.0,2022-12-25,2022-12-25,0,8160.0,REORDER_POINT_BREACH,1,COMPLETED
AUT-B-000101,AUTONOMOUS,2022-12-30,Nairobi/Upstream Hub,Eldoret,AGO,Line 4 (Nairobi-Eldoret),510,8160.0,2023-01-01,2023-01-01,0,8160.0,REORDER_POINT_BREACH,1,COMPLETED
AUT-B-000102,AUTONOMOUS,2023-01-06,Nairobi/Upstream Hub,Eldoret,AGO,Line 4 (Nairobi-Eldoret),510,8160.0,2023-01-08,2023-01-08,0,8160.0,REORDER_POINT_BREACH,1,COMPLETED
AUT-B-000103,AUTONOMOUS,2023-01-13,Nairobi/Upstream Hub,Eldoret,AGO,Line 4 (Nairobi-Eldoret),510,8160.0,2023-01-15,2023-01-15,0,8160.0,REORDER_POINT_BREACH,1,COMPLETED
AUT-B-000104,AUTONOMOUS,2023-01-20,Nairobi/Upstream Hub,Eldoret,AGO,Line 4 (Nairobi-Eldoret),510,8160.0,2023-01-22,2023-01-22,0,8160.0,REORDER_POINT_BREACH,1,COMPLETED
AUT-B-000105,AUTONOMOUS,2023-01-27,Nairobi/Upstream Hub,Eldoret,AGO,Line 4 (Nairobi-Eldoret),510,8160.0,2023-01-29,2023-01-29,0,8160.0,REORDER_POINT_BREACH,1,COMPLETED
AUT-B-000106,AUTONOMOUS,2023-02-03,Nairobi/Upstream Hub,Eldoret,AGO,Line 4 (Nairobi-Eldoret),510,8160.0,2023-02-05,2023-02-05,0,8160.0,REORDER_POINT_BREACH,1,COMPLETED
AUT-B-000107,AUTONOMOUS,2023-02-11,Nairobi/Upstream Hub,Eldoret,AGO,Line 4 (Nairobi-Eldoret),510,8160.0,2023-02-13,2023-02-13,0,8160.0,REORDER_POINT_BREACH,1,COMPLETED
AUT-B-000108,AUTONOMOUS,2023-02-19,Nairobi/Upstream Hub,Eldoret,AGO,Line 4 (Nairobi-Eldoret),510,8160.0,2023-02-21,2023-02-21,0,8160.0,REORDER_POINT_BREACH,1,COMPLETED
AUT-B-000109,AUTONOMOUS,2023-02-27,Nairobi/Upstream Hub,Eldoret,AGO,Line 4 (Nairobi-Eldoret),510,8160.0,2023-03-01,2023-03-02,1,8160.0,REORDER_POINT_BREACH,1,COMPLETED
AUT-B-000110,AUTONOMOUS,2023-03-07,Nairobi/Upstream Hub,Eldoret,AGO,Line 4 (Nairobi-Eldoret),510,8160.0,2023-03-09,2023-03-09,0,8160.0,REORDER_POINT_BREACH,1,COMPLETED
AUT-B-000111,AUTONOMOUS,2023-03-14,Nairobi/Upstream Hub,Eldoret,AGO,Line 4 (Nairobi-Eldoret),510,8160.0,2023-03-16,2023-03-16,0,8160.0,REORDER_POINT_BREACH,1,COMPLETED
AUT-B-000112,AUTONOMOUS,2023-03-21,Nairobi/Upstream Hub,Eldoret,AGO,Line 4 (Nairobi-Eldoret),510,8160.0,2023-03-23,2023-03-23,0,8160.0,REORDER_POINT_BREACH,1,COMPLETED
AUT-B-000113,AUTONOMOUS,2023-03-29,Nairobi/Upstream Hub,Eldoret,AGO,Line 4 (Nairobi-Eldoret),510,8160.0,2023-03-31,2023-03-31,0,8160.0,REORDER_POINT_BREACH,1,COMPLETED
AUT-B-000114,AUTONOMOUS,2023-04-05,Nairobi/Upstream Hub,Eldoret,AGO,Line 4 (Nairobi-Eldoret),510,8160.0,2023-04-07,2023-04-07,0,8160.0,REORDER_POINT_BREACH,1,COMPLETED
AUT-B-000115,AUTONOMOUS,2023-04-12,Nairobi/Upstream Hub,Eldoret,AGO,Line 4 (Nairobi-Eldoret),510,8160.0,2023-04-14,2023-04-14,0,8160.0,REORDER_POINT_BREACH,1,COMPLETED
AUT-B-000116,AUTONOMOUS,2023-04-20,Nairobi/Upstream Hub,Eldoret,AGO,Line 4 (Nairobi-Eldoret),510,8160.0,2023-04-22,2023-04-22,0,8160.0,REORDER_POINT_BREACH,1,COMPLETED
AUT-B-000117,AUTONOMOUS,2023-04-27,Nairobi/Upstream Hub,Eldoret,AGO,Line 4 (Nairobi-Eldoret),510,8160.0,2023-04-29,2023-04-29,0,8160.0,REORDER_POINT_BREACH,1,COMPLETED
AUT-B-000118,AUTONOMOUS,2023-05-04,Nairobi/Upstream Hub,Eldoret,AGO,Line 4 (Nairobi-Eldoret),510,8160.0,2023-05-06,2023-05-06,0,8160.0,REORDER_POINT_BREACH,1,COMPLETED
AUT-B-000119,AUTONOMOUS,2023-05-12,Nairobi/Upstream Hub,Eldoret,AGO,Line 4 (Nairobi-Eldoret),510,8160.0,2023-05-14,2023-05-14,0,8160.0,REORDER_POINT_BREACH,1,COMPLETED
AUT-B-000120,AUTONOMOUS,2023-05-19,Nairobi/Upstream Hub,Eldoret,AGO,Line 4 (Nairobi-Eldoret),510,8160.0,2023-05-21,2023-05-21,0,8160.0,REORDER_POINT_BREACH,1,COMPLETED
AUT-B-000121,AUTONOMOUS,2023-05-26,Nairobi/Upstream Hub,Eldoret,AGO,Line 4 (Nairobi-Eldoret),510,8160.0,2023-05-28,2023-05-28,0,8160.0,REORDER_POINT_BREACH,1,COMPLETED
AUT-B-000122,AUTONOMOUS,2023-06-03,Nairobi/Upstream Hub,Eldoret,AGO,Line 4 (Nairobi-Eldoret),510,8160.0,2023-06-05,2023-06-05,0,8160.0,REORDER_POINT_BREACH,1,COMPLETED
AUT-B-000123,AUTONOMOUS,2023-06-11,Nairobi/Upstream Hub,Eldoret,AGO,Line 4 (Nairobi-Eldoret),510,8160.0,2023-06-13,2023-06-13,0,8160.0,REORDER_POINT_BREACH,1,COMPLETED
AUT-B-000124,AUTONOMOUS,2023-06-19,Nairobi/Upstream Hub,Eldoret,AGO,Line 4 (Nairobi-Eldoret),510,8160.0,2023-06-21,2023-06-21,0,8160.0,REORDER_POINT_BREACH,1,COMPLETED
AUT-B-000125,AUTONOMOUS,2023-06-26,Nairobi/Upstream Hub,Eldoret,AGO,Line 4 (Nairobi-Eldoret),510,8160.0,2023-06-28,2023-06-28,0,8160.0,REORDER_POINT_BREACH,1,COMPLETED
AUT-B-000126,AUTONOMOUS,2023-07-04,Nairobi/Upstream Hub,Eldoret,AGO,Line 4 (Nairobi-Eldoret),510,8160.0,2023-07-06,2023-07-06,0,8160.0,REORDER_POINT_BREACH,1,COMPLETED
AUT-B-000127,AUTONOMOUS,2023-07-11,Nairobi/Upstream Hub,Eldoret,AGO,Line 4 (Nairobi-Eldoret),510,8160.0,2023-07-13,2023-07-13,0,8160.0,REORDER_POINT_BREACH,1,COMPLETED
AUT-B-000128,AUTONOMOUS,2023-07-19,Nairobi/Upstream Hub,Eldoret,AGO,Line 4 (Nairobi-Eldoret),510,8160.0,2023-07-21,2023-07-21,0,8160.0,REORDER_POINT_BREACH,1,COMPLETED
AUT-B-000129,AUTONOMOUS,2023-07-27,Nairobi/Upstream Hub,Eldoret,AGO,Line 4 (Nairobi-Eldoret),510,8160.0,2023-07-29,2023-07-29,0,8160.0,REORDER_POINT_BREACH,1,COMPLETED
AUT-B-000130,AUTONOMOUS,2023-08-03,Nairobi/Upstream Hub,Eldoret,AGO,Line 4 (Nairobi-Eldoret),510,8160.0,2023-08-05,2023-08-05,0,8160.0,REORDER_POINT_BREACH,1,COMPLETED
AUT-B-000131,AUTONOMOUS,2023-08-10,Nairobi/Upstream Hub,Eldoret,AGO,Line 4 (Nairobi-Eldoret),510,8160.0,2023-08-12,2023-08-12,0,8160.0,REORDER_POINT_BREACH,1,COMPLETED
AUT-B-000132,AUTONOMOUS,2023-08-18,Nairobi/Upstream Hub,Eldoret,AGO,Line 4 (Nairobi-Eldoret),510,8160.0,2023-08-20,2023-08-21,1,8160.0,REORDER_POINT_BREACH,1,COMPLETED
AUT-B-000133,AUTONOMOUS,2023-08-25,Nairobi/Upstream Hub,Eldoret,AGO,Line 4 (Nairobi-Eldoret),510,8160.0,2023-08-27,2023-08-27,0,8160.0,REORDER_POINT_BREACH,1,COMPLETED
AUT-B-000134,AUTONOMOUS,2023-09-01,Nairobi/Upstream Hub,Eldoret,AGO,Line 4 (Nairobi-Eldoret),510,8160.0,2023-09-03,2023-09-04,1,8160.0,REORDER_POINT_BREACH,1,COMPLETED
AUT-B-000135,AUTONOMOUS,2023-09-09,Nairobi/Upstream Hub,Eldoret,AGO,Line 4 (Nairobi-Eldoret),510,8160.0,2023-09-11,2023-09-11,0,8160.0,REORDER_POINT_BREACH,1,COMPLETED
AUT-B-000136,AUTONOMOUS,2023-09-16,Nairobi/Upstream Hub,Eldoret,AGO,Line 4 (Nairobi-Eldoret),510,8160.0,2023-09-18,2023-09-18,0,8160.0,REORDER_POINT_BREACH,1,COMPLETED
AUT-B-000137,AUTONOMOUS,2023-09-23,Nairobi/Upstream Hub,Eldoret,AGO,Line 4 (Nairobi-Eldoret),510,8160.0,2023-09-25,2023-09-25,0,8160.0,REORDER_POINT_BREACH,1,COMPLETED
AUT-B-000138,AUTONOMOUS,2023-09-30,Nairobi/Upstream Hub,Eldoret,AGO,Line 4 (Nairobi-Eldoret),510,8160.0,2023-10-02,2023-10-02,0,8160.0,REORDER_POINT_BREACH,1,COMPLETED
AUT-B-000139,AUTONOMOUS,2023-10-06,Nairobi/Upstream Hub,Eldoret,AGO,Line 4 (Nairobi-Eldoret),510,8160.0,2023-10-08,2023-10-08,0,8160.0,REORDER_POINT_BREACH,1,COMPLETED
AUT-B-000140,AUTONOMOUS,2023-10-13,Nairobi/Upstream Hub,Eldoret,AGO,Line 4 (Nairobi-Eldoret),510,8160.0,2023-10-15,2023-10-15,0,8160.0,REORDER_POINT_BREACH,1,COMPLETED
AUT-B-000141,AUTONOMOUS,2023-10-19,Nairobi/Upstream Hub,Eldoret,AGO,Line 4 (Nairobi-Eldoret),510,8160.0,2023-10-21,2023-10-21,0,8160.0,REORDER_POINT_BREACH,1,COMPLETED
AUT-B-000142,AUTONOMOUS,2023-10-25,Nairobi/Upstream Hub,Eldoret,AGO,Line 4 (Nairobi-Eldoret),510,8160.0,2023-10-27,2023-10-27,0,8160.0,REORDER_POINT_BREACH,1,COMPLETED
AUT-B-000143,AUTONOMOUS,2023-10-31,Nairobi/Upstream Hub,Eldoret,AGO,Line 4 (Nairobi-Eldoret),510,8160.0,2023-11-02,2023-11-02,0,8160.0,REORDER_POINT_BREACH,1,COMPLETED
AUT-B-000144,AUTONOMOUS,2023-11-07,Nairobi/Upstream Hub,Eldoret,AGO,Line 4 (Nairobi-Eldoret),510,8160.0,2023-11-09,2023-11-09,0,8160.0,REORDER_POINT_BREACH,1,COMPLETED
AUT-B-000145,AUTONOMOUS,2023-11-15,Nairobi/Upstream Hub,Eldoret,AGO,Line 4 (Nairobi-Eldoret),510,8160.0,2023-11-17,2023-11-17,0,8160.0,REORDER_POINT_BREACH,1,COMPLETED
AUT-B-000146,AUTONOMOUS,2023-11-22,Nairobi/Upstream Hub,Eldoret,AGO,Line 4 (Nairobi-Eldoret),510,8160.0,2023-11-24,2023-11-24,0,8160.0,REORDER_POINT_BREACH,1,COMPLETED
AUT-B-000147,AUTONOMOUS,2023-11-29,Nairobi/Upstream Hub,Eldoret,AGO,Line 4 (Nairobi-Eldoret),510,8160.0,2023-12-01,2023-12-01,0,8160.0,REORDER_POINT_BREACH,1,COMPLETED
AUT-B-000148,AUTONOMOUS,2023-12-06,Nairobi/Upstream Hub,Eldoret,AGO,Line 4 (Nairobi-Eldoret),510,8160.0,2023-12-08,2023-12-08,0,8160.0,REORDER_POINT_BREACH,1,COMPLETED
AUT-B-000149,AUTONOMOUS,2023-12-14,Nairobi/Upstream Hub,Eldoret,AGO,Line 4 (Nairobi-Eldoret),510,8160.0,2023-12-16,2023-12-17,1,8160.0,REORDER_POINT_BREACH,1,COMPLETED
AUT-B-000150,AUTONOMOUS,2023-12-21,Nairobi/Upstream Hub,Eldoret,AGO,Line 4 (Nairobi-Eldoret),510,8160.0,2023-12-23,2023-12-23,0,8160.0,REORDER_POINT_BREACH,1,COMPLETED
AUT-B-000151,AUTONOMOUS,2023-12-29,Nairobi/Upstream Hub,Eldoret,AGO,Line 4 (Nairobi-Eldoret),510,8160.0,2023-12-31,2023-12-31,0,8160.0,REORDER_POINT_BREACH,1,COMPLETED
AUT-B-000152,AUTONOMOUS,2024-01-05,Nairobi/Upstream Hub,Eldoret,AGO,Line 4 (Nairobi-Eldoret),510,8160.0,2024-01-07,2024-01-07,0,8160.0,REORDER_POINT_BREACH,1,COMPLETED
AUT-B-000153,AUTONOMOUS,2024-01-12,Nairobi/Upstream Hub,Eldoret,AGO,Line 4 (Nairobi-Eldoret),510,8160.0,2024-01-14,2024-01-14,0,8160.0,REORDER_POINT_BREACH,1,COMPLETED
AUT-B-000154,AUTONOMOUS,2024-01-19,Nairobi/Upstream Hub,Eldoret,AGO,Line 4 (Nairobi-Eldoret),510,8160.0,2024-01-21,2024-01-21,0,8160.0,REORDER_POINT_BREACH,1,COMPLETED
AUT-B-000155,AUTONOMOUS,2024-01-26,Nairobi/Upstream Hub,Eldoret,AGO,Line 4 (Nairobi-Eldoret),510,8160.0,2024-01-28,2024-01-28,0,8160.0,REORDER_POINT_BREACH,1,COMPLETED
AUT-B-000156,AUTONOMOUS,2024-02-03,Nairobi/Upstream Hub,Eldoret,AGO,Line 4 (Nairobi-Eldoret),510,8160.0,2024-02-05,2024-02-05,0,8160.0,REORDER_POINT_BREACH,1,COMPLETED
AUT-B-000157,AUTONOMOUS,2024-02-11,Nairobi/Upstream Hub,Eldoret,AGO,Line 4 (Nairobi-Eldoret),510,8160.0,2024-02-13,2024-02-13,0,8160.0,REORDER_POINT_BREACH,1,COMPLETED
AUT-B-000158,AUTONOMOUS,2024-02-19,Nairobi/Upstream Hub,Eldoret,AGO,Line 4 (Nairobi-Eldoret),510,8160.0,2024-02-21,2024-02-21,0,8160.0,REORDER_POINT_BREACH,1,COMPLETED
AUT-B-000159,AUTONOMOUS,2024-02-28,Nairobi/Upstream Hub,Eldoret,AGO,Line 4 (Nairobi-Eldoret),510,8160.0,2024-03-01,2024-03-02,1,8160.0,REORDER_POINT_BREACH,1,COMPLETED
AUT-B-000160,AUTONOMOUS,2024-03-06,Nairobi/Upstream Hub,Eldoret,AGO,Line 4 (Nairobi-Eldoret),510,8160.0,2024-03-08,2024-03-08,0,8160.0,REORDER_POINT_BREACH,1,COMPLETED
AUT-B-000161,AUTONOMOUS,2024-03-14,Nairobi/Upstream Hub,Eldoret,AGO,Line 4 (Nairobi-Eldoret),510,8160.0,2024-03-16,2024-03-16,0,8160.0,REORDER_POINT_BREACH,1,COMPLETED
AUT-B-000162,AUTONOMOUS,2024-03-22,Nairobi/Upstream Hub,Eldoret,AGO,Line 4 (Nairobi-Eldoret),510,8160.0,2024-03-24,2024-03-24,0,8160.0,REORDER_POINT_BREACH,1,COMPLETED
AUT-B-000163,AUTONOMOUS,2024-03-30,Nairobi/Upstream Hub,Eldoret,AGO,Line 4 (Nairobi-Eldoret),510,8160.0,2024-04-01,2024-04-01,0,8160.0,REORDER_POINT_BREACH,1,COMPLETED
AUT-B-000164,AUTONOMOUS,2024-04-06,Nairobi/Upstream Hub,Eldoret,AGO,Line 4 (Nairobi-Eldoret),510,8160.0,2024-04-08,2024-04-08,0,8160.0,REORDER_POINT_BREACH,1,COMPLETED
AUT-B-000165,AUTONOMOUS,2024-04-13,Nairobi/Upstream Hub,Eldoret,AGO,Line 4 (Nairobi-Eldoret),510,8160.0,2024-04-15,2024-04-15,0,8160.0,REORDER_POINT_BREACH,1,COMPLETED
AUT-B-000166,AUTONOMOUS,2024-04-21,Nairobi/Upstream Hub,Eldoret,AGO,Line 4 (Nairobi-Eldoret),510,8160.0,2024-04-23,2024-04-23,0,8160.0,REORDER_POINT_BREACH,1,COMPLETED
AUT-B-000167,AUTONOMOUS,2024-04-29,Nairobi/Upstream Hub,Eldoret,AGO,Line 4 (Nairobi-Eldoret),510,8160.0,2024-05-01,2024-05-02,1,8160.0,REORDER_POINT_BREACH,1,COMPLETED
AUT-B-000168,AUTONOMOUS,2024-05-06,Nairobi/Upstream Hub,Eldoret,AGO,Line 4 (Nairobi-Eldoret),510,8160.0,2024-05-08,2024-05-08,0,8160.0,REORDER_POINT_BREACH,1,COMPLETED
AUT-B-000169,AUTONOMOUS,2024-05-13,Nairobi/Upstream Hub,Eldoret,AGO,Line 4 (Nairobi-Eldoret),510,8160.0,2024-05-15,2024-05-15,0,8160.0,REORDER_POINT_BREACH,1,COMPLETED
AUT-B-000170,AUTONOMOUS,2024-05-21,Nairobi/Upstream Hub,Eldoret,AGO,Line 4 (Nairobi-Eldoret),510,8160.0,2024-05-23,2024-05-23,0,8160.0,REORDER_POINT_BREACH,1,COMPLETED
AUT-B-000171,AUTONOMOUS,2024-05-28,Nairobi/Upstream Hub,Eldoret,AGO,Line 4 (Nairobi-Eldoret),510,8160.0,2024-05-30,2024-05-30,0,8160.0,REORDER_POINT_BREACH,1,COMPLETED
AUT-B-000172,AUTONOMOUS,2024-06-05,Nairobi/Upstream Hub,Eldoret,AGO,Line 4 (Nairobi-Eldoret),510,8160.0,2024-06-07,2024-06-07,0,8160.0,REORDER_POINT_BREACH,1,COMPLETED
AUT-B-000173,AUTONOMOUS,2024-06-13,Nairobi/Upstream Hub,Eldoret,AGO,Line 4 (Nairobi-Eldoret),510,8160.0,2024-06-15,2024-06-15,0,8160.0,REORDER_POINT_BREACH,1,COMPLETED
AUT-B-000174,AUTONOMOUS,2024-06-21,Nairobi/Upstream Hub,Eldoret,AGO,Line 4 (Nairobi-Eldoret),510,8160.0,2024-06-23,2024-06-23,0,8160.0,REORDER_POINT_BREACH,1,COMPLETED
AUT-B-000175,AUTONOMOUS,2024-06-29,Nairobi/Upstream Hub,Eldoret,AGO,Line 4 (Nairobi-Eldoret),510,8160.0,2024-07-01,2024-07-01,0,8160.0,REORDER_POINT_BREACH,1,COMPLETED
AUT-B-000176,AUTONOMOUS,2024-07-06,Nairobi/Upstream Hub,Eldoret,AGO,Line 4 (Nairobi-Eldoret),510,8160.0,2024-07-08,2024-07-08,0,8160.0,REORDER_POINT_BREACH,1,COMPLETED
AUT-B-000177,AUTONOMOUS,2024-07-14,Nairobi/Upstream Hub,Eldoret,AGO,Line 4 (Nairobi-Eldoret),510,8160.0,2024-07-16,2024-07-16,0,8160.0,REORDER_POINT_BREACH,1,COMPLETED
AUT-B-000178,AUTONOMOUS,2024-07-22,Nairobi/Upstream Hub,Eldoret,AGO,Line 4 (Nairobi-Eldoret),510,8160.0,2024-07-24,2024-07-24,0,8160.0,REORDER_POINT_BREACH,1,COMPLETED
AUT-B-000179,AUTONOMOUS,2024-07-29,Nairobi/Upstream Hub,Eldoret,AGO,Line 4 (Nairobi-Eldoret),510,8160.0,2024-07-31,2024-07-31,0,8160.0,REORDER_POINT_BREACH,1,COMPLETED
AUT-B-000180,AUTONOMOUS,2024-08-06,Nairobi/Upstream Hub,Eldoret,AGO,Line 4 (Nairobi-Eldoret),510,8160.0,2024-08-08,2024-08-09,1,8160.0,REORDER_POINT_BREACH,1,COMPLETED
AUT-B-000181,AUTONOMOUS,2024-08-14,Nairobi/Upstream Hub,Eldoret,AGO,Line 4 (Nairobi-Eldoret),510,8160.0,2024-08-16,2024-08-16,0,8160.0,REORDER_POINT_BREACH,1,COMPLETED
AUT-B-000182,AUTONOMOUS,2024-08-21,Nairobi/Upstream Hub,Eldoret,AGO,Line 4 (Nairobi-Eldoret),510,8160.0,2024-08-23,2024-08-23,0,8160.0,REORDER_POINT_BREACH,1,COMPLETED
AUT-B-000183,AUTONOMOUS,2024-08-29,Nairobi/Upstream Hub,Eldoret,AGO,Line 4 (Nairobi-Eldoret),510,8160.0,2024-08-31,2024-08-31,0,8160.0,REORDER_POINT_BREACH,1,COMPLETED
AUT-B-000184,AUTONOMOUS,2024-09-05,Nairobi/Upstream Hub,Eldoret,AGO,Line 4 (Nairobi-Eldoret),510,8160.0,2024-09-07,2024-09-07,0,8160.0,REORDER_POINT_BREACH,1,COMPLETED
AUT-B-000185,AUTONOMOUS,2024-09-12,Nairobi/Upstream Hub,Eldoret,AGO,Line 4 (Nairobi-Eldoret),510,8160.0,2024-09-14,2024-09-14,0,8160.0,REORDER_POINT_BREACH,1,COMPLETED
AUT-B-000186,AUTONOMOUS,2024-09-20,Nairobi/Upstream Hub,Eldoret,AGO,Line 4 (Nairobi-Eldoret),510,8160.0,2024-09-22,2024-09-22,0,8160.0,REORDER_POINT_BREACH,1,COMPLETED
AUT-B-000187,AUTONOMOUS,2024-09-27,Nairobi/Upstream Hub,Eldoret,AGO,Line 4 (Nairobi-Eldoret),510,8160.0,2024-09-29,2024-09-29,0,8160.0,REORDER_POINT_BREACH,1,COMPLETED
AUT-B-000188,AUTONOMOUS,2024-10-04,Nairobi/Upstream Hub,Eldoret,AGO,Line 4 (Nairobi-Eldoret),510,8160.0,2024-10-06,2024-10-06,0,8160.0,REORDER_POINT_BREACH,1,COMPLETED
AUT-B-000189,AUTONOMOUS,2024-10-10,Nairobi/Upstream Hub,Eldoret,AGO,Line 4 (Nairobi-Eldoret),510,8160.0,2024-10-12,2024-10-12,0,8160.0,REORDER_POINT_BREACH,1,COMPLETED
AUT-B-000190,AUTONOMOUS,2024-10-16,Nairobi/Upstream Hub,Eldoret,AGO,Line 4 (Nairobi-Eldoret),510,8160.0,2024-10-18,2024-10-18,0,8160.0,REORDER_POINT_BREACH,1,COMPLETED
AUT-B-000191,AUTONOMOUS,2024-10-22,Nairobi/Upstream Hub,Eldoret,AGO,Line 4 (Nairobi-Eldoret),510,8160.0,2024-10-24,2024-10-24,0,8160.0,REORDER_POINT_BREACH,1,COMPLETED
AUT-B-000192,AUTONOMOUS,2024-10-29,Nairobi/Upstream Hub,Eldoret,AGO,Line 4 (Nairobi-Eldoret),510,8160.0,2024-10-31,2024-10-31,0,8160.0,REORDER_POINT_BREACH,1,COMPLETED
AUT-B-000193,AUTONOMOUS,2024-11-05,Nairobi/Upstream Hub,Eldoret,AGO,Line 4 (Nairobi-Eldoret),510,8160.0,2024-11-07,2024-11-07,0,8160.0,REORDER_POINT_BREACH,1,COMPLETED
AUT-B-000194,AUTONOMOUS,2024-11-12,Nairobi/Upstream Hub,Eldoret,AGO,Line 4 (Nairobi-Eldoret),510,8160.0,2024-11-14,2024-11-14,0,8160.0,REORDER_POINT_BREACH,1,COMPLETED
AUT-B-000195,AUTONOMOUS,2024-11-20,Nairobi/Upstream Hub,Eldoret,AGO,Line 4 (Nairobi-Eldoret),510,8160.0,2024-11-22,2024-11-22,0,8160.0,REORDER_POINT_BREACH,1,COMPLETED
AUT-B-000196,AUTONOMOUS,2024-11-27,Nairobi/Upstream Hub,Eldoret,AGO,Line 4 (Nairobi-Eldoret),510,8160.0,2024-11-29,2024-11-29,0,8160.0,REORDER_POINT_BREACH,1,COMPLETED
AUT-B-000197,AUTONOMOUS,2024-12-05,Nairobi/Upstream Hub,Eldoret,AGO,Line 4 (Nairobi-Eldoret),510,8160.0,2024-12-07,2024-12-07,0,8160.0,REORDER_POINT_BREACH,1,COMPLETED
AUT-B-000198,AUTONOMOUS,2024-12-13,Nairobi/Upstream Hub,Eldoret,AGO,Line 4 (Nairobi-Eldoret),510,8160.0,2024-12-15,2024-12-15,0,8160.0,REORDER_POINT_BREACH,1,COMPLETED
AUT-B-000199,AUTONOMOUS,2024-12-20,Nairobi/Upstream Hub,Eldoret,AGO,Line 4 (Nairobi-Eldoret),510,8160.0,2024-12-22,2024-12-22,0,8160.0,REORDER_POINT_BREACH,1,COMPLETED
AUT-B-000200,AUTONOMOUS,2024-12-28,Nairobi/Upstream Hub,Eldoret,AGO,Line 4 (Nairobi-Eldoret),510,8160.0,2024-12-30,2024-12-30,0,8160.0,REORDER_POINT_BREACH,1,COMPLETED
AUT-B-000201,AUTONOMOUS,2025-01-04,Nairobi/Upstream Hub,Eldoret,AGO,Line 4 (Nairobi-Eldoret),510,8160.0,2025-01-06,2025-01-06,0,8160.0,REORDER_POINT_BREACH,1,COMPLETED
AUT-B-000202,AUTONOMOUS,2025-01-10,Nairobi/Upstream Hub,Eldoret,AGO,Line 4 (Nairobi-Eldoret),510,8160.0,2025-01-12,2025-01-13,1,8160.0,REORDER_POINT_BREACH,1,COMPLETED
AUT-B-000203,AUTONOMOUS,2025-01-17,Nairobi/Upstream Hub,Eldoret,AGO,Line 4 (Nairobi-Eldoret),510,8160.0,2025-01-19,2025-01-19,0,8160.0,REORDER_POINT_BREACH,1,COMPLETED
AUT-B-000204,AUTONOMOUS,2025-01-24,Nairobi/Upstream Hub,Eldoret,AGO,Line 4 (Nairobi-Eldoret),510,8160.0,2025-01-26,2025-01-26,0,8160.0,REORDER_POINT_BREACH,1,COMPLETED
AUT-B-000205,AUTONOMOUS,2025-01-31,Nairobi/Upstream Hub,Eldoret,AGO,Line 4 (Nairobi-Eldoret),510,8160.0,2025-02-02,2025-02-02,0,8160.0,REORDER_POINT_BREACH,1,COMPLETED
AUT-B-000206,AUTONOMOUS,2025-02-07,Nairobi/Upstream Hub,Eldoret,AGO,Line 4 (Nairobi-Eldoret),510,8160.0,2025-02-09,2025-02-09,0,8160.0,REORDER_POINT_BREACH,1,COMPLETED
AUT-B-000207,AUTONOMOUS,2025-02-15,Nairobi/Upstream Hub,Eldoret,AGO,Line 4 (Nairobi-Eldoret),510,8160.0,2025-02-17,2025-02-17,0,8160.0,REORDER_POINT_BREACH,1,COMPLETED
AUT-B-000208,AUTONOMOUS,2025-02-23,Nairobi/Upstream Hub,Eldoret,AGO,Line 4 (Nairobi-Eldoret),510,8160.0,2025-02-25,2025-02-25,0,8160.0,REORDER_POINT_BREACH,1,COMPLETED
AUT-B-000209,AUTONOMOUS,2025-03-02,Nairobi/Upstream Hub,Eldoret,AGO,Line 4 (Nairobi-Eldoret),510,8160.0,2025-03-04,2025-03-04,0,8160.0,REORDER_POINT_BREACH,1,COMPLETED
AUT-B-000210,AUTONOMOUS,2025-03-09,Nairobi/Upstream Hub,Eldoret,AGO,Line 4 (Nairobi-Eldoret),510,8160.0,2025-03-11,2025-03-11,0,8160.0,REORDER_POINT_BREACH,1,COMPLETED
AUT-B-000211,AUTONOMOUS,2025-03-16,Nairobi/Upstream Hub,Eldoret,AGO,Line 4 (Nairobi-Eldoret),510,8160.0,2025-03-18,2025-03-18,0,8160.0,REORDER_POINT_BREACH,1,COMPLETED
AUT-B-000212,AUTONOMOUS,2025-03-24,Nairobi/Upstream Hub,Eldoret,AGO,Line 4 (Nairobi-Eldoret),510,8160.0,2025-03-26,2025-03-26,0,8160.0,REORDER_POINT_BREACH,1,COMPLETED
AUT-B-000213,AUTONOMOUS,2025-03-30,Nairobi/Upstream Hub,Eldoret,AGO,Line 4 (Nairobi-Eldoret),510,8160.0,2025-04-01,2025-04-01,0,8160.0,REORDER_POINT_BREACH,1,COMPLETED
AUT-B-000214,AUTONOMOUS,2025-04-06,Nairobi/Upstream Hub,Eldoret,AGO,Line 4 (Nairobi-Eldoret),510,8160.0,2025-04-08,2025-04-08,0,8160.0,REORDER_POINT_BREACH,1,COMPLETED
AUT-B-000215,AUTONOMOUS,2025-04-13,Nairobi/Upstream Hub,Eldoret,AGO,Line 4 (Nairobi-Eldoret),510,8160.0,2025-04-15,2025-04-15,0,8160.0,REORDER_POINT_BREACH,1,COMPLETED
AUT-B-000216,AUTONOMOUS,2025-04-21,Nairobi/Upstream Hub,Eldoret,AGO,Line 4 (Nairobi-Eldoret),510,8160.0,2025-04-23,2025-04-23,0,8160.0,REORDER_POINT_BREACH,1,COMPLETED
AUT-B-000217,AUTONOMOUS,2025-04-28,Nairobi/Upstream Hub,Eldoret,AGO,Line 4 (Nairobi-Eldoret),510,8160.0,2025-04-30,2025-04-30,0,8160.0,REORDER_POINT_BREACH,1,COMPLETED
AUT-B-000218,AUTONOMOUS,2025-05-04,Nairobi/Upstream Hub,Eldoret,AGO,Line 4 (Nairobi-Eldoret),510,8160.0,2025-05-06,2025-05-06,0,8160.0,REORDER_POINT_BREACH,1,COMPLETED
AUT-B-000219,AUTONOMOUS,2025-05-11,Nairobi/Upstream Hub,Eldoret,AGO,Line 4 (Nairobi-Eldoret),510,8160.0,2025-05-13,2025-05-13,0,8160.0,REORDER_POINT_BREACH,1,COMPLETED
AUT-B-000220,AUTONOMOUS,2025-05-18,Nairobi/Upstream Hub,Eldoret,AGO,Line 4 (Nairobi-Eldoret),510,8160.0,2025-05-20,2025-05-21,1,8160.0,REORDER_POINT_BREACH,1,COMPLETED
AUT-B-000221,AUTONOMOUS,2025-05-25,Nairobi/Upstream Hub,Eldoret,AGO,Line 4 (Nairobi-Eldoret),510,8160.0,2025-05-27,2025-05-27,0,8160.0,REORDER_POINT_BREACH,1,COMPLETED
AUT-B-000222,AUTONOMOUS,2025-06-01,Nairobi/Upstream Hub,Eldoret,AGO,Line 4 (Nairobi-Eldoret),510,8160.0,2025-06-03,2025-06-03,0,8160.0,REORDER_POINT_BREACH,1,COMPLETED
AUT-B-000223,AUTONOMOUS,2025-06-08,Nairobi/Upstream Hub,Eldoret,AGO,Line 4 (Nairobi-Eldoret),510,8160.0,2025-06-10,2025-06-10,0,8160.0,REORDER_POINT_BREACH,1,COMPLETED
AUT-B-000224,AUTONOMOUS,2025-06-16,Nairobi/Upstream Hub,Eldoret,AGO,Line 4 (Nairobi-Eldoret),510,8160.0,2025-06-18,2025-06-18,0,8160.0,REORDER_POINT_BREACH,1,COMPLETED
AUT-B-000225,AUTONOMOUS,2025-06-23,Nairobi/Upstream Hub,Eldoret,AGO,Line 4 (Nairobi-Eldoret),510,8160.0,2025-06-25,2025-06-25,0,8160.0,REORDER_POINT_BREACH,1,COMPLETED
AUT-B-000226,AUTONOMOUS,2025-07-01,Nairobi/Upstream Hub,Eldoret,AGO,Line 4 (Nairobi-Eldoret),510,8160.0,2025-07-03,2025-07-03,0,8160.0,REORDER_POINT_BREACH,1,COMPLETED
AUT-B-000227,AUTONOMOUS,2025-07-08,Nairobi/Upstream Hub,Eldoret,AGO,Line 4 (Nairobi-Eldoret),510,8160.0,2025-07-10,2025-07-10,0,8160.0,REORDER_POINT_BREACH,1,COMPLETED
AUT-B-000228,AUTONOMOUS,2025-07-15,Nairobi/Upstream Hub,Eldoret,AGO,Line 4 (Nairobi-Eldoret),510,8160.0,2025-07-17,2025-07-17,0,8160.0,REORDER_POINT_BREACH,1,COMPLETED
AUT-B-000229,AUTONOMOUS,2025-07-23,Nairobi/Upstream Hub,Eldoret,AGO,Line 4 (Nairobi-Eldoret),510,8160.0,2025-07-25,2025-07-25,0,8160.0,REORDER_POINT_BREACH,1,COMPLETED
AUT-B-000230,AUTONOMOUS,2025-07-30,Nairobi/Upstream Hub,Eldoret,AGO,Line 4 (Nairobi-Eldoret),510,8160.0,2025-08-01,2025-08-01,0,8160.0,REORDER_POINT_BREACH,1,COMPLETED
AUT-B-000231,AUTONOMOUS,2025-08-06,Nairobi/Upstream Hub,Eldoret,AGO,Line 4 (Nairobi-Eldoret),510,8160.0,2025-08-08,2025-08-08,0,8160.0,REORDER_POINT_BREACH,1,COMPLETED
AUT-B-000232,AUTONOMOUS,2025-08-13,Nairobi/Upstream Hub,Eldoret,AGO,Line 4 (Nairobi-Eldoret),510,8160.0,2025-08-15,2025-08-15,0,8160.0,REORDER_POINT_BREACH,1,COMPLETED
AUT-B-000233,AUTONOMOUS,2025-08-21,Nairobi/Upstream Hub,Eldoret,AGO,Line 4 (Nairobi-Eldoret),510,8160.0,2025-08-23,2025-08-23,0,8160.0,REORDER_POINT_BREACH,1,COMPLETED
AUT-B-000234,AUTONOMOUS,2025-08-28,Nairobi/Upstream Hub,Eldoret,AGO,Line 4 (Nairobi-Eldoret),510,8160.0,2025-08-30,2025-08-30,0,8160.0,REORDER_POINT_BREACH,1,COMPLETED
AUT-B-000235,AUTONOMOUS,2025-09-03,Nairobi/Upstream Hub,Eldoret,AGO,Line 4 (Nairobi-Eldoret),510,8160.0,2025-09-05,2025-09-05,0,8160.0,REORDER_POINT_BREACH,1,COMPLETED
AUT-B-000236,AUTONOMOUS,2025-09-10,Nairobi/Upstream Hub,Eldoret,AGO,Line 4 (Nairobi-Eldoret),510,8160.0,2025-09-12,2025-09-13,1,8160.0,REORDER_POINT_BREACH,1,COMPLETED
AUT-B-000237,AUTONOMOUS,2025-09-17,Nairobi/Upstream Hub,Eldoret,AGO,Line 4 (Nairobi-Eldoret),510,8160.0,2025-09-19,2025-09-19,0,8160.0,REORDER_POINT_BREACH,1,COMPLETED
AUT-B-000238,AUTONOMOUS,2025-09-24,Nairobi/Upstream Hub,Eldoret,AGO,Line 4 (Nairobi-Eldoret),510,8160.0,2025-09-26,2025-09-26,0,8160.0,REORDER_POINT_BREACH,1,COMPLETED
AUT-B-000239,AUTONOMOUS,2025-10-01,Nairobi/Upstream Hub,Eldoret,AGO,Line 4 (Nairobi-Eldoret),510,8160.0,2025-10-03,2025-10-03,0,8160.0,REORDER_POINT_BREACH,1,COMPLETED
AUT-B-000240,AUTONOMOUS,2025-10-07,Nairobi/Upstream Hub,Eldoret,AGO,Line 4 (Nairobi-Eldoret),510,8160.0,2025-10-09,2025-10-09,0,8160.0,REORDER_POINT_BREACH,1,COMPLETED
AUT-B-000241,AUTONOMOUS,2025-10-12,Nairobi/Upstream Hub,Eldoret,AGO,Line 4 (Nairobi-Eldoret),510,8160.0,2025-10-14,2025-10-14,0,8160.0,REORDER_POINT_BREACH,1,COMPLETED
AUT-B-000242,AUTONOMOUS,2025-10-18,Nairobi/Upstream Hub,Eldoret,AGO,Line 4 (Nairobi-Eldoret),510,8160.0,2025-10-20,2025-10-20,0,8160.0,REORDER_POINT_BREACH,1,COMPLETED
AUT-B-000243,AUTONOMOUS,2025-10-24,Nairobi/Upstream Hub,Eldoret,AGO,Line 4 (Nairobi-Eldoret),510,8160.0,2025-10-26,2025-10-26,0,8160.0,REORDER_POINT_BREACH,1,COMPLETED
AUT-B-000244,AUTONOMOUS,2025-10-30,Nairobi/Upstream Hub,Eldoret,AGO,Line 4 (Nairobi-Eldoret),510,8160.0,2025-11-01,2025-11-01,0,8160.0,REORDER_POINT_BREACH,1,COMPLETED
AUT-B-000245,AUTONOMOUS,2025-11-06,Nairobi/Upstream Hub,Eldoret,AGO,Line 4 (Nairobi-Eldoret),510,8160.0,2025-11-08,2025-11-08,0,8160.0,REORDER_POINT_BREACH,1,COMPLETED
AUT-B-000246,AUTONOMOUS,2025-11-13,Nairobi/Upstream Hub,Eldoret,AGO,Line 4 (Nairobi-Eldoret),510,8160.0,2025-11-15,2025-11-15,0,8160.0,REORDER_POINT_BREACH,1,COMPLETED
AUT-B-000247,AUTONOMOUS,2025-11-20,Nairobi/Upstream Hub,Eldoret,AGO,Line 4 (Nairobi-Eldoret),510,8160.0,2025-11-22,2025-11-22,0,8160.0,REORDER_POINT_BREACH,1,COMPLETED
AUT-B-000248,AUTONOMOUS,2025-11-27,Nairobi/Upstream Hub,Eldoret,AGO,Line 4 (Nairobi-Eldoret),510,8160.0,2025-11-29,2025-11-29,0,8160.0,REORDER_POINT_BREACH,1,COMPLETED
AUT-B-000249,AUTONOMOUS,2025-12-04,Nairobi/Upstream Hub,Eldoret,AGO,Line 4 (Nairobi-Eldoret),510,8160.0,2025-12-06,2025-12-06,0,8160.0,REORDER_POINT_BREACH,1,COMPLETED
AUT-B-000250,AUTONOMOUS,2025-12-11,Nairobi/Upstream Hub,Eldoret,AGO,Line 4 (Nairobi-Eldoret),510,8160.0,2025-12-13,2025-12-13,0,8160.0,REORDER_POINT_BREACH,1,COMPLETED
AUT-B-000251,AUTONOMOUS,2025-12-18,Nairobi/Upstream Hub,Eldoret,AGO,Line 4 (Nairobi-Eldoret),510,8160.0,2025-12-20,2025-12-20,0,8160.0,REORDER_POINT_BREACH,1,COMPLETED
AUT-B-000252,AUTONOMOUS,2025-12-25,Nairobi/Upstream Hub,Eldoret,AGO,Line 4 (Nairobi-Eldoret),510,8160.0,2025-12-27,2025-12-27,0,8160.0,REORDER_POINT_BREACH,1,COMPLETED
AUT-B-000253,AUTONOMOUS,2026-01-01,Nairobi/Upstream Hub,Eldoret,AGO,Line 4 (Nairobi-Eldoret),510,8160.0,2026-01-03,2026-01-03,0,8160.0,REORDER_POINT_BREACH,1,COMPLETED
AUT-B-000254,AUTONOMOUS,2026-01-07,Nairobi/Upstream Hub,Eldoret,AGO,Line 4 (Nairobi-Eldoret),510,8160.0,2026-01-09,2026-01-09,0,8160.0,REORDER_POINT_BREACH,1,COMPLETED
AUT-B-000255,AUTONOMOUS,2026-01-13,Nairobi/Upstream Hub,Eldoret,AGO,Line 4 (Nairobi-Eldoret),510,8160.0,2026-01-15,2026-01-15,0,8160.0,REORDER_POINT_BREACH,1,COMPLETED
AUT-B-000256,AUTONOMOUS,2026-01-20,Nairobi/Upstream Hub,Eldoret,AGO,Line 4 (Nairobi-Eldoret),510,8160.0,2026-01-22,2026-01-22,0,8160.0,REORDER_POINT_BREACH,1,COMPLETED
AUT-B-000257,AUTONOMOUS,2026-01-26,Nairobi/Upstream Hub,Eldoret,AGO,Line 4 (Nairobi-Eldoret),510,8160.0,2026-01-28,2026-01-28,0,8160.0,REORDER_POINT_BREACH,1,COMPLETED
AUT-B-000258,AUTONOMOUS,2026-02-02,Nairobi/Upstream Hub,Eldoret,AGO,Line 4 (Nairobi-Eldoret),510,8160.0,2026-02-04,2026-02-04,0,8160.0,REORDER_POINT_BREACH,1,COMPLETED
AUT-B-000259,AUTONOMOUS,2026-02-09,Nairobi/Upstream Hub,Eldoret,AGO,Line 4 (Nairobi-Eldoret),510,8160.0,2026-02-11,2026-02-11,0,8160.0,REORDER_POINT_BREACH,1,COMPLETED
AUT-B-000260,AUTONOMOUS,2026-02-16,Nairobi/Upstream Hub,Eldoret,AGO,Line 4 (Nairobi-Eldoret),510,8160.0,2026-02-18,2026-02-18,0,8160.0,REORDER_POINT_BREACH,1,COMPLETED
AUT-B-000261,AUTONOMOUS,2026-02-23,Nairobi/Upstream Hub,Eldoret,AGO,Line 4 (Nairobi-Eldoret),510,8160.0,2026-02-25,2026-02-25,0,8160.0,REORDER_POINT_BREACH,1,COMPLETED
AUT-B-000262,AUTONOMOUS,2026-03-02,Nairobi/Upstream Hub,Eldoret,AGO,Line 4 (Nairobi-Eldoret),510,8160.0,2026-03-04,2026-03-04,0,8160.0,REORDER_POINT_BREACH,1,COMPLETED
AUT-B-000263,AUTONOMOUS,2026-03-08,Nairobi/Upstream Hub,Eldoret,AGO,Line 4 (Nairobi-Eldoret),510,8160.0,2026-03-10,2026-03-10,0,8160.0,REORDER_POINT_BREACH,1,COMPLETED
AUT-B-000264,AUTONOMOUS,2026-03-15,Nairobi/Upstream Hub,Eldoret,AGO,Line 4 (Nairobi-Eldoret),510,8160.0,2026-03-17,2026-03-17,0,8160.0,REORDER_POINT_BREACH,1,COMPLETED
AUT-B-000265,AUTONOMOUS,2026-03-21,Nairobi/Upstream Hub,Eldoret,AGO,Line 4 (Nairobi-Eldoret),510,8160.0,2026-03-23,2026-03-23,0,8160.0,REORDER_POINT_BREACH,1,COMPLETED
AUT-B-000266,AUTONOMOUS,2026-03-28,Nairobi/Upstream Hub,Eldoret,AGO,Line 4 (Nairobi-Eldoret),510,8160.0,2026-03-30,2026-03-30,0,8160.0,REORDER_POINT_BREACH,1,COMPLETED
AUT-B-000267,AUTONOMOUS,2026-04-03,Nairobi/Upstream Hub,Eldoret,AGO,Line 4 (Nairobi-Eldoret),510,8160.0,2026-04-05,2026-04-05,0,8160.0,REORDER_POINT_BREACH,1,COMPLETED
AUT-B-000268,AUTONOMOUS,2026-04-10,Nairobi/Upstream Hub,Eldoret,AGO,Line 4 (Nairobi-Eldoret),510,8160.0,2026-04-12,2026-04-13,1,8160.0,REORDER_POINT_BREACH,1,COMPLETED
AUT-B-000269,AUTONOMOUS,2026-04-16,Nairobi/Upstream Hub,Eldoret,AGO,Line 4 (Nairobi-Eldoret),510,8160.0,2026-04-18,2026-04-18,0,8160.0,REORDER_POINT_BREACH,1,COMPLETED
AUT-B-000270,AUTONOMOUS,2026-04-23,Nairobi/Upstream Hub,Eldoret,AGO,Line 4 (Nairobi-Eldoret),510,8160.0,2026-04-25,2026-04-25,0,8160.0,REORDER_POINT_BREACH,1,COMPLETED
AUT-B-000271,AUTONOMOUS,2026-04-30,Nairobi/Upstream Hub,Eldoret,AGO,Line 4 (Nairobi-Eldoret),510,8160.0,2026-05-02,2026-05-02,0,8160.0,REORDER_POINT_BREACH,1,COMPLETED
AUT-B-000272,AUTONOMOUS,2026-05-06,Nairobi/Upstream Hub,Eldoret,AGO,Line 4 (Nairobi-Eldoret),510,8160.0,2026-05-08,2026-05-08,0,8160.0,REORDER_POINT_BREACH,1,COMPLETED
AUT-B-000273,AUTONOMOUS,2026-05-13,Nairobi/Upstream Hub,Eldoret,AGO,Line 4 (Nairobi-Eldoret),510,8160.0,2026-05-15,2026-05-15,0,8160.0,REORDER_POINT_BREACH,1,COMPLETED
AUT-B-000274,AUTONOMOUS,2026-05-19,Nairobi/Upstream Hub,Eldoret,AGO,Line 4 (Nairobi-Eldoret),510,8160.0,2026-05-21,2026-05-21,0,8160.0,REORDER_POINT_BREACH,1,COMPLETED
AUT-B-000275,AUTONOMOUS,2026-05-26,Nairobi/Upstream Hub,Eldoret,AGO,Line 4 (Nairobi-Eldoret),510,8160.0,2026-05-28,2026-05-28,0,8160.0,REORDER_POINT_BREACH,1,COMPLETED
AUT-B-000276,AUTONOMOUS,2026-06-01,Nairobi/Upstream Hub,Eldoret,AGO,Line 4 (Nairobi-Eldoret),510,8160.0,2026-06-03,2026-06-03,0,8160.0,REORDER_POINT_BREACH,1,COMPLETED
AUT-B-000277,AUTONOMOUS,2026-06-09,Nairobi/Upstream Hub,Eldoret,AGO,Line 4 (Nairobi-Eldoret),510,8160.0,2026-06-11,2026-06-11,0,8160.0,REORDER_POINT_BREACH,1,COMPLETED
AUT-B-000278,AUTONOMOUS,2026-06-16,Nairobi/Upstream Hub,Eldoret,AGO,Line 4 (Nairobi-Eldoret),510,8160.0,2026-06-18,2026-06-18,0,8160.0,REORDER_POINT_BREACH,1,COMPLETED
AUT-B-000279,AUTONOMOUS,2026-06-22,Nairobi/Upstream Hub,Eldoret,AGO,Line 4 (Nairobi-Eldoret),510,8160.0,2026-06-24,2026-06-24,0,8160.0,REORDER_POINT_BREACH,1,COMPLETED
AUT-B-000280,AUTONOMOUS,2026-06-29,Nairobi/Upstream Hub,Eldoret,AGO,Line 4 (Nairobi-Eldoret),510,8160.0,2026-07-01,2026-07-01,0,8160.0,REORDER_POINT_BREACH,1,COMPLETED
AUT-B-000281,AUTONOMOUS,2026-07-06,Nairobi/Upstream Hub,Eldoret,AGO,Line 4 (Nairobi-Eldoret),510,8160.0,2026-07-08,2026-07-08,0,8160.0,REORDER_POINT_BREACH,1,COMPLETED
AUT-B-000282,AUTONOMOUS,2026-07-13,Nairobi/Upstream Hub,Eldoret,AGO,Line 4 (Nairobi-Eldoret),510,8160.0,2026-07-15,2026-07-15,0,8160.0,REORDER_POINT_BREACH,1,COMPLETED
AUT-B-000283,AUTONOMOUS,2026-07-20,Nairobi/Upstream Hub,Eldoret,AGO,Line 4 (Nairobi-Eldoret),510,8160.0,2026-07-22,2026-07-22,0,8160.0,REORDER_POINT_BREACH,1,COMPLETED
AUT-B-000284,AUTONOMOUS,2026-07-26,Nairobi/Upstream Hub,Eldoret,AGO,Line 4 (Nairobi-Eldoret),510,8160.0,2026-07-28,2026-07-28,0,8160.0,REORDER_POINT_BREACH,1,COMPLETED
AUT-B-000285,AUTONOMOUS,2026-08-01,Nairobi/Upstream Hub,Eldoret,AGO,Line 4 (Nairobi-Eldoret),510,8160.0,2026-08-03,2026-08-03,0,8160.0,REORDER_POINT_BREACH,1,COMPLETED
AUT-B-000286,AUTONOMOUS,2026-08-08,Nairobi/Upstream Hub,Eldoret,AGO,Line 4 (Nairobi-Eldoret),510,8160.0,2026-08-10,2026-08-11,1,8160.0,REORDER_POINT_BREACH,1,COMPLETED
AUT-B-000287,AUTONOMOUS,2026-08-15,Nairobi/Upstream Hub,Eldoret,AGO,Line 4 (Nairobi-Eldoret),510,8160.0,2026-08-17,2026-08-17,0,8160.0,REORDER_POINT_BREACH,1,COMPLETED
AUT-B-000288,AUTONOMOUS,2026-08-22,Nairobi/Upstream Hub,Eldoret,AGO,Line 4 (Nairobi-Eldoret),510,8160.0,2026-08-24,2026-08-24,0,8160.0,REORDER_POINT_BREACH,1,COMPLETED
AUT-B-000289,AUTONOMOUS,2026-08-28,Nairobi/Upstream Hub,Eldoret,AGO,Line 4 (Nairobi-Eldoret),510,8160.0,2026-08-30,2026-08-30,0,8160.0,REORDER_POINT_BREACH,1,COMPLETED
AUT-B-000290,AUTONOMOUS,2026-09-03,Nairobi/Upstream Hub,Eldoret,AGO,Line 4 (Nairobi-Eldoret),510,8160.0,2026-09-05,2026-09-05,0,8160.0,REORDER_POINT_BREACH,1,COMPLETED
AUT-B-000291,AUTONOMOUS,2026-09-10,Nairobi/Upstream Hub,Eldoret,AGO,Line 4 (Nairobi-Eldoret),510,8160.0,2026-09-12,2026-09-12,0,8160.0,REORDER_POINT_BREACH,1,COMPLETED
AUT-B-000292,AUTONOMOUS,2026-09-17,Nairobi/Upstream Hub,Eldoret,AGO,Line 4 (Nairobi-Eldoret),510,8160.0,2026-09-19,2026-09-19,0,8160.0,REORDER_POINT_BREACH,1,SCENARIO_COMPLETED
AUT-B-000293,AUTONOMOUS,2026-09-23,Nairobi/Upstream Hub,Eldoret,AGO,Line 4 (Nairobi-Eldoret),510,8160.0,2026-09-25,2026-09-25,0,8160.0,REORDER_POINT_BREACH,1,SCENARIO_COMPLETED
AUT-B-000294,AUTONOMOUS,2026-09-29,Nairobi/Upstream Hub,Eldoret,AGO,Line 4 (Nairobi-Eldoret),510,8160.0,2026-10-01,2026-10-01,0,8160.0,REORDER_POINT_BREACH,1,SCENARIO_COMPLETED
AUT-B-000295,AUTONOMOUS,2026-10-05,Nairobi/Upstream Hub,Eldoret,AGO,Line 4 (Nairobi-Eldoret),510,8160.0,2026-10-07,2026-10-08,1,8160.0,REORDER_POINT_BREACH,1,SCENARIO_COMPLETED
AUT-B-000296,AUTONOMOUS,2026-10-11,Nairobi/Upstream Hub,Eldoret,AGO,Line 4 (Nairobi-Eldoret),510,8160.0,2026-10-13,2026-10-13,0,8160.0,REORDER_POINT_BREACH,1,SCENARIO_COMPLETED
AUT-B-000297,AUTONOMOUS,2026-10-16,Nairobi/Upstream Hub,Eldoret,AGO,Line 4 (Nairobi-Eldoret),510,8160.0,2026-10-18,2026-10-18,0,8160.0,REORDER_POINT_BREACH,1,SCENARIO_COMPLETED
AUT-B-000298,AUTONOMOUS,2026-10-22,Nairobi/Upstream Hub,Eldoret,AGO,Line 4 (Nairobi-Eldoret),510,8160.0,2026-10-24,2026-10-24,0,8160.0,REORDER_POINT_BREACH,1,SCENARIO_COMPLETED
AUT-B-000299,AUTONOMOUS,2026-10-28,Nairobi/Upstream Hub,Eldoret,AGO,Line 4 (Nairobi-Eldoret),510,8160.0,2026-10-30,2026-10-30,0,8160.0,REORDER_POINT_BREACH,1,SCENARIO_COMPLETED
AUT-B-000300,AUTONOMOUS,2026-11-02,Nairobi/Upstream Hub,Eldoret,AGO,Line 4 (Nairobi-Eldoret),510,8160.0,2026-11-04,2026-11-04,0,8160.0,REORDER_POINT_BREACH,1,SCENARIO_COMPLETED
AUT-B-000301,AUTONOMOUS,2026-11-09,Nairobi/Upstream Hub,Eldoret,AGO,Line 4 (Nairobi-Eldoret),510,8160.0,2026-11-11,2026-11-11,0,8160.0,REORDER_POINT_BREACH,1,SCENARIO_COMPLETED
AUT-B-000302,AUTONOMOUS,2026-11-16,Nairobi/Upstream Hub,Eldoret,AGO,Line 4 (Nairobi-Eldoret),510,8160.0,2026-11-18,2026-11-18,0,8160.0,REORDER_POINT_BREACH,1,SCENARIO_COMPLETED
AUT-B-000303,AUTONOMOUS,2026-11-22,Nairobi/Upstream Hub,Eldoret,AGO,Line 4 (Nairobi-Eldoret),510,8160.0,2026-11-24,2026-11-24,0,8160.0,REORDER_POINT_BREACH,1,SCENARIO_COMPLETED
AUT-B-000304,AUTONOMOUS,2026-11-28,Nairobi/Upstream Hub,Eldoret,AGO,Line 4 (Nairobi-Eldoret),510,8160.0,2026-11-30,2026-11-30,0,8160.0,REORDER_POINT_BREACH,1,SCENARIO_COMPLETED
AUT-B-000305,AUTONOMOUS,2026-12-05,Nairobi/Upstream Hub,Eldoret,AGO,Line 4 (Nairobi-Eldoret),510,8160.0,2026-12-07,2026-12-07,0,8160.0,REORDER_POINT_BREACH,1,SCENARIO_COMPLETED
AUT-B-000306,AUTONOMOUS,2026-12-12,Nairobi/Upstream Hub,Eldoret,AGO,Line 4 (Nairobi-Eldoret),510,8160.0,2026-12-14,2026-12-14,0,8160.0,REORDER_POINT_BREACH,1,SCENARIO_COMPLETED
AUT-B-000307,AUTONOMOUS,2026-12-18,Nairobi/Upstream Hub,Eldoret,AGO,Line 4 (Nairobi-Eldoret),510,8160.0,2026-12-20,2026-12-20,0,8160.0,REORDER_POINT_BREACH,1,SCENARIO_COMPLETED
AUT-B-000308,AUTONOMOUS,2026-12-25,Nairobi/Upstream Hub,Eldoret,AGO,Line 4 (Nairobi-Eldoret),510,8160.0,2026-12-27,2026-12-27,0,8160.0,REORDER_POINT_BREACH,1,SCENARIO_COMPLETED
AUT-B-000309,AUTONOMOUS,2021-03-02,Nairobi/Upstream Hub,Eldoret,DPK,Line 4 (Nairobi-Eldoret),510,1504.6342254838883,2021-03-04,2021-03-04,0,1504.6342254838883,REORDER_POINT_BREACH,1,COMPLETED
AUT-B-000310,AUTONOMOUS,2021-06-11,Nairobi/Upstream Hub,Eldoret,DPK,Line 4 (Nairobi-Eldoret),510,1511.5533859324942,2021-06-13,2021-06-13,0,1511.5533859324942,REORDER_POINT_BREACH,1,COMPLETED
AUT-B-000311,AUTONOMOUS,2021-09-19,Nairobi/Upstream Hub,Eldoret,DPK,Line 4 (Nairobi-Eldoret),510,1498.8475449409739,2021-09-21,2021-09-21,0,1498.8475449409739,REORDER_POINT_BREACH,1,COMPLETED
AUT-B-000312,AUTONOMOUS,2022-01-01,Nairobi/Upstream Hub,Eldoret,DPK,Line 4 (Nairobi-Eldoret),510,1500.812102857605,2022-01-03,2022-01-03,0,1500.812102857605,REORDER_POINT_BREACH,1,COMPLETED
AUT-B-000313,AUTONOMOUS,2022-04-10,Nairobi/Upstream Hub,Eldoret,DPK,Line 4 (Nairobi-Eldoret),510,1494.3950959018778,2022-04-12,2022-04-12,0,1494.3950959018778,REORDER_POINT_BREACH,1,COMPLETED
AUT-B-000314,AUTONOMOUS,2022-07-13,Nairobi/Upstream Hub,Eldoret,DPK,Line 4 (Nairobi-Eldoret),510,1498.6295066104622,2022-07-15,2022-07-15,0,1498.6295066104622,REORDER_POINT_BREACH,1,COMPLETED
AUT-B-000315,AUTONOMOUS,2022-10-19,Nairobi/Upstream Hub,Eldoret,DPK,Line 4 (Nairobi-Eldoret),510,1498.8337828516756,2022-10-21,2022-10-21,0,1498.8337828516756,REORDER_POINT_BREACH,1,COMPLETED
AUT-B-000316,AUTONOMOUS,2023-01-25,Nairobi/Upstream Hub,Eldoret,DPK,Line 4 (Nairobi-Eldoret),510,1501.4552989433537,2023-01-27,2023-01-27,0,1501.4552989433537,REORDER_POINT_BREACH,1,COMPLETED
AUT-B-000317,AUTONOMOUS,2023-05-07,Nairobi/Upstream Hub,Eldoret,DPK,Line 4 (Nairobi-Eldoret),510,1490.5396570221083,2023-05-09,2023-05-09,0,1490.5396570221083,REORDER_POINT_BREACH,1,COMPLETED
AUT-B-000318,AUTONOMOUS,2023-08-10,Nairobi/Upstream Hub,Eldoret,DPK,Line 4 (Nairobi-Eldoret),510,1505.0883893191656,2023-08-12,2023-08-12,0,1505.0883893191656,REORDER_POINT_BREACH,1,COMPLETED
AUT-B-000319,AUTONOMOUS,2023-11-22,Nairobi/Upstream Hub,Eldoret,DPK,Line 4 (Nairobi-Eldoret),510,1504.6783731813666,2023-11-24,2023-11-24,0,1504.6783731813666,REORDER_POINT_BREACH,1,COMPLETED
AUT-B-000320,AUTONOMOUS,2024-03-04,Nairobi/Upstream Hub,Eldoret,DPK,Line 4 (Nairobi-Eldoret),510,1501.669625146596,2024-03-06,2024-03-06,0,1501.669625146596,REORDER_POINT_BREACH,1,COMPLETED
AUT-B-000321,AUTONOMOUS,2024-06-14,Nairobi/Upstream Hub,Eldoret,DPK,Line 4 (Nairobi-Eldoret),510,1503.9776287281466,2024-06-16,2024-06-17,1,1503.9776287281466,REORDER_POINT_BREACH,1,COMPLETED
AUT-B-000322,AUTONOMOUS,2024-09-22,Nairobi/Upstream Hub,Eldoret,DPK,Line 4 (Nairobi-Eldoret),510,1492.453582578385,2024-09-24,2024-09-24,0,1492.453582578385,REORDER_POINT_BREACH,1,COMPLETED
AUT-B-000323,AUTONOMOUS,2025-01-04,Nairobi/Upstream Hub,Eldoret,DPK,Line 4 (Nairobi-Eldoret),510,1498.5619792764637,2025-01-06,2025-01-06,0,1498.5619792764637,REORDER_POINT_BREACH,1,COMPLETED
AUT-B-000324,AUTONOMOUS,2025-04-12,Nairobi/Upstream Hub,Eldoret,DPK,Line 4 (Nairobi-Eldoret),510,1501.4043930369282,2025-04-14,2025-04-14,0,1501.4043930369282,REORDER_POINT_BREACH,1,COMPLETED
AUT-B-000325,AUTONOMOUS,2025-07-14,Nairobi/Upstream Hub,Eldoret,DPK,Line 4 (Nairobi-Eldoret),510,1517.9364810848492,2025-07-16,2025-07-17,1,1517.9364810848492,REORDER_POINT_BREACH,1,COMPLETED
AUT-B-000326,AUTONOMOUS,2025-10-19,Nairobi/Upstream Hub,Eldoret,DPK,Line 4 (Nairobi-Eldoret),510,1496.2396116697087,2025-10-21,2025-10-21,0,1496.2396116697087,REORDER_POINT_BREACH,1,COMPLETED
AUT-B-000327,AUTONOMOUS,2026-01-21,Nairobi/Upstream Hub,Eldoret,DPK,Line 4 (Nairobi-Eldoret),510,1502.5747427959955,2026-01-23,2026-01-23,0,1502.5747427959955,REORDER_POINT_BREACH,1,COMPLETED
AUT-B-000328,AUTONOMOUS,2026-04-23,Nairobi/Upstream Hub,Eldoret,DPK,Line 4 (Nairobi-Eldoret),510,1511.429773278232,2026-04-25,2026-04-25,0,1511.429773278232,REORDER_POINT_BREACH,1,COMPLETED
AUT-B-000329,AUTONOMOUS,2026-07-18,Nairobi/Upstream Hub,Eldoret,DPK,Line 4 (Nairobi-Eldoret),510,1507.826545684564,2026-07-20,2026-07-20,0,1507.826545684564,REORDER_POINT_BREACH,1,COMPLETED
AUT-B-000330,AUTONOMOUS,2026-10-18,Nairobi/Upstream Hub,Eldoret,DPK,Line 4 (Nairobi-Eldoret),510,1492.508013770002,2026-10-20,2026-10-20,0,1492.508013770002,REORDER_POINT_BREACH,1,SCENARIO_COMPLETED
AUT-B-000331,AUTONOMOUS,2021-01-17,Nairobi/Upstream Hub,Eldoret,JET_A1,Line 4 (Nairobi-Eldoret),510,2271.5181136085785,2021-01-19,2021-01-19,0,2271.5181136085785,REORDER_POINT_BREACH,1,COMPLETED
AUT-B-000332,AUTONOMOUS,2021-02-14,Nairobi/Upstream Hub,Eldoret,JET_A1,Line 4 (Nairobi-Eldoret),510,2246.5058666776063,2021-02-16,2021-02-16,0,2246.5058666776063,REORDER_POINT_BREACH,1,COMPLETED
AUT-B-000333,AUTONOMOUS,2021-03-14,Nairobi/Upstream Hub,Eldoret,JET_A1,Line 4 (Nairobi-Eldoret),510,2264.787256157587,2021-03-16,2021-03-16,0,2264.787256157587,REORDER_POINT_BREACH,1,COMPLETED
AUT-B-000334,AUTONOMOUS,2021-04-11,Nairobi/Upstream Hub,Eldoret,JET_A1,Line 4 (Nairobi-Eldoret),510,2322.568748437148,2021-04-13,2021-04-13,0,2322.568748437148,REORDER_POINT_BREACH,1,COMPLETED
AUT-B-000335,AUTONOMOUS,2021-05-08,Nairobi/Upstream Hub,Eldoret,JET_A1,Line 4 (Nairobi-Eldoret),510,2287.06479381266,2021-05-10,2021-05-10,0,2287.06479381266,REORDER_POINT_BREACH,1,COMPLETED
AUT-B-000336,AUTONOMOUS,2021-06-05,Nairobi/Upstream Hub,Eldoret,JET_A1,Line 4 (Nairobi-Eldoret),510,2281.6578262775433,2021-06-07,2021-06-07,0,2281.6578262775433,REORDER_POINT_BREACH,1,COMPLETED
AUT-B-000337,AUTONOMOUS,2021-07-04,Nairobi/Upstream Hub,Eldoret,JET_A1,Line 4 (Nairobi-Eldoret),510,2274.33643158395,2021-07-06,2021-07-06,0,2274.33643158395,REORDER_POINT_BREACH,1,COMPLETED
AUT-B-000338,AUTONOMOUS,2021-08-01,Nairobi/Upstream Hub,Eldoret,JET_A1,Line 4 (Nairobi-Eldoret),510,2264.7240069761483,2021-08-03,2021-08-03,0,2264.7240069761483,REORDER_POINT_BREACH,1,COMPLETED
AUT-B-000339,AUTONOMOUS,2021-08-29,Nairobi/Upstream Hub,Eldoret,JET_A1,Line 4 (Nairobi-Eldoret),510,2243.2971774437683,2021-08-31,2021-09-01,1,2243.2971774437683,REORDER_POINT_BREACH,1,COMPLETED
AUT-B-000340,AUTONOMOUS,2021-09-27,Nairobi/Upstream Hub,Eldoret,JET_A1,Line 4 (Nairobi-Eldoret),510,2323.08680697341,2021-09-29,2021-09-29,0,2323.08680697341,REORDER_POINT_BREACH,1,COMPLETED
AUT-B-000341,AUTONOMOUS,2021-10-25,Nairobi/Upstream Hub,Eldoret,JET_A1,Line 4 (Nairobi-Eldoret),510,2325.192913299105,2021-10-27,2021-10-27,0,2325.192913299105,REORDER_POINT_BREACH,1,COMPLETED
AUT-B-000342,AUTONOMOUS,2021-11-23,Nairobi/Upstream Hub,Eldoret,JET_A1,Line 4 (Nairobi-Eldoret),510,2331.949552493153,2021-11-25,2021-11-25,0,2331.949552493153,REORDER_POINT_BREACH,1,COMPLETED
AUT-B-000343,AUTONOMOUS,2021-12-19,Nairobi/Upstream Hub,Eldoret,JET_A1,Line 4 (Nairobi-Eldoret),510,2330.2548286358324,2021-12-21,2021-12-21,0,2330.2548286358324,REORDER_POINT_BREACH,1,COMPLETED
AUT-B-000344,AUTONOMOUS,2022-01-13,Nairobi/Upstream Hub,Eldoret,JET_A1,Line 4 (Nairobi-Eldoret),510,2318.648489661592,2022-01-15,2022-01-15,0,2318.648489661592,REORDER_POINT_BREACH,1,COMPLETED
AUT-B-000345,AUTONOMOUS,2022-02-09,Nairobi/Upstream Hub,Eldoret,JET_A1,Line 4 (Nairobi-Eldoret),510,2360.992007360093,2022-02-11,2022-02-11,0,2360.992007360093,REORDER_POINT_BREACH,1,COMPLETED
AUT-B-000346,AUTONOMOUS,2022-03-10,Nairobi/Upstream Hub,Eldoret,JET_A1,Line 4 (Nairobi-Eldoret),510,2384.217882828586,2022-03-12,2022-03-12,0,2384.217882828586,REORDER_POINT_BREACH,1,COMPLETED
AUT-B-000347,AUTONOMOUS,2022-04-06,Nairobi/Upstream Hub,Eldoret,JET_A1,Line 4 (Nairobi-Eldoret),510,2322.172483886832,2022-04-08,2022-04-08,0,2322.172483886832,REORDER_POINT_BREACH,1,COMPLETED
AUT-B-000348,AUTONOMOUS,2022-05-03,Nairobi/Upstream Hub,Eldoret,JET_A1,Line 4 (Nairobi-Eldoret),510,2344.3184807324683,2022-05-05,2022-05-05,0,2344.3184807324683,REORDER_POINT_BREACH,1,COMPLETED
AUT-B-000349,AUTONOMOUS,2022-05-30,Nairobi/Upstream Hub,Eldoret,JET_A1,Line 4 (Nairobi-Eldoret),510,2379.9783539300456,2022-06-01,2022-06-01,0,2379.9783539300456,REORDER_POINT_BREACH,1,COMPLETED
AUT-B-000350,AUTONOMOUS,2022-06-27,Nairobi/Upstream Hub,Eldoret,JET_A1,Line 4 (Nairobi-Eldoret),510,2285.269747661871,2022-06-29,2022-06-29,0,2285.269747661871,REORDER_POINT_BREACH,1,COMPLETED
AUT-B-000351,AUTONOMOUS,2022-07-24,Nairobi/Upstream Hub,Eldoret,JET_A1,Line 4 (Nairobi-Eldoret),510,2274.10405412723,2022-07-26,2022-07-26,0,2274.10405412723,REORDER_POINT_BREACH,1,COMPLETED
AUT-B-000352,AUTONOMOUS,2022-08-19,Nairobi/Upstream Hub,Eldoret,JET_A1,Line 4 (Nairobi-Eldoret),510,2326.040455761143,2022-08-21,2022-08-21,0,2326.040455761143,REORDER_POINT_BREACH,1,COMPLETED
AUT-B-000353,AUTONOMOUS,2022-09-16,Nairobi/Upstream Hub,Eldoret,JET_A1,Line 4 (Nairobi-Eldoret),510,2306.199907435512,2022-09-18,2022-09-18,0,2306.199907435512,REORDER_POINT_BREACH,1,COMPLETED
AUT-B-000354,AUTONOMOUS,2022-10-13,Nairobi/Upstream Hub,Eldoret,JET_A1,Line 4 (Nairobi-Eldoret),510,2297.9830523687046,2022-10-15,2022-10-17,2,2297.9830523687046,REORDER_POINT_BREACH,1,COMPLETED
AUT-B-000355,AUTONOMOUS,2022-11-09,Nairobi/Upstream Hub,Eldoret,JET_A1,Line 4 (Nairobi-Eldoret),510,2275.286621759195,2022-11-11,2022-11-11,0,2275.286621759195,REORDER_POINT_BREACH,1,COMPLETED
AUT-B-000356,AUTONOMOUS,2022-12-07,Nairobi/Upstream Hub,Eldoret,JET_A1,Line 4 (Nairobi-Eldoret),510,2379.413305784385,2022-12-09,2022-12-09,0,2379.413305784385,REORDER_POINT_BREACH,1,COMPLETED
AUT-B-000357,AUTONOMOUS,2023-01-01,Nairobi/Upstream Hub,Eldoret,JET_A1,Line 4 (Nairobi-Eldoret),510,2340.3919607174525,2023-01-03,2023-01-03,0,2340.3919607174525,REORDER_POINT_BREACH,1,COMPLETED
AUT-B-000358,AUTONOMOUS,2023-01-28,Nairobi/Upstream Hub,Eldoret,JET_A1,Line 4 (Nairobi-Eldoret),510,2346.149608575894,2023-01-30,2023-01-30,0,2346.149608575894,REORDER_POINT_BREACH,1,COMPLETED
AUT-B-000359,AUTONOMOUS,2023-02-27,Nairobi/Upstream Hub,Eldoret,JET_A1,Line 4 (Nairobi-Eldoret),510,2331.8239711830042,2023-03-01,2023-03-01,0,2331.8239711830042,REORDER_POINT_BREACH,1,COMPLETED
AUT-B-000360,AUTONOMOUS,2023-03-26,Nairobi/Upstream Hub,Eldoret,JET_A1,Line 4 (Nairobi-Eldoret),510,2264.1413788507343,2023-03-28,2023-03-28,0,2264.1413788507343,REORDER_POINT_BREACH,1,COMPLETED
AUT-B-000361,AUTONOMOUS,2023-04-22,Nairobi/Upstream Hub,Eldoret,JET_A1,Line 4 (Nairobi-Eldoret),510,2305.355020440079,2023-04-24,2023-04-24,0,2305.355020440079,REORDER_POINT_BREACH,1,COMPLETED
AUT-B-000362,AUTONOMOUS,2023-05-19,Nairobi/Upstream Hub,Eldoret,JET_A1,Line 4 (Nairobi-Eldoret),510,2343.0044391361407,2023-05-21,2023-05-21,0,2343.0044391361407,REORDER_POINT_BREACH,1,COMPLETED
AUT-B-000363,AUTONOMOUS,2023-06-17,Nairobi/Upstream Hub,Eldoret,JET_A1,Line 4 (Nairobi-Eldoret),510,2337.5713257456687,2023-06-19,2023-06-19,0,2337.5713257456687,REORDER_POINT_BREACH,1,COMPLETED
AUT-B-000364,AUTONOMOUS,2023-07-16,Nairobi/Upstream Hub,Eldoret,JET_A1,Line 4 (Nairobi-Eldoret),510,2302.2457070006767,2023-07-18,2023-07-18,0,2302.2457070006767,REORDER_POINT_BREACH,1,COMPLETED
AUT-B-000365,AUTONOMOUS,2023-08-12,Nairobi/Upstream Hub,Eldoret,JET_A1,Line 4 (Nairobi-Eldoret),510,2294.1377926989926,2023-08-14,2023-08-14,0,2294.1377926989926,REORDER_POINT_BREACH,1,COMPLETED
AUT-B-000366,AUTONOMOUS,2023-09-09,Nairobi/Upstream Hub,Eldoret,JET_A1,Line 4 (Nairobi-Eldoret),510,2328.391535031762,2023-09-11,2023-09-11,0,2328.391535031762,REORDER_POINT_BREACH,1,COMPLETED
AUT-B-000367,AUTONOMOUS,2023-10-07,Nairobi/Upstream Hub,Eldoret,JET_A1,Line 4 (Nairobi-Eldoret),510,2313.1362848142517,2023-10-09,2023-10-09,0,2313.1362848142517,REORDER_POINT_BREACH,1,COMPLETED
AUT-B-000368,AUTONOMOUS,2023-11-03,Nairobi/Upstream Hub,Eldoret,JET_A1,Line 4 (Nairobi-Eldoret),510,2280.7576577020877,2023-11-05,2023-11-05,0,2280.7576577020877,REORDER_POINT_BREACH,1,COMPLETED
AUT-B-000369,AUTONOMOUS,2023-12-02,Nairobi/Upstream Hub,Eldoret,JET_A1,Line 4 (Nairobi-Eldoret),510,2372.962886062799,2023-12-04,2023-12-04,0,2372.962886062799,REORDER_POINT_BREACH,1,COMPLETED
AUT-B-000370,AUTONOMOUS,2023-12-27,Nairobi/Upstream Hub,Eldoret,JET_A1,Line 4 (Nairobi-Eldoret),510,2341.44256835738,2023-12-29,2023-12-29,0,2341.44256835738,REORDER_POINT_BREACH,1,COMPLETED
AUT-B-000371,AUTONOMOUS,2024-01-24,Nairobi/Upstream Hub,Eldoret,JET_A1,Line 4 (Nairobi-Eldoret),510,2347.3273624690487,2024-01-26,2024-01-26,0,2347.3273624690487,REORDER_POINT_BREACH,1,COMPLETED
AUT-B-000372,AUTONOMOUS,2024-02-22,Nairobi/Upstream Hub,Eldoret,JET_A1,Line 4 (Nairobi-Eldoret),510,2288.2000377373606,2024-02-24,2024-02-24,0,2288.2000377373606,REORDER_POINT_BREACH,1,COMPLETED
AUT-B-000373,AUTONOMOUS,2024-03-22,Nairobi/Upstream Hub,Eldoret,JET_A1,Line 4 (Nairobi-Eldoret),510,2360.591156037131,2024-03-24,2024-03-24,0,2360.591156037131,REORDER_POINT_BREACH,1,COMPLETED
AUT-B-000374,AUTONOMOUS,2024-04-19,Nairobi/Upstream Hub,Eldoret,JET_A1,Line 4 (Nairobi-Eldoret),510,2348.8110569153355,2024-04-21,2024-04-21,0,2348.8110569153355,REORDER_POINT_BREACH,1,COMPLETED
AUT-B-000375,AUTONOMOUS,2024-05-17,Nairobi/Upstream Hub,Eldoret,JET_A1,Line 4 (Nairobi-Eldoret),510,2306.446368073288,2024-05-19,2024-05-19,0,2306.446368073288,REORDER_POINT_BREACH,1,COMPLETED
AUT-B-000376,AUTONOMOUS,2024-06-15,Nairobi/Upstream Hub,Eldoret,JET_A1,Line 4 (Nairobi-Eldoret),510,2265.559151060194,2024-06-17,2024-06-17,0,2265.559151060194,REORDER_POINT_BREACH,1,COMPLETED
AUT-B-000377,AUTONOMOUS,2024-07-14,Nairobi/Upstream Hub,Eldoret,JET_A1,Line 4 (Nairobi-Eldoret),510,2303.2097191547027,2024-07-16,2024-07-16,0,2303.2097191547027,REORDER_POINT_BREACH,1,COMPLETED
AUT-B-000378,AUTONOMOUS,2024-08-11,Nairobi/Upstream Hub,Eldoret,JET_A1,Line 4 (Nairobi-Eldoret),510,2245.965980405698,2024-08-13,2024-08-13,0,2245.965980405698,REORDER_POINT_BREACH,1,COMPLETED
AUT-B-000379,AUTONOMOUS,2024-09-08,Nairobi/Upstream Hub,Eldoret,JET_A1,Line 4 (Nairobi-Eldoret),510,2285.2586476908737,2024-09-10,2024-09-10,0,2285.2586476908737,REORDER_POINT_BREACH,1,COMPLETED
AUT-B-000380,AUTONOMOUS,2024-10-07,Nairobi/Upstream Hub,Eldoret,JET_A1,Line 4 (Nairobi-Eldoret),510,2326.7699951646896,2024-10-09,2024-10-09,0,2326.7699951646896,REORDER_POINT_BREACH,1,COMPLETED
AUT-B-000381,AUTONOMOUS,2024-11-05,Nairobi/Upstream Hub,Eldoret,JET_A1,Line 4 (Nairobi-Eldoret),510,2344.1342752292576,2024-11-07,2024-11-07,0,2344.1342752292576,REORDER_POINT_BREACH,1,COMPLETED
AUT-B-000382,AUTONOMOUS,2024-12-04,Nairobi/Upstream Hub,Eldoret,JET_A1,Line 4 (Nairobi-Eldoret),510,2309.432428995405,2024-12-06,2024-12-06,0,2309.432428995405,REORDER_POINT_BREACH,1,COMPLETED
AUT-B-000383,AUTONOMOUS,2024-12-30,Nairobi/Upstream Hub,Eldoret,JET_A1,Line 4 (Nairobi-Eldoret),510,2368.112317927766,2025-01-01,2025-01-01,0,2368.112317927766,REORDER_POINT_BREACH,1,COMPLETED
AUT-B-000384,AUTONOMOUS,2025-01-24,Nairobi/Upstream Hub,Eldoret,JET_A1,Line 4 (Nairobi-Eldoret),510,2312.378042651233,2025-01-26,2025-01-26,0,2312.378042651233,REORDER_POINT_BREACH,1,COMPLETED
AUT-B-000385,AUTONOMOUS,2025-02-21,Nairobi/Upstream Hub,Eldoret,JET_A1,Line 4 (Nairobi-Eldoret),510,2386.5070173285476,2025-02-23,2025-02-23,0,2386.5070173285476,REORDER_POINT_BREACH,1,COMPLETED
AUT-B-000386,AUTONOMOUS,2025-03-20,Nairobi/Upstream Hub,Eldoret,JET_A1,Line 4 (Nairobi-Eldoret),510,2323.9158220669183,2025-03-22,2025-03-22,0,2323.9158220669183,REORDER_POINT_BREACH,1,COMPLETED
AUT-B-000387,AUTONOMOUS,2025-04-16,Nairobi/Upstream Hub,Eldoret,JET_A1,Line 4 (Nairobi-Eldoret),510,2385.4142771282786,2025-04-18,2025-04-19,1,2385.4142771282786,REORDER_POINT_BREACH,1,COMPLETED
AUT-B-000388,AUTONOMOUS,2025-05-13,Nairobi/Upstream Hub,Eldoret,JET_A1,Line 4 (Nairobi-Eldoret),510,2373.570881932872,2025-05-15,2025-05-15,0,2373.570881932872,REORDER_POINT_BREACH,1,COMPLETED
AUT-B-000389,AUTONOMOUS,2025-06-09,Nairobi/Upstream Hub,Eldoret,JET_A1,Line 4 (Nairobi-Eldoret),510,2308.474169653889,2025-06-11,2025-06-12,1,2308.474169653889,REORDER_POINT_BREACH,1,COMPLETED
AUT-B-000390,AUTONOMOUS,2025-07-06,Nairobi/Upstream Hub,Eldoret,JET_A1,Line 4 (Nairobi-Eldoret),510,2266.784654289972,2025-07-08,2025-07-08,0,2266.784654289972,REORDER_POINT_BREACH,1,COMPLETED
AUT-B-000391,AUTONOMOUS,2025-08-01,Nairobi/Upstream Hub,Eldoret,JET_A1,Line 4 (Nairobi-Eldoret),510,2336.2867118946956,2025-08-03,2025-08-03,0,2336.2867118946956,REORDER_POINT_BREACH,1,COMPLETED
AUT-B-000392,AUTONOMOUS,2025-08-28,Nairobi/Upstream Hub,Eldoret,JET_A1,Line 4 (Nairobi-Eldoret),510,2349.593388590289,2025-08-30,2025-08-30,0,2349.593388590289,REORDER_POINT_BREACH,1,COMPLETED
AUT-B-000393,AUTONOMOUS,2025-09-25,Nairobi/Upstream Hub,Eldoret,JET_A1,Line 4 (Nairobi-Eldoret),510,2346.179171193464,2025-09-27,2025-09-27,0,2346.179171193464,REORDER_POINT_BREACH,1,COMPLETED
AUT-B-000394,AUTONOMOUS,2025-10-21,Nairobi/Upstream Hub,Eldoret,JET_A1,Line 4 (Nairobi-Eldoret),510,2302.035743044092,2025-10-23,2025-10-23,0,2302.035743044092,REORDER_POINT_BREACH,1,COMPLETED
AUT-B-000395,AUTONOMOUS,2025-11-18,Nairobi/Upstream Hub,Eldoret,JET_A1,Line 4 (Nairobi-Eldoret),510,2327.0867858138868,2025-11-20,2025-11-20,0,2327.0867858138868,REORDER_POINT_BREACH,1,COMPLETED
AUT-B-000396,AUTONOMOUS,2025-12-14,Nairobi/Upstream Hub,Eldoret,JET_A1,Line 4 (Nairobi-Eldoret),510,2390.852340620396,2025-12-16,2025-12-16,0,2390.852340620396,REORDER_POINT_BREACH,1,COMPLETED
AUT-B-000397,AUTONOMOUS,2026-01-07,Nairobi/Upstream Hub,Eldoret,JET_A1,Line 4 (Nairobi-Eldoret),510,2334.137824955124,2026-01-09,2026-01-09,0,2334.137824955124,REORDER_POINT_BREACH,1,COMPLETED
AUT-B-000398,AUTONOMOUS,2026-01-31,Nairobi/Upstream Hub,Eldoret,JET_A1,Line 4 (Nairobi-Eldoret),510,2331.4663338309383,2026-02-02,2026-02-02,0,2331.4663338309383,REORDER_POINT_BREACH,1,COMPLETED
AUT-B-000399,AUTONOMOUS,2026-02-27,Nairobi/Upstream Hub,Eldoret,JET_A1,Line 4 (Nairobi-Eldoret),510,2418.8073840744446,2026-03-01,2026-03-01,0,2418.8073840744446,REORDER_POINT_BREACH,1,COMPLETED
AUT-B-000400,AUTONOMOUS,2026-03-25,Nairobi/Upstream Hub,Eldoret,JET_A1,Line 4 (Nairobi-Eldoret),510,2366.22953382053,2026-03-27,2026-03-28,1,2366.22953382053,REORDER_POINT_BREACH,1,COMPLETED
AUT-B-000401,AUTONOMOUS,2026-04-19,Nairobi/Upstream Hub,Eldoret,JET_A1,Line 4 (Nairobi-Eldoret),510,2283.0907354217015,2026-04-21,2026-04-21,0,2283.0907354217015,REORDER_POINT_BREACH,1,COMPLETED
AUT-B-000402,AUTONOMOUS,2026-05-13,Nairobi/Upstream Hub,Eldoret,JET_A1,Line 4 (Nairobi-Eldoret),510,2346.887256444687,2026-05-15,2026-05-16,1,2346.887256444687,REORDER_POINT_BREACH,1,COMPLETED
AUT-B-000403,AUTONOMOUS,2026-06-08,Nairobi/Upstream Hub,Eldoret,JET_A1,Line 4 (Nairobi-Eldoret),510,2366.0612983241463,2026-06-10,2026-06-10,0,2366.0612983241463,REORDER_POINT_BREACH,1,COMPLETED
AUT-B-000404,AUTONOMOUS,2026-07-04,Nairobi/Upstream Hub,Eldoret,JET_A1,Line 4 (Nairobi-Eldoret),510,2285.8316859751444,2026-07-06,2026-07-06,0,2285.8316859751444,REORDER_POINT_BREACH,1,COMPLETED
AUT-B-000405,AUTONOMOUS,2026-07-29,Nairobi/Upstream Hub,Eldoret,JET_A1,Line 4 (Nairobi-Eldoret),510,2352.59584918522,2026-07-31,2026-07-31,0,2352.59584918522,REORDER_POINT_BREACH,1,COMPLETED
AUT-B-000406,AUTONOMOUS,2026-08-24,Nairobi/Upstream Hub,Eldoret,JET_A1,Line 4 (Nairobi-Eldoret),510,2367.9483341007144,2026-08-26,2026-08-26,0,2367.9483341007144,REORDER_POINT_BREACH,1,COMPLETED
AUT-B-000407,AUTONOMOUS,2026-09-18,Nairobi/Upstream Hub,Eldoret,JET_A1,Line 4 (Nairobi-Eldoret),510,2336.352207294898,2026-09-20,2026-09-20,0,2336.352207294898,REORDER_POINT_BREACH,1,SCENARIO_COMPLETED
AUT-B-000408,AUTONOMOUS,2026-10-14,Nairobi/Upstream Hub,Eldoret,JET_A1,Line 4 (Nairobi-Eldoret),510,2398.7990821538856,2026-10-16,2026-10-16,0,2398.7990821538856,REORDER_POINT_BREACH,1,SCENARIO_COMPLETED
AUT-B-000409,AUTONOMOUS,2026-11-08,Nairobi/Upstream Hub,Eldoret,JET_A1,Line 4 (Nairobi-Eldoret),510,2271.3524101445178,2026-11-10,2026-11-10,0,2271.3524101445178,REORDER_POINT_BREACH,1,SCENARIO_COMPLETED
AUT-B-000410,AUTONOMOUS,2026-12-04,Nairobi/Upstream Hub,Eldoret,JET_A1,Line 4 (Nairobi-Eldoret),510,2439.2976894107014,2026-12-06,2026-12-07,1,2439.2976894107014,REORDER_POINT_BREACH,1,SCENARIO_COMPLETED
AUT-B-000411,AUTONOMOUS,2026-12-27,Nairobi/Upstream Hub,Eldoret,JET_A1,Line 4 (Nairobi-Eldoret),510,2349.3960851073284,2026-12-29,2026-12-29,0,2349.3960851073284,REORDER_POINT_BREACH,1,SCENARIO_COMPLETED
AUT-B-000412,AUTONOMOUS,2021-01-04,Nairobi/Upstream Hub,Eldoret,PMS,Line 4 (Nairobi-Eldoret),510,7426.08,2021-01-06,2021-01-06,0,7426.08,REORDER_POINT_BREACH,1,COMPLETED
AUT-B-000413,AUTONOMOUS,2021-01-12,Nairobi/Upstream Hub,Eldoret,PMS,Line 4 (Nairobi-Eldoret),510,7200.088002058339,2021-01-14,2021-01-14,0,7200.088002058339,REORDER_POINT_BREACH,1,COMPLETED
AUT-B-000414,AUTONOMOUS,2021-01-21,Nairobi/Upstream Hub,Eldoret,PMS,Line 4 (Nairobi-Eldoret),510,7426.08,2021-01-23,2021-01-23,0,7426.08,REORDER_POINT_BREACH,1,COMPLETED
AUT-B-000415,AUTONOMOUS,2021-01-30,Nairobi/Upstream Hub,Eldoret,PMS,Line 4 (Nairobi-Eldoret),510,7125.027992449133,2021-02-01,2021-02-01,0,7125.027992449133,REORDER_POINT_BREACH,1,COMPLETED
AUT-B-000416,AUTONOMOUS,2021-02-09,Nairobi/Upstream Hub,Eldoret,PMS,Line 4 (Nairobi-Eldoret),510,7426.08,2021-02-11,2021-02-11,0,7426.08,REORDER_POINT_BREACH,1,COMPLETED
AUT-B-000417,AUTONOMOUS,2021-02-19,Nairobi/Upstream Hub,Eldoret,PMS,Line 4 (Nairobi-Eldoret),510,7426.08,2021-02-21,2021-02-21,0,7426.08,REORDER_POINT_BREACH,1,COMPLETED
AUT-B-000418,AUTONOMOUS,2021-03-01,Nairobi/Upstream Hub,Eldoret,PMS,Line 4 (Nairobi-Eldoret),510,7426.08,2021-03-03,2021-03-03,0,7426.08,REORDER_POINT_BREACH,1,COMPLETED
AUT-B-000419,AUTONOMOUS,2021-03-10,Nairobi/Upstream Hub,Eldoret,PMS,Line 4 (Nairobi-Eldoret),510,7223.3666894505095,2021-03-12,2021-03-12,0,7223.3666894505095,REORDER_POINT_BREACH,1,COMPLETED
AUT-B-000420,AUTONOMOUS,2021-03-19,Nairobi/Upstream Hub,Eldoret,PMS,Line 4 (Nairobi-Eldoret),510,7426.08,2021-03-21,2021-03-21,0,7426.08,REORDER_POINT_BREACH,1,COMPLETED
AUT-B-000421,AUTONOMOUS,2021-03-29,Nairobi/Upstream Hub,Eldoret,PMS,Line 4 (Nairobi-Eldoret),510,7426.08,2021-03-31,2021-03-31,0,7426.08,REORDER_POINT_BREACH,1,COMPLETED
AUT-B-000422,AUTONOMOUS,2021-04-07,Nairobi/Upstream Hub,Eldoret,PMS,Line 4 (Nairobi-Eldoret),510,7426.08,2021-04-09,2021-04-09,0,7426.08,REORDER_POINT_BREACH,1,COMPLETED
AUT-B-000423,AUTONOMOUS,2021-04-16,Nairobi/Upstream Hub,Eldoret,PMS,Line 4 (Nairobi-Eldoret),510,7426.08,2021-04-18,2021-04-18,0,7426.08,REORDER_POINT_BREACH,1,COMPLETED
AUT-B-000424,AUTONOMOUS,2021-04-26,Nairobi/Upstream Hub,Eldoret,PMS,Line 4 (Nairobi-Eldoret),510,7426.08,2021-04-28,2021-04-28,0,7426.08,REORDER_POINT_BREACH,1,COMPLETED
AUT-B-000425,AUTONOMOUS,2021-05-05,Nairobi/Upstream Hub,Eldoret,PMS,Line 4 (Nairobi-Eldoret),510,7426.08,2021-05-07,2021-05-07,0,7426.08,REORDER_POINT_BREACH,1,COMPLETED
AUT-B-000426,AUTONOMOUS,2021-05-14,Nairobi/Upstream Hub,Eldoret,PMS,Line 4 (Nairobi-Eldoret),510,7426.08,2021-05-16,2021-05-16,0,7426.08,REORDER_POINT_BREACH,1,COMPLETED
AUT-B-000427,AUTONOMOUS,2021-05-24,Nairobi/Upstream Hub,Eldoret,PMS,Line 4 (Nairobi-Eldoret),510,7426.08,2021-05-26,2021-05-26,0,7426.08,REORDER_POINT_BREACH,1,COMPLETED
AUT-B-000428,AUTONOMOUS,2021-06-02,Nairobi/Upstream Hub,Eldoret,PMS,Line 4 (Nairobi-Eldoret),510,7426.08,2021-06-04,2021-06-04,0,7426.08,REORDER_POINT_BREACH,1,COMPLETED
AUT-B-000429,AUTONOMOUS,2021-06-11,Nairobi/Upstream Hub,Eldoret,PMS,Line 4 (Nairobi-Eldoret),510,7323.556980562264,2021-06-13,2021-06-13,0,7323.556980562264,REORDER_POINT_BREACH,1,COMPLETED
AUT-B-000430,AUTONOMOUS,2021-06-21,Nairobi/Upstream Hub,Eldoret,PMS,Line 4 (Nairobi-Eldoret),510,7167.289711268169,2021-06-23,2021-06-23,0,7167.289711268169,REORDER_POINT_BREACH,1,COMPLETED
AUT-B-000431,AUTONOMOUS,2021-07-01,Nairobi/Upstream Hub,Eldoret,PMS,Line 4 (Nairobi-Eldoret),510,7426.08,2021-07-03,2021-07-03,0,7426.08,REORDER_POINT_BREACH,1,COMPLETED
AUT-B-000432,AUTONOMOUS,2021-07-10,Nairobi/Upstream Hub,Eldoret,PMS,Line 4 (Nairobi-Eldoret),510,7426.08,2021-07-12,2021-07-12,0,7426.08,REORDER_POINT_BREACH,1,COMPLETED
AUT-B-000433,AUTONOMOUS,2021-07-19,Nairobi/Upstream Hub,Eldoret,PMS,Line 4 (Nairobi-Eldoret),510,7367.964116115167,2021-07-21,2021-07-21,0,7367.964116115167,REORDER_POINT_BREACH,1,COMPLETED
AUT-B-000434,AUTONOMOUS,2021-07-28,Nairobi/Upstream Hub,Eldoret,PMS,Line 4 (Nairobi-Eldoret),510,7351.488600370528,2021-07-30,2021-07-30,0,7351.488600370528,REORDER_POINT_BREACH,1,COMPLETED
AUT-B-000435,AUTONOMOUS,2021-08-07,Nairobi/Upstream Hub,Eldoret,PMS,Line 4 (Nairobi-Eldoret),510,7426.08,2021-08-09,2021-08-10,1,7426.08,REORDER_POINT_BREACH,1,COMPLETED
AUT-B-000436,AUTONOMOUS,2021-08-16,Nairobi/Upstream Hub,Eldoret,PMS,Line 4 (Nairobi-Eldoret),510,7406.483985681022,2021-08-18,2021-08-18,0,7406.483985681022,REORDER_POINT_BREACH,1,COMPLETED
AUT-B-000437,AUTONOMOUS,2021-08-25,Nairobi/Upstream Hub,Eldoret,PMS,Line 4 (Nairobi-Eldoret),510,7426.08,2021-08-27,2021-08-27,0,7426.08,REORDER_POINT_BREACH,1,COMPLETED
AUT-B-000438,AUTONOMOUS,2021-09-04,Nairobi/Upstream Hub,Eldoret,PMS,Line 4 (Nairobi-Eldoret),510,7426.08,2021-09-06,2021-09-06,0,7426.08,REORDER_POINT_BREACH,1,COMPLETED
AUT-B-000439,AUTONOMOUS,2021-09-14,Nairobi/Upstream Hub,Eldoret,PMS,Line 4 (Nairobi-Eldoret),510,7426.08,2021-09-16,2021-09-16,0,7426.08,REORDER_POINT_BREACH,1,COMPLETED
AUT-B-000440,AUTONOMOUS,2021-09-23,Nairobi/Upstream Hub,Eldoret,PMS,Line 4 (Nairobi-Eldoret),510,7163.763263158095,2021-09-25,2021-09-25,0,7163.763263158095,REORDER_POINT_BREACH,1,COMPLETED
AUT-B-000441,AUTONOMOUS,2021-10-03,Nairobi/Upstream Hub,Eldoret,PMS,Line 4 (Nairobi-Eldoret),510,7426.08,2021-10-05,2021-10-05,0,7426.08,REORDER_POINT_BREACH,1,COMPLETED
AUT-B-000442,AUTONOMOUS,2021-10-12,Nairobi/Upstream Hub,Eldoret,PMS,Line 4 (Nairobi-Eldoret),510,7426.08,2021-10-14,2021-10-15,1,7426.08,REORDER_POINT_BREACH,1,COMPLETED
AUT-B-000443,AUTONOMOUS,2021-10-21,Nairobi/Upstream Hub,Eldoret,PMS,Line 4 (Nairobi-Eldoret),510,7314.009108031842,2021-10-23,2021-10-23,0,7314.009108031842,REORDER_POINT_BREACH,1,COMPLETED
AUT-B-000444,AUTONOMOUS,2021-10-30,Nairobi/Upstream Hub,Eldoret,PMS,Line 4 (Nairobi-Eldoret),510,7088.121660493804,2021-11-01,2021-11-01,0,7088.121660493804,REORDER_POINT_BREACH,1,COMPLETED
AUT-B-000445,AUTONOMOUS,2021-11-09,Nairobi/Upstream Hub,Eldoret,PMS,Line 4 (Nairobi-Eldoret),510,7374.216986310004,2021-11-11,2021-11-13,2,7374.216986310004,REORDER_POINT_BREACH,1,COMPLETED
AUT-B-000446,AUTONOMOUS,2021-11-19,Nairobi/Upstream Hub,Eldoret,PMS,Line 4 (Nairobi-Eldoret),510,7426.08,2021-11-21,2021-11-22,1,7426.08,REORDER_POINT_BREACH,1,COMPLETED
AUT-B-000447,AUTONOMOUS,2021-11-29,Nairobi/Upstream Hub,Eldoret,PMS,Line 4 (Nairobi-Eldoret),510,7405.7573240487145,2021-12-01,2021-12-01,0,7405.7573240487145,REORDER_POINT_BREACH,1,COMPLETED
AUT-B-000448,AUTONOMOUS,2021-12-07,Nairobi/Upstream Hub,Eldoret,PMS,Line 4 (Nairobi-Eldoret),510,7426.08,2021-12-09,2021-12-09,0,7426.08,REORDER_POINT_BREACH,1,COMPLETED
AUT-B-000449,AUTONOMOUS,2021-12-15,Nairobi/Upstream Hub,Eldoret,PMS,Line 4 (Nairobi-Eldoret),510,7426.08,2021-12-17,2021-12-17,0,7426.08,REORDER_POINT_BREACH,1,COMPLETED
AUT-B-000450,AUTONOMOUS,2021-12-23,Nairobi/Upstream Hub,Eldoret,PMS,Line 4 (Nairobi-Eldoret),510,7426.08,2021-12-25,2021-12-25,0,7426.08,REORDER_POINT_BREACH,1,COMPLETED
AUT-B-000451,AUTONOMOUS,2021-12-31,Nairobi/Upstream Hub,Eldoret,PMS,Line 4 (Nairobi-Eldoret),510,7426.08,2022-01-02,2022-01-02,0,7426.08,REORDER_POINT_BREACH,1,COMPLETED
AUT-B-000452,AUTONOMOUS,2022-01-08,Nairobi/Upstream Hub,Eldoret,PMS,Line 4 (Nairobi-Eldoret),510,7426.08,2022-01-10,2022-01-10,0,7426.08,REORDER_POINT_BREACH,1,COMPLETED
AUT-B-000453,AUTONOMOUS,2022-01-17,Nairobi/Upstream Hub,Eldoret,PMS,Line 4 (Nairobi-Eldoret),510,7426.08,2022-01-19,2022-01-19,0,7426.08,REORDER_POINT_BREACH,1,COMPLETED
AUT-B-000454,AUTONOMOUS,2022-01-25,Nairobi/Upstream Hub,Eldoret,PMS,Line 4 (Nairobi-Eldoret),510,7426.08,2022-01-27,2022-01-27,0,7426.08,REORDER_POINT_BREACH,1,COMPLETED
AUT-B-000455,AUTONOMOUS,2022-02-03,Nairobi/Upstream Hub,Eldoret,PMS,Line 4 (Nairobi-Eldoret),510,7426.08,2022-02-05,2022-02-07,2,7426.08,REORDER_POINT_BREACH,1,COMPLETED
AUT-B-000456,AUTONOMOUS,2022-02-12,Nairobi/Upstream Hub,Eldoret,PMS,Line 4 (Nairobi-Eldoret),510,7416.558515348644,2022-02-14,2022-02-14,0,7416.558515348644,REORDER_POINT_BREACH,1,COMPLETED
AUT-B-000457,AUTONOMOUS,2022-02-22,Nairobi/Upstream Hub,Eldoret,PMS,Line 4 (Nairobi-Eldoret),510,7426.08,2022-02-24,2022-02-24,0,7426.08,REORDER_POINT_BREACH,1,COMPLETED
AUT-B-000458,AUTONOMOUS,2022-03-03,Nairobi/Upstream Hub,Eldoret,PMS,Line 4 (Nairobi-Eldoret),510,7426.08,2022-03-05,2022-03-05,0,7426.08,REORDER_POINT_BREACH,1,COMPLETED
AUT-B-000459,AUTONOMOUS,2022-03-12,Nairobi/Upstream Hub,Eldoret,PMS,Line 4 (Nairobi-Eldoret),510,7040.558957405717,2022-03-14,2022-03-14,0,7040.558957405717,REORDER_POINT_BREACH,1,COMPLETED
AUT-B-000460,AUTONOMOUS,2022-03-21,Nairobi/Upstream Hub,Eldoret,PMS,Line 4 (Nairobi-Eldoret),510,7426.08,2022-03-23,2022-03-23,0,7426.08,REORDER_POINT_BREACH,1,COMPLETED
AUT-B-000461,AUTONOMOUS,2022-03-30,Nairobi/Upstream Hub,Eldoret,PMS,Line 4 (Nairobi-Eldoret),510,7426.08,2022-04-01,2022-04-01,0,7426.08,REORDER_POINT_BREACH,1,COMPLETED
AUT-B-000462,AUTONOMOUS,2022-04-08,Nairobi/Upstream Hub,Eldoret,PMS,Line 4 (Nairobi-Eldoret),510,7426.08,2022-04-10,2022-04-10,0,7426.08,REORDER_POINT_BREACH,1,COMPLETED
AUT-B-000463,AUTONOMOUS,2022-04-16,Nairobi/Upstream Hub,Eldoret,PMS,Line 4 (Nairobi-Eldoret),510,6966.909127620928,2022-04-18,2022-04-18,0,6966.909127620928,REORDER_POINT_BREACH,1,COMPLETED
AUT-B-000464,AUTONOMOUS,2022-04-25,Nairobi/Upstream Hub,Eldoret,PMS,Line 4 (Nairobi-Eldoret),510,7426.08,2022-04-27,2022-04-27,0,7426.08,REORDER_POINT_BREACH,1,COMPLETED
AUT-B-000465,AUTONOMOUS,2022-05-03,Nairobi/Upstream Hub,Eldoret,PMS,Line 4 (Nairobi-Eldoret),510,7426.08,2022-05-05,2022-05-05,0,7426.08,REORDER_POINT_BREACH,1,COMPLETED
AUT-B-000466,AUTONOMOUS,2022-05-12,Nairobi/Upstream Hub,Eldoret,PMS,Line 4 (Nairobi-Eldoret),510,7426.08,2022-05-14,2022-05-14,0,7426.08,REORDER_POINT_BREACH,1,COMPLETED
AUT-B-000467,AUTONOMOUS,2022-05-21,Nairobi/Upstream Hub,Eldoret,PMS,Line 4 (Nairobi-Eldoret),510,7426.08,2022-05-23,2022-05-23,0,7426.08,REORDER_POINT_BREACH,1,COMPLETED
AUT-B-000468,AUTONOMOUS,2022-05-30,Nairobi/Upstream Hub,Eldoret,PMS,Line 4 (Nairobi-Eldoret),510,7426.08,2022-06-01,2022-06-01,0,7426.08,REORDER_POINT_BREACH,1,COMPLETED
AUT-B-000469,AUTONOMOUS,2022-06-08,Nairobi/Upstream Hub,Eldoret,PMS,Line 4 (Nairobi-Eldoret),510,7426.08,2022-06-10,2022-06-10,0,7426.08,REORDER_POINT_BREACH,1,COMPLETED
AUT-B-000470,AUTONOMOUS,2022-06-17,Nairobi/Upstream Hub,Eldoret,PMS,Line 4 (Nairobi-Eldoret),510,7426.08,2022-06-19,2022-06-19,0,7426.08,REORDER_POINT_BREACH,1,COMPLETED
AUT-B-000471,AUTONOMOUS,2022-06-27,Nairobi/Upstream Hub,Eldoret,PMS,Line 4 (Nairobi-Eldoret),510,7426.08,2022-06-29,2022-06-29,0,7426.08,REORDER_POINT_BREACH,1,COMPLETED
AUT-B-000472,AUTONOMOUS,2022-07-06,Nairobi/Upstream Hub,Eldoret,PMS,Line 4 (Nairobi-Eldoret),510,7426.08,2022-07-08,2022-07-08,0,7426.08,REORDER_POINT_BREACH,1,COMPLETED
AUT-B-000473,AUTONOMOUS,2022-07-15,Nairobi/Upstream Hub,Eldoret,PMS,Line 4 (Nairobi-Eldoret),510,7426.08,2022-07-17,2022-07-17,0,7426.08,REORDER_POINT_BREACH,1,COMPLETED
AUT-B-000474,AUTONOMOUS,2022-07-24,Nairobi/Upstream Hub,Eldoret,PMS,Line 4 (Nairobi-Eldoret),510,6898.465921038067,2022-07-26,2022-07-27,1,6898.465921038067,REORDER_POINT_BREACH,1,COMPLETED
AUT-B-000475,AUTONOMOUS,2022-08-02,Nairobi/Upstream Hub,Eldoret,PMS,Line 4 (Nairobi-Eldoret),510,7426.08,2022-08-04,2022-08-04,0,7426.08,REORDER_POINT_BREACH,1,COMPLETED
AUT-B-000476,AUTONOMOUS,2022-08-11,Nairobi/Upstream Hub,Eldoret,PMS,Line 4 (Nairobi-Eldoret),510,7426.08,2022-08-13,2022-08-13,0,7426.08,REORDER_POINT_BREACH,1,COMPLETED
AUT-B-000477,AUTONOMOUS,2022-08-20,Nairobi/Upstream Hub,Eldoret,PMS,Line 4 (Nairobi-Eldoret),510,7426.08,2022-08-22,2022-08-22,0,7426.08,REORDER_POINT_BREACH,1,COMPLETED
AUT-B-000478,AUTONOMOUS,2022-08-29,Nairobi/Upstream Hub,Eldoret,PMS,Line 4 (Nairobi-Eldoret),510,7426.08,2022-08-31,2022-08-31,0,7426.08,REORDER_POINT_BREACH,1,COMPLETED
AUT-B-000479,AUTONOMOUS,2022-09-07,Nairobi/Upstream Hub,Eldoret,PMS,Line 4 (Nairobi-Eldoret),510,7426.08,2022-09-09,2022-09-09,0,7426.08,REORDER_POINT_BREACH,1,COMPLETED
AUT-B-000480,AUTONOMOUS,2022-09-16,Nairobi/Upstream Hub,Eldoret,PMS,Line 4 (Nairobi-Eldoret),510,7426.08,2022-09-18,2022-09-18,0,7426.08,REORDER_POINT_BREACH,1,COMPLETED
AUT-B-000481,AUTONOMOUS,2022-09-25,Nairobi/Upstream Hub,Eldoret,PMS,Line 4 (Nairobi-Eldoret),510,7022.972337597777,2022-09-27,2022-09-27,0,7022.972337597777,REORDER_POINT_BREACH,1,COMPLETED
AUT-B-000482,AUTONOMOUS,2022-10-04,Nairobi/Upstream Hub,Eldoret,PMS,Line 4 (Nairobi-Eldoret),510,7426.08,2022-10-06,2022-10-06,0,7426.08,REORDER_POINT_BREACH,1,COMPLETED
AUT-B-000483,AUTONOMOUS,2022-10-13,Nairobi/Upstream Hub,Eldoret,PMS,Line 4 (Nairobi-Eldoret),510,7426.08,2022-10-15,2022-10-15,0,7426.08,REORDER_POINT_BREACH,1,COMPLETED
AUT-B-000484,AUTONOMOUS,2022-10-21,Nairobi/Upstream Hub,Eldoret,PMS,Line 4 (Nairobi-Eldoret),510,7426.08,2022-10-23,2022-10-23,0,7426.08,REORDER_POINT_BREACH,1,COMPLETED
AUT-B-000485,AUTONOMOUS,2022-10-30,Nairobi/Upstream Hub,Eldoret,PMS,Line 4 (Nairobi-Eldoret),510,7034.002049412937,2022-11-01,2022-11-01,0,7034.002049412937,REORDER_POINT_BREACH,1,COMPLETED
AUT-B-000486,AUTONOMOUS,2022-11-08,Nairobi/Upstream Hub,Eldoret,PMS,Line 4 (Nairobi-Eldoret),510,7426.08,2022-11-10,2022-11-10,0,7426.08,REORDER_POINT_BREACH,1,COMPLETED
AUT-B-000487,AUTONOMOUS,2022-11-18,Nairobi/Upstream Hub,Eldoret,PMS,Line 4 (Nairobi-Eldoret),510,7426.08,2022-11-20,2022-11-20,0,7426.08,REORDER_POINT_BREACH,1,COMPLETED
AUT-B-000488,AUTONOMOUS,2022-11-27,Nairobi/Upstream Hub,Eldoret,PMS,Line 4 (Nairobi-Eldoret),510,7101.142570772559,2022-11-29,2022-11-29,0,7101.142570772559,REORDER_POINT_BREACH,1,COMPLETED
AUT-B-000489,AUTONOMOUS,2022-12-05,Nairobi/Upstream Hub,Eldoret,PMS,Line 4 (Nairobi-Eldoret),510,7426.08,2022-12-07,2022-12-07,0,7426.08,REORDER_POINT_BREACH,1,COMPLETED
AUT-B-000490,AUTONOMOUS,2022-12-13,Nairobi/Upstream Hub,Eldoret,PMS,Line 4 (Nairobi-Eldoret),510,7426.08,2022-12-15,2022-12-15,0,7426.08,REORDER_POINT_BREACH,1,COMPLETED
AUT-B-000491,AUTONOMOUS,2022-12-21,Nairobi/Upstream Hub,Eldoret,PMS,Line 4 (Nairobi-Eldoret),510,7426.08,2022-12-23,2022-12-23,0,7426.08,REORDER_POINT_BREACH,1,COMPLETED
AUT-B-000492,AUTONOMOUS,2022-12-29,Nairobi/Upstream Hub,Eldoret,PMS,Line 4 (Nairobi-Eldoret),510,7426.08,2022-12-31,2022-12-31,0,7426.08,REORDER_POINT_BREACH,1,COMPLETED
AUT-B-000493,AUTONOMOUS,2023-01-05,Nairobi/Upstream Hub,Eldoret,PMS,Line 4 (Nairobi-Eldoret),510,7426.08,2023-01-07,2023-01-07,0,7426.08,REORDER_POINT_BREACH,1,COMPLETED
AUT-B-000494,AUTONOMOUS,2023-01-14,Nairobi/Upstream Hub,Eldoret,PMS,Line 4 (Nairobi-Eldoret),510,7426.08,2023-01-16,2023-01-16,0,7426.08,REORDER_POINT_BREACH,1,COMPLETED
AUT-B-000495,AUTONOMOUS,2023-01-23,Nairobi/Upstream Hub,Eldoret,PMS,Line 4 (Nairobi-Eldoret),510,7426.08,2023-01-25,2023-01-26,1,7426.08,REORDER_POINT_BREACH,1,COMPLETED
AUT-B-000496,AUTONOMOUS,2023-02-01,Nairobi/Upstream Hub,Eldoret,PMS,Line 4 (Nairobi-Eldoret),510,7131.426309705509,2023-02-03,2023-02-03,0,7131.426309705509,REORDER_POINT_BREACH,1,COMPLETED
AUT-B-000497,AUTONOMOUS,2023-02-11,Nairobi/Upstream Hub,Eldoret,PMS,Line 4 (Nairobi-Eldoret),510,7426.08,2023-02-13,2023-02-13,0,7426.08,REORDER_POINT_BREACH,1,COMPLETED
AUT-B-000498,AUTONOMOUS,2023-02-21,Nairobi/Upstream Hub,Eldoret,PMS,Line 4 (Nairobi-Eldoret),510,7426.08,2023-02-23,2023-02-23,0,7426.08,REORDER_POINT_BREACH,1,COMPLETED
AUT-B-000499,AUTONOMOUS,2023-03-02,Nairobi/Upstream Hub,Eldoret,PMS,Line 4 (Nairobi-Eldoret),510,7426.08,2023-03-04,2023-03-04,0,7426.08,REORDER_POINT_BREACH,1,COMPLETED
AUT-B-000500,AUTONOMOUS,2023-03-11,Nairobi/Upstream Hub,Eldoret,PMS,Line 4 (Nairobi-Eldoret),510,7167.680987743834,2023-03-13,2023-03-14,1,7167.680987743834,REORDER_POINT_BREACH,1,COMPLETED
AUT-B-000501,AUTONOMOUS,2023-03-20,Nairobi/Upstream Hub,Eldoret,PMS,Line 4 (Nairobi-Eldoret),510,7426.08,2023-03-22,2023-03-22,0,7426.08,REORDER_POINT_BREACH,1,COMPLETED
AUT-B-000502,AUTONOMOUS,2023-03-29,Nairobi/Upstream Hub,Eldoret,PMS,Line 4 (Nairobi-Eldoret),510,7426.08,2023-03-31,2023-03-31,0,7426.08,REORDER_POINT_BREACH,1,COMPLETED
AUT-B-000503,AUTONOMOUS,2023-04-07,Nairobi/Upstream Hub,Eldoret,PMS,Line 4 (Nairobi-Eldoret),510,7426.08,2023-04-09,2023-04-09,0,7426.08,REORDER_POINT_BREACH,1,COMPLETED
AUT-B-000504,AUTONOMOUS,2023-04-16,Nairobi/Upstream Hub,Eldoret,PMS,Line 4 (Nairobi-Eldoret),510,7051.615533487015,2023-04-18,2023-04-18,0,7051.615533487015,REORDER_POINT_BREACH,1,COMPLETED
AUT-B-000505,AUTONOMOUS,2023-04-25,Nairobi/Upstream Hub,Eldoret,PMS,Line 4 (Nairobi-Eldoret),510,7327.554150766642,2023-04-27,2023-04-27,0,7327.554150766642,REORDER_POINT_BREACH,1,COMPLETED
AUT-B-000506,AUTONOMOUS,2023-05-04,Nairobi/Upstream Hub,Eldoret,PMS,Line 4 (Nairobi-Eldoret),510,7281.024818120578,2023-05-06,2023-05-06,0,7281.024818120578,REORDER_POINT_BREACH,1,COMPLETED
AUT-B-000507,AUTONOMOUS,2023-05-13,Nairobi/Upstream Hub,Eldoret,PMS,Line 4 (Nairobi-Eldoret),510,7426.08,2023-05-15,2023-05-15,0,7426.08,REORDER_POINT_BREACH,1,COMPLETED
AUT-B-000508,AUTONOMOUS,2023-05-22,Nairobi/Upstream Hub,Eldoret,PMS,Line 4 (Nairobi-Eldoret),510,7426.08,2023-05-24,2023-05-25,1,7426.08,REORDER_POINT_BREACH,1,COMPLETED
AUT-B-000509,AUTONOMOUS,2023-05-31,Nairobi/Upstream Hub,Eldoret,PMS,Line 4 (Nairobi-Eldoret),510,7352.616875485339,2023-06-02,2023-06-04,2,7352.616875485339,REORDER_POINT_BREACH,1,COMPLETED
AUT-B-000510,AUTONOMOUS,2023-06-10,Nairobi/Upstream Hub,Eldoret,PMS,Line 4 (Nairobi-Eldoret),510,7426.08,2023-06-12,2023-06-12,0,7426.08,REORDER_POINT_BREACH,1,COMPLETED
AUT-B-000511,AUTONOMOUS,2023-06-19,Nairobi/Upstream Hub,Eldoret,PMS,Line 4 (Nairobi-Eldoret),510,6989.895147225609,2023-06-21,2023-06-23,2,6989.895147225609,REORDER_POINT_BREACH,1,COMPLETED
AUT-B-000512,AUTONOMOUS,2023-06-28,Nairobi/Upstream Hub,Eldoret,PMS,Line 4 (Nairobi-Eldoret),510,7426.08,2023-06-30,2023-06-30,0,7426.08,REORDER_POINT_BREACH,1,COMPLETED
AUT-B-000513,AUTONOMOUS,2023-07-07,Nairobi/Upstream Hub,Eldoret,PMS,Line 4 (Nairobi-Eldoret),510,7426.08,2023-07-09,2023-07-09,0,7426.08,REORDER_POINT_BREACH,1,COMPLETED
AUT-B-000514,AUTONOMOUS,2023-07-17,Nairobi/Upstream Hub,Eldoret,PMS,Line 4 (Nairobi-Eldoret),510,7426.08,2023-07-19,2023-07-19,0,7426.08,REORDER_POINT_BREACH,1,COMPLETED
AUT-B-000515,AUTONOMOUS,2023-07-26,Nairobi/Upstream Hub,Eldoret,PMS,Line 4 (Nairobi-Eldoret),510,7426.08,2023-07-28,2023-07-28,0,7426.08,REORDER_POINT_BREACH,1,COMPLETED
AUT-B-000516,AUTONOMOUS,2023-08-04,Nairobi/Upstream Hub,Eldoret,PMS,Line 4 (Nairobi-Eldoret),510,7426.08,2023-08-06,2023-08-06,0,7426.08,REORDER_POINT_BREACH,1,COMPLETED
AUT-B-000517,AUTONOMOUS,2023-08-13,Nairobi/Upstream Hub,Eldoret,PMS,Line 4 (Nairobi-Eldoret),510,6940.877743930236,2023-08-15,2023-08-15,0,6940.877743930236,REORDER_POINT_BREACH,1,COMPLETED
AUT-B-000518,AUTONOMOUS,2023-08-22,Nairobi/Upstream Hub,Eldoret,PMS,Line 4 (Nairobi-Eldoret),510,7426.08,2023-08-24,2023-08-24,0,7426.08,REORDER_POINT_BREACH,1,COMPLETED
AUT-B-000519,AUTONOMOUS,2023-08-31,Nairobi/Upstream Hub,Eldoret,PMS,Line 4 (Nairobi-Eldoret),510,7426.08,2023-09-02,2023-09-02,0,7426.08,REORDER_POINT_BREACH,1,COMPLETED
AUT-B-000520,AUTONOMOUS,2023-09-10,Nairobi/Upstream Hub,Eldoret,PMS,Line 4 (Nairobi-Eldoret),510,7157.883420412898,2023-09-12,2023-09-12,0,7157.883420412898,REORDER_POINT_BREACH,1,COMPLETED
AUT-B-000521,AUTONOMOUS,2023-09-19,Nairobi/Upstream Hub,Eldoret,PMS,Line 4 (Nairobi-Eldoret),510,7426.08,2023-09-21,2023-09-21,0,7426.08,REORDER_POINT_BREACH,1,COMPLETED
AUT-B-000522,AUTONOMOUS,2023-09-28,Nairobi/Upstream Hub,Eldoret,PMS,Line 4 (Nairobi-Eldoret),510,7204.35187538792,2023-09-30,2023-09-30,0,7204.35187538792,REORDER_POINT_BREACH,1,COMPLETED
AUT-B-000523,AUTONOMOUS,2023-10-07,Nairobi/Upstream Hub,Eldoret,PMS,Line 4 (Nairobi-Eldoret),510,7172.630268568908,2023-10-09,2023-10-09,0,7172.630268568908,REORDER_POINT_BREACH,1,COMPLETED
AUT-B-000524,AUTONOMOUS,2023-10-16,Nairobi/Upstream Hub,Eldoret,PMS,Line 4 (Nairobi-Eldoret),510,7426.08,2023-10-18,2023-10-18,0,7426.08,REORDER_POINT_BREACH,1,COMPLETED
AUT-B-000525,AUTONOMOUS,2023-10-25,Nairobi/Upstream Hub,Eldoret,PMS,Line 4 (Nairobi-Eldoret),510,7426.08,2023-10-27,2023-10-27,0,7426.08,REORDER_POINT_BREACH,1,COMPLETED
AUT-B-000526,AUTONOMOUS,2023-11-03,Nairobi/Upstream Hub,Eldoret,PMS,Line 4 (Nairobi-Eldoret),510,7335.656347331453,2023-11-05,2023-11-05,0,7335.656347331453,REORDER_POINT_BREACH,1,COMPLETED
AUT-B-000527,AUTONOMOUS,2023-11-13,Nairobi/Upstream Hub,Eldoret,PMS,Line 4 (Nairobi-Eldoret),510,7229.308757294985,2023-11-15,2023-11-15,0,7229.308757294985,REORDER_POINT_BREACH,1,COMPLETED
AUT-B-000528,AUTONOMOUS,2023-11-23,Nairobi/Upstream Hub,Eldoret,PMS,Line 4 (Nairobi-Eldoret),510,7426.08,2023-11-25,2023-11-25,0,7426.08,REORDER_POINT_BREACH,1,COMPLETED
AUT-B-000529,AUTONOMOUS,2023-12-02,Nairobi/Upstream Hub,Eldoret,PMS,Line 4 (Nairobi-Eldoret),510,7426.08,2023-12-04,2023-12-04,0,7426.08,REORDER_POINT_BREACH,1,COMPLETED
AUT-B-000530,AUTONOMOUS,2023-12-10,Nairobi/Upstream Hub,Eldoret,PMS,Line 4 (Nairobi-Eldoret),510,7202.554938110608,2023-12-12,2023-12-12,0,7202.554938110608,REORDER_POINT_BREACH,1,COMPLETED
AUT-B-000531,AUTONOMOUS,2023-12-18,Nairobi/Upstream Hub,Eldoret,PMS,Line 4 (Nairobi-Eldoret),510,7426.08,2023-12-20,2023-12-20,0,7426.08,REORDER_POINT_BREACH,1,COMPLETED
AUT-B-000532,AUTONOMOUS,2023-12-26,Nairobi/Upstream Hub,Eldoret,PMS,Line 4 (Nairobi-Eldoret),510,7426.08,2023-12-28,2023-12-28,0,7426.08,REORDER_POINT_BREACH,1,COMPLETED
AUT-B-000533,AUTONOMOUS,2024-01-03,Nairobi/Upstream Hub,Eldoret,PMS,Line 4 (Nairobi-Eldoret),510,7426.08,2024-01-05,2024-01-05,0,7426.08,REORDER_POINT_BREACH,1,COMPLETED
AUT-B-000534,AUTONOMOUS,2024-01-12,Nairobi/Upstream Hub,Eldoret,PMS,Line 4 (Nairobi-Eldoret),510,7426.08,2024-01-14,2024-01-14,0,7426.08,REORDER_POINT_BREACH,1,COMPLETED
AUT-B-000535,AUTONOMOUS,2024-01-21,Nairobi/Upstream Hub,Eldoret,PMS,Line 4 (Nairobi-Eldoret),510,6984.2409978809455,2024-01-23,2024-01-23,0,6984.2409978809455,REORDER_POINT_BREACH,1,COMPLETED
AUT-B-000536,AUTONOMOUS,2024-01-30,Nairobi/Upstream Hub,Eldoret,PMS,Line 4 (Nairobi-Eldoret),510,7426.08,2024-02-01,2024-02-01,0,7426.08,REORDER_POINT_BREACH,1,COMPLETED
AUT-B-000537,AUTONOMOUS,2024-02-08,Nairobi/Upstream Hub,Eldoret,PMS,Line 4 (Nairobi-Eldoret),510,7426.08,2024-02-10,2024-02-10,0,7426.08,REORDER_POINT_BREACH,1,COMPLETED
AUT-B-000538,AUTONOMOUS,2024-02-18,Nairobi/Upstream Hub,Eldoret,PMS,Line 4 (Nairobi-Eldoret),510,7110.834500149944,2024-02-20,2024-02-20,0,7110.834500149944,REORDER_POINT_BREACH,1,COMPLETED
AUT-B-000539,AUTONOMOUS,2024-02-28,Nairobi/Upstream Hub,Eldoret,PMS,Line 4 (Nairobi-Eldoret),510,7426.08,2024-03-01,2024-03-02,1,7426.08,REORDER_POINT_BREACH,1,COMPLETED
AUT-B-000540,AUTONOMOUS,2024-03-08,Nairobi/Upstream Hub,Eldoret,PMS,Line 4 (Nairobi-Eldoret),510,7315.956458654485,2024-03-10,2024-03-10,0,7315.956458654485,REORDER_POINT_BREACH,1,COMPLETED
AUT-B-000541,AUTONOMOUS,2024-03-18,Nairobi/Upstream Hub,Eldoret,PMS,Line 4 (Nairobi-Eldoret),510,7422.5132892465635,2024-03-20,2024-03-20,0,7422.5132892465635,REORDER_POINT_BREACH,1,COMPLETED
AUT-B-000542,AUTONOMOUS,2024-03-27,Nairobi/Upstream Hub,Eldoret,PMS,Line 4 (Nairobi-Eldoret),510,7306.977375689783,2024-03-29,2024-03-29,0,7306.977375689783,REORDER_POINT_BREACH,1,COMPLETED
AUT-B-000543,AUTONOMOUS,2024-04-05,Nairobi/Upstream Hub,Eldoret,PMS,Line 4 (Nairobi-Eldoret),510,7426.08,2024-04-07,2024-04-07,0,7426.08,REORDER_POINT_BREACH,1,COMPLETED
AUT-B-000544,AUTONOMOUS,2024-04-14,Nairobi/Upstream Hub,Eldoret,PMS,Line 4 (Nairobi-Eldoret),510,7277.200056920902,2024-04-16,2024-04-16,0,7277.200056920902,REORDER_POINT_BREACH,1,COMPLETED
AUT-B-000545,AUTONOMOUS,2024-04-23,Nairobi/Upstream Hub,Eldoret,PMS,Line 4 (Nairobi-Eldoret),510,7376.51110795707,2024-04-25,2024-04-25,0,7376.51110795707,REORDER_POINT_BREACH,1,COMPLETED
AUT-B-000546,AUTONOMOUS,2024-05-02,Nairobi/Upstream Hub,Eldoret,PMS,Line 4 (Nairobi-Eldoret),510,7283.364515754333,2024-05-04,2024-05-04,0,7283.364515754333,REORDER_POINT_BREACH,1,COMPLETED
AUT-B-000547,AUTONOMOUS,2024-05-12,Nairobi/Upstream Hub,Eldoret,PMS,Line 4 (Nairobi-Eldoret),510,7420.667409463011,2024-05-14,2024-05-14,0,7420.667409463011,REORDER_POINT_BREACH,1,COMPLETED
AUT-B-000548,AUTONOMOUS,2024-05-21,Nairobi/Upstream Hub,Eldoret,PMS,Line 4 (Nairobi-Eldoret),510,7426.08,2024-05-23,2024-05-23,0,7426.08,REORDER_POINT_BREACH,1,COMPLETED
AUT-B-000549,AUTONOMOUS,2024-05-30,Nairobi/Upstream Hub,Eldoret,PMS,Line 4 (Nairobi-Eldoret),510,7426.08,2024-06-01,2024-06-02,1,7426.08,REORDER_POINT_BREACH,1,COMPLETED
AUT-B-000550,AUTONOMOUS,2024-06-09,Nairobi/Upstream Hub,Eldoret,PMS,Line 4 (Nairobi-Eldoret),510,7184.501285849865,2024-06-11,2024-06-11,0,7184.501285849865,REORDER_POINT_BREACH,1,COMPLETED
AUT-B-000551,AUTONOMOUS,2024-06-19,Nairobi/Upstream Hub,Eldoret,PMS,Line 4 (Nairobi-Eldoret),510,7426.08,2024-06-21,2024-06-21,0,7426.08,REORDER_POINT_BREACH,1,COMPLETED
AUT-B-000552,AUTONOMOUS,2024-06-29,Nairobi/Upstream Hub,Eldoret,PMS,Line 4 (Nairobi-Eldoret),510,7426.08,2024-07-01,2024-07-01,0,7426.08,REORDER_POINT_BREACH,1,COMPLETED
AUT-B-000553,AUTONOMOUS,2024-07-08,Nairobi/Upstream Hub,Eldoret,PMS,Line 4 (Nairobi-Eldoret),510,7322.216764148939,2024-07-10,2024-07-10,0,7322.216764148939,REORDER_POINT_BREACH,1,COMPLETED
AUT-B-000554,AUTONOMOUS,2024-07-18,Nairobi/Upstream Hub,Eldoret,PMS,Line 4 (Nairobi-Eldoret),510,7426.08,2024-07-20,2024-07-22,2,7426.08,REORDER_POINT_BREACH,1,COMPLETED
AUT-B-000555,AUTONOMOUS,2024-07-27,Nairobi/Upstream Hub,Eldoret,PMS,Line 4 (Nairobi-Eldoret),510,7084.6938490477805,2024-07-29,2024-07-29,0,7084.6938490477805,REORDER_POINT_BREACH,1,COMPLETED
AUT-B-000556,AUTONOMOUS,2024-08-06,Nairobi/Upstream Hub,Eldoret,PMS,Line 4 (Nairobi-Eldoret),510,7426.08,2024-08-08,2024-08-08,0,7426.08,REORDER_POINT_BREACH,1,COMPLETED
AUT-B-000557,AUTONOMOUS,2024-08-15,Nairobi/Upstream Hub,Eldoret,PMS,Line 4 (Nairobi-Eldoret),510,7269.979256960846,2024-08-17,2024-08-17,0,7269.979256960846,REORDER_POINT_BREACH,1,COMPLETED
AUT-B-000558,AUTONOMOUS,2024-08-25,Nairobi/Upstream Hub,Eldoret,PMS,Line 4 (Nairobi-Eldoret),510,7426.08,2024-08-27,2024-08-27,0,7426.08,REORDER_POINT_BREACH,1,COMPLETED
AUT-B-000559,AUTONOMOUS,2024-09-03,Nairobi/Upstream Hub,Eldoret,PMS,Line 4 (Nairobi-Eldoret),510,7276.733530039519,2024-09-05,2024-09-05,0,7276.733530039519,REORDER_POINT_BREACH,1,COMPLETED
AUT-B-000560,AUTONOMOUS,2024-09-13,Nairobi/Upstream Hub,Eldoret,PMS,Line 4 (Nairobi-Eldoret),510,7426.08,2024-09-15,2024-09-15,0,7426.08,REORDER_POINT_BREACH,1,COMPLETED
AUT-B-000561,AUTONOMOUS,2024-09-23,Nairobi/Upstream Hub,Eldoret,PMS,Line 4 (Nairobi-Eldoret),510,7426.08,2024-09-25,2024-09-25,0,7426.08,REORDER_POINT_BREACH,1,COMPLETED
AUT-B-000562,AUTONOMOUS,2024-10-02,Nairobi/Upstream Hub,Eldoret,PMS,Line 4 (Nairobi-Eldoret),510,7132.630719797128,2024-10-04,2024-10-04,0,7132.630719797128,REORDER_POINT_BREACH,1,COMPLETED
AUT-B-000563,AUTONOMOUS,2024-10-11,Nairobi/Upstream Hub,Eldoret,PMS,Line 4 (Nairobi-Eldoret),510,7426.08,2024-10-13,2024-10-13,0,7426.08,REORDER_POINT_BREACH,1,COMPLETED
AUT-B-000564,AUTONOMOUS,2024-10-21,Nairobi/Upstream Hub,Eldoret,PMS,Line 4 (Nairobi-Eldoret),510,7426.08,2024-10-23,2024-10-24,1,7426.08,REORDER_POINT_BREACH,1,COMPLETED
AUT-B-000565,AUTONOMOUS,2024-10-30,Nairobi/Upstream Hub,Eldoret,PMS,Line 4 (Nairobi-Eldoret),510,7426.08,2024-11-01,2024-11-01,0,7426.08,REORDER_POINT_BREACH,1,COMPLETED
AUT-B-000566,AUTONOMOUS,2024-11-09,Nairobi/Upstream Hub,Eldoret,PMS,Line 4 (Nairobi-Eldoret),510,7378.322050827072,2024-11-11,2024-11-11,0,7378.322050827072,REORDER_POINT_BREACH,1,COMPLETED
AUT-B-000567,AUTONOMOUS,2024-11-19,Nairobi/Upstream Hub,Eldoret,PMS,Line 4 (Nairobi-Eldoret),510,7357.417584876315,2024-11-21,2024-11-21,0,7357.417584876315,REORDER_POINT_BREACH,1,COMPLETED
AUT-B-000568,AUTONOMOUS,2024-11-28,Nairobi/Upstream Hub,Eldoret,PMS,Line 4 (Nairobi-Eldoret),510,7336.821630337071,2024-11-30,2024-11-30,0,7336.821630337071,REORDER_POINT_BREACH,1,COMPLETED
AUT-B-000569,AUTONOMOUS,2024-12-07,Nairobi/Upstream Hub,Eldoret,PMS,Line 4 (Nairobi-Eldoret),510,7426.08,2024-12-09,2024-12-09,0,7426.08,REORDER_POINT_BREACH,1,COMPLETED
AUT-B-000570,AUTONOMOUS,2024-12-15,Nairobi/Upstream Hub,Eldoret,PMS,Line 4 (Nairobi-Eldoret),510,7426.08,2024-12-17,2024-12-17,0,7426.08,REORDER_POINT_BREACH,1,COMPLETED
AUT-B-000571,AUTONOMOUS,2024-12-23,Nairobi/Upstream Hub,Eldoret,PMS,Line 4 (Nairobi-Eldoret),510,7426.08,2024-12-25,2024-12-25,0,7426.08,REORDER_POINT_BREACH,1,COMPLETED
AUT-B-000572,AUTONOMOUS,2024-12-31,Nairobi/Upstream Hub,Eldoret,PMS,Line 4 (Nairobi-Eldoret),510,7426.08,2025-01-02,2025-01-02,0,7426.08,REORDER_POINT_BREACH,1,COMPLETED
AUT-B-000573,AUTONOMOUS,2025-01-08,Nairobi/Upstream Hub,Eldoret,PMS,Line 4 (Nairobi-Eldoret),510,7426.08,2025-01-10,2025-01-10,0,7426.08,REORDER_POINT_BREACH,1,COMPLETED
AUT-B-000574,AUTONOMOUS,2025-01-16,Nairobi/Upstream Hub,Eldoret,PMS,Line 4 (Nairobi-Eldoret),510,7426.08,2025-01-18,2025-01-18,0,7426.08,REORDER_POINT_BREACH,1,COMPLETED
AUT-B-000575,AUTONOMOUS,2025-01-25,Nairobi/Upstream Hub,Eldoret,PMS,Line 4 (Nairobi-Eldoret),510,7426.08,2025-01-27,2025-01-27,0,7426.08,REORDER_POINT_BREACH,1,COMPLETED
AUT-B-000576,AUTONOMOUS,2025-02-03,Nairobi/Upstream Hub,Eldoret,PMS,Line 4 (Nairobi-Eldoret),510,7426.08,2025-02-05,2025-02-05,0,7426.08,REORDER_POINT_BREACH,1,COMPLETED
AUT-B-000577,AUTONOMOUS,2025-02-12,Nairobi/Upstream Hub,Eldoret,PMS,Line 4 (Nairobi-Eldoret),510,7426.08,2025-02-14,2025-02-14,0,7426.08,REORDER_POINT_BREACH,1,COMPLETED
AUT-B-000578,AUTONOMOUS,2025-02-21,Nairobi/Upstream Hub,Eldoret,PMS,Line 4 (Nairobi-Eldoret),510,7426.08,2025-02-23,2025-02-23,0,7426.08,REORDER_POINT_BREACH,1,COMPLETED
AUT-B-000579,AUTONOMOUS,2025-03-02,Nairobi/Upstream Hub,Eldoret,PMS,Line 4 (Nairobi-Eldoret),510,7043.3470279891235,2025-03-04,2025-03-05,1,7043.3470279891235,REORDER_POINT_BREACH,1,COMPLETED
AUT-B-000580,AUTONOMOUS,2025-03-11,Nairobi/Upstream Hub,Eldoret,PMS,Line 4 (Nairobi-Eldoret),510,7426.08,2025-03-13,2025-03-13,0,7426.08,REORDER_POINT_BREACH,1,COMPLETED
AUT-B-000581,AUTONOMOUS,2025-03-19,Nairobi/Upstream Hub,Eldoret,PMS,Line 4 (Nairobi-Eldoret),510,7426.08,2025-03-21,2025-03-21,0,7426.08,REORDER_POINT_BREACH,1,COMPLETED
AUT-B-000582,AUTONOMOUS,2025-03-28,Nairobi/Upstream Hub,Eldoret,PMS,Line 4 (Nairobi-Eldoret),510,7426.08,2025-03-30,2025-03-30,0,7426.08,REORDER_POINT_BREACH,1,COMPLETED
AUT-B-000583,AUTONOMOUS,2025-04-06,Nairobi/Upstream Hub,Eldoret,PMS,Line 4 (Nairobi-Eldoret),510,7307.0783875175675,2025-04-08,2025-04-08,0,7307.0783875175675,REORDER_POINT_BREACH,1,COMPLETED
AUT-B-000584,AUTONOMOUS,2025-04-15,Nairobi/Upstream Hub,Eldoret,PMS,Line 4 (Nairobi-Eldoret),510,7426.08,2025-04-17,2025-04-19,2,7426.08,REORDER_POINT_BREACH,1,COMPLETED
AUT-B-000585,AUTONOMOUS,2025-04-25,Nairobi/Upstream Hub,Eldoret,PMS,Line 4 (Nairobi-Eldoret),510,7426.08,2025-04-27,2025-04-27,0,7426.08,REORDER_POINT_BREACH,1,COMPLETED
AUT-B-000586,AUTONOMOUS,2025-05-03,Nairobi/Upstream Hub,Eldoret,PMS,Line 4 (Nairobi-Eldoret),510,7228.770192618794,2025-05-05,2025-05-05,0,7228.770192618794,REORDER_POINT_BREACH,1,COMPLETED
AUT-B-000587,AUTONOMOUS,2025-05-12,Nairobi/Upstream Hub,Eldoret,PMS,Line 4 (Nairobi-Eldoret),510,7426.08,2025-05-14,2025-05-14,0,7426.08,REORDER_POINT_BREACH,1,COMPLETED
AUT-B-000588,AUTONOMOUS,2025-05-20,Nairobi/Upstream Hub,Eldoret,PMS,Line 4 (Nairobi-Eldoret),510,7426.08,2025-05-22,2025-05-22,0,7426.08,REORDER_POINT_BREACH,1,COMPLETED
AUT-B-000589,AUTONOMOUS,2025-05-29,Nairobi/Upstream Hub,Eldoret,PMS,Line 4 (Nairobi-Eldoret),510,7426.08,2025-05-31,2025-05-31,0,7426.08,REORDER_POINT_BREACH,1,COMPLETED
AUT-B-000590,AUTONOMOUS,2025-06-07,Nairobi/Upstream Hub,Eldoret,PMS,Line 4 (Nairobi-Eldoret),510,7426.08,2025-06-09,2025-06-09,0,7426.08,REORDER_POINT_BREACH,1,COMPLETED
AUT-B-000591,AUTONOMOUS,2025-06-16,Nairobi/Upstream Hub,Eldoret,PMS,Line 4 (Nairobi-Eldoret),510,7174.665006255803,2025-06-18,2025-06-18,0,7174.665006255803,REORDER_POINT_BREACH,1,COMPLETED
AUT-B-000592,AUTONOMOUS,2025-06-25,Nairobi/Upstream Hub,Eldoret,PMS,Line 4 (Nairobi-Eldoret),510,7426.08,2025-06-27,2025-06-27,0,7426.08,REORDER_POINT_BREACH,1,COMPLETED
AUT-B-000593,AUTONOMOUS,2025-07-04,Nairobi/Upstream Hub,Eldoret,PMS,Line 4 (Nairobi-Eldoret),510,7426.08,2025-07-06,2025-07-06,0,7426.08,REORDER_POINT_BREACH,1,COMPLETED
AUT-B-000594,AUTONOMOUS,2025-07-13,Nairobi/Upstream Hub,Eldoret,PMS,Line 4 (Nairobi-Eldoret),510,7240.373112944443,2025-07-15,2025-07-15,0,7240.373112944443,REORDER_POINT_BREACH,1,COMPLETED
AUT-B-000595,AUTONOMOUS,2025-07-22,Nairobi/Upstream Hub,Eldoret,PMS,Line 4 (Nairobi-Eldoret),510,7426.08,2025-07-24,2025-07-24,0,7426.08,REORDER_POINT_BREACH,1,COMPLETED
AUT-B-000596,AUTONOMOUS,2025-07-31,Nairobi/Upstream Hub,Eldoret,PMS,Line 4 (Nairobi-Eldoret),510,7426.08,2025-08-02,2025-08-02,0,7426.08,REORDER_POINT_BREACH,1,COMPLETED
AUT-B-000597,AUTONOMOUS,2025-08-08,Nairobi/Upstream Hub,Eldoret,PMS,Line 4 (Nairobi-Eldoret),510,7426.08,2025-08-10,2025-08-10,0,7426.08,REORDER_POINT_BREACH,1,COMPLETED
AUT-B-000598,AUTONOMOUS,2025-08-17,Nairobi/Upstream Hub,Eldoret,PMS,Line 4 (Nairobi-Eldoret),510,6962.8663502813915,2025-08-19,2025-08-19,0,6962.8663502813915,REORDER_POINT_BREACH,1,COMPLETED
AUT-B-000599,AUTONOMOUS,2025-08-26,Nairobi/Upstream Hub,Eldoret,PMS,Line 4 (Nairobi-Eldoret),510,7426.08,2025-08-28,2025-08-28,0,7426.08,REORDER_POINT_BREACH,1,COMPLETED
AUT-B-000600,AUTONOMOUS,2025-09-04,Nairobi/Upstream Hub,Eldoret,PMS,Line 4 (Nairobi-Eldoret),510,7426.08,2025-09-06,2025-09-06,0,7426.08,REORDER_POINT_BREACH,1,COMPLETED
AUT-B-000601,AUTONOMOUS,2025-09-13,Nairobi/Upstream Hub,Eldoret,PMS,Line 4 (Nairobi-Eldoret),510,7192.732159655312,2025-09-15,2025-09-15,0,7192.732159655312,REORDER_POINT_BREACH,1,COMPLETED
AUT-B-000602,AUTONOMOUS,2025-09-22,Nairobi/Upstream Hub,Eldoret,PMS,Line 4 (Nairobi-Eldoret),510,7426.08,2025-09-24,2025-09-24,0,7426.08,REORDER_POINT_BREACH,1,COMPLETED
AUT-B-000603,AUTONOMOUS,2025-10-01,Nairobi/Upstream Hub,Eldoret,PMS,Line 4 (Nairobi-Eldoret),510,7426.08,2025-10-03,2025-10-03,0,7426.08,REORDER_POINT_BREACH,1,COMPLETED
AUT-B-000604,AUTONOMOUS,2025-10-09,Nairobi/Upstream Hub,Eldoret,PMS,Line 4 (Nairobi-Eldoret),510,7280.283971586213,2025-10-11,2025-10-11,0,7280.283971586213,REORDER_POINT_BREACH,1,COMPLETED
AUT-B-000605,AUTONOMOUS,2025-10-18,Nairobi/Upstream Hub,Eldoret,PMS,Line 4 (Nairobi-Eldoret),510,7426.08,2025-10-20,2025-10-20,0,7426.08,REORDER_POINT_BREACH,1,COMPLETED
AUT-B-000606,AUTONOMOUS,2025-10-27,Nairobi/Upstream Hub,Eldoret,PMS,Line 4 (Nairobi-Eldoret),510,7426.08,2025-10-29,2025-10-29,0,7426.08,REORDER_POINT_BREACH,1,COMPLETED
AUT-B-000607,AUTONOMOUS,2025-11-04,Nairobi/Upstream Hub,Eldoret,PMS,Line 4 (Nairobi-Eldoret),510,7424.878922565223,2025-11-06,2025-11-06,0,7424.878922565223,REORDER_POINT_BREACH,1,COMPLETED
AUT-B-000608,AUTONOMOUS,2025-11-14,Nairobi/Upstream Hub,Eldoret,PMS,Line 4 (Nairobi-Eldoret),510,7426.08,2025-11-16,2025-11-16,0,7426.08,REORDER_POINT_BREACH,1,COMPLETED
AUT-B-000609,AUTONOMOUS,2025-11-23,Nairobi/Upstream Hub,Eldoret,PMS,Line 4 (Nairobi-Eldoret),510,6877.699249657649,2025-11-25,2025-11-25,0,6877.699249657649,REORDER_POINT_BREACH,1,COMPLETED
AUT-B-000610,AUTONOMOUS,2025-12-02,Nairobi/Upstream Hub,Eldoret,PMS,Line 4 (Nairobi-Eldoret),510,7426.08,2025-12-04,2025-12-04,0,7426.08,REORDER_POINT_BREACH,1,COMPLETED
AUT-B-000611,AUTONOMOUS,2025-12-09,Nairobi/Upstream Hub,Eldoret,PMS,Line 4 (Nairobi-Eldoret),510,7426.08,2025-12-11,2025-12-11,0,7426.08,REORDER_POINT_BREACH,1,COMPLETED
AUT-B-000612,AUTONOMOUS,2025-12-17,Nairobi/Upstream Hub,Eldoret,PMS,Line 4 (Nairobi-Eldoret),510,7426.08,2025-12-19,2025-12-19,0,7426.08,REORDER_POINT_BREACH,1,COMPLETED
AUT-B-000613,AUTONOMOUS,2025-12-25,Nairobi/Upstream Hub,Eldoret,PMS,Line 4 (Nairobi-Eldoret),510,7426.08,2025-12-27,2025-12-27,0,7426.08,REORDER_POINT_BREACH,1,COMPLETED
AUT-B-000614,AUTONOMOUS,2026-01-01,Nairobi/Upstream Hub,Eldoret,PMS,Line 4 (Nairobi-Eldoret),510,7426.08,2026-01-03,2026-01-03,0,7426.08,REORDER_POINT_BREACH,1,COMPLETED
AUT-B-000615,AUTONOMOUS,2026-01-08,Nairobi/Upstream Hub,Eldoret,PMS,Line 4 (Nairobi-Eldoret),510,7426.08,2026-01-10,2026-01-10,0,7426.08,REORDER_POINT_BREACH,1,COMPLETED
AUT-B-000616,AUTONOMOUS,2026-01-16,Nairobi/Upstream Hub,Eldoret,PMS,Line 4 (Nairobi-Eldoret),510,7426.08,2026-01-18,2026-01-18,0,7426.08,REORDER_POINT_BREACH,1,COMPLETED
AUT-B-000617,AUTONOMOUS,2026-01-24,Nairobi/Upstream Hub,Eldoret,PMS,Line 4 (Nairobi-Eldoret),510,7426.08,2026-01-26,2026-01-26,0,7426.08,REORDER_POINT_BREACH,1,COMPLETED
AUT-B-000618,AUTONOMOUS,2026-02-01,Nairobi/Upstream Hub,Eldoret,PMS,Line 4 (Nairobi-Eldoret),510,7395.604936587065,2026-02-03,2026-02-03,0,7395.604936587065,REORDER_POINT_BREACH,1,COMPLETED
AUT-B-000619,AUTONOMOUS,2026-02-10,Nairobi/Upstream Hub,Eldoret,PMS,Line 4 (Nairobi-Eldoret),510,7426.08,2026-02-12,2026-02-12,0,7426.08,REORDER_POINT_BREACH,1,COMPLETED
AUT-B-000620,AUTONOMOUS,2026-02-19,Nairobi/Upstream Hub,Eldoret,PMS,Line 4 (Nairobi-Eldoret),510,7426.08,2026-02-21,2026-02-21,0,7426.08,REORDER_POINT_BREACH,1,COMPLETED
AUT-B-000621,AUTONOMOUS,2026-02-27,Nairobi/Upstream Hub,Eldoret,PMS,Line 4 (Nairobi-Eldoret),510,7426.08,2026-03-01,2026-03-01,0,7426.08,REORDER_POINT_BREACH,1,COMPLETED
AUT-B-000622,AUTONOMOUS,2026-03-08,Nairobi/Upstream Hub,Eldoret,PMS,Line 4 (Nairobi-Eldoret),510,7426.08,2026-03-10,2026-03-10,0,7426.08,REORDER_POINT_BREACH,1,COMPLETED
AUT-B-000623,AUTONOMOUS,2026-03-16,Nairobi/Upstream Hub,Eldoret,PMS,Line 4 (Nairobi-Eldoret),510,7426.08,2026-03-18,2026-03-19,1,7426.08,REORDER_POINT_BREACH,1,COMPLETED
AUT-B-000624,AUTONOMOUS,2026-03-24,Nairobi/Upstream Hub,Eldoret,PMS,Line 4 (Nairobi-Eldoret),510,7426.08,2026-03-26,2026-03-26,0,7426.08,REORDER_POINT_BREACH,1,COMPLETED
AUT-B-000625,AUTONOMOUS,2026-04-01,Nairobi/Upstream Hub,Eldoret,PMS,Line 4 (Nairobi-Eldoret),510,7426.08,2026-04-03,2026-04-03,0,7426.08,REORDER_POINT_BREACH,1,COMPLETED
AUT-B-000626,AUTONOMOUS,2026-04-09,Nairobi/Upstream Hub,Eldoret,PMS,Line 4 (Nairobi-Eldoret),510,7426.08,2026-04-11,2026-04-11,0,7426.08,REORDER_POINT_BREACH,1,COMPLETED
AUT-B-000627,AUTONOMOUS,2026-04-17,Nairobi/Upstream Hub,Eldoret,PMS,Line 4 (Nairobi-Eldoret),510,7426.08,2026-04-19,2026-04-19,0,7426.08,REORDER_POINT_BREACH,1,COMPLETED
AUT-B-000628,AUTONOMOUS,2026-04-25,Nairobi/Upstream Hub,Eldoret,PMS,Line 4 (Nairobi-Eldoret),510,7426.08,2026-04-27,2026-04-27,0,7426.08,REORDER_POINT_BREACH,1,COMPLETED
AUT-B-000629,AUTONOMOUS,2026-05-03,Nairobi/Upstream Hub,Eldoret,PMS,Line 4 (Nairobi-Eldoret),510,7338.408178758325,2026-05-05,2026-05-05,0,7338.408178758325,REORDER_POINT_BREACH,1,COMPLETED
AUT-B-000630,AUTONOMOUS,2026-05-11,Nairobi/Upstream Hub,Eldoret,PMS,Line 4 (Nairobi-Eldoret),510,7426.08,2026-05-13,2026-05-13,0,7426.08,REORDER_POINT_BREACH,1,COMPLETED
AUT-B-000631,AUTONOMOUS,2026-05-19,Nairobi/Upstream Hub,Eldoret,PMS,Line 4 (Nairobi-Eldoret),510,7426.08,2026-05-21,2026-05-21,0,7426.08,REORDER_POINT_BREACH,1,COMPLETED
AUT-B-000632,AUTONOMOUS,2026-05-28,Nairobi/Upstream Hub,Eldoret,PMS,Line 4 (Nairobi-Eldoret),510,7426.08,2026-05-30,2026-05-30,0,7426.08,REORDER_POINT_BREACH,1,COMPLETED
AUT-B-000633,AUTONOMOUS,2026-06-05,Nairobi/Upstream Hub,Eldoret,PMS,Line 4 (Nairobi-Eldoret),510,7426.08,2026-06-07,2026-06-07,0,7426.08,REORDER_POINT_BREACH,1,COMPLETED
AUT-B-000634,AUTONOMOUS,2026-06-13,Nairobi/Upstream Hub,Eldoret,PMS,Line 4 (Nairobi-Eldoret),510,7318.543085628659,2026-06-15,2026-06-15,0,7318.543085628659,REORDER_POINT_BREACH,1,COMPLETED
AUT-B-000635,AUTONOMOUS,2026-06-22,Nairobi/Upstream Hub,Eldoret,PMS,Line 4 (Nairobi-Eldoret),510,7426.08,2026-06-24,2026-06-24,0,7426.08,REORDER_POINT_BREACH,1,COMPLETED
AUT-B-000636,AUTONOMOUS,2026-06-30,Nairobi/Upstream Hub,Eldoret,PMS,Line 4 (Nairobi-Eldoret),510,7245.323776797024,2026-07-02,2026-07-02,0,7245.323776797024,REORDER_POINT_BREACH,1,COMPLETED
AUT-B-000637,AUTONOMOUS,2026-07-08,Nairobi/Upstream Hub,Eldoret,PMS,Line 4 (Nairobi-Eldoret),510,7296.792822248355,2026-07-10,2026-07-10,0,7296.792822248355,REORDER_POINT_BREACH,1,COMPLETED
AUT-B-000638,AUTONOMOUS,2026-07-16,Nairobi/Upstream Hub,Eldoret,PMS,Line 4 (Nairobi-Eldoret),510,7426.08,2026-07-18,2026-07-18,0,7426.08,REORDER_POINT_BREACH,1,COMPLETED
AUT-B-000639,AUTONOMOUS,2026-07-25,Nairobi/Upstream Hub,Eldoret,PMS,Line 4 (Nairobi-Eldoret),510,7426.08,2026-07-27,2026-07-27,0,7426.08,REORDER_POINT_BREACH,1,COMPLETED
AUT-B-000640,AUTONOMOUS,2026-08-02,Nairobi/Upstream Hub,Eldoret,PMS,Line 4 (Nairobi-Eldoret),510,7172.042941821484,2026-08-04,2026-08-04,0,7172.042941821484,REORDER_POINT_BREACH,1,COMPLETED
AUT-B-000641,AUTONOMOUS,2026-08-10,Nairobi/Upstream Hub,Eldoret,PMS,Line 4 (Nairobi-Eldoret),510,7426.08,2026-08-12,2026-08-12,0,7426.08,REORDER_POINT_BREACH,1,COMPLETED
AUT-B-000642,AUTONOMOUS,2026-08-19,Nairobi/Upstream Hub,Eldoret,PMS,Line 4 (Nairobi-Eldoret),510,7426.08,2026-08-21,2026-08-21,0,7426.08,REORDER_POINT_BREACH,1,COMPLETED
AUT-B-000643,AUTONOMOUS,2026-08-27,Nairobi/Upstream Hub,Eldoret,PMS,Line 4 (Nairobi-Eldoret),510,7426.08,2026-08-29,2026-08-30,1,7426.08,REORDER_POINT_BREACH,1,COMPLETED
AUT-B-000644,AUTONOMOUS,2026-09-04,Nairobi/Upstream Hub,Eldoret,PMS,Line 4 (Nairobi-Eldoret),510,7426.08,2026-09-06,2026-09-06,0,7426.08,REORDER_POINT_BREACH,1,COMPLETED
AUT-B-000645,AUTONOMOUS,2026-09-13,Nairobi/Upstream Hub,Eldoret,PMS,Line 4 (Nairobi-Eldoret),510,7040.826640934728,2026-09-15,2026-09-16,1,7040.826640934728,REORDER_POINT_BREACH,1,SCENARIO_COMPLETED
AUT-B-000646,AUTONOMOUS,2026-09-21,Nairobi/Upstream Hub,Eldoret,PMS,Line 4 (Nairobi-Eldoret),510,7063.0328316896475,2026-09-23,2026-09-23,0,7063.0328316896475,REORDER_POINT_BREACH,1,SCENARIO_COMPLETED
AUT-B-000647,AUTONOMOUS,2026-09-30,Nairobi/Upstream Hub,Eldoret,PMS,Line 4 (Nairobi-Eldoret),510,7426.08,2026-10-02,2026-10-02,0,7426.08,REORDER_POINT_BREACH,1,SCENARIO_COMPLETED
AUT-B-000648,AUTONOMOUS,2026-10-08,Nairobi/Upstream Hub,Eldoret,PMS,Line 4 (Nairobi-Eldoret),510,7426.08,2026-10-10,2026-10-10,0,7426.08,REORDER_POINT_BREACH,1,SCENARIO_COMPLETED
AUT-B-000649,AUTONOMOUS,2026-10-16,Nairobi/Upstream Hub,Eldoret,PMS,Line 4 (Nairobi-Eldoret),510,7426.08,2026-10-18,2026-10-18,0,7426.08,REORDER_POINT_BREACH,1,SCENARIO_COMPLETED
AUT-B-000650,AUTONOMOUS,2026-10-24,Nairobi/Upstream Hub,Eldoret,PMS,Line 4 (Nairobi-Eldoret),510,7426.08,2026-10-26,2026-10-26,0,7426.08,REORDER_POINT_BREACH,1,SCENARIO_COMPLETED
AUT-B-000651,AUTONOMOUS,2026-11-02,Nairobi/Upstream Hub,Eldoret,PMS,Line 4 (Nairobi-Eldoret),510,7426.08,2026-11-04,2026-11-04,0,7426.08,REORDER_POINT_BREACH,1,SCENARIO_COMPLETED
AUT-B-000652,AUTONOMOUS,2026-11-11,Nairobi/Upstream Hub,Eldoret,PMS,Line 4 (Nairobi-Eldoret),510,7426.08,2026-11-13,2026-11-13,0,7426.08,REORDER_POINT_BREACH,1,SCENARIO_COMPLETED
AUT-B-000653,AUTONOMOUS,2026-11-19,Nairobi/Upstream Hub,Eldoret,PMS,Line 4 (Nairobi-Eldoret),510,7355.718802709708,2026-11-21,2026-11-21,0,7355.718802709708,REORDER_POINT_BREACH,1,SCENARIO_COMPLETED
AUT-B-000654,AUTONOMOUS,2026-11-28,Nairobi/Upstream Hub,Eldoret,PMS,Line 4 (Nairobi-Eldoret),510,7426.08,2026-11-30,2026-11-30,0,7426.08,REORDER_POINT_BREACH,1,SCENARIO_COMPLETED
AUT-B-000655,AUTONOMOUS,2026-12-06,Nairobi/Upstream Hub,Eldoret,PMS,Line 4 (Nairobi-Eldoret),510,7426.08,2026-12-08,2026-12-08,0,7426.08,REORDER_POINT_BREACH,1,SCENARIO_COMPLETED
AUT-B-000656,AUTONOMOUS,2026-12-13,Nairobi/Upstream Hub,Eldoret,PMS,Line 4 (Nairobi-Eldoret),510,7426.08,2026-12-15,2026-12-15,0,7426.08,REORDER_POINT_BREACH,1,SCENARIO_COMPLETED
AUT-B-000657,AUTONOMOUS,2026-12-20,Nairobi/Upstream Hub,Eldoret,PMS,Line 4 (Nairobi-Eldoret),510,7288.69430700129,2026-12-22,2026-12-22,0,7288.69430700129,REORDER_POINT_BREACH,1,SCENARIO_COMPLETED
AUT-B-000658,AUTONOMOUS,2026-12-27,Nairobi/Upstream Hub,Eldoret,PMS,Line 4 (Nairobi-Eldoret),510,7319.535921687429,2026-12-29,2026-12-29,0,7319.535921687429,REORDER_POINT_BREACH,1,SCENARIO_COMPLETED
AUT-B-000659,AUTONOMOUS,2021-01-04,Nairobi/Upstream Hub,Kisumu,AGO,Line 6 (Sinendet-Kisumu),290,4640.0,2021-01-06,2021-01-06,0,4640.0,REORDER_POINT_BREACH,1,COMPLETED
AUT-B-000660,AUTONOMOUS,2021-01-08,Nairobi/Upstream Hub,Kisumu,AGO,Line 6 (Sinendet-Kisumu),290,4640.0,2021-01-10,2021-01-10,0,4640.0,REORDER_POINT_BREACH,1,COMPLETED
AUT-B-000661,AUTONOMOUS,2021-01-12,Nairobi/Upstream Hub,Kisumu,AGO,Line 6 (Sinendet-Kisumu),290,4640.0,2021-01-14,2021-01-14,0,4640.0,REORDER_POINT_BREACH,1,COMPLETED
AUT-B-000662,AUTONOMOUS,2021-01-16,Nairobi/Upstream Hub,Kisumu,AGO,Line 6 (Sinendet-Kisumu),290,4640.0,2021-01-18,2021-01-18,0,4640.0,REORDER_POINT_BREACH,1,COMPLETED
AUT-B-000663,AUTONOMOUS,2021-01-21,Nairobi/Upstream Hub,Kisumu,AGO,Line 6 (Sinendet-Kisumu),290,4640.0,2021-01-23,2021-01-23,0,4640.0,REORDER_POINT_BREACH,1,COMPLETED
AUT-B-000664,AUTONOMOUS,2021-01-25,Nairobi/Upstream Hub,Kisumu,AGO,Line 6 (Sinendet-Kisumu),290,4640.0,2021-01-27,2021-01-27,0,4640.0,REORDER_POINT_BREACH,1,COMPLETED
AUT-B-000665,AUTONOMOUS,2021-01-29,Nairobi/Upstream Hub,Kisumu,AGO,Line 6 (Sinendet-Kisumu),290,4640.0,2021-01-31,2021-01-31,0,4640.0,REORDER_POINT_BREACH,1,COMPLETED
AUT-B-000666,AUTONOMOUS,2021-02-03,Nairobi/Upstream Hub,Kisumu,AGO,Line 6 (Sinendet-Kisumu),290,4640.0,2021-02-05,2021-02-05,0,4640.0,REORDER_POINT_BREACH,1,COMPLETED
AUT-B-000667,AUTONOMOUS,2021-02-07,Nairobi/Upstream Hub,Kisumu,AGO,Line 6 (Sinendet-Kisumu),290,4640.0,2021-02-09,2021-02-10,1,4640.0,REORDER_POINT_BREACH,1,COMPLETED
AUT-B-000668,AUTONOMOUS,2021-02-11,Nairobi/Upstream Hub,Kisumu,AGO,Line 6 (Sinendet-Kisumu),290,4640.0,2021-02-13,2021-02-13,0,4640.0,REORDER_POINT_BREACH,1,COMPLETED
AUT-B-000669,AUTONOMOUS,2021-02-16,Nairobi/Upstream Hub,Kisumu,AGO,Line 6 (Sinendet-Kisumu),290,4640.0,2021-02-18,2021-02-18,0,4640.0,REORDER_POINT_BREACH,1,COMPLETED
AUT-B-000670,AUTONOMOUS,2021-02-20,Nairobi/Upstream Hub,Kisumu,AGO,Line 6 (Sinendet-Kisumu),290,4640.0,2021-02-22,2021-02-22,0,4640.0,REORDER_POINT_BREACH,1,COMPLETED
AUT-B-000671,AUTONOMOUS,2021-02-25,Nairobi/Upstream Hub,Kisumu,AGO,Line 6 (Sinendet-Kisumu),290,4640.0,2021-02-27,2021-02-27,0,4640.0,REORDER_POINT_BREACH,1,COMPLETED
AUT-B-000672,AUTONOMOUS,2021-03-02,Nairobi/Upstream Hub,Kisumu,AGO,Line 6 (Sinendet-Kisumu),290,4640.0,2021-03-04,2021-03-04,0,4640.0,REORDER_POINT_BREACH,1,COMPLETED
AUT-B-000673,AUTONOMOUS,2021-03-06,Nairobi/Upstream Hub,Kisumu,AGO,Line 6 (Sinendet-Kisumu),290,4640.0,2021-03-08,2021-03-09,1,4640.0,REORDER_POINT_BREACH,1,COMPLETED
AUT-B-000674,AUTONOMOUS,2021-03-10,Nairobi/Upstream Hub,Kisumu,AGO,Line 6 (Sinendet-Kisumu),290,4640.0,2021-03-12,2021-03-12,0,4640.0,REORDER_POINT_BREACH,1,COMPLETED
AUT-B-000675,AUTONOMOUS,2021-03-15,Nairobi/Upstream Hub,Kisumu,AGO,Line 6 (Sinendet-Kisumu),290,4640.0,2021-03-17,2021-03-17,0,4640.0,REORDER_POINT_BREACH,1,COMPLETED
AUT-B-000676,AUTONOMOUS,2021-03-19,Nairobi/Upstream Hub,Kisumu,AGO,Line 6 (Sinendet-Kisumu),290,4640.0,2021-03-21,2021-03-21,0,4640.0,REORDER_POINT_BREACH,1,COMPLETED
AUT-B-000677,AUTONOMOUS,2021-03-23,Nairobi/Upstream Hub,Kisumu,AGO,Line 6 (Sinendet-Kisumu),290,4640.0,2021-03-25,2021-03-25,0,4640.0,REORDER_POINT_BREACH,1,COMPLETED
AUT-B-000678,AUTONOMOUS,2021-03-27,Nairobi/Upstream Hub,Kisumu,AGO,Line 6 (Sinendet-Kisumu),290,4640.0,2021-03-29,2021-03-29,0,4640.0,REORDER_POINT_BREACH,1,COMPLETED
AUT-B-000679,AUTONOMOUS,2021-04-01,Nairobi/Upstream Hub,Kisumu,AGO,Line 6 (Sinendet-Kisumu),290,4640.0,2021-04-03,2021-04-03,0,4640.0,REORDER_POINT_BREACH,1,COMPLETED
AUT-B-000680,AUTONOMOUS,2021-04-05,Nairobi/Upstream Hub,Kisumu,AGO,Line 6 (Sinendet-Kisumu),290,4640.0,2021-04-07,2021-04-07,0,4640.0,REORDER_POINT_BREACH,1,COMPLETED
AUT-B-000681,AUTONOMOUS,2021-04-09,Nairobi/Upstream Hub,Kisumu,AGO,Line 6 (Sinendet-Kisumu),290,4640.0,2021-04-11,2021-04-12,1,4640.0,REORDER_POINT_BREACH,1,COMPLETED
AUT-B-000682,AUTONOMOUS,2021-04-14,Nairobi/Upstream Hub,Kisumu,AGO,Line 6 (Sinendet-Kisumu),290,4640.0,2021-04-16,2021-04-17,1,4640.0,REORDER_POINT_BREACH,1,COMPLETED
AUT-B-000683,AUTONOMOUS,2021-04-17,Nairobi/Upstream Hub,Kisumu,AGO,Line 6 (Sinendet-Kisumu),290,4640.0,2021-04-19,2021-04-19,0,4640.0,REORDER_POINT_BREACH,1,COMPLETED
AUT-B-000684,AUTONOMOUS,2021-04-22,Nairobi/Upstream Hub,Kisumu,AGO,Line 6 (Sinendet-Kisumu),290,4640.0,2021-04-24,2021-04-26,2,4640.0,REORDER_POINT_BREACH,1,COMPLETED
AUT-B-000685,AUTONOMOUS,2021-04-26,Nairobi/Upstream Hub,Kisumu,AGO,Line 6 (Sinendet-Kisumu),290,4640.0,2021-04-28,2021-04-28,0,4640.0,REORDER_POINT_BREACH,1,COMPLETED
AUT-B-000686,AUTONOMOUS,2021-04-30,Nairobi/Upstream Hub,Kisumu,AGO,Line 6 (Sinendet-Kisumu),290,4640.0,2021-05-02,2021-05-02,0,4640.0,REORDER_POINT_BREACH,1,COMPLETED
AUT-B-000687,AUTONOMOUS,2021-05-04,Nairobi/Upstream Hub,Kisumu,AGO,Line 6 (Sinendet-Kisumu),290,4640.0,2021-05-06,2021-05-06,0,4640.0,REORDER_POINT_BREACH,1,COMPLETED
AUT-B-000688,AUTONOMOUS,2021-05-08,Nairobi/Upstream Hub,Kisumu,AGO,Line 6 (Sinendet-Kisumu),290,4640.0,2021-05-10,2021-05-10,0,4640.0,REORDER_POINT_BREACH,1,COMPLETED
AUT-B-000689,AUTONOMOUS,2021-05-13,Nairobi/Upstream Hub,Kisumu,AGO,Line 6 (Sinendet-Kisumu),290,4640.0,2021-05-15,2021-05-15,0,4640.0,REORDER_POINT_BREACH,1,COMPLETED
AUT-B-000690,AUTONOMOUS,2021-05-17,Nairobi/Upstream Hub,Kisumu,AGO,Line 6 (Sinendet-Kisumu),290,4640.0,2021-05-19,2021-05-19,0,4640.0,REORDER_POINT_BREACH,1,COMPLETED
AUT-B-000691,AUTONOMOUS,2021-05-21,Nairobi/Upstream Hub,Kisumu,AGO,Line 6 (Sinendet-Kisumu),290,4640.0,2021-05-23,2021-05-23,0,4640.0,REORDER_POINT_BREACH,1,COMPLETED
AUT-B-000692,AUTONOMOUS,2021-05-25,Nairobi/Upstream Hub,Kisumu,AGO,Line 6 (Sinendet-Kisumu),290,4640.0,2021-05-27,2021-05-27,0,4640.0,REORDER_POINT_BREACH,1,COMPLETED
AUT-B-000693,AUTONOMOUS,2021-05-30,Nairobi/Upstream Hub,Kisumu,AGO,Line 6 (Sinendet-Kisumu),290,4640.0,2021-06-01,2021-06-01,0,4640.0,REORDER_POINT_BREACH,1,COMPLETED
AUT-B-000694,AUTONOMOUS,2021-06-03,Nairobi/Upstream Hub,Kisumu,AGO,Line 6 (Sinendet-Kisumu),290,4640.0,2021-06-05,2021-06-05,0,4640.0,REORDER_POINT_BREACH,1,COMPLETED
AUT-B-000695,AUTONOMOUS,2021-06-07,Nairobi/Upstream Hub,Kisumu,AGO,Line 6 (Sinendet-Kisumu),290,4640.0,2021-06-09,2021-06-09,0,4640.0,REORDER_POINT_BREACH,1,COMPLETED
AUT-B-000696,AUTONOMOUS,2021-06-12,Nairobi/Upstream Hub,Kisumu,AGO,Line 6 (Sinendet-Kisumu),290,4640.0,2021-06-14,2021-06-14,0,4640.0,REORDER_POINT_BREACH,1,COMPLETED
AUT-B-000697,AUTONOMOUS,2021-06-16,Nairobi/Upstream Hub,Kisumu,AGO,Line 6 (Sinendet-Kisumu),290,4640.0,2021-06-18,2021-06-18,0,4640.0,REORDER_POINT_BREACH,1,COMPLETED
AUT-B-000698,AUTONOMOUS,2021-06-21,Nairobi/Upstream Hub,Kisumu,AGO,Line 6 (Sinendet-Kisumu),290,4640.0,2021-06-23,2021-06-23,0,4640.0,REORDER_POINT_BREACH,1,COMPLETED
AUT-B-000699,AUTONOMOUS,2021-06-25,Nairobi/Upstream Hub,Kisumu,AGO,Line 6 (Sinendet-Kisumu),290,4640.0,2021-06-27,2021-06-27,0,4640.0,REORDER_POINT_BREACH,1,COMPLETED
AUT-B-000700,AUTONOMOUS,2021-06-30,Nairobi/Upstream Hub,Kisumu,AGO,Line 6 (Sinendet-Kisumu),290,4640.0,2021-07-02,2021-07-02,0,4640.0,REORDER_POINT_BREACH,1,COMPLETED
AUT-B-000701,AUTONOMOUS,2021-07-04,Nairobi/Upstream Hub,Kisumu,AGO,Line 6 (Sinendet-Kisumu),290,4640.0,2021-07-06,2021-07-06,0,4640.0,REORDER_POINT_BREACH,1,COMPLETED
AUT-B-000702,AUTONOMOUS,2021-07-08,Nairobi/Upstream Hub,Kisumu,AGO,Line 6 (Sinendet-Kisumu),290,4640.0,2021-07-10,2021-07-10,0,4640.0,REORDER_POINT_BREACH,1,COMPLETED
AUT-B-000703,AUTONOMOUS,2021-07-13,Nairobi/Upstream Hub,Kisumu,AGO,Line 6 (Sinendet-Kisumu),290,4640.0,2021-07-15,2021-07-15,0,4640.0,REORDER_POINT_BREACH,1,COMPLETED
AUT-B-000704,AUTONOMOUS,2021-07-17,Nairobi/Upstream Hub,Kisumu,AGO,Line 6 (Sinendet-Kisumu),290,4640.0,2021-07-19,2021-07-20,1,4640.0,REORDER_POINT_BREACH,1,COMPLETED
AUT-B-000705,AUTONOMOUS,2021-07-21,Nairobi/Upstream Hub,Kisumu,AGO,Line 6 (Sinendet-Kisumu),290,4640.0,2021-07-23,2021-07-23,0,4640.0,REORDER_POINT_BREACH,1,COMPLETED
AUT-B-000706,AUTONOMOUS,2021-07-26,Nairobi/Upstream Hub,Kisumu,AGO,Line 6 (Sinendet-Kisumu),290,4640.0,2021-07-28,2021-07-28,0,4640.0,REORDER_POINT_BREACH,1,COMPLETED
AUT-B-000707,AUTONOMOUS,2021-07-30,Nairobi/Upstream Hub,Kisumu,AGO,Line 6 (Sinendet-Kisumu),290,4640.0,2021-08-01,2021-08-01,0,4640.0,REORDER_POINT_BREACH,1,COMPLETED
AUT-B-000708,AUTONOMOUS,2021-08-03,Nairobi/Upstream Hub,Kisumu,AGO,Line 6 (Sinendet-Kisumu),290,4640.0,2021-08-05,2021-08-05,0,4640.0,REORDER_POINT_BREACH,1,COMPLETED
AUT-B-000709,AUTONOMOUS,2021-08-08,Nairobi/Upstream Hub,Kisumu,AGO,Line 6 (Sinendet-Kisumu),290,4640.0,2021-08-10,2021-08-11,1,4640.0,REORDER_POINT_BREACH,1,COMPLETED
AUT-B-000710,AUTONOMOUS,2021-08-12,Nairobi/Upstream Hub,Kisumu,AGO,Line 6 (Sinendet-Kisumu),290,4640.0,2021-08-14,2021-08-14,0,4640.0,REORDER_POINT_BREACH,1,COMPLETED
AUT-B-000711,AUTONOMOUS,2021-08-16,Nairobi/Upstream Hub,Kisumu,AGO,Line 6 (Sinendet-Kisumu),290,4640.0,2021-08-18,2021-08-19,1,4640.0,REORDER_POINT_BREACH,1,COMPLETED
AUT-B-000712,AUTONOMOUS,2021-08-20,Nairobi/Upstream Hub,Kisumu,AGO,Line 6 (Sinendet-Kisumu),290,4640.0,2021-08-22,2021-08-22,0,4640.0,REORDER_POINT_BREACH,1,COMPLETED
AUT-B-000713,AUTONOMOUS,2021-08-25,Nairobi/Upstream Hub,Kisumu,AGO,Line 6 (Sinendet-Kisumu),290,4640.0,2021-08-27,2021-08-27,0,4640.0,REORDER_POINT_BREACH,1,COMPLETED
AUT-B-000714,AUTONOMOUS,2021-08-29,Nairobi/Upstream Hub,Kisumu,AGO,Line 6 (Sinendet-Kisumu),290,4640.0,2021-08-31,2021-08-31,0,4640.0,REORDER_POINT_BREACH,1,COMPLETED
AUT-B-000715,AUTONOMOUS,2021-09-02,Nairobi/Upstream Hub,Kisumu,AGO,Line 6 (Sinendet-Kisumu),290,4640.0,2021-09-04,2021-09-04,0,4640.0,REORDER_POINT_BREACH,1,COMPLETED
AUT-B-000716,AUTONOMOUS,2021-09-06,Nairobi/Upstream Hub,Kisumu,AGO,Line 6 (Sinendet-Kisumu),290,4640.0,2021-09-08,2021-09-08,0,4640.0,REORDER_POINT_BREACH,1,COMPLETED
AUT-B-000717,AUTONOMOUS,2021-09-10,Nairobi/Upstream Hub,Kisumu,AGO,Line 6 (Sinendet-Kisumu),290,4640.0,2021-09-12,2021-09-12,0,4640.0,REORDER_POINT_BREACH,1,COMPLETED
AUT-B-000718,AUTONOMOUS,2021-09-15,Nairobi/Upstream Hub,Kisumu,AGO,Line 6 (Sinendet-Kisumu),290,4640.0,2021-09-17,2021-09-17,0,4640.0,REORDER_POINT_BREACH,1,COMPLETED
AUT-B-000719,AUTONOMOUS,2021-09-19,Nairobi/Upstream Hub,Kisumu,AGO,Line 6 (Sinendet-Kisumu),290,4640.0,2021-09-21,2021-09-21,0,4640.0,REORDER_POINT_BREACH,1,COMPLETED
AUT-B-000720,AUTONOMOUS,2021-09-23,Nairobi/Upstream Hub,Kisumu,AGO,Line 6 (Sinendet-Kisumu),290,4640.0,2021-09-25,2021-09-25,0,4640.0,REORDER_POINT_BREACH,1,COMPLETED
AUT-B-000721,AUTONOMOUS,2021-09-27,Nairobi/Upstream Hub,Kisumu,AGO,Line 6 (Sinendet-Kisumu),290,4640.0,2021-09-29,2021-09-29,0,4640.0,REORDER_POINT_BREACH,1,COMPLETED
AUT-B-000722,AUTONOMOUS,2021-10-01,Nairobi/Upstream Hub,Kisumu,AGO,Line 6 (Sinendet-Kisumu),290,4640.0,2021-10-03,2021-10-03,0,4640.0,REORDER_POINT_BREACH,1,COMPLETED
AUT-B-000723,AUTONOMOUS,2021-10-05,Nairobi/Upstream Hub,Kisumu,AGO,Line 6 (Sinendet-Kisumu),290,4640.0,2021-10-07,2021-10-08,1,4640.0,REORDER_POINT_BREACH,1,COMPLETED
AUT-B-000724,AUTONOMOUS,2021-10-08,Nairobi/Upstream Hub,Kisumu,AGO,Line 6 (Sinendet-Kisumu),290,4640.0,2021-10-10,2021-10-10,0,4640.0,REORDER_POINT_BREACH,1,COMPLETED
AUT-B-000725,AUTONOMOUS,2021-10-12,Nairobi/Upstream Hub,Kisumu,AGO,Line 6 (Sinendet-Kisumu),290,4640.0,2021-10-14,2021-10-14,0,4640.0,REORDER_POINT_BREACH,1,COMPLETED
AUT-B-000726,AUTONOMOUS,2021-10-15,Nairobi/Upstream Hub,Kisumu,AGO,Line 6 (Sinendet-Kisumu),290,4640.0,2021-10-17,2021-10-17,0,4640.0,REORDER_POINT_BREACH,1,COMPLETED
AUT-B-000727,AUTONOMOUS,2021-10-19,Nairobi/Upstream Hub,Kisumu,AGO,Line 6 (Sinendet-Kisumu),290,4640.0,2021-10-21,2021-10-21,0,4640.0,REORDER_POINT_BREACH,1,COMPLETED
AUT-B-000728,AUTONOMOUS,2021-10-23,Nairobi/Upstream Hub,Kisumu,AGO,Line 6 (Sinendet-Kisumu),290,4640.0,2021-10-25,2021-10-25,0,4640.0,REORDER_POINT_BREACH,1,COMPLETED
AUT-B-000729,AUTONOMOUS,2021-10-26,Nairobi/Upstream Hub,Kisumu,AGO,Line 6 (Sinendet-Kisumu),290,4640.0,2021-10-28,2021-10-28,0,4640.0,REORDER_POINT_BREACH,1,COMPLETED
AUT-B-000730,AUTONOMOUS,2021-10-30,Nairobi/Upstream Hub,Kisumu,AGO,Line 6 (Sinendet-Kisumu),290,4640.0,2021-11-01,2021-11-01,0,4640.0,REORDER_POINT_BREACH,1,COMPLETED
AUT-B-000731,AUTONOMOUS,2021-11-03,Nairobi/Upstream Hub,Kisumu,AGO,Line 6 (Sinendet-Kisumu),290,4640.0,2021-11-05,2021-11-06,1,4640.0,REORDER_POINT_BREACH,1,COMPLETED
AUT-B-000732,AUTONOMOUS,2021-11-08,Nairobi/Upstream Hub,Kisumu,AGO,Line 6 (Sinendet-Kisumu),290,4640.0,2021-11-10,2021-11-10,0,4640.0,REORDER_POINT_BREACH,1,COMPLETED
AUT-B-000733,AUTONOMOUS,2021-11-12,Nairobi/Upstream Hub,Kisumu,AGO,Line 6 (Sinendet-Kisumu),290,4640.0,2021-11-14,2021-11-14,0,4640.0,REORDER_POINT_BREACH,1,COMPLETED
AUT-B-000734,AUTONOMOUS,2021-11-16,Nairobi/Upstream Hub,Kisumu,AGO,Line 6 (Sinendet-Kisumu),290,4640.0,2021-11-18,2021-11-18,0,4640.0,REORDER_POINT_BREACH,1,COMPLETED
AUT-B-000735,AUTONOMOUS,2021-11-20,Nairobi/Upstream Hub,Kisumu,AGO,Line 6 (Sinendet-Kisumu),290,4640.0,2021-11-22,2021-11-22,0,4640.0,REORDER_POINT_BREACH,1,COMPLETED
AUT-B-000736,AUTONOMOUS,2021-11-24,Nairobi/Upstream Hub,Kisumu,AGO,Line 6 (Sinendet-Kisumu),290,4640.0,2021-11-26,2021-11-26,0,4640.0,REORDER_POINT_BREACH,1,COMPLETED
AUT-B-000737,AUTONOMOUS,2021-11-28,Nairobi/Upstream Hub,Kisumu,AGO,Line 6 (Sinendet-Kisumu),290,4640.0,2021-11-30,2021-11-30,0,4640.0,REORDER_POINT_BREACH,1,COMPLETED
AUT-B-000738,AUTONOMOUS,2021-12-03,Nairobi/Upstream Hub,Kisumu,AGO,Line 6 (Sinendet-Kisumu),290,4640.0,2021-12-05,2021-12-05,0,4640.0,REORDER_POINT_BREACH,1,COMPLETED
AUT-B-000739,AUTONOMOUS,2021-12-07,Nairobi/Upstream Hub,Kisumu,AGO,Line 6 (Sinendet-Kisumu),290,4640.0,2021-12-09,2021-12-09,0,4640.0,REORDER_POINT_BREACH,1,COMPLETED
AUT-B-000740,AUTONOMOUS,2021-12-11,Nairobi/Upstream Hub,Kisumu,AGO,Line 6 (Sinendet-Kisumu),290,4640.0,2021-12-13,2021-12-13,0,4640.0,REORDER_POINT_BREACH,1,COMPLETED
AUT-B-000741,AUTONOMOUS,2021-12-15,Nairobi/Upstream Hub,Kisumu,AGO,Line 6 (Sinendet-Kisumu),290,4640.0,2021-12-17,2021-12-17,0,4640.0,REORDER_POINT_BREACH,1,COMPLETED
AUT-B-000742,AUTONOMOUS,2021-12-19,Nairobi/Upstream Hub,Kisumu,AGO,Line 6 (Sinendet-Kisumu),290,4640.0,2021-12-21,2021-12-21,0,4640.0,REORDER_POINT_BREACH,1,COMPLETED
AUT-B-000743,AUTONOMOUS,2021-12-24,Nairobi/Upstream Hub,Kisumu,AGO,Line 6 (Sinendet-Kisumu),290,4640.0,2021-12-26,2021-12-26,0,4640.0,REORDER_POINT_BREACH,1,COMPLETED
AUT-B-000744,AUTONOMOUS,2021-12-28,Nairobi/Upstream Hub,Kisumu,AGO,Line 6 (Sinendet-Kisumu),290,4640.0,2021-12-30,2021-12-30,0,4640.0,REORDER_POINT_BREACH,1,COMPLETED
AUT-B-000745,AUTONOMOUS,2022-01-01,Nairobi/Upstream Hub,Kisumu,AGO,Line 6 (Sinendet-Kisumu),290,4640.0,2022-01-03,2022-01-03,0,4640.0,REORDER_POINT_BREACH,1,COMPLETED
AUT-B-000746,AUTONOMOUS,2022-01-05,Nairobi/Upstream Hub,Kisumu,AGO,Line 6 (Sinendet-Kisumu),290,4640.0,2022-01-07,2022-01-07,0,4640.0,REORDER_POINT_BREACH,1,COMPLETED
AUT-B-000747,AUTONOMOUS,2022-01-09,Nairobi/Upstream Hub,Kisumu,AGO,Line 6 (Sinendet-Kisumu),290,4640.0,2022-01-11,2022-01-11,0,4640.0,REORDER_POINT_BREACH,1,COMPLETED
AUT-B-000748,AUTONOMOUS,2022-01-13,Nairobi/Upstream Hub,Kisumu,AGO,Line 6 (Sinendet-Kisumu),290,4640.0,2022-01-15,2022-01-16,1,4640.0,REORDER_POINT_BREACH,1,COMPLETED
AUT-B-000749,AUTONOMOUS,2022-01-17,Nairobi/Upstream Hub,Kisumu,AGO,Line 6 (Sinendet-Kisumu),290,4640.0,2022-01-19,2022-01-19,0,4640.0,REORDER_POINT_BREACH,1,COMPLETED
AUT-B-000750,AUTONOMOUS,2022-01-21,Nairobi/Upstream Hub,Kisumu,AGO,Line 6 (Sinendet-Kisumu),290,4640.0,2022-01-23,2022-01-23,0,4640.0,REORDER_POINT_BREACH,1,COMPLETED
AUT-B-000751,AUTONOMOUS,2022-01-25,Nairobi/Upstream Hub,Kisumu,AGO,Line 6 (Sinendet-Kisumu),290,4640.0,2022-01-27,2022-01-27,0,4640.0,REORDER_POINT_BREACH,1,COMPLETED
AUT-B-000752,AUTONOMOUS,2022-01-29,Nairobi/Upstream Hub,Kisumu,AGO,Line 6 (Sinendet-Kisumu),290,4640.0,2022-01-31,2022-01-31,0,4640.0,REORDER_POINT_BREACH,1,COMPLETED
AUT-B-000753,AUTONOMOUS,2022-02-02,Nairobi/Upstream Hub,Kisumu,AGO,Line 6 (Sinendet-Kisumu),290,4640.0,2022-02-04,2022-02-04,0,4640.0,REORDER_POINT_BREACH,1,COMPLETED
AUT-B-000754,AUTONOMOUS,2022-02-06,Nairobi/Upstream Hub,Kisumu,AGO,Line 6 (Sinendet-Kisumu),290,4640.0,2022-02-08,2022-02-08,0,4640.0,REORDER_POINT_BREACH,1,COMPLETED
AUT-B-000755,AUTONOMOUS,2022-02-10,Nairobi/Upstream Hub,Kisumu,AGO,Line 6 (Sinendet-Kisumu),290,4640.0,2022-02-12,2022-02-14,2,4640.0,REORDER_POINT_BREACH,1,COMPLETED
AUT-B-000756,AUTONOMOUS,2022-02-15,Nairobi/Upstream Hub,Kisumu,AGO,Line 6 (Sinendet-Kisumu),290,4640.0,2022-02-17,2022-02-18,1,4640.0,REORDER_POINT_BREACH,1,COMPLETED
AUT-B-000757,AUTONOMOUS,2022-02-19,Nairobi/Upstream Hub,Kisumu,AGO,Line 6 (Sinendet-Kisumu),290,4640.0,2022-02-21,2022-02-21,0,4640.0,REORDER_POINT_BREACH,1,COMPLETED
AUT-B-000758,AUTONOMOUS,2022-02-23,Nairobi/Upstream Hub,Kisumu,AGO,Line 6 (Sinendet-Kisumu),290,4640.0,2022-02-25,2022-02-25,0,4640.0,REORDER_POINT_BREACH,1,COMPLETED
AUT-B-000759,AUTONOMOUS,2022-02-28,Nairobi/Upstream Hub,Kisumu,AGO,Line 6 (Sinendet-Kisumu),290,4640.0,2022-03-02,2022-03-02,0,4640.0,REORDER_POINT_BREACH,1,COMPLETED
AUT-B-000760,AUTONOMOUS,2022-03-04,Nairobi/Upstream Hub,Kisumu,AGO,Line 6 (Sinendet-Kisumu),290,4640.0,2022-03-06,2022-03-06,0,4640.0,REORDER_POINT_BREACH,1,COMPLETED
AUT-B-000761,AUTONOMOUS,2022-03-08,Nairobi/Upstream Hub,Kisumu,AGO,Line 6 (Sinendet-Kisumu),290,4640.0,2022-03-10,2022-03-10,0,4640.0,REORDER_POINT_BREACH,1,COMPLETED
AUT-B-000762,AUTONOMOUS,2022-03-12,Nairobi/Upstream Hub,Kisumu,AGO,Line 6 (Sinendet-Kisumu),290,4640.0,2022-03-14,2022-03-14,0,4640.0,REORDER_POINT_BREACH,1,COMPLETED
AUT-B-000763,AUTONOMOUS,2022-03-16,Nairobi/Upstream Hub,Kisumu,AGO,Line 6 (Sinendet-Kisumu),290,4640.0,2022-03-18,2022-03-18,0,4640.0,REORDER_POINT_BREACH,1,COMPLETED
AUT-B-000764,AUTONOMOUS,2022-03-20,Nairobi/Upstream Hub,Kisumu,AGO,Line 6 (Sinendet-Kisumu),290,4640.0,2022-03-22,2022-03-22,0,4640.0,REORDER_POINT_BREACH,1,COMPLETED
AUT-B-000765,AUTONOMOUS,2022-03-24,Nairobi/Upstream Hub,Kisumu,AGO,Line 6 (Sinendet-Kisumu),290,4640.0,2022-03-26,2022-03-26,0,4640.0,REORDER_POINT_BREACH,1,COMPLETED
AUT-B-000766,AUTONOMOUS,2022-03-28,Nairobi/Upstream Hub,Kisumu,AGO,Line 6 (Sinendet-Kisumu),290,4640.0,2022-03-30,2022-03-30,0,4640.0,REORDER_POINT_BREACH,1,COMPLETED
AUT-B-000767,AUTONOMOUS,2022-04-01,Nairobi/Upstream Hub,Kisumu,AGO,Line 6 (Sinendet-Kisumu),290,4640.0,2022-04-03,2022-04-03,0,4640.0,REORDER_POINT_BREACH,1,COMPLETED
AUT-B-000768,AUTONOMOUS,2022-04-05,Nairobi/Upstream Hub,Kisumu,AGO,Line 6 (Sinendet-Kisumu),290,4640.0,2022-04-07,2022-04-07,0,4640.0,REORDER_POINT_BREACH,1,COMPLETED
AUT-B-000769,AUTONOMOUS,2022-04-09,Nairobi/Upstream Hub,Kisumu,AGO,Line 6 (Sinendet-Kisumu),290,4640.0,2022-04-11,2022-04-11,0,4640.0,REORDER_POINT_BREACH,1,COMPLETED
AUT-B-000770,AUTONOMOUS,2022-04-13,Nairobi/Upstream Hub,Kisumu,AGO,Line 6 (Sinendet-Kisumu),290,4640.0,2022-04-15,2022-04-15,0,4640.0,REORDER_POINT_BREACH,1,COMPLETED
AUT-B-000771,AUTONOMOUS,2022-04-17,Nairobi/Upstream Hub,Kisumu,AGO,Line 6 (Sinendet-Kisumu),290,4640.0,2022-04-19,2022-04-19,0,4640.0,REORDER_POINT_BREACH,1,COMPLETED
AUT-B-000772,AUTONOMOUS,2022-04-21,Nairobi/Upstream Hub,Kisumu,AGO,Line 6 (Sinendet-Kisumu),290,4640.0,2022-04-23,2022-04-23,0,4640.0,REORDER_POINT_BREACH,1,COMPLETED
AUT-B-000773,AUTONOMOUS,2022-04-25,Nairobi/Upstream Hub,Kisumu,AGO,Line 6 (Sinendet-Kisumu),290,4640.0,2022-04-27,2022-04-27,0,4640.0,REORDER_POINT_BREACH,1,COMPLETED
AUT-B-000774,AUTONOMOUS,2022-04-29,Nairobi/Upstream Hub,Kisumu,AGO,Line 6 (Sinendet-Kisumu),290,4640.0,2022-05-01,2022-05-02,1,4640.0,REORDER_POINT_BREACH,1,COMPLETED
AUT-B-000775,AUTONOMOUS,2022-05-03,Nairobi/Upstream Hub,Kisumu,AGO,Line 6 (Sinendet-Kisumu),290,4640.0,2022-05-05,2022-05-05,0,4640.0,REORDER_POINT_BREACH,1,COMPLETED
AUT-B-000776,AUTONOMOUS,2022-05-07,Nairobi/Upstream Hub,Kisumu,AGO,Line 6 (Sinendet-Kisumu),290,4640.0,2022-05-09,2022-05-10,1,4640.0,REORDER_POINT_BREACH,1,COMPLETED
AUT-B-000777,AUTONOMOUS,2022-05-11,Nairobi/Upstream Hub,Kisumu,AGO,Line 6 (Sinendet-Kisumu),290,4640.0,2022-05-13,2022-05-13,0,4640.0,REORDER_POINT_BREACH,1,COMPLETED
AUT-B-000778,AUTONOMOUS,2022-05-15,Nairobi/Upstream Hub,Kisumu,AGO,Line 6 (Sinendet-Kisumu),290,4640.0,2022-05-17,2022-05-17,0,4640.0,REORDER_POINT_BREACH,1,COMPLETED
AUT-B-000779,AUTONOMOUS,2022-05-19,Nairobi/Upstream Hub,Kisumu,AGO,Line 6 (Sinendet-Kisumu),290,4640.0,2022-05-21,2022-05-22,1,4640.0,REORDER_POINT_BREACH,1,COMPLETED
AUT-B-000780,AUTONOMOUS,2022-05-23,Nairobi/Upstream Hub,Kisumu,AGO,Line 6 (Sinendet-Kisumu),290,4640.0,2022-05-25,2022-05-25,0,4640.0,REORDER_POINT_BREACH,1,COMPLETED
AUT-B-000781,AUTONOMOUS,2022-05-27,Nairobi/Upstream Hub,Kisumu,AGO,Line 6 (Sinendet-Kisumu),290,4640.0,2022-05-29,2022-05-30,1,4640.0,REORDER_POINT_BREACH,1,COMPLETED
AUT-B-000782,AUTONOMOUS,2022-05-31,Nairobi/Upstream Hub,Kisumu,AGO,Line 6 (Sinendet-Kisumu),290,4640.0,2022-06-02,2022-06-02,0,4640.0,REORDER_POINT_BREACH,1,COMPLETED
AUT-B-000783,AUTONOMOUS,2022-06-05,Nairobi/Upstream Hub,Kisumu,AGO,Line 6 (Sinendet-Kisumu),290,4640.0,2022-06-07,2022-06-07,0,4640.0,REORDER_POINT_BREACH,1,COMPLETED
AUT-B-000784,AUTONOMOUS,2022-06-09,Nairobi/Upstream Hub,Kisumu,AGO,Line 6 (Sinendet-Kisumu),290,4640.0,2022-06-11,2022-06-12,1,4640.0,REORDER_POINT_BREACH,1,COMPLETED
AUT-B-000785,AUTONOMOUS,2022-06-13,Nairobi/Upstream Hub,Kisumu,AGO,Line 6 (Sinendet-Kisumu),290,4640.0,2022-06-15,2022-06-15,0,4640.0,REORDER_POINT_BREACH,1,COMPLETED
AUT-B-000786,AUTONOMOUS,2022-06-17,Nairobi/Upstream Hub,Kisumu,AGO,Line 6 (Sinendet-Kisumu),290,4640.0,2022-06-19,2022-06-19,0,4640.0,REORDER_POINT_BREACH,1,COMPLETED
AUT-B-000787,AUTONOMOUS,2022-06-22,Nairobi/Upstream Hub,Kisumu,AGO,Line 6 (Sinendet-Kisumu),290,4640.0,2022-06-24,2022-06-24,0,4640.0,REORDER_POINT_BREACH,1,COMPLETED
AUT-B-000788,AUTONOMOUS,2022-06-26,Nairobi/Upstream Hub,Kisumu,AGO,Line 6 (Sinendet-Kisumu),290,4640.0,2022-06-28,2022-06-28,0,4640.0,REORDER_POINT_BREACH,1,COMPLETED
AUT-B-000789,AUTONOMOUS,2022-07-01,Nairobi/Upstream Hub,Kisumu,AGO,Line 6 (Sinendet-Kisumu),290,4640.0,2022-07-03,2022-07-03,0,4640.0,REORDER_POINT_BREACH,1,COMPLETED
AUT-B-000790,AUTONOMOUS,2022-07-05,Nairobi/Upstream Hub,Kisumu,AGO,Line 6 (Sinendet-Kisumu),290,4640.0,2022-07-07,2022-07-07,0,4640.0,REORDER_POINT_BREACH,1,COMPLETED
AUT-B-000791,AUTONOMOUS,2022-07-09,Nairobi/Upstream Hub,Kisumu,AGO,Line 6 (Sinendet-Kisumu),290,4640.0,2022-07-11,2022-07-11,0,4640.0,REORDER_POINT_BREACH,1,COMPLETED
AUT-B-000792,AUTONOMOUS,2022-07-13,Nairobi/Upstream Hub,Kisumu,AGO,Line 6 (Sinendet-Kisumu),290,4640.0,2022-07-15,2022-07-15,0,4640.0,REORDER_POINT_BREACH,1,COMPLETED
AUT-B-000793,AUTONOMOUS,2022-07-18,Nairobi/Upstream Hub,Kisumu,AGO,Line 6 (Sinendet-Kisumu),290,4640.0,2022-07-20,2022-07-22,2,4640.0,REORDER_POINT_BREACH,1,COMPLETED
AUT-B-000794,AUTONOMOUS,2022-07-22,Nairobi/Upstream Hub,Kisumu,AGO,Line 6 (Sinendet-Kisumu),290,4640.0,2022-07-24,2022-07-24,0,4640.0,REORDER_POINT_BREACH,1,COMPLETED
AUT-B-000795,AUTONOMOUS,2022-07-26,Nairobi/Upstream Hub,Kisumu,AGO,Line 6 (Sinendet-Kisumu),290,4640.0,2022-07-28,2022-07-28,0,4640.0,REORDER_POINT_BREACH,1,COMPLETED
AUT-B-000796,AUTONOMOUS,2022-07-30,Nairobi/Upstream Hub,Kisumu,AGO,Line 6 (Sinendet-Kisumu),290,4640.0,2022-08-01,2022-08-01,0,4640.0,REORDER_POINT_BREACH,1,COMPLETED
AUT-B-000797,AUTONOMOUS,2022-08-03,Nairobi/Upstream Hub,Kisumu,AGO,Line 6 (Sinendet-Kisumu),290,4640.0,2022-08-05,2022-08-05,0,4640.0,REORDER_POINT_BREACH,1,COMPLETED
AUT-B-000798,AUTONOMOUS,2022-08-07,Nairobi/Upstream Hub,Kisumu,AGO,Line 6 (Sinendet-Kisumu),290,4640.0,2022-08-09,2022-08-10,1,4640.0,REORDER_POINT_BREACH,1,COMPLETED
AUT-B-000799,AUTONOMOUS,2022-08-11,Nairobi/Upstream Hub,Kisumu,AGO,Line 6 (Sinendet-Kisumu),290,4640.0,2022-08-13,2022-08-13,0,4640.0,REORDER_POINT_BREACH,1,COMPLETED
AUT-B-000800,AUTONOMOUS,2022-08-16,Nairobi/Upstream Hub,Kisumu,AGO,Line 6 (Sinendet-Kisumu),290,4640.0,2022-08-18,2022-08-18,0,4640.0,REORDER_POINT_BREACH,1,COMPLETED
AUT-B-000801,AUTONOMOUS,2022-08-19,Nairobi/Upstream Hub,Kisumu,AGO,Line 6 (Sinendet-Kisumu),290,4640.0,2022-08-21,2022-08-21,0,4640.0,REORDER_POINT_BREACH,1,COMPLETED
AUT-B-000802,AUTONOMOUS,2022-08-24,Nairobi/Upstream Hub,Kisumu,AGO,Line 6 (Sinendet-Kisumu),290,4640.0,2022-08-26,2022-08-26,0,4640.0,REORDER_POINT_BREACH,1,COMPLETED
AUT-B-000803,AUTONOMOUS,2022-08-27,Nairobi/Upstream Hub,Kisumu,AGO,Line 6 (Sinendet-Kisumu),290,4640.0,2022-08-29,2022-08-29,0,4640.0,REORDER_POINT_BREACH,1,COMPLETED
AUT-B-000804,AUTONOMOUS,2022-09-01,Nairobi/Upstream Hub,Kisumu,AGO,Line 6 (Sinendet-Kisumu),290,4640.0,2022-09-03,2022-09-03,0,4640.0,REORDER_POINT_BREACH,1,COMPLETED
AUT-B-000805,AUTONOMOUS,2022-09-05,Nairobi/Upstream Hub,Kisumu,AGO,Line 6 (Sinendet-Kisumu),290,4640.0,2022-09-07,2022-09-07,0,4640.0,REORDER_POINT_BREACH,1,COMPLETED
AUT-B-000806,AUTONOMOUS,2022-09-08,Nairobi/Upstream Hub,Kisumu,AGO,Line 6 (Sinendet-Kisumu),290,4640.0,2022-09-10,2022-09-10,0,4640.0,REORDER_POINT_BREACH,1,COMPLETED
AUT-B-000807,AUTONOMOUS,2022-09-12,Nairobi/Upstream Hub,Kisumu,AGO,Line 6 (Sinendet-Kisumu),290,4640.0,2022-09-14,2022-09-14,0,4640.0,REORDER_POINT_BREACH,1,COMPLETED
AUT-B-000808,AUTONOMOUS,2022-09-16,Nairobi/Upstream Hub,Kisumu,AGO,Line 6 (Sinendet-Kisumu),290,4640.0,2022-09-18,2022-09-18,0,4640.0,REORDER_POINT_BREACH,1,COMPLETED
AUT-B-000809,AUTONOMOUS,2022-09-20,Nairobi/Upstream Hub,Kisumu,AGO,Line 6 (Sinendet-Kisumu),290,4640.0,2022-09-22,2022-09-23,1,4640.0,REORDER_POINT_BREACH,1,COMPLETED
AUT-B-000810,AUTONOMOUS,2022-09-24,Nairobi/Upstream Hub,Kisumu,AGO,Line 6 (Sinendet-Kisumu),290,4640.0,2022-09-26,2022-09-26,0,4640.0,REORDER_POINT_BREACH,1,COMPLETED
AUT-B-000811,AUTONOMOUS,2022-09-28,Nairobi/Upstream Hub,Kisumu,AGO,Line 6 (Sinendet-Kisumu),290,4640.0,2022-09-30,2022-09-30,0,4640.0,REORDER_POINT_BREACH,1,COMPLETED
AUT-B-000812,AUTONOMOUS,2022-10-02,Nairobi/Upstream Hub,Kisumu,AGO,Line 6 (Sinendet-Kisumu),290,4640.0,2022-10-04,2022-10-04,0,4640.0,REORDER_POINT_BREACH,1,COMPLETED
AUT-B-000813,AUTONOMOUS,2022-10-06,Nairobi/Upstream Hub,Kisumu,AGO,Line 6 (Sinendet-Kisumu),290,4640.0,2022-10-08,2022-10-08,0,4640.0,REORDER_POINT_BREACH,1,COMPLETED
AUT-B-000814,AUTONOMOUS,2022-10-09,Nairobi/Upstream Hub,Kisumu,AGO,Line 6 (Sinendet-Kisumu),290,4640.0,2022-10-11,2022-10-11,0,4640.0,REORDER_POINT_BREACH,1,COMPLETED
AUT-B-000815,AUTONOMOUS,2022-10-12,Nairobi/Upstream Hub,Kisumu,AGO,Line 6 (Sinendet-Kisumu),290,4640.0,2022-10-14,2022-10-14,0,4640.0,REORDER_POINT_BREACH,1,COMPLETED
AUT-B-000816,AUTONOMOUS,2022-10-16,Nairobi/Upstream Hub,Kisumu,AGO,Line 6 (Sinendet-Kisumu),290,4640.0,2022-10-18,2022-10-18,0,4640.0,REORDER_POINT_BREACH,1,COMPLETED
AUT-B-000817,AUTONOMOUS,2022-10-19,Nairobi/Upstream Hub,Kisumu,AGO,Line 6 (Sinendet-Kisumu),290,4640.0,2022-10-21,2022-10-21,0,4640.0,REORDER_POINT_BREACH,1,COMPLETED
AUT-B-000818,AUTONOMOUS,2022-10-22,Nairobi/Upstream Hub,Kisumu,AGO,Line 6 (Sinendet-Kisumu),290,4640.0,2022-10-24,2022-10-24,0,4640.0,REORDER_POINT_BREACH,1,COMPLETED
AUT-B-000819,AUTONOMOUS,2022-10-26,Nairobi/Upstream Hub,Kisumu,AGO,Line 6 (Sinendet-Kisumu),290,4640.0,2022-10-28,2022-10-28,0,4640.0,REORDER_POINT_BREACH,1,COMPLETED
AUT-B-000820,AUTONOMOUS,2022-10-29,Nairobi/Upstream Hub,Kisumu,AGO,Line 6 (Sinendet-Kisumu),290,4640.0,2022-10-31,2022-10-31,0,4640.0,REORDER_POINT_BREACH,1,COMPLETED
AUT-B-000821,AUTONOMOUS,2022-11-02,Nairobi/Upstream Hub,Kisumu,AGO,Line 6 (Sinendet-Kisumu),290,4640.0,2022-11-04,2022-11-04,0,4640.0,REORDER_POINT_BREACH,1,COMPLETED
AUT-B-000822,AUTONOMOUS,2022-11-06,Nairobi/Upstream Hub,Kisumu,AGO,Line 6 (Sinendet-Kisumu),290,4640.0,2022-11-08,2022-11-09,1,4640.0,REORDER_POINT_BREACH,1,COMPLETED
AUT-B-000823,AUTONOMOUS,2022-11-10,Nairobi/Upstream Hub,Kisumu,AGO,Line 6 (Sinendet-Kisumu),290,4640.0,2022-11-12,2022-11-12,0,4640.0,REORDER_POINT_BREACH,1,COMPLETED
AUT-B-000824,AUTONOMOUS,2022-11-14,Nairobi/Upstream Hub,Kisumu,AGO,Line 6 (Sinendet-Kisumu),290,4640.0,2022-11-16,2022-11-16,0,4640.0,REORDER_POINT_BREACH,1,COMPLETED
AUT-B-000825,AUTONOMOUS,2022-11-18,Nairobi/Upstream Hub,Kisumu,AGO,Line 6 (Sinendet-Kisumu),290,4640.0,2022-11-20,2022-11-20,0,4640.0,REORDER_POINT_BREACH,1,COMPLETED
AUT-B-000826,AUTONOMOUS,2022-11-23,Nairobi/Upstream Hub,Kisumu,AGO,Line 6 (Sinendet-Kisumu),290,4640.0,2022-11-25,2022-11-26,1,4640.0,REORDER_POINT_BREACH,1,COMPLETED
AUT-B-000827,AUTONOMOUS,2022-11-27,Nairobi/Upstream Hub,Kisumu,AGO,Line 6 (Sinendet-Kisumu),290,4640.0,2022-11-29,2022-11-29,0,4640.0,REORDER_POINT_BREACH,1,COMPLETED
AUT-B-000828,AUTONOMOUS,2022-12-01,Nairobi/Upstream Hub,Kisumu,AGO,Line 6 (Sinendet-Kisumu),290,4640.0,2022-12-03,2022-12-03,0,4640.0,REORDER_POINT_BREACH,1,COMPLETED
AUT-B-000829,AUTONOMOUS,2022-12-05,Nairobi/Upstream Hub,Kisumu,AGO,Line 6 (Sinendet-Kisumu),290,4640.0,2022-12-07,2022-12-07,0,4640.0,REORDER_POINT_BREACH,1,COMPLETED
AUT-B-000830,AUTONOMOUS,2022-12-09,Nairobi/Upstream Hub,Kisumu,AGO,Line 6 (Sinendet-Kisumu),290,4640.0,2022-12-11,2022-12-11,0,4640.0,REORDER_POINT_BREACH,1,COMPLETED
AUT-B-000831,AUTONOMOUS,2022-12-13,Nairobi/Upstream Hub,Kisumu,AGO,Line 6 (Sinendet-Kisumu),290,4640.0,2022-12-15,2022-12-15,0,4640.0,REORDER_POINT_BREACH,1,COMPLETED
AUT-B-000832,AUTONOMOUS,2022-12-17,Nairobi/Upstream Hub,Kisumu,AGO,Line 6 (Sinendet-Kisumu),290,4640.0,2022-12-19,2022-12-19,0,4640.0,REORDER_POINT_BREACH,1,COMPLETED
AUT-B-000833,AUTONOMOUS,2022-12-21,Nairobi/Upstream Hub,Kisumu,AGO,Line 6 (Sinendet-Kisumu),290,4640.0,2022-12-23,2022-12-23,0,4640.0,REORDER_POINT_BREACH,1,COMPLETED
AUT-B-000834,AUTONOMOUS,2022-12-25,Nairobi/Upstream Hub,Kisumu,AGO,Line 6 (Sinendet-Kisumu),290,4640.0,2022-12-27,2022-12-27,0,4640.0,REORDER_POINT_BREACH,1,COMPLETED
AUT-B-000835,AUTONOMOUS,2022-12-29,Nairobi/Upstream Hub,Kisumu,AGO,Line 6 (Sinendet-Kisumu),290,4640.0,2022-12-31,2022-12-31,0,4640.0,REORDER_POINT_BREACH,1,COMPLETED
AUT-B-000836,AUTONOMOUS,2023-01-02,Nairobi/Upstream Hub,Kisumu,AGO,Line 6 (Sinendet-Kisumu),290,4640.0,2023-01-04,2023-01-04,0,4640.0,REORDER_POINT_BREACH,1,COMPLETED
AUT-B-000837,AUTONOMOUS,2023-01-06,Nairobi/Upstream Hub,Kisumu,AGO,Line 6 (Sinendet-Kisumu),290,4640.0,2023-01-08,2023-01-08,0,4640.0,REORDER_POINT_BREACH,1,COMPLETED
AUT-B-000838,AUTONOMOUS,2023-01-10,Nairobi/Upstream Hub,Kisumu,AGO,Line 6 (Sinendet-Kisumu),290,4640.0,2023-01-12,2023-01-12,0,4640.0,REORDER_POINT_BREACH,1,COMPLETED
AUT-B-000839,AUTONOMOUS,2023-01-14,Nairobi/Upstream Hub,Kisumu,AGO,Line 6 (Sinendet-Kisumu),290,4640.0,2023-01-16,2023-01-16,0,4640.0,REORDER_POINT_BREACH,1,COMPLETED
AUT-B-000840,AUTONOMOUS,2023-01-18,Nairobi/Upstream Hub,Kisumu,AGO,Line 6 (Sinendet-Kisumu),290,4640.0,2023-01-20,2023-01-20,0,4640.0,REORDER_POINT_BREACH,1,COMPLETED
AUT-B-000841,AUTONOMOUS,2023-01-23,Nairobi/Upstream Hub,Kisumu,AGO,Line 6 (Sinendet-Kisumu),290,4640.0,2023-01-25,2023-01-25,0,4640.0,REORDER_POINT_BREACH,1,COMPLETED
AUT-B-000842,AUTONOMOUS,2023-01-27,Nairobi/Upstream Hub,Kisumu,AGO,Line 6 (Sinendet-Kisumu),290,4640.0,2023-01-29,2023-01-29,0,4640.0,REORDER_POINT_BREACH,1,COMPLETED
AUT-B-000843,AUTONOMOUS,2023-01-31,Nairobi/Upstream Hub,Kisumu,AGO,Line 6 (Sinendet-Kisumu),290,4640.0,2023-02-02,2023-02-02,0,4640.0,REORDER_POINT_BREACH,1,COMPLETED
AUT-B-000844,AUTONOMOUS,2023-02-04,Nairobi/Upstream Hub,Kisumu,AGO,Line 6 (Sinendet-Kisumu),290,4640.0,2023-02-06,2023-02-06,0,4640.0,REORDER_POINT_BREACH,1,COMPLETED
AUT-B-000845,AUTONOMOUS,2023-02-08,Nairobi/Upstream Hub,Kisumu,AGO,Line 6 (Sinendet-Kisumu),290,4640.0,2023-02-10,2023-02-10,0,4640.0,REORDER_POINT_BREACH,1,COMPLETED
AUT-B-000846,AUTONOMOUS,2023-02-13,Nairobi/Upstream Hub,Kisumu,AGO,Line 6 (Sinendet-Kisumu),290,4640.0,2023-02-15,2023-02-15,0,4640.0,REORDER_POINT_BREACH,1,COMPLETED
AUT-B-000847,AUTONOMOUS,2023-02-17,Nairobi/Upstream Hub,Kisumu,AGO,Line 6 (Sinendet-Kisumu),290,4640.0,2023-02-19,2023-02-19,0,4640.0,REORDER_POINT_BREACH,1,COMPLETED
AUT-B-000848,AUTONOMOUS,2023-02-22,Nairobi/Upstream Hub,Kisumu,AGO,Line 6 (Sinendet-Kisumu),290,4640.0,2023-02-24,2023-02-24,0,4640.0,REORDER_POINT_BREACH,1,COMPLETED
AUT-B-000849,AUTONOMOUS,2023-02-26,Nairobi/Upstream Hub,Kisumu,AGO,Line 6 (Sinendet-Kisumu),290,4640.0,2023-02-28,2023-02-28,0,4640.0,REORDER_POINT_BREACH,1,COMPLETED
AUT-B-000850,AUTONOMOUS,2023-03-03,Nairobi/Upstream Hub,Kisumu,AGO,Line 6 (Sinendet-Kisumu),290,4640.0,2023-03-05,2023-03-05,0,4640.0,REORDER_POINT_BREACH,1,COMPLETED
AUT-B-000851,AUTONOMOUS,2023-03-07,Nairobi/Upstream Hub,Kisumu,AGO,Line 6 (Sinendet-Kisumu),290,4640.0,2023-03-09,2023-03-10,1,4640.0,REORDER_POINT_BREACH,1,COMPLETED
AUT-B-000852,AUTONOMOUS,2023-03-11,Nairobi/Upstream Hub,Kisumu,AGO,Line 6 (Sinendet-Kisumu),290,4640.0,2023-03-13,2023-03-13,0,4640.0,REORDER_POINT_BREACH,1,COMPLETED
AUT-B-000853,AUTONOMOUS,2023-03-16,Nairobi/Upstream Hub,Kisumu,AGO,Line 6 (Sinendet-Kisumu),290,4640.0,2023-03-18,2023-03-18,0,4640.0,REORDER_POINT_BREACH,1,COMPLETED
AUT-B-000854,AUTONOMOUS,2023-03-20,Nairobi/Upstream Hub,Kisumu,AGO,Line 6 (Sinendet-Kisumu),290,4640.0,2023-03-22,2023-03-22,0,4640.0,REORDER_POINT_BREACH,1,COMPLETED
AUT-B-000855,AUTONOMOUS,2023-03-24,Nairobi/Upstream Hub,Kisumu,AGO,Line 6 (Sinendet-Kisumu),290,4640.0,2023-03-26,2023-03-26,0,4640.0,REORDER_POINT_BREACH,1,COMPLETED
AUT-B-000856,AUTONOMOUS,2023-03-28,Nairobi/Upstream Hub,Kisumu,AGO,Line 6 (Sinendet-Kisumu),290,4640.0,2023-03-30,2023-03-30,0,4640.0,REORDER_POINT_BREACH,1,COMPLETED
AUT-B-000857,AUTONOMOUS,2023-04-01,Nairobi/Upstream Hub,Kisumu,AGO,Line 6 (Sinendet-Kisumu),290,4640.0,2023-04-03,2023-04-03,0,4640.0,REORDER_POINT_BREACH,1,COMPLETED
AUT-B-000858,AUTONOMOUS,2023-04-05,Nairobi/Upstream Hub,Kisumu,AGO,Line 6 (Sinendet-Kisumu),290,4640.0,2023-04-07,2023-04-07,0,4640.0,REORDER_POINT_BREACH,1,COMPLETED
AUT-B-000859,AUTONOMOUS,2023-04-09,Nairobi/Upstream Hub,Kisumu,AGO,Line 6 (Sinendet-Kisumu),290,4640.0,2023-04-11,2023-04-11,0,4640.0,REORDER_POINT_BREACH,1,COMPLETED
AUT-B-000860,AUTONOMOUS,2023-04-13,Nairobi/Upstream Hub,Kisumu,AGO,Line 6 (Sinendet-Kisumu),290,4640.0,2023-04-15,2023-04-16,1,4640.0,REORDER_POINT_BREACH,1,COMPLETED
AUT-B-000861,AUTONOMOUS,2023-04-18,Nairobi/Upstream Hub,Kisumu,AGO,Line 6 (Sinendet-Kisumu),290,4640.0,2023-04-20,2023-04-20,0,4640.0,REORDER_POINT_BREACH,1,COMPLETED
AUT-B-000862,AUTONOMOUS,2023-04-22,Nairobi/Upstream Hub,Kisumu,AGO,Line 6 (Sinendet-Kisumu),290,4640.0,2023-04-24,2023-04-24,0,4640.0,REORDER_POINT_BREACH,1,COMPLETED
AUT-B-000863,AUTONOMOUS,2023-04-26,Nairobi/Upstream Hub,Kisumu,AGO,Line 6 (Sinendet-Kisumu),290,4640.0,2023-04-28,2023-04-28,0,4640.0,REORDER_POINT_BREACH,1,COMPLETED
AUT-B-000864,AUTONOMOUS,2023-04-30,Nairobi/Upstream Hub,Kisumu,AGO,Line 6 (Sinendet-Kisumu),290,4640.0,2023-05-02,2023-05-03,1,4640.0,REORDER_POINT_BREACH,1,COMPLETED
AUT-B-000865,AUTONOMOUS,2023-05-04,Nairobi/Upstream Hub,Kisumu,AGO,Line 6 (Sinendet-Kisumu),290,4640.0,2023-05-06,2023-05-07,1,4640.0,REORDER_POINT_BREACH,1,COMPLETED
AUT-B-000866,AUTONOMOUS,2023-05-08,Nairobi/Upstream Hub,Kisumu,AGO,Line 6 (Sinendet-Kisumu),290,4640.0,2023-05-10,2023-05-10,0,4640.0,REORDER_POINT_BREACH,1,COMPLETED
AUT-B-000867,AUTONOMOUS,2023-05-12,Nairobi/Upstream Hub,Kisumu,AGO,Line 6 (Sinendet-Kisumu),290,4640.0,2023-05-14,2023-05-14,0,4640.0,REORDER_POINT_BREACH,1,COMPLETED
AUT-B-000868,AUTONOMOUS,2023-05-17,Nairobi/Upstream Hub,Kisumu,AGO,Line 6 (Sinendet-Kisumu),290,4640.0,2023-05-19,2023-05-19,0,4640.0,REORDER_POINT_BREACH,1,COMPLETED
AUT-B-000869,AUTONOMOUS,2023-05-21,Nairobi/Upstream Hub,Kisumu,AGO,Line 6 (Sinendet-Kisumu),290,4640.0,2023-05-23,2023-05-23,0,4640.0,REORDER_POINT_BREACH,1,COMPLETED
AUT-B-000870,AUTONOMOUS,2023-05-25,Nairobi/Upstream Hub,Kisumu,AGO,Line 6 (Sinendet-Kisumu),290,4640.0,2023-05-27,2023-05-27,0,4640.0,REORDER_POINT_BREACH,1,COMPLETED
AUT-B-000871,AUTONOMOUS,2023-05-29,Nairobi/Upstream Hub,Kisumu,AGO,Line 6 (Sinendet-Kisumu),290,4640.0,2023-05-31,2023-05-31,0,4640.0,REORDER_POINT_BREACH,1,COMPLETED
AUT-B-000872,AUTONOMOUS,2023-06-02,Nairobi/Upstream Hub,Kisumu,AGO,Line 6 (Sinendet-Kisumu),290,4640.0,2023-06-04,2023-06-04,0,4640.0,REORDER_POINT_BREACH,1,COMPLETED
AUT-B-000873,AUTONOMOUS,2023-06-07,Nairobi/Upstream Hub,Kisumu,AGO,Line 6 (Sinendet-Kisumu),290,4640.0,2023-06-09,2023-06-09,0,4640.0,REORDER_POINT_BREACH,1,COMPLETED
AUT-B-000874,AUTONOMOUS,2023-06-11,Nairobi/Upstream Hub,Kisumu,AGO,Line 6 (Sinendet-Kisumu),290,4640.0,2023-06-13,2023-06-13,0,4640.0,REORDER_POINT_BREACH,1,COMPLETED
AUT-B-000875,AUTONOMOUS,2023-06-16,Nairobi/Upstream Hub,Kisumu,AGO,Line 6 (Sinendet-Kisumu),290,4640.0,2023-06-18,2023-06-18,0,4640.0,REORDER_POINT_BREACH,1,COMPLETED
AUT-B-000876,AUTONOMOUS,2023-06-20,Nairobi/Upstream Hub,Kisumu,AGO,Line 6 (Sinendet-Kisumu),290,4640.0,2023-06-22,2023-06-22,0,4640.0,REORDER_POINT_BREACH,1,COMPLETED
AUT-B-000877,AUTONOMOUS,2023-06-25,Nairobi/Upstream Hub,Kisumu,AGO,Line 6 (Sinendet-Kisumu),290,4640.0,2023-06-27,2023-06-27,0,4640.0,REORDER_POINT_BREACH,1,COMPLETED
AUT-B-000878,AUTONOMOUS,2023-06-29,Nairobi/Upstream Hub,Kisumu,AGO,Line 6 (Sinendet-Kisumu),290,4640.0,2023-07-01,2023-07-01,0,4640.0,REORDER_POINT_BREACH,1,COMPLETED
AUT-B-000879,AUTONOMOUS,2023-07-03,Nairobi/Upstream Hub,Kisumu,AGO,Line 6 (Sinendet-Kisumu),290,4640.0,2023-07-05,2023-07-06,1,4640.0,REORDER_POINT_BREACH,1,COMPLETED
AUT-B-000880,AUTONOMOUS,2023-07-07,Nairobi/Upstream Hub,Kisumu,AGO,Line 6 (Sinendet-Kisumu),290,4640.0,2023-07-09,2023-07-10,1,4640.0,REORDER_POINT_BREACH,1,COMPLETED
AUT-B-000881,AUTONOMOUS,2023-07-12,Nairobi/Upstream Hub,Kisumu,AGO,Line 6 (Sinendet-Kisumu),290,4640.0,2023-07-14,2023-07-14,0,4640.0,REORDER_POINT_BREACH,1,COMPLETED
AUT-B-000882,AUTONOMOUS,2023-07-16,Nairobi/Upstream Hub,Kisumu,AGO,Line 6 (Sinendet-Kisumu),290,4640.0,2023-07-18,2023-07-19,1,4640.0,REORDER_POINT_BREACH,1,COMPLETED
AUT-B-000883,AUTONOMOUS,2023-07-21,Nairobi/Upstream Hub,Kisumu,AGO,Line 6 (Sinendet-Kisumu),290,4640.0,2023-07-23,2023-07-23,0,4640.0,REORDER_POINT_BREACH,1,COMPLETED
AUT-B-000884,AUTONOMOUS,2023-07-25,Nairobi/Upstream Hub,Kisumu,AGO,Line 6 (Sinendet-Kisumu),290,4640.0,2023-07-27,2023-07-27,0,4640.0,REORDER_POINT_BREACH,1,COMPLETED
AUT-B-000885,AUTONOMOUS,2023-07-29,Nairobi/Upstream Hub,Kisumu,AGO,Line 6 (Sinendet-Kisumu),290,4640.0,2023-07-31,2023-07-31,0,4640.0,REORDER_POINT_BREACH,1,COMPLETED
AUT-B-000886,AUTONOMOUS,2023-08-02,Nairobi/Upstream Hub,Kisumu,AGO,Line 6 (Sinendet-Kisumu),290,4640.0,2023-08-04,2023-08-04,0,4640.0,REORDER_POINT_BREACH,1,COMPLETED
AUT-B-000887,AUTONOMOUS,2023-08-07,Nairobi/Upstream Hub,Kisumu,AGO,Line 6 (Sinendet-Kisumu),290,4640.0,2023-08-09,2023-08-09,0,4640.0,REORDER_POINT_BREACH,1,COMPLETED
AUT-B-000888,AUTONOMOUS,2023-08-11,Nairobi/Upstream Hub,Kisumu,AGO,Line 6 (Sinendet-Kisumu),290,4640.0,2023-08-13,2023-08-13,0,4640.0,REORDER_POINT_BREACH,1,COMPLETED
AUT-B-000889,AUTONOMOUS,2023-08-15,Nairobi/Upstream Hub,Kisumu,AGO,Line 6 (Sinendet-Kisumu),290,4640.0,2023-08-17,2023-08-17,0,4640.0,REORDER_POINT_BREACH,1,COMPLETED
AUT-B-000890,AUTONOMOUS,2023-08-20,Nairobi/Upstream Hub,Kisumu,AGO,Line 6 (Sinendet-Kisumu),290,4640.0,2023-08-22,2023-08-22,0,4640.0,REORDER_POINT_BREACH,1,COMPLETED
AUT-B-000891,AUTONOMOUS,2023-08-24,Nairobi/Upstream Hub,Kisumu,AGO,Line 6 (Sinendet-Kisumu),290,4640.0,2023-08-26,2023-08-27,1,4640.0,REORDER_POINT_BREACH,1,COMPLETED
AUT-B-000892,AUTONOMOUS,2023-08-28,Nairobi/Upstream Hub,Kisumu,AGO,Line 6 (Sinendet-Kisumu),290,4640.0,2023-08-30,2023-08-30,0,4640.0,REORDER_POINT_BREACH,1,COMPLETED
AUT-B-000893,AUTONOMOUS,2023-09-01,Nairobi/Upstream Hub,Kisumu,AGO,Line 6 (Sinendet-Kisumu),290,4640.0,2023-09-03,2023-09-03,0,4640.0,REORDER_POINT_BREACH,1,COMPLETED
AUT-B-000894,AUTONOMOUS,2023-09-05,Nairobi/Upstream Hub,Kisumu,AGO,Line 6 (Sinendet-Kisumu),290,4640.0,2023-09-07,2023-09-07,0,4640.0,REORDER_POINT_BREACH,1,COMPLETED
AUT-B-000895,AUTONOMOUS,2023-09-09,Nairobi/Upstream Hub,Kisumu,AGO,Line 6 (Sinendet-Kisumu),290,4640.0,2023-09-11,2023-09-11,0,4640.0,REORDER_POINT_BREACH,1,COMPLETED
AUT-B-000896,AUTONOMOUS,2023-09-13,Nairobi/Upstream Hub,Kisumu,AGO,Line 6 (Sinendet-Kisumu),290,4640.0,2023-09-15,2023-09-15,0,4640.0,REORDER_POINT_BREACH,1,COMPLETED
AUT-B-000897,AUTONOMOUS,2023-09-17,Nairobi/Upstream Hub,Kisumu,AGO,Line 6 (Sinendet-Kisumu),290,4640.0,2023-09-19,2023-09-19,0,4640.0,REORDER_POINT_BREACH,1,COMPLETED
AUT-B-000898,AUTONOMOUS,2023-09-21,Nairobi/Upstream Hub,Kisumu,AGO,Line 6 (Sinendet-Kisumu),290,4640.0,2023-09-23,2023-09-23,0,4640.0,REORDER_POINT_BREACH,1,COMPLETED
AUT-B-000899,AUTONOMOUS,2023-09-26,Nairobi/Upstream Hub,Kisumu,AGO,Line 6 (Sinendet-Kisumu),290,4640.0,2023-09-28,2023-09-28,0,4640.0,REORDER_POINT_BREACH,1,COMPLETED
AUT-B-000900,AUTONOMOUS,2023-09-29,Nairobi/Upstream Hub,Kisumu,AGO,Line 6 (Sinendet-Kisumu),290,4640.0,2023-10-01,2023-10-01,0,4640.0,REORDER_POINT_BREACH,1,COMPLETED
AUT-B-000901,AUTONOMOUS,2023-10-03,Nairobi/Upstream Hub,Kisumu,AGO,Line 6 (Sinendet-Kisumu),290,4640.0,2023-10-05,2023-10-05,0,4640.0,REORDER_POINT_BREACH,1,COMPLETED
AUT-B-000902,AUTONOMOUS,2023-10-07,Nairobi/Upstream Hub,Kisumu,AGO,Line 6 (Sinendet-Kisumu),290,4640.0,2023-10-09,2023-10-09,0,4640.0,REORDER_POINT_BREACH,1,COMPLETED
AUT-B-000903,AUTONOMOUS,2023-10-10,Nairobi/Upstream Hub,Kisumu,AGO,Line 6 (Sinendet-Kisumu),290,4640.0,2023-10-12,2023-10-12,0,4640.0,REORDER_POINT_BREACH,1,COMPLETED
AUT-B-000904,AUTONOMOUS,2023-10-14,Nairobi/Upstream Hub,Kisumu,AGO,Line 6 (Sinendet-Kisumu),290,4640.0,2023-10-16,2023-10-17,1,4640.0,REORDER_POINT_BREACH,1,COMPLETED
AUT-B-000905,AUTONOMOUS,2023-10-18,Nairobi/Upstream Hub,Kisumu,AGO,Line 6 (Sinendet-Kisumu),290,4640.0,2023-10-20,2023-10-20,0,4640.0,REORDER_POINT_BREACH,1,COMPLETED
AUT-B-000906,AUTONOMOUS,2023-10-21,Nairobi/Upstream Hub,Kisumu,AGO,Line 6 (Sinendet-Kisumu),290,4640.0,2023-10-23,2023-10-23,0,4640.0,REORDER_POINT_BREACH,1,COMPLETED
AUT-B-000907,AUTONOMOUS,2023-10-25,Nairobi/Upstream Hub,Kisumu,AGO,Line 6 (Sinendet-Kisumu),290,4640.0,2023-10-27,2023-10-27,0,4640.0,REORDER_POINT_BREACH,1,COMPLETED
AUT-B-000908,AUTONOMOUS,2023-10-28,Nairobi/Upstream Hub,Kisumu,AGO,Line 6 (Sinendet-Kisumu),290,4640.0,2023-10-30,2023-10-30,0,4640.0,REORDER_POINT_BREACH,1,COMPLETED
AUT-B-000909,AUTONOMOUS,2023-11-01,Nairobi/Upstream Hub,Kisumu,AGO,Line 6 (Sinendet-Kisumu),290,4640.0,2023-11-03,2023-11-04,1,4640.0,REORDER_POINT_BREACH,1,COMPLETED
AUT-B-000910,AUTONOMOUS,2023-11-05,Nairobi/Upstream Hub,Kisumu,AGO,Line 6 (Sinendet-Kisumu),290,4640.0,2023-11-07,2023-11-07,0,4640.0,REORDER_POINT_BREACH,1,COMPLETED
AUT-B-000911,AUTONOMOUS,2023-11-09,Nairobi/Upstream Hub,Kisumu,AGO,Line 6 (Sinendet-Kisumu),290,4640.0,2023-11-11,2023-11-11,0,4640.0,REORDER_POINT_BREACH,1,COMPLETED
AUT-B-000912,AUTONOMOUS,2023-11-13,Nairobi/Upstream Hub,Kisumu,AGO,Line 6 (Sinendet-Kisumu),290,4640.0,2023-11-15,2023-11-15,0,4640.0,REORDER_POINT_BREACH,1,COMPLETED
AUT-B-000913,AUTONOMOUS,2023-11-17,Nairobi/Upstream Hub,Kisumu,AGO,Line 6 (Sinendet-Kisumu),290,4640.0,2023-11-19,2023-11-19,0,4640.0,REORDER_POINT_BREACH,1,COMPLETED
AUT-B-000914,AUTONOMOUS,2023-11-21,Nairobi/Upstream Hub,Kisumu,AGO,Line 6 (Sinendet-Kisumu),290,4640.0,2023-11-23,2023-11-23,0,4640.0,REORDER_POINT_BREACH,1,COMPLETED
AUT-B-000915,AUTONOMOUS,2023-11-25,Nairobi/Upstream Hub,Kisumu,AGO,Line 6 (Sinendet-Kisumu),290,4640.0,2023-11-27,2023-11-27,0,4640.0,REORDER_POINT_BREACH,1,COMPLETED
AUT-B-000916,AUTONOMOUS,2023-11-29,Nairobi/Upstream Hub,Kisumu,AGO,Line 6 (Sinendet-Kisumu),290,4640.0,2023-12-01,2023-12-01,0,4640.0,REORDER_POINT_BREACH,1,COMPLETED
AUT-B-000917,AUTONOMOUS,2023-12-04,Nairobi/Upstream Hub,Kisumu,AGO,Line 6 (Sinendet-Kisumu),290,4640.0,2023-12-06,2023-12-06,0,4640.0,REORDER_POINT_BREACH,1,COMPLETED
AUT-B-000918,AUTONOMOUS,2023-12-08,Nairobi/Upstream Hub,Kisumu,AGO,Line 6 (Sinendet-Kisumu),290,4640.0,2023-12-10,2023-12-10,0,4640.0,REORDER_POINT_BREACH,1,COMPLETED
AUT-B-000919,AUTONOMOUS,2023-12-12,Nairobi/Upstream Hub,Kisumu,AGO,Line 6 (Sinendet-Kisumu),290,4640.0,2023-12-14,2023-12-16,2,4640.0,REORDER_POINT_BREACH,1,COMPLETED
AUT-B-000920,AUTONOMOUS,2023-12-16,Nairobi/Upstream Hub,Kisumu,AGO,Line 6 (Sinendet-Kisumu),290,4640.0,2023-12-18,2023-12-18,0,4640.0,REORDER_POINT_BREACH,1,COMPLETED
AUT-B-000921,AUTONOMOUS,2023-12-20,Nairobi/Upstream Hub,Kisumu,AGO,Line 6 (Sinendet-Kisumu),290,4640.0,2023-12-22,2023-12-22,0,4640.0,REORDER_POINT_BREACH,1,COMPLETED
AUT-B-000922,AUTONOMOUS,2023-12-25,Nairobi/Upstream Hub,Kisumu,AGO,Line 6 (Sinendet-Kisumu),290,4640.0,2023-12-27,2023-12-27,0,4640.0,REORDER_POINT_BREACH,1,COMPLETED
AUT-B-000923,AUTONOMOUS,2023-12-29,Nairobi/Upstream Hub,Kisumu,AGO,Line 6 (Sinendet-Kisumu),290,4640.0,2023-12-31,2023-12-31,0,4640.0,REORDER_POINT_BREACH,1,COMPLETED
AUT-B-000924,AUTONOMOUS,2024-01-02,Nairobi/Upstream Hub,Kisumu,AGO,Line 6 (Sinendet-Kisumu),290,4640.0,2024-01-04,2024-01-04,0,4640.0,REORDER_POINT_BREACH,1,COMPLETED
AUT-B-000925,AUTONOMOUS,2024-01-06,Nairobi/Upstream Hub,Kisumu,AGO,Line 6 (Sinendet-Kisumu),290,4640.0,2024-01-08,2024-01-08,0,4640.0,REORDER_POINT_BREACH,1,COMPLETED
AUT-B-000926,AUTONOMOUS,2024-01-10,Nairobi/Upstream Hub,Kisumu,AGO,Line 6 (Sinendet-Kisumu),290,4640.0,2024-01-12,2024-01-12,0,4640.0,REORDER_POINT_BREACH,1,COMPLETED
AUT-B-000927,AUTONOMOUS,2024-01-14,Nairobi/Upstream Hub,Kisumu,AGO,Line 6 (Sinendet-Kisumu),290,4640.0,2024-01-16,2024-01-16,0,4640.0,REORDER_POINT_BREACH,1,COMPLETED
AUT-B-000928,AUTONOMOUS,2024-01-18,Nairobi/Upstream Hub,Kisumu,AGO,Line 6 (Sinendet-Kisumu),290,4640.0,2024-01-20,2024-01-20,0,4640.0,REORDER_POINT_BREACH,1,COMPLETED
AUT-B-000929,AUTONOMOUS,2024-01-22,Nairobi/Upstream Hub,Kisumu,AGO,Line 6 (Sinendet-Kisumu),290,4640.0,2024-01-24,2024-01-24,0,4640.0,REORDER_POINT_BREACH,1,COMPLETED
AUT-B-000930,AUTONOMOUS,2024-01-27,Nairobi/Upstream Hub,Kisumu,AGO,Line 6 (Sinendet-Kisumu),290,4640.0,2024-01-29,2024-01-29,0,4640.0,REORDER_POINT_BREACH,1,COMPLETED
AUT-B-000931,AUTONOMOUS,2024-01-31,Nairobi/Upstream Hub,Kisumu,AGO,Line 6 (Sinendet-Kisumu),290,4640.0,2024-02-02,2024-02-02,0,4640.0,REORDER_POINT_BREACH,1,COMPLETED
AUT-B-000932,AUTONOMOUS,2024-02-05,Nairobi/Upstream Hub,Kisumu,AGO,Line 6 (Sinendet-Kisumu),290,4640.0,2024-02-07,2024-02-07,0,4640.0,REORDER_POINT_BREACH,1,COMPLETED
AUT-B-000933,AUTONOMOUS,2024-02-09,Nairobi/Upstream Hub,Kisumu,AGO,Line 6 (Sinendet-Kisumu),290,4640.0,2024-02-11,2024-02-12,1,4640.0,REORDER_POINT_BREACH,1,COMPLETED
AUT-B-000934,AUTONOMOUS,2024-02-14,Nairobi/Upstream Hub,Kisumu,AGO,Line 6 (Sinendet-Kisumu),290,4640.0,2024-02-16,2024-02-16,0,4640.0,REORDER_POINT_BREACH,1,COMPLETED
AUT-B-000935,AUTONOMOUS,2024-02-18,Nairobi/Upstream Hub,Kisumu,AGO,Line 6 (Sinendet-Kisumu),290,4640.0,2024-02-20,2024-02-20,0,4640.0,REORDER_POINT_BREACH,1,COMPLETED
AUT-B-000936,AUTONOMOUS,2024-02-23,Nairobi/Upstream Hub,Kisumu,AGO,Line 6 (Sinendet-Kisumu),290,4640.0,2024-02-25,2024-02-25,0,4640.0,REORDER_POINT_BREACH,1,COMPLETED
AUT-B-000937,AUTONOMOUS,2024-02-27,Nairobi/Upstream Hub,Kisumu,AGO,Line 6 (Sinendet-Kisumu),290,4640.0,2024-02-29,2024-02-29,0,4640.0,REORDER_POINT_BREACH,1,COMPLETED
AUT-B-000938,AUTONOMOUS,2024-03-03,Nairobi/Upstream Hub,Kisumu,AGO,Line 6 (Sinendet-Kisumu),290,4640.0,2024-03-05,2024-03-05,0,4640.0,REORDER_POINT_BREACH,1,COMPLETED
AUT-B-000939,AUTONOMOUS,2024-03-07,Nairobi/Upstream Hub,Kisumu,AGO,Line 6 (Sinendet-Kisumu),290,4640.0,2024-03-09,2024-03-09,0,4640.0,REORDER_POINT_BREACH,1,COMPLETED
AUT-B-000940,AUTONOMOUS,2024-03-12,Nairobi/Upstream Hub,Kisumu,AGO,Line 6 (Sinendet-Kisumu),290,4640.0,2024-03-14,2024-03-14,0,4640.0,REORDER_POINT_BREACH,1,COMPLETED
AUT-B-000941,AUTONOMOUS,2024-03-16,Nairobi/Upstream Hub,Kisumu,AGO,Line 6 (Sinendet-Kisumu),290,4640.0,2024-03-18,2024-03-18,0,4640.0,REORDER_POINT_BREACH,1,COMPLETED
AUT-B-000942,AUTONOMOUS,2024-03-20,Nairobi/Upstream Hub,Kisumu,AGO,Line 6 (Sinendet-Kisumu),290,4640.0,2024-03-22,2024-03-22,0,4640.0,REORDER_POINT_BREACH,1,COMPLETED
AUT-B-000943,AUTONOMOUS,2024-03-25,Nairobi/Upstream Hub,Kisumu,AGO,Line 6 (Sinendet-Kisumu),290,4640.0,2024-03-27,2024-03-27,0,4640.0,REORDER_POINT_BREACH,1,COMPLETED
AUT-B-000944,AUTONOMOUS,2024-03-29,Nairobi/Upstream Hub,Kisumu,AGO,Line 6 (Sinendet-Kisumu),290,4640.0,2024-03-31,2024-03-31,0,4640.0,REORDER_POINT_BREACH,1,COMPLETED
AUT-B-000945,AUTONOMOUS,2024-04-02,Nairobi/Upstream Hub,Kisumu,AGO,Line 6 (Sinendet-Kisumu),290,4640.0,2024-04-04,2024-04-04,0,4640.0,REORDER_POINT_BREACH,1,COMPLETED
AUT-B-000946,AUTONOMOUS,2024-04-07,Nairobi/Upstream Hub,Kisumu,AGO,Line 6 (Sinendet-Kisumu),290,4640.0,2024-04-09,2024-04-09,0,4640.0,REORDER_POINT_BREACH,1,COMPLETED
AUT-B-000947,AUTONOMOUS,2024-04-11,Nairobi/Upstream Hub,Kisumu,AGO,Line 6 (Sinendet-Kisumu),290,4640.0,2024-04-13,2024-04-13,0,4640.0,REORDER_POINT_BREACH,1,COMPLETED
AUT-B-000948,AUTONOMOUS,2024-04-15,Nairobi/Upstream Hub,Kisumu,AGO,Line 6 (Sinendet-Kisumu),290,4640.0,2024-04-17,2024-04-17,0,4640.0,REORDER_POINT_BREACH,1,COMPLETED
AUT-B-000949,AUTONOMOUS,2024-04-19,Nairobi/Upstream Hub,Kisumu,AGO,Line 6 (Sinendet-Kisumu),290,4640.0,2024-04-21,2024-04-21,0,4640.0,REORDER_POINT_BREACH,1,COMPLETED
AUT-B-000950,AUTONOMOUS,2024-04-24,Nairobi/Upstream Hub,Kisumu,AGO,Line 6 (Sinendet-Kisumu),290,4640.0,2024-04-26,2024-04-26,0,4640.0,REORDER_POINT_BREACH,1,COMPLETED
AUT-B-000951,AUTONOMOUS,2024-04-28,Nairobi/Upstream Hub,Kisumu,AGO,Line 6 (Sinendet-Kisumu),290,4640.0,2024-04-30,2024-05-01,1,4640.0,REORDER_POINT_BREACH,1,COMPLETED
AUT-B-000952,AUTONOMOUS,2024-05-02,Nairobi/Upstream Hub,Kisumu,AGO,Line 6 (Sinendet-Kisumu),290,4640.0,2024-05-04,2024-05-04,0,4640.0,REORDER_POINT_BREACH,1,COMPLETED
AUT-B-000953,AUTONOMOUS,2024-05-06,Nairobi/Upstream Hub,Kisumu,AGO,Line 6 (Sinendet-Kisumu),290,4640.0,2024-05-08,2024-05-08,0,4640.0,REORDER_POINT_BREACH,1,COMPLETED
AUT-B-000954,AUTONOMOUS,2024-05-10,Nairobi/Upstream Hub,Kisumu,AGO,Line 6 (Sinendet-Kisumu),290,4640.0,2024-05-12,2024-05-12,0,4640.0,REORDER_POINT_BREACH,1,COMPLETED
AUT-B-000955,AUTONOMOUS,2024-05-15,Nairobi/Upstream Hub,Kisumu,AGO,Line 6 (Sinendet-Kisumu),290,4640.0,2024-05-17,2024-05-17,0,4640.0,REORDER_POINT_BREACH,1,COMPLETED
AUT-B-000956,AUTONOMOUS,2024-05-19,Nairobi/Upstream Hub,Kisumu,AGO,Line 6 (Sinendet-Kisumu),290,4640.0,2024-05-21,2024-05-22,1,4640.0,REORDER_POINT_BREACH,1,COMPLETED
AUT-B-000957,AUTONOMOUS,2024-05-24,Nairobi/Upstream Hub,Kisumu,AGO,Line 6 (Sinendet-Kisumu),290,4640.0,2024-05-26,2024-05-26,0,4640.0,REORDER_POINT_BREACH,1,COMPLETED
AUT-B-000958,AUTONOMOUS,2024-05-28,Nairobi/Upstream Hub,Kisumu,AGO,Line 6 (Sinendet-Kisumu),290,4640.0,2024-05-30,2024-05-30,0,4640.0,REORDER_POINT_BREACH,1,COMPLETED
AUT-B-000959,AUTONOMOUS,2024-06-01,Nairobi/Upstream Hub,Kisumu,AGO,Line 6 (Sinendet-Kisumu),290,4640.0,2024-06-03,2024-06-03,0,4640.0,REORDER_POINT_BREACH,1,COMPLETED
AUT-B-000960,AUTONOMOUS,2024-06-06,Nairobi/Upstream Hub,Kisumu,AGO,Line 6 (Sinendet-Kisumu),290,4640.0,2024-06-08,2024-06-08,0,4640.0,REORDER_POINT_BREACH,1,COMPLETED
AUT-B-000961,AUTONOMOUS,2024-06-10,Nairobi/Upstream Hub,Kisumu,AGO,Line 6 (Sinendet-Kisumu),290,4640.0,2024-06-12,2024-06-12,0,4640.0,REORDER_POINT_BREACH,1,COMPLETED
AUT-B-000962,AUTONOMOUS,2024-06-15,Nairobi/Upstream Hub,Kisumu,AGO,Line 6 (Sinendet-Kisumu),290,4640.0,2024-06-17,2024-06-17,0,4640.0,REORDER_POINT_BREACH,1,COMPLETED
AUT-B-000963,AUTONOMOUS,2024-06-19,Nairobi/Upstream Hub,Kisumu,AGO,Line 6 (Sinendet-Kisumu),290,4640.0,2024-06-21,2024-06-21,0,4640.0,REORDER_POINT_BREACH,1,COMPLETED
AUT-B-000964,AUTONOMOUS,2024-06-24,Nairobi/Upstream Hub,Kisumu,AGO,Line 6 (Sinendet-Kisumu),290,4640.0,2024-06-26,2024-06-26,0,4640.0,REORDER_POINT_BREACH,1,COMPLETED
AUT-B-000965,AUTONOMOUS,2024-06-28,Nairobi/Upstream Hub,Kisumu,AGO,Line 6 (Sinendet-Kisumu),290,4640.0,2024-06-30,2024-06-30,0,4640.0,REORDER_POINT_BREACH,1,COMPLETED
AUT-B-000966,AUTONOMOUS,2024-07-03,Nairobi/Upstream Hub,Kisumu,AGO,Line 6 (Sinendet-Kisumu),290,4640.0,2024-07-05,2024-07-05,0,4640.0,REORDER_POINT_BREACH,1,COMPLETED
AUT-B-000967,AUTONOMOUS,2024-07-07,Nairobi/Upstream Hub,Kisumu,AGO,Line 6 (Sinendet-Kisumu),290,4640.0,2024-07-09,2024-07-09,0,4640.0,REORDER_POINT_BREACH,1,COMPLETED
AUT-B-000968,AUTONOMOUS,2024-07-11,Nairobi/Upstream Hub,Kisumu,AGO,Line 6 (Sinendet-Kisumu),290,4640.0,2024-07-13,2024-07-13,0,4640.0,REORDER_POINT_BREACH,1,COMPLETED
AUT-B-000969,AUTONOMOUS,2024-07-16,Nairobi/Upstream Hub,Kisumu,AGO,Line 6 (Sinendet-Kisumu),290,4640.0,2024-07-18,2024-07-18,0,4640.0,REORDER_POINT_BREACH,1,COMPLETED
AUT-B-000970,AUTONOMOUS,2024-07-20,Nairobi/Upstream Hub,Kisumu,AGO,Line 6 (Sinendet-Kisumu),290,4640.0,2024-07-22,2024-07-22,0,4640.0,REORDER_POINT_BREACH,1,COMPLETED
AUT-B-000971,AUTONOMOUS,2024-07-24,Nairobi/Upstream Hub,Kisumu,AGO,Line 6 (Sinendet-Kisumu),290,4640.0,2024-07-26,2024-07-26,0,4640.0,REORDER_POINT_BREACH,1,COMPLETED
AUT-B-000972,AUTONOMOUS,2024-07-29,Nairobi/Upstream Hub,Kisumu,AGO,Line 6 (Sinendet-Kisumu),290,4640.0,2024-07-31,2024-08-01,1,4640.0,REORDER_POINT_BREACH,1,COMPLETED
AUT-B-000973,AUTONOMOUS,2024-08-02,Nairobi/Upstream Hub,Kisumu,AGO,Line 6 (Sinendet-Kisumu),290,4640.0,2024-08-04,2024-08-04,0,4640.0,REORDER_POINT_BREACH,1,COMPLETED
AUT-B-000974,AUTONOMOUS,2024-08-06,Nairobi/Upstream Hub,Kisumu,AGO,Line 6 (Sinendet-Kisumu),290,4640.0,2024-08-08,2024-08-09,1,4640.0,REORDER_POINT_BREACH,1,COMPLETED
AUT-B-000975,AUTONOMOUS,2024-08-11,Nairobi/Upstream Hub,Kisumu,AGO,Line 6 (Sinendet-Kisumu),290,4640.0,2024-08-13,2024-08-13,0,4640.0,REORDER_POINT_BREACH,1,COMPLETED
AUT-B-000976,AUTONOMOUS,2024-08-15,Nairobi/Upstream Hub,Kisumu,AGO,Line 6 (Sinendet-Kisumu),290,4640.0,2024-08-17,2024-08-17,0,4640.0,REORDER_POINT_BREACH,1,COMPLETED
AUT-B-000977,AUTONOMOUS,2024-08-20,Nairobi/Upstream Hub,Kisumu,AGO,Line 6 (Sinendet-Kisumu),290,4640.0,2024-08-22,2024-08-22,0,4640.0,REORDER_POINT_BREACH,1,COMPLETED
AUT-B-000978,AUTONOMOUS,2024-08-24,Nairobi/Upstream Hub,Kisumu,AGO,Line 6 (Sinendet-Kisumu),290,4640.0,2024-08-26,2024-08-26,0,4640.0,REORDER_POINT_BREACH,1,COMPLETED
AUT-B-000979,AUTONOMOUS,2024-08-28,Nairobi/Upstream Hub,Kisumu,AGO,Line 6 (Sinendet-Kisumu),290,4640.0,2024-08-30,2024-08-30,0,4640.0,REORDER_POINT_BREACH,1,COMPLETED
AUT-B-000980,AUTONOMOUS,2024-09-02,Nairobi/Upstream Hub,Kisumu,AGO,Line 6 (Sinendet-Kisumu),290,4640.0,2024-09-04,2024-09-04,0,4640.0,REORDER_POINT_BREACH,1,COMPLETED
AUT-B-000981,AUTONOMOUS,2024-09-05,Nairobi/Upstream Hub,Kisumu,AGO,Line 6 (Sinendet-Kisumu),290,4640.0,2024-09-07,2024-09-07,0,4640.0,REORDER_POINT_BREACH,1,COMPLETED
AUT-B-000982,AUTONOMOUS,2024-09-10,Nairobi/Upstream Hub,Kisumu,AGO,Line 6 (Sinendet-Kisumu),290,4640.0,2024-09-12,2024-09-12,0,4640.0,REORDER_POINT_BREACH,1,COMPLETED
AUT-B-000983,AUTONOMOUS,2024-09-14,Nairobi/Upstream Hub,Kisumu,AGO,Line 6 (Sinendet-Kisumu),290,4640.0,2024-09-16,2024-09-16,0,4640.0,REORDER_POINT_BREACH,1,COMPLETED
AUT-B-000984,AUTONOMOUS,2024-09-18,Nairobi/Upstream Hub,Kisumu,AGO,Line 6 (Sinendet-Kisumu),290,4640.0,2024-09-20,2024-09-20,0,4640.0,REORDER_POINT_BREACH,1,COMPLETED
AUT-B-000985,AUTONOMOUS,2024-09-22,Nairobi/Upstream Hub,Kisumu,AGO,Line 6 (Sinendet-Kisumu),290,4640.0,2024-09-24,2024-09-24,0,4640.0,REORDER_POINT_BREACH,1,COMPLETED
AUT-B-000986,AUTONOMOUS,2024-09-27,Nairobi/Upstream Hub,Kisumu,AGO,Line 6 (Sinendet-Kisumu),290,4640.0,2024-09-29,2024-09-29,0,4640.0,REORDER_POINT_BREACH,1,COMPLETED
AUT-B-000987,AUTONOMOUS,2024-10-01,Nairobi/Upstream Hub,Kisumu,AGO,Line 6 (Sinendet-Kisumu),290,4640.0,2024-10-03,2024-10-04,1,4640.0,REORDER_POINT_BREACH,1,COMPLETED
AUT-B-000988,AUTONOMOUS,2024-10-04,Nairobi/Upstream Hub,Kisumu,AGO,Line 6 (Sinendet-Kisumu),290,4640.0,2024-10-06,2024-10-06,0,4640.0,REORDER_POINT_BREACH,1,COMPLETED
AUT-B-000989,AUTONOMOUS,2024-10-08,Nairobi/Upstream Hub,Kisumu,AGO,Line 6 (Sinendet-Kisumu),290,4640.0,2024-10-10,2024-10-10,0,4640.0,REORDER_POINT_BREACH,1,COMPLETED
AUT-B-000990,AUTONOMOUS,2024-10-11,Nairobi/Upstream Hub,Kisumu,AGO,Line 6 (Sinendet-Kisumu),290,4640.0,2024-10-13,2024-10-14,1,4640.0,REORDER_POINT_BREACH,1,COMPLETED
AUT-B-000991,AUTONOMOUS,2024-10-15,Nairobi/Upstream Hub,Kisumu,AGO,Line 6 (Sinendet-Kisumu),290,4640.0,2024-10-17,2024-10-17,0,4640.0,REORDER_POINT_BREACH,1,COMPLETED
AUT-B-000992,AUTONOMOUS,2024-10-18,Nairobi/Upstream Hub,Kisumu,AGO,Line 6 (Sinendet-Kisumu),290,4640.0,2024-10-20,2024-10-20,0,4640.0,REORDER_POINT_BREACH,1,COMPLETED
AUT-B-000993,AUTONOMOUS,2024-10-22,Nairobi/Upstream Hub,Kisumu,AGO,Line 6 (Sinendet-Kisumu),290,4640.0,2024-10-24,2024-10-24,0,4640.0,REORDER_POINT_BREACH,1,COMPLETED
AUT-B-000994,AUTONOMOUS,2024-10-26,Nairobi/Upstream Hub,Kisumu,AGO,Line 6 (Sinendet-Kisumu),290,4640.0,2024-10-28,2024-10-28,0,4640.0,REORDER_POINT_BREACH,1,COMPLETED
AUT-B-000995,AUTONOMOUS,2024-10-29,Nairobi/Upstream Hub,Kisumu,AGO,Line 6 (Sinendet-Kisumu),290,4640.0,2024-10-31,2024-10-31,0,4640.0,REORDER_POINT_BREACH,1,COMPLETED
AUT-B-000996,AUTONOMOUS,2024-11-02,Nairobi/Upstream Hub,Kisumu,AGO,Line 6 (Sinendet-Kisumu),290,4640.0,2024-11-04,2024-11-04,0,4640.0,REORDER_POINT_BREACH,1,COMPLETED
AUT-B-000997,AUTONOMOUS,2024-11-06,Nairobi/Upstream Hub,Kisumu,AGO,Line 6 (Sinendet-Kisumu),290,4640.0,2024-11-08,2024-11-08,0,4640.0,REORDER_POINT_BREACH,1,COMPLETED
AUT-B-000998,AUTONOMOUS,2024-11-11,Nairobi/Upstream Hub,Kisumu,AGO,Line 6 (Sinendet-Kisumu),290,4640.0,2024-11-13,2024-11-13,0,4640.0,REORDER_POINT_BREACH,1,COMPLETED
AUT-B-000999,AUTONOMOUS,2024-11-15,Nairobi/Upstream Hub,Kisumu,AGO,Line 6 (Sinendet-Kisumu),290,4640.0,2024-11-17,2024-11-17,0,4640.0,REORDER_POINT_BREACH,1,COMPLETED
AUT-B-001000,AUTONOMOUS,2024-11-19,Nairobi/Upstream Hub,Kisumu,AGO,Line 6 (Sinendet-Kisumu),290,4640.0,2024-11-21,2024-11-21,0,4640.0,REORDER_POINT_BREACH,1,COMPLETED
AUT-B-001001,AUTONOMOUS,2024-11-23,Nairobi/Upstream Hub,Kisumu,AGO,Line 6 (Sinendet-Kisumu),290,4640.0,2024-11-25,2024-11-25,0,4640.0,REORDER_POINT_BREACH,1,COMPLETED
AUT-B-001002,AUTONOMOUS,2024-11-27,Nairobi/Upstream Hub,Kisumu,AGO,Line 6 (Sinendet-Kisumu),290,4640.0,2024-11-29,2024-11-29,0,4640.0,REORDER_POINT_BREACH,1,COMPLETED
AUT-B-001003,AUTONOMOUS,2024-12-02,Nairobi/Upstream Hub,Kisumu,AGO,Line 6 (Sinendet-Kisumu),290,4640.0,2024-12-04,2024-12-04,0,4640.0,REORDER_POINT_BREACH,1,COMPLETED
AUT-B-001004,AUTONOMOUS,2024-12-06,Nairobi/Upstream Hub,Kisumu,AGO,Line 6 (Sinendet-Kisumu),290,4640.0,2024-12-08,2024-12-08,0,4640.0,REORDER_POINT_BREACH,1,COMPLETED
AUT-B-001005,AUTONOMOUS,2024-12-10,Nairobi/Upstream Hub,Kisumu,AGO,Line 6 (Sinendet-Kisumu),290,4640.0,2024-12-12,2024-12-12,0,4640.0,REORDER_POINT_BREACH,1,COMPLETED
AUT-B-001006,AUTONOMOUS,2024-12-15,Nairobi/Upstream Hub,Kisumu,AGO,Line 6 (Sinendet-Kisumu),290,4640.0,2024-12-17,2024-12-17,0,4640.0,REORDER_POINT_BREACH,1,COMPLETED
AUT-B-001007,AUTONOMOUS,2024-12-19,Nairobi/Upstream Hub,Kisumu,AGO,Line 6 (Sinendet-Kisumu),290,4640.0,2024-12-21,2024-12-21,0,4640.0,REORDER_POINT_BREACH,1,COMPLETED
AUT-B-001008,AUTONOMOUS,2024-12-23,Nairobi/Upstream Hub,Kisumu,AGO,Line 6 (Sinendet-Kisumu),290,4640.0,2024-12-25,2024-12-25,0,4640.0,REORDER_POINT_BREACH,1,COMPLETED
AUT-B-001009,AUTONOMOUS,2024-12-27,Nairobi/Upstream Hub,Kisumu,AGO,Line 6 (Sinendet-Kisumu),290,4640.0,2024-12-29,2024-12-29,0,4640.0,REORDER_POINT_BREACH,1,COMPLETED
AUT-B-001010,AUTONOMOUS,2025-01-01,Nairobi/Upstream Hub,Kisumu,AGO,Line 6 (Sinendet-Kisumu),290,4640.0,2025-01-03,2025-01-03,0,4640.0,REORDER_POINT_BREACH,1,COMPLETED
AUT-B-001011,AUTONOMOUS,2025-01-04,Nairobi/Upstream Hub,Kisumu,AGO,Line 6 (Sinendet-Kisumu),290,4640.0,2025-01-06,2025-01-06,0,4640.0,REORDER_POINT_BREACH,1,COMPLETED
AUT-B-001012,AUTONOMOUS,2025-01-08,Nairobi/Upstream Hub,Kisumu,AGO,Line 6 (Sinendet-Kisumu),290,4640.0,2025-01-10,2025-01-10,0,4640.0,REORDER_POINT_BREACH,1,COMPLETED
AUT-B-001013,AUTONOMOUS,2025-01-12,Nairobi/Upstream Hub,Kisumu,AGO,Line 6 (Sinendet-Kisumu),290,4640.0,2025-01-14,2025-01-14,0,4640.0,REORDER_POINT_BREACH,1,COMPLETED
AUT-B-001014,AUTONOMOUS,2025-01-16,Nairobi/Upstream Hub,Kisumu,AGO,Line 6 (Sinendet-Kisumu),290,4640.0,2025-01-18,2025-01-18,0,4640.0,REORDER_POINT_BREACH,1,COMPLETED
AUT-B-001015,AUTONOMOUS,2025-01-20,Nairobi/Upstream Hub,Kisumu,AGO,Line 6 (Sinendet-Kisumu),290,4640.0,2025-01-22,2025-01-22,0,4640.0,REORDER_POINT_BREACH,1,COMPLETED
AUT-B-001016,AUTONOMOUS,2025-01-24,Nairobi/Upstream Hub,Kisumu,AGO,Line 6 (Sinendet-Kisumu),290,4640.0,2025-01-26,2025-01-26,0,4640.0,REORDER_POINT_BREACH,1,COMPLETED
AUT-B-001017,AUTONOMOUS,2025-01-28,Nairobi/Upstream Hub,Kisumu,AGO,Line 6 (Sinendet-Kisumu),290,4640.0,2025-01-30,2025-01-30,0,4640.0,REORDER_POINT_BREACH,1,COMPLETED
AUT-B-001018,AUTONOMOUS,2025-02-01,Nairobi/Upstream Hub,Kisumu,AGO,Line 6 (Sinendet-Kisumu),290,4640.0,2025-02-03,2025-02-03,0,4640.0,REORDER_POINT_BREACH,1,COMPLETED
AUT-B-001019,AUTONOMOUS,2025-02-05,Nairobi/Upstream Hub,Kisumu,AGO,Line 6 (Sinendet-Kisumu),290,4640.0,2025-02-07,2025-02-07,0,4640.0,REORDER_POINT_BREACH,1,COMPLETED
AUT-B-001020,AUTONOMOUS,2025-02-09,Nairobi/Upstream Hub,Kisumu,AGO,Line 6 (Sinendet-Kisumu),290,4640.0,2025-02-11,2025-02-11,0,4640.0,REORDER_POINT_BREACH,1,COMPLETED
AUT-B-001021,AUTONOMOUS,2025-02-13,Nairobi/Upstream Hub,Kisumu,AGO,Line 6 (Sinendet-Kisumu),290,4640.0,2025-02-15,2025-02-15,0,4640.0,REORDER_POINT_BREACH,1,COMPLETED
AUT-B-001022,AUTONOMOUS,2025-02-18,Nairobi/Upstream Hub,Kisumu,AGO,Line 6 (Sinendet-Kisumu),290,4640.0,2025-02-20,2025-02-20,0,4640.0,REORDER_POINT_BREACH,1,COMPLETED
AUT-B-001023,AUTONOMOUS,2025-02-22,Nairobi/Upstream Hub,Kisumu,AGO,Line 6 (Sinendet-Kisumu),290,4640.0,2025-02-24,2025-02-24,0,4640.0,REORDER_POINT_BREACH,1,COMPLETED
AUT-B-001024,AUTONOMOUS,2025-02-26,Nairobi/Upstream Hub,Kisumu,AGO,Line 6 (Sinendet-Kisumu),290,4640.0,2025-02-28,2025-02-28,0,4640.0,REORDER_POINT_BREACH,1,COMPLETED
AUT-B-001025,AUTONOMOUS,2025-03-02,Nairobi/Upstream Hub,Kisumu,AGO,Line 6 (Sinendet-Kisumu),290,4640.0,2025-03-04,2025-03-04,0,4640.0,REORDER_POINT_BREACH,1,COMPLETED
AUT-B-001026,AUTONOMOUS,2025-03-06,Nairobi/Upstream Hub,Kisumu,AGO,Line 6 (Sinendet-Kisumu),290,4640.0,2025-03-08,2025-03-08,0,4640.0,REORDER_POINT_BREACH,1,COMPLETED
AUT-B-001027,AUTONOMOUS,2025-03-10,Nairobi/Upstream Hub,Kisumu,AGO,Line 6 (Sinendet-Kisumu),290,4640.0,2025-03-12,2025-03-12,0,4640.0,REORDER_POINT_BREACH,1,COMPLETED
AUT-B-001028,AUTONOMOUS,2025-03-14,Nairobi/Upstream Hub,Kisumu,AGO,Line 6 (Sinendet-Kisumu),290,4640.0,2025-03-16,2025-03-16,0,4640.0,REORDER_POINT_BREACH,1,COMPLETED
AUT-B-001029,AUTONOMOUS,2025-03-18,Nairobi/Upstream Hub,Kisumu,AGO,Line 6 (Sinendet-Kisumu),290,4640.0,2025-03-20,2025-03-20,0,4640.0,REORDER_POINT_BREACH,1,COMPLETED
AUT-B-001030,AUTONOMOUS,2025-03-22,Nairobi/Upstream Hub,Kisumu,AGO,Line 6 (Sinendet-Kisumu),290,4640.0,2025-03-24,2025-03-24,0,4640.0,REORDER_POINT_BREACH,1,COMPLETED
AUT-B-001031,AUTONOMOUS,2025-03-26,Nairobi/Upstream Hub,Kisumu,AGO,Line 6 (Sinendet-Kisumu),290,4640.0,2025-03-28,2025-03-28,0,4640.0,REORDER_POINT_BREACH,1,COMPLETED
AUT-B-001032,AUTONOMOUS,2025-03-30,Nairobi/Upstream Hub,Kisumu,AGO,Line 6 (Sinendet-Kisumu),290,4640.0,2025-04-01,2025-04-01,0,4640.0,REORDER_POINT_BREACH,1,COMPLETED
AUT-B-001033,AUTONOMOUS,2025-04-04,Nairobi/Upstream Hub,Kisumu,AGO,Line 6 (Sinendet-Kisumu),290,4640.0,2025-04-06,2025-04-06,0,4640.0,REORDER_POINT_BREACH,1,COMPLETED
AUT-B-001034,AUTONOMOUS,2025-04-08,Nairobi/Upstream Hub,Kisumu,AGO,Line 6 (Sinendet-Kisumu),290,4640.0,2025-04-10,2025-04-10,0,4640.0,REORDER_POINT_BREACH,1,COMPLETED
AUT-B-001035,AUTONOMOUS,2025-04-11,Nairobi/Upstream Hub,Kisumu,AGO,Line 6 (Sinendet-Kisumu),290,4640.0,2025-04-13,2025-04-13,0,4640.0,REORDER_POINT_BREACH,1,COMPLETED
AUT-B-001036,AUTONOMOUS,2025-04-15,Nairobi/Upstream Hub,Kisumu,AGO,Line 6 (Sinendet-Kisumu),290,4640.0,2025-04-17,2025-04-17,0,4640.0,REORDER_POINT_BREACH,1,COMPLETED
AUT-B-001037,AUTONOMOUS,2025-04-19,Nairobi/Upstream Hub,Kisumu,AGO,Line 6 (Sinendet-Kisumu),290,4640.0,2025-04-21,2025-04-21,0,4640.0,REORDER_POINT_BREACH,1,COMPLETED
AUT-B-001038,AUTONOMOUS,2025-04-24,Nairobi/Upstream Hub,Kisumu,AGO,Line 6 (Sinendet-Kisumu),290,4640.0,2025-04-26,2025-04-26,0,4640.0,REORDER_POINT_BREACH,1,COMPLETED
AUT-B-001039,AUTONOMOUS,2025-04-28,Nairobi/Upstream Hub,Kisumu,AGO,Line 6 (Sinendet-Kisumu),290,4640.0,2025-04-30,2025-05-02,2,4640.0,REORDER_POINT_BREACH,1,COMPLETED
AUT-B-001040,AUTONOMOUS,2025-05-01,Nairobi/Upstream Hub,Kisumu,AGO,Line 6 (Sinendet-Kisumu),290,4640.0,2025-05-03,2025-05-03,0,4640.0,REORDER_POINT_BREACH,1,COMPLETED
AUT-B-001041,AUTONOMOUS,2025-05-05,Nairobi/Upstream Hub,Kisumu,AGO,Line 6 (Sinendet-Kisumu),290,4640.0,2025-05-07,2025-05-07,0,4640.0,REORDER_POINT_BREACH,1,COMPLETED
AUT-B-001042,AUTONOMOUS,2025-05-09,Nairobi/Upstream Hub,Kisumu,AGO,Line 6 (Sinendet-Kisumu),290,4640.0,2025-05-11,2025-05-11,0,4640.0,REORDER_POINT_BREACH,1,COMPLETED
AUT-B-001043,AUTONOMOUS,2025-05-13,Nairobi/Upstream Hub,Kisumu,AGO,Line 6 (Sinendet-Kisumu),290,4640.0,2025-05-15,2025-05-15,0,4640.0,REORDER_POINT_BREACH,1,COMPLETED
AUT-B-001044,AUTONOMOUS,2025-05-18,Nairobi/Upstream Hub,Kisumu,AGO,Line 6 (Sinendet-Kisumu),290,4640.0,2025-05-20,2025-05-21,1,4640.0,REORDER_POINT_BREACH,1,COMPLETED
AUT-B-001045,AUTONOMOUS,2025-05-22,Nairobi/Upstream Hub,Kisumu,AGO,Line 6 (Sinendet-Kisumu),290,4640.0,2025-05-24,2025-05-24,0,4640.0,REORDER_POINT_BREACH,1,COMPLETED
AUT-B-001046,AUTONOMOUS,2025-05-26,Nairobi/Upstream Hub,Kisumu,AGO,Line 6 (Sinendet-Kisumu),290,4640.0,2025-05-28,2025-05-28,0,4640.0,REORDER_POINT_BREACH,1,COMPLETED
AUT-B-001047,AUTONOMOUS,2025-05-30,Nairobi/Upstream Hub,Kisumu,AGO,Line 6 (Sinendet-Kisumu),290,4640.0,2025-06-01,2025-06-02,1,4640.0,REORDER_POINT_BREACH,1,COMPLETED
AUT-B-001048,AUTONOMOUS,2025-06-03,Nairobi/Upstream Hub,Kisumu,AGO,Line 6 (Sinendet-Kisumu),290,4640.0,2025-06-05,2025-06-05,0,4640.0,REORDER_POINT_BREACH,1,COMPLETED
AUT-B-001049,AUTONOMOUS,2025-06-07,Nairobi/Upstream Hub,Kisumu,AGO,Line 6 (Sinendet-Kisumu),290,4640.0,2025-06-09,2025-06-09,0,4640.0,REORDER_POINT_BREACH,1,COMPLETED
AUT-B-001050,AUTONOMOUS,2025-06-11,Nairobi/Upstream Hub,Kisumu,AGO,Line 6 (Sinendet-Kisumu),290,4640.0,2025-06-13,2025-06-13,0,4640.0,REORDER_POINT_BREACH,1,COMPLETED
AUT-B-001051,AUTONOMOUS,2025-06-16,Nairobi/Upstream Hub,Kisumu,AGO,Line 6 (Sinendet-Kisumu),290,4640.0,2025-06-18,2025-06-18,0,4640.0,REORDER_POINT_BREACH,1,COMPLETED
AUT-B-001052,AUTONOMOUS,2025-06-20,Nairobi/Upstream Hub,Kisumu,AGO,Line 6 (Sinendet-Kisumu),290,4640.0,2025-06-22,2025-06-24,2,4640.0,REORDER_POINT_BREACH,1,COMPLETED
AUT-B-001053,AUTONOMOUS,2025-06-24,Nairobi/Upstream Hub,Kisumu,AGO,Line 6 (Sinendet-Kisumu),290,4640.0,2025-06-26,2025-06-26,0,4640.0,REORDER_POINT_BREACH,1,COMPLETED
AUT-B-001054,AUTONOMOUS,2025-06-28,Nairobi/Upstream Hub,Kisumu,AGO,Line 6 (Sinendet-Kisumu),290,4640.0,2025-06-30,2025-06-30,0,4640.0,REORDER_POINT_BREACH,1,COMPLETED
AUT-B-001055,AUTONOMOUS,2025-07-02,Nairobi/Upstream Hub,Kisumu,AGO,Line 6 (Sinendet-Kisumu),290,4640.0,2025-07-04,2025-07-04,0,4640.0,REORDER_POINT_BREACH,1,COMPLETED
AUT-B-001056,AUTONOMOUS,2025-07-06,Nairobi/Upstream Hub,Kisumu,AGO,Line 6 (Sinendet-Kisumu),290,4640.0,2025-07-08,2025-07-08,0,4640.0,REORDER_POINT_BREACH,1,COMPLETED
AUT-B-001057,AUTONOMOUS,2025-07-10,Nairobi/Upstream Hub,Kisumu,AGO,Line 6 (Sinendet-Kisumu),290,4640.0,2025-07-12,2025-07-12,0,4640.0,REORDER_POINT_BREACH,1,COMPLETED
AUT-B-001058,AUTONOMOUS,2025-07-14,Nairobi/Upstream Hub,Kisumu,AGO,Line 6 (Sinendet-Kisumu),290,4640.0,2025-07-16,2025-07-16,0,4640.0,REORDER_POINT_BREACH,1,COMPLETED
AUT-B-001059,AUTONOMOUS,2025-07-18,Nairobi/Upstream Hub,Kisumu,AGO,Line 6 (Sinendet-Kisumu),290,4640.0,2025-07-20,2025-07-20,0,4640.0,REORDER_POINT_BREACH,1,COMPLETED
AUT-B-001060,AUTONOMOUS,2025-07-22,Nairobi/Upstream Hub,Kisumu,AGO,Line 6 (Sinendet-Kisumu),290,4640.0,2025-07-24,2025-07-24,0,4640.0,REORDER_POINT_BREACH,1,COMPLETED
AUT-B-001061,AUTONOMOUS,2025-07-26,Nairobi/Upstream Hub,Kisumu,AGO,Line 6 (Sinendet-Kisumu),290,4640.0,2025-07-28,2025-07-28,0,4640.0,REORDER_POINT_BREACH,1,COMPLETED
AUT-B-001062,AUTONOMOUS,2025-07-30,Nairobi/Upstream Hub,Kisumu,AGO,Line 6 (Sinendet-Kisumu),290,4640.0,2025-08-01,2025-08-01,0,4640.0,REORDER_POINT_BREACH,1,COMPLETED
AUT-B-001063,AUTONOMOUS,2025-08-04,Nairobi/Upstream Hub,Kisumu,AGO,Line 6 (Sinendet-Kisumu),290,4640.0,2025-08-06,2025-08-06,0,4640.0,REORDER_POINT_BREACH,1,COMPLETED
AUT-B-001064,AUTONOMOUS,2025-08-08,Nairobi/Upstream Hub,Kisumu,AGO,Line 6 (Sinendet-Kisumu),290,4640.0,2025-08-10,2025-08-10,0,4640.0,REORDER_POINT_BREACH,1,COMPLETED
AUT-B-001065,AUTONOMOUS,2025-08-12,Nairobi/Upstream Hub,Kisumu,AGO,Line 6 (Sinendet-Kisumu),290,4640.0,2025-08-14,2025-08-14,0,4640.0,REORDER_POINT_BREACH,1,COMPLETED
AUT-B-001066,AUTONOMOUS,2025-08-16,Nairobi/Upstream Hub,Kisumu,AGO,Line 6 (Sinendet-Kisumu),290,4640.0,2025-08-18,2025-08-18,0,4640.0,REORDER_POINT_BREACH,1,COMPLETED
AUT-B-001067,AUTONOMOUS,2025-08-20,Nairobi/Upstream Hub,Kisumu,AGO,Line 6 (Sinendet-Kisumu),290,4640.0,2025-08-22,2025-08-22,0,4640.0,REORDER_POINT_BREACH,1,COMPLETED
AUT-B-001068,AUTONOMOUS,2025-08-24,Nairobi/Upstream Hub,Kisumu,AGO,Line 6 (Sinendet-Kisumu),290,4640.0,2025-08-26,2025-08-26,0,4640.0,REORDER_POINT_BREACH,1,COMPLETED
AUT-B-001069,AUTONOMOUS,2025-08-28,Nairobi/Upstream Hub,Kisumu,AGO,Line 6 (Sinendet-Kisumu),290,4640.0,2025-08-30,2025-08-30,0,4640.0,REORDER_POINT_BREACH,1,COMPLETED
AUT-B-001070,AUTONOMOUS,2025-09-01,Nairobi/Upstream Hub,Kisumu,AGO,Line 6 (Sinendet-Kisumu),290,4640.0,2025-09-03,2025-09-03,0,4640.0,REORDER_POINT_BREACH,1,COMPLETED
AUT-B-001071,AUTONOMOUS,2025-09-05,Nairobi/Upstream Hub,Kisumu,AGO,Line 6 (Sinendet-Kisumu),290,4640.0,2025-09-07,2025-09-07,0,4640.0,REORDER_POINT_BREACH,1,COMPLETED
AUT-B-001072,AUTONOMOUS,2025-09-09,Nairobi/Upstream Hub,Kisumu,AGO,Line 6 (Sinendet-Kisumu),290,4640.0,2025-09-11,2025-09-11,0,4640.0,REORDER_POINT_BREACH,1,COMPLETED
AUT-B-001073,AUTONOMOUS,2025-09-12,Nairobi/Upstream Hub,Kisumu,AGO,Line 6 (Sinendet-Kisumu),290,4640.0,2025-09-14,2025-09-14,0,4640.0,REORDER_POINT_BREACH,1,COMPLETED
AUT-B-001074,AUTONOMOUS,2025-09-16,Nairobi/Upstream Hub,Kisumu,AGO,Line 6 (Sinendet-Kisumu),290,4640.0,2025-09-18,2025-09-18,0,4640.0,REORDER_POINT_BREACH,1,COMPLETED
AUT-B-001075,AUTONOMOUS,2025-09-20,Nairobi/Upstream Hub,Kisumu,AGO,Line 6 (Sinendet-Kisumu),290,4640.0,2025-09-22,2025-09-22,0,4640.0,REORDER_POINT_BREACH,1,COMPLETED
AUT-B-001076,AUTONOMOUS,2025-09-24,Nairobi/Upstream Hub,Kisumu,AGO,Line 6 (Sinendet-Kisumu),290,4640.0,2025-09-26,2025-09-27,1,4640.0,REORDER_POINT_BREACH,1,COMPLETED
AUT-B-001077,AUTONOMOUS,2025-09-28,Nairobi/Upstream Hub,Kisumu,AGO,Line 6 (Sinendet-Kisumu),290,4640.0,2025-09-30,2025-09-30,0,4640.0,REORDER_POINT_BREACH,1,COMPLETED
AUT-B-001078,AUTONOMOUS,2025-10-02,Nairobi/Upstream Hub,Kisumu,AGO,Line 6 (Sinendet-Kisumu),290,4640.0,2025-10-04,2025-10-04,0,4640.0,REORDER_POINT_BREACH,1,COMPLETED
AUT-B-001079,AUTONOMOUS,2025-10-05,Nairobi/Upstream Hub,Kisumu,AGO,Line 6 (Sinendet-Kisumu),290,4640.0,2025-10-07,2025-10-07,0,4640.0,REORDER_POINT_BREACH,1,COMPLETED
AUT-B-001080,AUTONOMOUS,2025-10-08,Nairobi/Upstream Hub,Kisumu,AGO,Line 6 (Sinendet-Kisumu),290,4640.0,2025-10-10,2025-10-10,0,4640.0,REORDER_POINT_BREACH,1,COMPLETED
AUT-B-001081,AUTONOMOUS,2025-10-12,Nairobi/Upstream Hub,Kisumu,AGO,Line 6 (Sinendet-Kisumu),290,4640.0,2025-10-14,2025-10-15,1,4640.0,REORDER_POINT_BREACH,1,COMPLETED
AUT-B-001082,AUTONOMOUS,2025-10-15,Nairobi/Upstream Hub,Kisumu,AGO,Line 6 (Sinendet-Kisumu),290,4640.0,2025-10-17,2025-10-17,0,4640.0,REORDER_POINT_BREACH,1,COMPLETED
AUT-B-001083,AUTONOMOUS,2025-10-19,Nairobi/Upstream Hub,Kisumu,AGO,Line 6 (Sinendet-Kisumu),290,4640.0,2025-10-21,2025-10-21,0,4640.0,REORDER_POINT_BREACH,1,COMPLETED
AUT-B-001084,AUTONOMOUS,2025-10-22,Nairobi/Upstream Hub,Kisumu,AGO,Line 6 (Sinendet-Kisumu),290,4640.0,2025-10-24,2025-10-24,0,4640.0,REORDER_POINT_BREACH,1,COMPLETED
AUT-B-001085,AUTONOMOUS,2025-10-25,Nairobi/Upstream Hub,Kisumu,AGO,Line 6 (Sinendet-Kisumu),290,4640.0,2025-10-27,2025-10-27,0,4640.0,REORDER_POINT_BREACH,1,COMPLETED
AUT-B-001086,AUTONOMOUS,2025-10-29,Nairobi/Upstream Hub,Kisumu,AGO,Line 6 (Sinendet-Kisumu),290,4640.0,2025-10-31,2025-10-31,0,4640.0,REORDER_POINT_BREACH,1,COMPLETED
AUT-B-001087,AUTONOMOUS,2025-11-01,Nairobi/Upstream Hub,Kisumu,AGO,Line 6 (Sinendet-Kisumu),290,4640.0,2025-11-03,2025-11-03,0,4640.0,REORDER_POINT_BREACH,1,COMPLETED
AUT-B-001088,AUTONOMOUS,2025-11-05,Nairobi/Upstream Hub,Kisumu,AGO,Line 6 (Sinendet-Kisumu),290,4640.0,2025-11-07,2025-11-07,0,4640.0,REORDER_POINT_BREACH,1,COMPLETED
AUT-B-001089,AUTONOMOUS,2025-11-09,Nairobi/Upstream Hub,Kisumu,AGO,Line 6 (Sinendet-Kisumu),290,4640.0,2025-11-11,2025-11-11,0,4640.0,REORDER_POINT_BREACH,1,COMPLETED
AUT-B-001090,AUTONOMOUS,2025-11-13,Nairobi/Upstream Hub,Kisumu,AGO,Line 6 (Sinendet-Kisumu),290,4640.0,2025-11-15,2025-11-15,0,4640.0,REORDER_POINT_BREACH,1,COMPLETED
AUT-B-001091,AUTONOMOUS,2025-11-17,Nairobi/Upstream Hub,Kisumu,AGO,Line 6 (Sinendet-Kisumu),290,4640.0,2025-11-19,2025-11-19,0,4640.0,REORDER_POINT_BREACH,1,COMPLETED
AUT-B-001092,AUTONOMOUS,2025-11-21,Nairobi/Upstream Hub,Kisumu,AGO,Line 6 (Sinendet-Kisumu),290,4640.0,2025-11-23,2025-11-23,0,4640.0,REORDER_POINT_BREACH,1,COMPLETED
AUT-B-001093,AUTONOMOUS,2025-11-25,Nairobi/Upstream Hub,Kisumu,AGO,Line 6 (Sinendet-Kisumu),290,4640.0,2025-11-27,2025-11-27,0,4640.0,REORDER_POINT_BREACH,1,COMPLETED
AUT-B-001094,AUTONOMOUS,2025-11-28,Nairobi/Upstream Hub,Kisumu,AGO,Line 6 (Sinendet-Kisumu),290,4640.0,2025-11-30,2025-11-30,0,4640.0,REORDER_POINT_BREACH,1,COMPLETED
AUT-B-001095,AUTONOMOUS,2025-12-02,Nairobi/Upstream Hub,Kisumu,AGO,Line 6 (Sinendet-Kisumu),290,4640.0,2025-12-04,2025-12-04,0,4640.0,REORDER_POINT_BREACH,1,COMPLETED
AUT-B-001096,AUTONOMOUS,2025-12-06,Nairobi/Upstream Hub,Kisumu,AGO,Line 6 (Sinendet-Kisumu),290,4640.0,2025-12-08,2025-12-08,0,4640.0,REORDER_POINT_BREACH,1,COMPLETED
AUT-B-001097,AUTONOMOUS,2025-12-11,Nairobi/Upstream Hub,Kisumu,AGO,Line 6 (Sinendet-Kisumu),290,4640.0,2025-12-13,2025-12-13,0,4640.0,REORDER_POINT_BREACH,1,COMPLETED
AUT-B-001098,AUTONOMOUS,2025-12-15,Nairobi/Upstream Hub,Kisumu,AGO,Line 6 (Sinendet-Kisumu),290,4640.0,2025-12-17,2025-12-17,0,4640.0,REORDER_POINT_BREACH,1,COMPLETED
AUT-B-001099,AUTONOMOUS,2025-12-19,Nairobi/Upstream Hub,Kisumu,AGO,Line 6 (Sinendet-Kisumu),290,4640.0,2025-12-21,2025-12-21,0,4640.0,REORDER_POINT_BREACH,1,COMPLETED
AUT-B-001100,AUTONOMOUS,2025-12-23,Nairobi/Upstream Hub,Kisumu,AGO,Line 6 (Sinendet-Kisumu),290,4640.0,2025-12-25,2025-12-25,0,4640.0,REORDER_POINT_BREACH,1,COMPLETED
AUT-B-001101,AUTONOMOUS,2025-12-26,Nairobi/Upstream Hub,Kisumu,AGO,Line 6 (Sinendet-Kisumu),290,4640.0,2025-12-28,2025-12-28,0,4640.0,REORDER_POINT_BREACH,1,COMPLETED
AUT-B-001102,AUTONOMOUS,2025-12-30,Nairobi/Upstream Hub,Kisumu,AGO,Line 6 (Sinendet-Kisumu),290,4640.0,2026-01-01,2026-01-01,0,4640.0,REORDER_POINT_BREACH,1,COMPLETED
AUT-B-001103,AUTONOMOUS,2026-01-03,Nairobi/Upstream Hub,Kisumu,AGO,Line 6 (Sinendet-Kisumu),290,4640.0,2026-01-05,2026-01-05,0,4640.0,REORDER_POINT_BREACH,1,COMPLETED
AUT-B-001104,AUTONOMOUS,2026-01-07,Nairobi/Upstream Hub,Kisumu,AGO,Line 6 (Sinendet-Kisumu),290,4640.0,2026-01-09,2026-01-10,1,4640.0,REORDER_POINT_BREACH,1,COMPLETED
AUT-B-001105,AUTONOMOUS,2026-01-10,Nairobi/Upstream Hub,Kisumu,AGO,Line 6 (Sinendet-Kisumu),290,4640.0,2026-01-12,2026-01-12,0,4640.0,REORDER_POINT_BREACH,1,COMPLETED
AUT-B-001106,AUTONOMOUS,2026-01-14,Nairobi/Upstream Hub,Kisumu,AGO,Line 6 (Sinendet-Kisumu),290,4640.0,2026-01-16,2026-01-16,0,4640.0,REORDER_POINT_BREACH,1,COMPLETED
AUT-B-001107,AUTONOMOUS,2026-01-18,Nairobi/Upstream Hub,Kisumu,AGO,Line 6 (Sinendet-Kisumu),290,4640.0,2026-01-20,2026-01-22,2,4640.0,REORDER_POINT_BREACH,1,COMPLETED
AUT-B-001108,AUTONOMOUS,2026-01-22,Nairobi/Upstream Hub,Kisumu,AGO,Line 6 (Sinendet-Kisumu),290,4640.0,2026-01-24,2026-01-24,0,4640.0,REORDER_POINT_BREACH,1,COMPLETED
AUT-B-001109,AUTONOMOUS,2026-01-25,Nairobi/Upstream Hub,Kisumu,AGO,Line 6 (Sinendet-Kisumu),290,4640.0,2026-01-27,2026-01-27,0,4640.0,REORDER_POINT_BREACH,1,COMPLETED
AUT-B-001110,AUTONOMOUS,2026-01-29,Nairobi/Upstream Hub,Kisumu,AGO,Line 6 (Sinendet-Kisumu),290,4640.0,2026-01-31,2026-01-31,0,4640.0,REORDER_POINT_BREACH,1,COMPLETED
AUT-B-001111,AUTONOMOUS,2026-02-02,Nairobi/Upstream Hub,Kisumu,AGO,Line 6 (Sinendet-Kisumu),290,4640.0,2026-02-04,2026-02-04,0,4640.0,REORDER_POINT_BREACH,1,COMPLETED
AUT-B-001112,AUTONOMOUS,2026-02-06,Nairobi/Upstream Hub,Kisumu,AGO,Line 6 (Sinendet-Kisumu),290,4640.0,2026-02-08,2026-02-08,0,4640.0,REORDER_POINT_BREACH,1,COMPLETED
AUT-B-001113,AUTONOMOUS,2026-02-10,Nairobi/Upstream Hub,Kisumu,AGO,Line 6 (Sinendet-Kisumu),290,4640.0,2026-02-12,2026-02-12,0,4640.0,REORDER_POINT_BREACH,1,COMPLETED
AUT-B-001114,AUTONOMOUS,2026-02-14,Nairobi/Upstream Hub,Kisumu,AGO,Line 6 (Sinendet-Kisumu),290,4640.0,2026-02-16,2026-02-17,1,4640.0,REORDER_POINT_BREACH,1,COMPLETED
AUT-B-001115,AUTONOMOUS,2026-02-18,Nairobi/Upstream Hub,Kisumu,AGO,Line 6 (Sinendet-Kisumu),290,4640.0,2026-02-20,2026-02-20,0,4640.0,REORDER_POINT_BREACH,1,COMPLETED
AUT-B-001116,AUTONOMOUS,2026-02-22,Nairobi/Upstream Hub,Kisumu,AGO,Line 6 (Sinendet-Kisumu),290,4640.0,2026-02-24,2026-02-24,0,4640.0,REORDER_POINT_BREACH,1,COMPLETED
AUT-B-001117,AUTONOMOUS,2026-02-26,Nairobi/Upstream Hub,Kisumu,AGO,Line 6 (Sinendet-Kisumu),290,4640.0,2026-02-28,2026-02-28,0,4640.0,REORDER_POINT_BREACH,1,COMPLETED
AUT-B-001118,AUTONOMOUS,2026-03-02,Nairobi/Upstream Hub,Kisumu,AGO,Line 6 (Sinendet-Kisumu),290,4640.0,2026-03-04,2026-03-04,0,4640.0,REORDER_POINT_BREACH,1,COMPLETED
AUT-B-001119,AUTONOMOUS,2026-03-06,Nairobi/Upstream Hub,Kisumu,AGO,Line 6 (Sinendet-Kisumu),290,4640.0,2026-03-08,2026-03-08,0,4640.0,REORDER_POINT_BREACH,1,COMPLETED
AUT-B-001120,AUTONOMOUS,2026-03-10,Nairobi/Upstream Hub,Kisumu,AGO,Line 6 (Sinendet-Kisumu),290,4640.0,2026-03-12,2026-03-12,0,4640.0,REORDER_POINT_BREACH,1,COMPLETED
AUT-B-001121,AUTONOMOUS,2026-03-13,Nairobi/Upstream Hub,Kisumu,AGO,Line 6 (Sinendet-Kisumu),290,4640.0,2026-03-15,2026-03-15,0,4640.0,REORDER_POINT_BREACH,1,COMPLETED
AUT-B-001122,AUTONOMOUS,2026-03-17,Nairobi/Upstream Hub,Kisumu,AGO,Line 6 (Sinendet-Kisumu),290,4640.0,2026-03-19,2026-03-19,0,4640.0,REORDER_POINT_BREACH,1,COMPLETED
AUT-B-001123,AUTONOMOUS,2026-03-21,Nairobi/Upstream Hub,Kisumu,AGO,Line 6 (Sinendet-Kisumu),290,4640.0,2026-03-23,2026-03-25,2,4640.0,REORDER_POINT_BREACH,1,COMPLETED
AUT-B-001124,AUTONOMOUS,2026-03-24,Nairobi/Upstream Hub,Kisumu,AGO,Line 6 (Sinendet-Kisumu),290,4640.0,2026-03-26,2026-03-26,0,4640.0,REORDER_POINT_BREACH,1,COMPLETED
AUT-B-001125,AUTONOMOUS,2026-03-28,Nairobi/Upstream Hub,Kisumu,AGO,Line 6 (Sinendet-Kisumu),290,4640.0,2026-03-30,2026-03-30,0,4640.0,REORDER_POINT_BREACH,1,COMPLETED
AUT-B-001126,AUTONOMOUS,2026-04-01,Nairobi/Upstream Hub,Kisumu,AGO,Line 6 (Sinendet-Kisumu),290,4640.0,2026-04-03,2026-04-03,0,4640.0,REORDER_POINT_BREACH,1,COMPLETED
AUT-B-001127,AUTONOMOUS,2026-04-05,Nairobi/Upstream Hub,Kisumu,AGO,Line 6 (Sinendet-Kisumu),290,4640.0,2026-04-07,2026-04-07,0,4640.0,REORDER_POINT_BREACH,1,COMPLETED
AUT-B-001128,AUTONOMOUS,2026-04-09,Nairobi/Upstream Hub,Kisumu,AGO,Line 6 (Sinendet-Kisumu),290,4640.0,2026-04-11,2026-04-11,0,4640.0,REORDER_POINT_BREACH,1,COMPLETED
AUT-B-001129,AUTONOMOUS,2026-04-13,Nairobi/Upstream Hub,Kisumu,AGO,Line 6 (Sinendet-Kisumu),290,4640.0,2026-04-15,2026-04-15,0,4640.0,REORDER_POINT_BREACH,1,COMPLETED
AUT-B-001130,AUTONOMOUS,2026-04-16,Nairobi/Upstream Hub,Kisumu,AGO,Line 6 (Sinendet-Kisumu),290,4640.0,2026-04-18,2026-04-18,0,4640.0,REORDER_POINT_BREACH,1,COMPLETED
AUT-B-001131,AUTONOMOUS,2026-04-20,Nairobi/Upstream Hub,Kisumu,AGO,Line 6 (Sinendet-Kisumu),290,4640.0,2026-04-22,2026-04-22,0,4640.0,REORDER_POINT_BREACH,1,COMPLETED
AUT-B-001132,AUTONOMOUS,2026-04-24,Nairobi/Upstream Hub,Kisumu,AGO,Line 6 (Sinendet-Kisumu),290,4640.0,2026-04-26,2026-04-26,0,4640.0,REORDER_POINT_BREACH,1,COMPLETED
AUT-B-001133,AUTONOMOUS,2026-04-28,Nairobi/Upstream Hub,Kisumu,AGO,Line 6 (Sinendet-Kisumu),290,4640.0,2026-04-30,2026-05-01,1,4640.0,REORDER_POINT_BREACH,1,COMPLETED
AUT-B-001134,AUTONOMOUS,2026-05-01,Nairobi/Upstream Hub,Kisumu,AGO,Line 6 (Sinendet-Kisumu),290,4640.0,2026-05-03,2026-05-03,0,4640.0,REORDER_POINT_BREACH,1,COMPLETED
AUT-B-001135,AUTONOMOUS,2026-05-05,Nairobi/Upstream Hub,Kisumu,AGO,Line 6 (Sinendet-Kisumu),290,4640.0,2026-05-07,2026-05-08,1,4640.0,REORDER_POINT_BREACH,1,COMPLETED
AUT-B-001136,AUTONOMOUS,2026-05-08,Nairobi/Upstream Hub,Kisumu,AGO,Line 6 (Sinendet-Kisumu),290,4640.0,2026-05-10,2026-05-10,0,4640.0,REORDER_POINT_BREACH,1,COMPLETED
AUT-B-001137,AUTONOMOUS,2026-05-12,Nairobi/Upstream Hub,Kisumu,AGO,Line 6 (Sinendet-Kisumu),290,4640.0,2026-05-14,2026-05-14,0,4640.0,REORDER_POINT_BREACH,1,COMPLETED
AUT-B-001138,AUTONOMOUS,2026-05-16,Nairobi/Upstream Hub,Kisumu,AGO,Line 6 (Sinendet-Kisumu),290,4640.0,2026-05-18,2026-05-18,0,4640.0,REORDER_POINT_BREACH,1,COMPLETED
AUT-B-001139,AUTONOMOUS,2026-05-19,Nairobi/Upstream Hub,Kisumu,AGO,Line 6 (Sinendet-Kisumu),290,4640.0,2026-05-21,2026-05-21,0,4640.0,REORDER_POINT_BREACH,1,COMPLETED
AUT-B-001140,AUTONOMOUS,2026-05-23,Nairobi/Upstream Hub,Kisumu,AGO,Line 6 (Sinendet-Kisumu),290,4640.0,2026-05-25,2026-05-25,0,4640.0,REORDER_POINT_BREACH,1,COMPLETED
AUT-B-001141,AUTONOMOUS,2026-05-27,Nairobi/Upstream Hub,Kisumu,AGO,Line 6 (Sinendet-Kisumu),290,4640.0,2026-05-29,2026-05-29,0,4640.0,REORDER_POINT_BREACH,1,COMPLETED
AUT-B-001142,AUTONOMOUS,2026-05-31,Nairobi/Upstream Hub,Kisumu,AGO,Line 6 (Sinendet-Kisumu),290,4640.0,2026-06-02,2026-06-02,0,4640.0,REORDER_POINT_BREACH,1,COMPLETED
AUT-B-001143,AUTONOMOUS,2026-06-04,Nairobi/Upstream Hub,Kisumu,AGO,Line 6 (Sinendet-Kisumu),290,4640.0,2026-06-06,2026-06-06,0,4640.0,REORDER_POINT_BREACH,1,COMPLETED
AUT-B-001144,AUTONOMOUS,2026-06-08,Nairobi/Upstream Hub,Kisumu,AGO,Line 6 (Sinendet-Kisumu),290,4640.0,2026-06-10,2026-06-10,0,4640.0,REORDER_POINT_BREACH,1,COMPLETED
AUT-B-001145,AUTONOMOUS,2026-06-11,Nairobi/Upstream Hub,Kisumu,AGO,Line 6 (Sinendet-Kisumu),290,4640.0,2026-06-13,2026-06-13,0,4640.0,REORDER_POINT_BREACH,1,COMPLETED
AUT-B-001146,AUTONOMOUS,2026-06-15,Nairobi/Upstream Hub,Kisumu,AGO,Line 6 (Sinendet-Kisumu),290,4640.0,2026-06-17,2026-06-17,0,4640.0,REORDER_POINT_BREACH,1,COMPLETED
AUT-B-001147,AUTONOMOUS,2026-06-19,Nairobi/Upstream Hub,Kisumu,AGO,Line 6 (Sinendet-Kisumu),290,4640.0,2026-06-21,2026-06-21,0,4640.0,REORDER_POINT_BREACH,1,COMPLETED
AUT-B-001148,AUTONOMOUS,2026-06-23,Nairobi/Upstream Hub,Kisumu,AGO,Line 6 (Sinendet-Kisumu),290,4640.0,2026-06-25,2026-06-25,0,4640.0,REORDER_POINT_BREACH,1,COMPLETED
AUT-B-001149,AUTONOMOUS,2026-06-27,Nairobi/Upstream Hub,Kisumu,AGO,Line 6 (Sinendet-Kisumu),290,4640.0,2026-06-29,2026-06-29,0,4640.0,REORDER_POINT_BREACH,1,COMPLETED
AUT-B-001150,AUTONOMOUS,2026-07-01,Nairobi/Upstream Hub,Kisumu,AGO,Line 6 (Sinendet-Kisumu),290,4640.0,2026-07-03,2026-07-03,0,4640.0,REORDER_POINT_BREACH,1,COMPLETED
AUT-B-001151,AUTONOMOUS,2026-07-05,Nairobi/Upstream Hub,Kisumu,AGO,Line 6 (Sinendet-Kisumu),290,4640.0,2026-07-07,2026-07-07,0,4640.0,REORDER_POINT_BREACH,1,COMPLETED
AUT-B-001152,AUTONOMOUS,2026-07-09,Nairobi/Upstream Hub,Kisumu,AGO,Line 6 (Sinendet-Kisumu),290,4640.0,2026-07-11,2026-07-11,0,4640.0,REORDER_POINT_BREACH,1,COMPLETED
AUT-B-001153,AUTONOMOUS,2026-07-13,Nairobi/Upstream Hub,Kisumu,AGO,Line 6 (Sinendet-Kisumu),290,4640.0,2026-07-15,2026-07-15,0,4640.0,REORDER_POINT_BREACH,1,COMPLETED
AUT-B-001154,AUTONOMOUS,2026-07-16,Nairobi/Upstream Hub,Kisumu,AGO,Line 6 (Sinendet-Kisumu),290,4640.0,2026-07-18,2026-07-18,0,4640.0,REORDER_POINT_BREACH,1,COMPLETED
AUT-B-001155,AUTONOMOUS,2026-07-20,Nairobi/Upstream Hub,Kisumu,AGO,Line 6 (Sinendet-Kisumu),290,4640.0,2026-07-22,2026-07-22,0,4640.0,REORDER_POINT_BREACH,1,COMPLETED
AUT-B-001156,AUTONOMOUS,2026-07-23,Nairobi/Upstream Hub,Kisumu,AGO,Line 6 (Sinendet-Kisumu),290,4640.0,2026-07-25,2026-07-26,1,4640.0,REORDER_POINT_BREACH,1,COMPLETED
AUT-B-001157,AUTONOMOUS,2026-07-27,Nairobi/Upstream Hub,Kisumu,AGO,Line 6 (Sinendet-Kisumu),290,4640.0,2026-07-29,2026-07-29,0,4640.0,REORDER_POINT_BREACH,1,COMPLETED
AUT-B-001158,AUTONOMOUS,2026-07-31,Nairobi/Upstream Hub,Kisumu,AGO,Line 6 (Sinendet-Kisumu),290,4640.0,2026-08-02,2026-08-03,1,4640.0,REORDER_POINT_BREACH,1,COMPLETED
AUT-B-001159,AUTONOMOUS,2026-08-04,Nairobi/Upstream Hub,Kisumu,AGO,Line 6 (Sinendet-Kisumu),290,4640.0,2026-08-06,2026-08-06,0,4640.0,REORDER_POINT_BREACH,1,COMPLETED
AUT-B-001160,AUTONOMOUS,2026-08-08,Nairobi/Upstream Hub,Kisumu,AGO,Line 6 (Sinendet-Kisumu),290,4640.0,2026-08-10,2026-08-10,0,4640.0,REORDER_POINT_BREACH,1,COMPLETED
AUT-B-001161,AUTONOMOUS,2026-08-12,Nairobi/Upstream Hub,Kisumu,AGO,Line 6 (Sinendet-Kisumu),290,4640.0,2026-08-14,2026-08-14,0,4640.0,REORDER_POINT_BREACH,1,COMPLETED
AUT-B-001162,AUTONOMOUS,2026-08-15,Nairobi/Upstream Hub,Kisumu,AGO,Line 6 (Sinendet-Kisumu),290,4640.0,2026-08-17,2026-08-17,0,4640.0,REORDER_POINT_BREACH,1,COMPLETED
AUT-B-001163,AUTONOMOUS,2026-08-19,Nairobi/Upstream Hub,Kisumu,AGO,Line 6 (Sinendet-Kisumu),290,4640.0,2026-08-21,2026-08-21,0,4640.0,REORDER_POINT_BREACH,1,COMPLETED
AUT-B-001164,AUTONOMOUS,2026-08-23,Nairobi/Upstream Hub,Kisumu,AGO,Line 6 (Sinendet-Kisumu),290,4640.0,2026-08-25,2026-08-25,0,4640.0,REORDER_POINT_BREACH,1,COMPLETED
AUT-B-001165,AUTONOMOUS,2026-08-27,Nairobi/Upstream Hub,Kisumu,AGO,Line 6 (Sinendet-Kisumu),290,4640.0,2026-08-29,2026-08-29,0,4640.0,REORDER_POINT_BREACH,1,COMPLETED
AUT-B-001166,AUTONOMOUS,2026-08-30,Nairobi/Upstream Hub,Kisumu,AGO,Line 6 (Sinendet-Kisumu),290,4640.0,2026-09-01,2026-09-01,0,4640.0,REORDER_POINT_BREACH,1,COMPLETED
AUT-B-001167,AUTONOMOUS,2026-09-03,Nairobi/Upstream Hub,Kisumu,AGO,Line 6 (Sinendet-Kisumu),290,4640.0,2026-09-05,2026-09-05,0,4640.0,REORDER_POINT_BREACH,1,COMPLETED
AUT-B-001168,AUTONOMOUS,2026-09-07,Nairobi/Upstream Hub,Kisumu,AGO,Line 6 (Sinendet-Kisumu),290,4640.0,2026-09-09,2026-09-09,0,4640.0,REORDER_POINT_BREACH,1,COMPLETED
AUT-B-001169,AUTONOMOUS,2026-09-10,Nairobi/Upstream Hub,Kisumu,AGO,Line 6 (Sinendet-Kisumu),290,4640.0,2026-09-12,2026-09-12,0,4640.0,REORDER_POINT_BREACH,1,COMPLETED
AUT-B-001170,AUTONOMOUS,2026-09-14,Nairobi/Upstream Hub,Kisumu,AGO,Line 6 (Sinendet-Kisumu),290,4640.0,2026-09-16,2026-09-16,0,4640.0,REORDER_POINT_BREACH,1,SCENARIO_COMPLETED
AUT-B-001171,AUTONOMOUS,2026-09-17,Nairobi/Upstream Hub,Kisumu,AGO,Line 6 (Sinendet-Kisumu),290,4640.0,2026-09-19,2026-09-19,0,4640.0,REORDER_POINT_BREACH,1,SCENARIO_COMPLETED
AUT-B-001172,AUTONOMOUS,2026-09-21,Nairobi/Upstream Hub,Kisumu,AGO,Line 6 (Sinendet-Kisumu),290,4640.0,2026-09-23,2026-09-23,0,4640.0,REORDER_POINT_BREACH,1,SCENARIO_COMPLETED
AUT-B-001173,AUTONOMOUS,2026-09-25,Nairobi/Upstream Hub,Kisumu,AGO,Line 6 (Sinendet-Kisumu),290,4640.0,2026-09-27,2026-09-27,0,4640.0,REORDER_POINT_BREACH,1,SCENARIO_COMPLETED
AUT-B-001174,AUTONOMOUS,2026-09-29,Nairobi/Upstream Hub,Kisumu,AGO,Line 6 (Sinendet-Kisumu),290,4640.0,2026-10-01,2026-10-01,0,4640.0,REORDER_POINT_BREACH,1,SCENARIO_COMPLETED
AUT-B-001175,AUTONOMOUS,2026-10-02,Nairobi/Upstream Hub,Kisumu,AGO,Line 6 (Sinendet-Kisumu),290,4640.0,2026-10-04,2026-10-04,0,4640.0,REORDER_POINT_BREACH,1,SCENARIO_COMPLETED
AUT-B-001176,AUTONOMOUS,2026-10-05,Nairobi/Upstream Hub,Kisumu,AGO,Line 6 (Sinendet-Kisumu),290,4640.0,2026-10-07,2026-10-08,1,4640.0,REORDER_POINT_BREACH,1,SCENARIO_COMPLETED
AUT-B-001177,AUTONOMOUS,2026-10-08,Nairobi/Upstream Hub,Kisumu,AGO,Line 6 (Sinendet-Kisumu),290,4640.0,2026-10-10,2026-10-10,0,4640.0,REORDER_POINT_BREACH,1,SCENARIO_COMPLETED
AUT-B-001178,AUTONOMOUS,2026-10-12,Nairobi/Upstream Hub,Kisumu,AGO,Line 6 (Sinendet-Kisumu),290,4640.0,2026-10-14,2026-10-14,0,4640.0,REORDER_POINT_BREACH,1,SCENARIO_COMPLETED
AUT-B-001179,AUTONOMOUS,2026-10-15,Nairobi/Upstream Hub,Kisumu,AGO,Line 6 (Sinendet-Kisumu),290,4640.0,2026-10-17,2026-10-17,0,4640.0,REORDER_POINT_BREACH,1,SCENARIO_COMPLETED
AUT-B-001180,AUTONOMOUS,2026-10-18,Nairobi/Upstream Hub,Kisumu,AGO,Line 6 (Sinendet-Kisumu),290,4640.0,2026-10-20,2026-10-20,0,4640.0,REORDER_POINT_BREACH,1,SCENARIO_COMPLETED
AUT-B-001181,AUTONOMOUS,2026-10-21,Nairobi/Upstream Hub,Kisumu,AGO,Line 6 (Sinendet-Kisumu),290,4640.0,2026-10-23,2026-10-23,0,4640.0,REORDER_POINT_BREACH,1,SCENARIO_COMPLETED
AUT-B-001182,AUTONOMOUS,2026-10-24,Nairobi/Upstream Hub,Kisumu,AGO,Line 6 (Sinendet-Kisumu),290,4640.0,2026-10-26,2026-10-27,1,4640.0,REORDER_POINT_BREACH,1,SCENARIO_COMPLETED
AUT-B-001183,AUTONOMOUS,2026-10-27,Nairobi/Upstream Hub,Kisumu,AGO,Line 6 (Sinendet-Kisumu),290,4640.0,2026-10-29,2026-10-29,0,4640.0,REORDER_POINT_BREACH,1,SCENARIO_COMPLETED
AUT-B-001184,AUTONOMOUS,2026-10-30,Nairobi/Upstream Hub,Kisumu,AGO,Line 6 (Sinendet-Kisumu),290,4640.0,2026-11-01,2026-11-02,1,4640.0,REORDER_POINT_BREACH,1,SCENARIO_COMPLETED
AUT-B-001185,AUTONOMOUS,2026-11-03,Nairobi/Upstream Hub,Kisumu,AGO,Line 6 (Sinendet-Kisumu),290,4640.0,2026-11-05,2026-11-05,0,4640.0,REORDER_POINT_BREACH,1,SCENARIO_COMPLETED
AUT-B-001186,AUTONOMOUS,2026-11-07,Nairobi/Upstream Hub,Kisumu,AGO,Line 6 (Sinendet-Kisumu),290,4640.0,2026-11-09,2026-11-09,0,4640.0,REORDER_POINT_BREACH,1,SCENARIO_COMPLETED
AUT-B-001187,AUTONOMOUS,2026-11-11,Nairobi/Upstream Hub,Kisumu,AGO,Line 6 (Sinendet-Kisumu),290,4640.0,2026-11-13,2026-11-13,0,4640.0,REORDER_POINT_BREACH,1,SCENARIO_COMPLETED
AUT-B-001188,AUTONOMOUS,2026-11-14,Nairobi/Upstream Hub,Kisumu,AGO,Line 6 (Sinendet-Kisumu),290,4640.0,2026-11-16,2026-11-16,0,4640.0,REORDER_POINT_BREACH,1,SCENARIO_COMPLETED
AUT-B-001189,AUTONOMOUS,2026-11-18,Nairobi/Upstream Hub,Kisumu,AGO,Line 6 (Sinendet-Kisumu),290,4640.0,2026-11-20,2026-11-20,0,4640.0,REORDER_POINT_BREACH,1,SCENARIO_COMPLETED
AUT-B-001190,AUTONOMOUS,2026-11-22,Nairobi/Upstream Hub,Kisumu,AGO,Line 6 (Sinendet-Kisumu),290,4640.0,2026-11-24,2026-11-24,0,4640.0,REORDER_POINT_BREACH,1,SCENARIO_COMPLETED
AUT-B-001191,AUTONOMOUS,2026-11-26,Nairobi/Upstream Hub,Kisumu,AGO,Line 6 (Sinendet-Kisumu),290,4640.0,2026-11-28,2026-11-28,0,4640.0,REORDER_POINT_BREACH,1,SCENARIO_COMPLETED
AUT-B-001192,AUTONOMOUS,2026-11-29,Nairobi/Upstream Hub,Kisumu,AGO,Line 6 (Sinendet-Kisumu),290,4640.0,2026-12-01,2026-12-01,0,4640.0,REORDER_POINT_BREACH,1,SCENARIO_COMPLETED
AUT-B-001193,AUTONOMOUS,2026-12-03,Nairobi/Upstream Hub,Kisumu,AGO,Line 6 (Sinendet-Kisumu),290,4640.0,2026-12-05,2026-12-05,0,4640.0,REORDER_POINT_BREACH,1,SCENARIO_COMPLETED
AUT-B-001194,AUTONOMOUS,2026-12-06,Nairobi/Upstream Hub,Kisumu,AGO,Line 6 (Sinendet-Kisumu),290,4640.0,2026-12-08,2026-12-08,0,4640.0,REORDER_POINT_BREACH,1,SCENARIO_COMPLETED
AUT-B-001195,AUTONOMOUS,2026-12-10,Nairobi/Upstream Hub,Kisumu,AGO,Line 6 (Sinendet-Kisumu),290,4640.0,2026-12-12,2026-12-12,0,4640.0,REORDER_POINT_BREACH,1,SCENARIO_COMPLETED
AUT-B-001196,AUTONOMOUS,2026-12-14,Nairobi/Upstream Hub,Kisumu,AGO,Line 6 (Sinendet-Kisumu),290,4640.0,2026-12-16,2026-12-16,0,4640.0,REORDER_POINT_BREACH,1,SCENARIO_COMPLETED
AUT-B-001197,AUTONOMOUS,2026-12-18,Nairobi/Upstream Hub,Kisumu,AGO,Line 6 (Sinendet-Kisumu),290,4640.0,2026-12-20,2026-12-20,0,4640.0,REORDER_POINT_BREACH,1,SCENARIO_COMPLETED
AUT-B-001198,AUTONOMOUS,2026-12-22,Nairobi/Upstream Hub,Kisumu,AGO,Line 6 (Sinendet-Kisumu),290,4640.0,2026-12-24,2026-12-24,0,4640.0,REORDER_POINT_BREACH,1,SCENARIO_COMPLETED
AUT-B-001199,AUTONOMOUS,2026-12-25,Nairobi/Upstream Hub,Kisumu,AGO,Line 6 (Sinendet-Kisumu),290,4640.0,2026-12-27,2026-12-27,0,4640.0,REORDER_POINT_BREACH,1,SCENARIO_COMPLETED
AUT-B-001200,AUTONOMOUS,2026-12-29,Nairobi/Upstream Hub,Kisumu,AGO,Line 6 (Sinendet-Kisumu),290,4640.0,2026-12-31,2026-12-31,0,4640.0,REORDER_POINT_BREACH,1,SCENARIO_COMPLETED
AUT-B-001201,AUTONOMOUS,2021-03-20,Nairobi/Upstream Hub,Kisumu,DPK,Line 6 (Sinendet-Kisumu),290,1700.6719276600384,2021-03-22,2021-03-22,0,1700.6719276600384,REORDER_POINT_BREACH,1,COMPLETED
AUT-B-001202,AUTONOMOUS,2021-07-03,Nairobi/Upstream Hub,Kisumu,DPK,Line 6 (Sinendet-Kisumu),290,1704.0803821216346,2021-07-05,2021-07-05,0,1704.0803821216346,REORDER_POINT_BREACH,1,COMPLETED
AUT-B-001203,AUTONOMOUS,2021-10-18,Nairobi/Upstream Hub,Kisumu,DPK,Line 6 (Sinendet-Kisumu),290,1699.1443055655923,2021-10-20,2021-10-20,0,1699.1443055655923,REORDER_POINT_BREACH,1,COMPLETED
AUT-B-001204,AUTONOMOUS,2022-02-03,Nairobi/Upstream Hub,Kisumu,DPK,Line 6 (Sinendet-Kisumu),290,1702.091594914294,2022-02-05,2022-02-05,0,1702.091594914294,REORDER_POINT_BREACH,1,COMPLETED
AUT-B-001205,AUTONOMOUS,2022-05-20,Nairobi/Upstream Hub,Kisumu,DPK,Line 6 (Sinendet-Kisumu),290,1714.0826464981023,2022-05-22,2022-05-22,0,1714.0826464981023,REORDER_POINT_BREACH,1,COMPLETED
AUT-B-001206,AUTONOMOUS,2022-08-27,Nairobi/Upstream Hub,Kisumu,DPK,Line 6 (Sinendet-Kisumu),290,1710.3336858848807,2022-08-29,2022-08-29,0,1710.3336858848807,REORDER_POINT_BREACH,1,COMPLETED
AUT-B-001207,AUTONOMOUS,2022-12-11,Nairobi/Upstream Hub,Kisumu,DPK,Line 6 (Sinendet-Kisumu),290,1697.2825487673144,2022-12-13,2022-12-13,0,1697.2825487673144,REORDER_POINT_BREACH,1,COMPLETED
AUT-B-001208,AUTONOMOUS,2023-03-28,Nairobi/Upstream Hub,Kisumu,DPK,Line 6 (Sinendet-Kisumu),290,1700.1732880998866,2023-03-30,2023-03-30,0,1700.1732880998866,REORDER_POINT_BREACH,1,COMPLETED
AUT-B-001209,AUTONOMOUS,2023-07-10,Nairobi/Upstream Hub,Kisumu,DPK,Line 6 (Sinendet-Kisumu),290,1713.3326882928563,2023-07-12,2023-07-12,0,1713.3326882928563,REORDER_POINT_BREACH,1,COMPLETED
AUT-B-001210,AUTONOMOUS,2023-10-23,Nairobi/Upstream Hub,Kisumu,DPK,Line 6 (Sinendet-Kisumu),290,1707.514708145974,2023-10-25,2023-10-25,0,1707.514708145974,REORDER_POINT_BREACH,1,COMPLETED
AUT-B-001211,AUTONOMOUS,2024-02-09,Nairobi/Upstream Hub,Kisumu,DPK,Line 6 (Sinendet-Kisumu),290,1705.2842154718492,2024-02-11,2024-02-11,0,1705.2842154718492,REORDER_POINT_BREACH,1,COMPLETED
AUT-B-001212,AUTONOMOUS,2024-05-30,Nairobi/Upstream Hub,Kisumu,DPK,Line 6 (Sinendet-Kisumu),290,1710.3400978758318,2024-06-01,2024-06-01,0,1710.3400978758318,REORDER_POINT_BREACH,1,COMPLETED
AUT-B-001213,AUTONOMOUS,2024-09-12,Nairobi/Upstream Hub,Kisumu,DPK,Line 6 (Sinendet-Kisumu),290,1696.414532906425,2024-09-14,2024-09-15,1,1696.414532906425,REORDER_POINT_BREACH,1,COMPLETED
AUT-B-001214,AUTONOMOUS,2024-12-31,Nairobi/Upstream Hub,Kisumu,DPK,Line 6 (Sinendet-Kisumu),290,1695.2561198444168,2025-01-02,2025-01-02,0,1695.2561198444168,REORDER_POINT_BREACH,1,COMPLETED
AUT-B-001215,AUTONOMOUS,2025-04-13,Nairobi/Upstream Hub,Kisumu,DPK,Line 6 (Sinendet-Kisumu),290,1699.4162067038214,2025-04-15,2025-04-15,0,1699.4162067038214,REORDER_POINT_BREACH,1,COMPLETED
AUT-B-001216,AUTONOMOUS,2025-07-19,Nairobi/Upstream Hub,Kisumu,DPK,Line 6 (Sinendet-Kisumu),290,1706.5443969274297,2025-07-21,2025-07-21,0,1706.5443969274297,REORDER_POINT_BREACH,1,COMPLETED
AUT-B-001217,AUTONOMOUS,2025-10-29,Nairobi/Upstream Hub,Kisumu,DPK,Line 6 (Sinendet-Kisumu),290,1707.8394002056589,2025-10-31,2025-10-31,0,1707.8394002056589,REORDER_POINT_BREACH,1,COMPLETED
AUT-B-001218,AUTONOMOUS,2026-02-07,Nairobi/Upstream Hub,Kisumu,DPK,Line 6 (Sinendet-Kisumu),290,1709.7920822683545,2026-02-09,2026-02-09,0,1709.7920822683545,REORDER_POINT_BREACH,1,COMPLETED
AUT-B-001219,AUTONOMOUS,2026-05-15,Nairobi/Upstream Hub,Kisumu,DPK,Line 6 (Sinendet-Kisumu),290,1703.7602199240869,2026-05-17,2026-05-17,0,1703.7602199240869,REORDER_POINT_BREACH,1,COMPLETED
AUT-B-001220,AUTONOMOUS,2026-08-13,Nairobi/Upstream Hub,Kisumu,DPK,Line 6 (Sinendet-Kisumu),290,1699.1296311998472,2026-08-15,2026-08-15,0,1699.1296311998472,REORDER_POINT_BREACH,1,COMPLETED
AUT-B-001221,AUTONOMOUS,2026-11-19,Nairobi/Upstream Hub,Kisumu,DPK,Line 6 (Sinendet-Kisumu),290,1702.5627268686121,2026-11-21,2026-11-21,0,1702.5627268686121,REORDER_POINT_BREACH,1,SCENARIO_COMPLETED
AUT-B-001222,AUTONOMOUS,2021-01-13,Nairobi/Upstream Hub,Kisumu,JET_A1,Line 6 (Sinendet-Kisumu),290,2402.2241939949095,2021-01-15,2021-01-15,0,2402.2241939949095,REORDER_POINT_BREACH,1,COMPLETED
AUT-B-001223,AUTONOMOUS,2021-02-09,Nairobi/Upstream Hub,Kisumu,JET_A1,Line 6 (Sinendet-Kisumu),290,2388.101190057629,2021-02-11,2021-02-11,0,2388.101190057629,REORDER_POINT_BREACH,1,COMPLETED
AUT-B-001224,AUTONOMOUS,2021-03-09,Nairobi/Upstream Hub,Kisumu,JET_A1,Line 6 (Sinendet-Kisumu),290,2411.7024155816543,2021-03-11,2021-03-11,0,2411.7024155816543,REORDER_POINT_BREACH,1,COMPLETED
AUT-B-001225,AUTONOMOUS,2021-04-05,Nairobi/Upstream Hub,Kisumu,JET_A1,Line 6 (Sinendet-Kisumu),290,2463.2197855263084,2021-04-07,2021-04-07,0,2463.2197855263084,REORDER_POINT_BREACH,1,COMPLETED
AUT-B-001226,AUTONOMOUS,2021-05-02,Nairobi/Upstream Hub,Kisumu,JET_A1,Line 6 (Sinendet-Kisumu),290,2392.2220808261486,2021-05-04,2021-05-04,0,2392.2220808261486,REORDER_POINT_BREACH,1,COMPLETED
AUT-B-001227,AUTONOMOUS,2021-05-29,Nairobi/Upstream Hub,Kisumu,JET_A1,Line 6 (Sinendet-Kisumu),290,2424.2710605469924,2021-05-31,2021-05-31,0,2424.2710605469924,REORDER_POINT_BREACH,1,COMPLETED
AUT-B-001228,AUTONOMOUS,2021-06-26,Nairobi/Upstream Hub,Kisumu,JET_A1,Line 6 (Sinendet-Kisumu),290,2388.5792887665175,2021-06-28,2021-06-28,0,2388.5792887665175,REORDER_POINT_BREACH,1,COMPLETED
AUT-B-001229,AUTONOMOUS,2021-07-23,Nairobi/Upstream Hub,Kisumu,JET_A1,Line 6 (Sinendet-Kisumu),290,2389.749776227701,2021-07-25,2021-07-25,0,2389.749776227701,REORDER_POINT_BREACH,1,COMPLETED
AUT-B-001230,AUTONOMOUS,2021-08-19,Nairobi/Upstream Hub,Kisumu,JET_A1,Line 6 (Sinendet-Kisumu),290,2410.89528572733,2021-08-21,2021-08-22,1,2410.89528572733,REORDER_POINT_BREACH,1,COMPLETED
AUT-B-001231,AUTONOMOUS,2021-09-16,Nairobi/Upstream Hub,Kisumu,JET_A1,Line 6 (Sinendet-Kisumu),290,2444.9853256138977,2021-09-18,2021-09-18,0,2444.9853256138977,REORDER_POINT_BREACH,1,COMPLETED
AUT-B-001232,AUTONOMOUS,2021-10-14,Nairobi/Upstream Hub,Kisumu,JET_A1,Line 6 (Sinendet-Kisumu),290,2484.071254913963,2021-10-16,2021-10-16,0,2484.071254913963,REORDER_POINT_BREACH,1,COMPLETED
AUT-B-001233,AUTONOMOUS,2021-11-10,Nairobi/Upstream Hub,Kisumu,JET_A1,Line 6 (Sinendet-Kisumu),290,2384.1309147307866,2021-11-12,2021-11-13,1,2384.1309147307866,REORDER_POINT_BREACH,1,COMPLETED
AUT-B-001234,AUTONOMOUS,2021-12-08,Nairobi/Upstream Hub,Kisumu,JET_A1,Line 6 (Sinendet-Kisumu),290,2512.990834923667,2021-12-10,2021-12-10,0,2512.990834923667,REORDER_POINT_BREACH,1,COMPLETED
AUT-B-001235,AUTONOMOUS,2022-01-02,Nairobi/Upstream Hub,Kisumu,JET_A1,Line 6 (Sinendet-Kisumu),290,2422.6609361402298,2022-01-04,2022-01-04,0,2422.6609361402298,REORDER_POINT_BREACH,1,COMPLETED
AUT-B-001236,AUTONOMOUS,2022-01-27,Nairobi/Upstream Hub,Kisumu,JET_A1,Line 6 (Sinendet-Kisumu),290,2463.3368533381745,2022-01-29,2022-01-29,0,2463.3368533381745,REORDER_POINT_BREACH,1,COMPLETED
AUT-B-001237,AUTONOMOUS,2022-02-24,Nairobi/Upstream Hub,Kisumu,JET_A1,Line 6 (Sinendet-Kisumu),290,2428.4096241744637,2022-02-26,2022-02-26,0,2428.4096241744637,REORDER_POINT_BREACH,1,COMPLETED
AUT-B-001238,AUTONOMOUS,2022-03-22,Nairobi/Upstream Hub,Kisumu,JET_A1,Line 6 (Sinendet-Kisumu),290,2433.9992543040717,2022-03-24,2022-03-24,0,2433.9992543040717,REORDER_POINT_BREACH,1,COMPLETED
AUT-B-001239,AUTONOMOUS,2022-04-17,Nairobi/Upstream Hub,Kisumu,JET_A1,Line 6 (Sinendet-Kisumu),290,2402.5178686830295,2022-04-19,2022-04-19,0,2402.5178686830295,REORDER_POINT_BREACH,1,COMPLETED
AUT-B-001240,AUTONOMOUS,2022-05-12,Nairobi/Upstream Hub,Kisumu,JET_A1,Line 6 (Sinendet-Kisumu),290,2412.173042163879,2022-05-14,2022-05-14,0,2412.173042163879,REORDER_POINT_BREACH,1,COMPLETED
AUT-B-001241,AUTONOMOUS,2022-06-07,Nairobi/Upstream Hub,Kisumu,JET_A1,Line 6 (Sinendet-Kisumu),290,2395.115341261822,2022-06-09,2022-06-09,0,2395.115341261822,REORDER_POINT_BREACH,1,COMPLETED
AUT-B-001242,AUTONOMOUS,2022-07-04,Nairobi/Upstream Hub,Kisumu,JET_A1,Line 6 (Sinendet-Kisumu),290,2404.8038926658046,2022-07-06,2022-07-06,0,2404.8038926658046,REORDER_POINT_BREACH,1,COMPLETED
AUT-B-001243,AUTONOMOUS,2022-07-30,Nairobi/Upstream Hub,Kisumu,JET_A1,Line 6 (Sinendet-Kisumu),290,2409.2296818092464,2022-08-01,2022-08-01,0,2409.2296818092464,REORDER_POINT_BREACH,1,COMPLETED
AUT-B-001244,AUTONOMOUS,2022-08-25,Nairobi/Upstream Hub,Kisumu,JET_A1,Line 6 (Sinendet-Kisumu),290,2436.4707275540854,2022-08-27,2022-08-27,0,2436.4707275540854,REORDER_POINT_BREACH,1,COMPLETED
AUT-B-001245,AUTONOMOUS,2022-09-21,Nairobi/Upstream Hub,Kisumu,JET_A1,Line 6 (Sinendet-Kisumu),290,2420.1586200392203,2022-09-23,2022-09-23,0,2420.1586200392203,REORDER_POINT_BREACH,1,COMPLETED
AUT-B-001246,AUTONOMOUS,2022-10-17,Nairobi/Upstream Hub,Kisumu,JET_A1,Line 6 (Sinendet-Kisumu),290,2414.6910061059857,2022-10-19,2022-10-19,0,2414.6910061059857,REORDER_POINT_BREACH,1,COMPLETED
AUT-B-001247,AUTONOMOUS,2022-11-12,Nairobi/Upstream Hub,Kisumu,JET_A1,Line 6 (Sinendet-Kisumu),290,2359.1742316611862,2022-11-14,2022-11-14,0,2359.1742316611862,REORDER_POINT_BREACH,1,COMPLETED
AUT-B-001248,AUTONOMOUS,2022-12-08,Nairobi/Upstream Hub,Kisumu,JET_A1,Line 6 (Sinendet-Kisumu),290,2511.4850771260844,2022-12-10,2022-12-10,0,2511.4850771260844,REORDER_POINT_BREACH,1,COMPLETED
AUT-B-001249,AUTONOMOUS,2023-01-01,Nairobi/Upstream Hub,Kisumu,JET_A1,Line 6 (Sinendet-Kisumu),290,2426.2631174280973,2023-01-03,2023-01-03,0,2426.2631174280973,REORDER_POINT_BREACH,1,COMPLETED
AUT-B-001250,AUTONOMOUS,2023-01-27,Nairobi/Upstream Hub,Kisumu,JET_A1,Line 6 (Sinendet-Kisumu),290,2496.5262425114356,2023-01-29,2023-01-29,0,2496.5262425114356,REORDER_POINT_BREACH,1,COMPLETED
AUT-B-001251,AUTONOMOUS,2023-02-24,Nairobi/Upstream Hub,Kisumu,JET_A1,Line 6 (Sinendet-Kisumu),290,2421.216227820327,2023-02-26,2023-02-26,0,2421.216227820327,REORDER_POINT_BREACH,1,COMPLETED
AUT-B-001252,AUTONOMOUS,2023-03-23,Nairobi/Upstream Hub,Kisumu,JET_A1,Line 6 (Sinendet-Kisumu),290,2389.3897711858926,2023-03-25,2023-03-25,0,2389.3897711858926,REORDER_POINT_BREACH,1,COMPLETED
AUT-B-001253,AUTONOMOUS,2023-04-18,Nairobi/Upstream Hub,Kisumu,JET_A1,Line 6 (Sinendet-Kisumu),290,2416.510722212916,2023-04-20,2023-04-20,0,2416.510722212916,REORDER_POINT_BREACH,1,COMPLETED
AUT-B-001254,AUTONOMOUS,2023-05-14,Nairobi/Upstream Hub,Kisumu,JET_A1,Line 6 (Sinendet-Kisumu),290,2368.8211566691584,2023-05-16,2023-05-16,0,2368.8211566691584,REORDER_POINT_BREACH,1,COMPLETED
AUT-B-001255,AUTONOMOUS,2023-06-09,Nairobi/Upstream Hub,Kisumu,JET_A1,Line 6 (Sinendet-Kisumu),290,2425.4578970056555,2023-06-11,2023-06-11,0,2425.4578970056555,REORDER_POINT_BREACH,1,COMPLETED
AUT-B-001256,AUTONOMOUS,2023-07-07,Nairobi/Upstream Hub,Kisumu,JET_A1,Line 6 (Sinendet-Kisumu),290,2475.154559981103,2023-07-09,2023-07-10,1,2475.154559981103,REORDER_POINT_BREACH,1,COMPLETED
AUT-B-001257,AUTONOMOUS,2023-08-03,Nairobi/Upstream Hub,Kisumu,JET_A1,Line 6 (Sinendet-Kisumu),290,2386.8726323463407,2023-08-05,2023-08-05,0,2386.8726323463407,REORDER_POINT_BREACH,1,COMPLETED
AUT-B-001258,AUTONOMOUS,2023-08-30,Nairobi/Upstream Hub,Kisumu,JET_A1,Line 6 (Sinendet-Kisumu),290,2461.4507300684536,2023-09-01,2023-09-01,0,2461.4507300684536,REORDER_POINT_BREACH,1,COMPLETED
AUT-B-001259,AUTONOMOUS,2023-09-27,Nairobi/Upstream Hub,Kisumu,JET_A1,Line 6 (Sinendet-Kisumu),290,2407.315812012952,2023-09-29,2023-09-29,0,2407.315812012952,REORDER_POINT_BREACH,1,COMPLETED
AUT-B-001260,AUTONOMOUS,2023-10-24,Nairobi/Upstream Hub,Kisumu,JET_A1,Line 6 (Sinendet-Kisumu),290,2443.0821212134792,2023-10-26,2023-10-26,0,2443.0821212134792,REORDER_POINT_BREACH,1,COMPLETED
AUT-B-001261,AUTONOMOUS,2023-11-20,Nairobi/Upstream Hub,Kisumu,JET_A1,Line 6 (Sinendet-Kisumu),290,2372.580544398936,2023-11-22,2023-11-22,0,2372.580544398936,REORDER_POINT_BREACH,1,COMPLETED
AUT-B-001262,AUTONOMOUS,2023-12-16,Nairobi/Upstream Hub,Kisumu,JET_A1,Line 6 (Sinendet-Kisumu),290,2455.0114154619055,2023-12-18,2023-12-18,0,2455.0114154619055,REORDER_POINT_BREACH,1,COMPLETED
AUT-B-001263,AUTONOMOUS,2024-01-10,Nairobi/Upstream Hub,Kisumu,JET_A1,Line 6 (Sinendet-Kisumu),290,2469.4032909325515,2024-01-12,2024-01-13,1,2469.4032909325515,REORDER_POINT_BREACH,1,COMPLETED
AUT-B-001264,AUTONOMOUS,2024-02-07,Nairobi/Upstream Hub,Kisumu,JET_A1,Line 6 (Sinendet-Kisumu),290,2410.5400523815592,2024-02-09,2024-02-11,2,2410.5400523815592,REORDER_POINT_BREACH,1,COMPLETED
AUT-B-001265,AUTONOMOUS,2024-03-06,Nairobi/Upstream Hub,Kisumu,JET_A1,Line 6 (Sinendet-Kisumu),290,2443.119765972868,2024-03-08,2024-03-08,0,2443.119765972868,REORDER_POINT_BREACH,1,COMPLETED
AUT-B-001266,AUTONOMOUS,2024-04-03,Nairobi/Upstream Hub,Kisumu,JET_A1,Line 6 (Sinendet-Kisumu),290,2406.2584598453573,2024-04-05,2024-04-05,0,2406.2584598453573,REORDER_POINT_BREACH,1,COMPLETED
AUT-B-001267,AUTONOMOUS,2024-04-30,Nairobi/Upstream Hub,Kisumu,JET_A1,Line 6 (Sinendet-Kisumu),290,2392.19273713635,2024-05-02,2024-05-02,0,2392.19273713635,REORDER_POINT_BREACH,1,COMPLETED
AUT-B-001268,AUTONOMOUS,2024-05-27,Nairobi/Upstream Hub,Kisumu,JET_A1,Line 6 (Sinendet-Kisumu),290,2473.887403200422,2024-05-29,2024-05-29,0,2473.887403200422,REORDER_POINT_BREACH,1,COMPLETED
AUT-B-001269,AUTONOMOUS,2024-06-24,Nairobi/Upstream Hub,Kisumu,JET_A1,Line 6 (Sinendet-Kisumu),290,2458.738418878317,2024-06-26,2024-06-26,0,2458.738418878317,REORDER_POINT_BREACH,1,COMPLETED
AUT-B-001270,AUTONOMOUS,2024-07-22,Nairobi/Upstream Hub,Kisumu,JET_A1,Line 6 (Sinendet-Kisumu),290,2396.2553461797133,2024-07-24,2024-07-24,0,2396.2553461797133,REORDER_POINT_BREACH,1,COMPLETED
AUT-B-001271,AUTONOMOUS,2024-08-18,Nairobi/Upstream Hub,Kisumu,JET_A1,Line 6 (Sinendet-Kisumu),290,2363.0567674946724,2024-08-20,2024-08-20,0,2363.0567674946724,REORDER_POINT_BREACH,1,COMPLETED
AUT-B-001272,AUTONOMOUS,2024-09-15,Nairobi/Upstream Hub,Kisumu,JET_A1,Line 6 (Sinendet-Kisumu),290,2404.3276883471035,2024-09-17,2024-09-17,0,2404.3276883471035,REORDER_POINT_BREACH,1,COMPLETED
AUT-B-001273,AUTONOMOUS,2024-10-12,Nairobi/Upstream Hub,Kisumu,JET_A1,Line 6 (Sinendet-Kisumu),290,2372.411413455149,2024-10-14,2024-10-15,1,2372.411413455149,REORDER_POINT_BREACH,1,COMPLETED
AUT-B-001274,AUTONOMOUS,2024-11-09,Nairobi/Upstream Hub,Kisumu,JET_A1,Line 6 (Sinendet-Kisumu),290,2418.9245632498255,2024-11-11,2024-11-11,0,2418.9245632498255,REORDER_POINT_BREACH,1,COMPLETED
AUT-B-001275,AUTONOMOUS,2024-12-06,Nairobi/Upstream Hub,Kisumu,JET_A1,Line 6 (Sinendet-Kisumu),290,2470.669405632391,2024-12-08,2024-12-08,0,2470.669405632391,REORDER_POINT_BREACH,1,COMPLETED
AUT-B-001276,AUTONOMOUS,2025-01-01,Nairobi/Upstream Hub,Kisumu,JET_A1,Line 6 (Sinendet-Kisumu),290,2523.173199687004,2025-01-03,2025-01-03,0,2523.173199687004,REORDER_POINT_BREACH,1,COMPLETED
AUT-B-001277,AUTONOMOUS,2025-01-26,Nairobi/Upstream Hub,Kisumu,JET_A1,Line 6 (Sinendet-Kisumu),290,2394.220761021965,2025-01-28,2025-01-28,0,2394.220761021965,REORDER_POINT_BREACH,1,COMPLETED
AUT-B-001278,AUTONOMOUS,2025-02-21,Nairobi/Upstream Hub,Kisumu,JET_A1,Line 6 (Sinendet-Kisumu),290,2427.9885321348206,2025-02-23,2025-02-23,0,2427.9885321348206,REORDER_POINT_BREACH,1,COMPLETED
AUT-B-001279,AUTONOMOUS,2025-03-19,Nairobi/Upstream Hub,Kisumu,JET_A1,Line 6 (Sinendet-Kisumu),290,2398.993683956169,2025-03-21,2025-03-21,0,2398.993683956169,REORDER_POINT_BREACH,1,COMPLETED
AUT-B-001280,AUTONOMOUS,2025-04-14,Nairobi/Upstream Hub,Kisumu,JET_A1,Line 6 (Sinendet-Kisumu),290,2486.8017091026154,2025-04-16,2025-04-16,0,2486.8017091026154,REORDER_POINT_BREACH,1,COMPLETED
AUT-B-001281,AUTONOMOUS,2025-05-09,Nairobi/Upstream Hub,Kisumu,JET_A1,Line 6 (Sinendet-Kisumu),290,2470.5231767342425,2025-05-11,2025-05-11,0,2470.5231767342425,REORDER_POINT_BREACH,1,COMPLETED
AUT-B-001282,AUTONOMOUS,2025-06-04,Nairobi/Upstream Hub,Kisumu,JET_A1,Line 6 (Sinendet-Kisumu),290,2428.7216262790002,2025-06-06,2025-06-06,0,2428.7216262790002,REORDER_POINT_BREACH,1,COMPLETED
AUT-B-001283,AUTONOMOUS,2025-07-01,Nairobi/Upstream Hub,Kisumu,JET_A1,Line 6 (Sinendet-Kisumu),290,2458.111862099071,2025-07-03,2025-07-03,0,2458.111862099071,REORDER_POINT_BREACH,1,COMPLETED
AUT-B-001284,AUTONOMOUS,2025-07-27,Nairobi/Upstream Hub,Kisumu,JET_A1,Line 6 (Sinendet-Kisumu),290,2410.6542758295714,2025-07-29,2025-07-29,0,2410.6542758295714,REORDER_POINT_BREACH,1,COMPLETED
AUT-B-001285,AUTONOMOUS,2025-08-22,Nairobi/Upstream Hub,Kisumu,JET_A1,Line 6 (Sinendet-Kisumu),290,2441.939050798947,2025-08-24,2025-08-24,0,2441.939050798947,REORDER_POINT_BREACH,1,COMPLETED
AUT-B-001286,AUTONOMOUS,2025-09-17,Nairobi/Upstream Hub,Kisumu,JET_A1,Line 6 (Sinendet-Kisumu),290,2404.494185836946,2025-09-19,2025-09-19,0,2404.494185836946,REORDER_POINT_BREACH,1,COMPLETED
AUT-B-001287,AUTONOMOUS,2025-10-14,Nairobi/Upstream Hub,Kisumu,JET_A1,Line 6 (Sinendet-Kisumu),290,2500.223508951083,2025-10-16,2025-10-16,0,2500.223508951083,REORDER_POINT_BREACH,1,COMPLETED
AUT-B-001288,AUTONOMOUS,2025-11-08,Nairobi/Upstream Hub,Kisumu,JET_A1,Line 6 (Sinendet-Kisumu),290,2424.177598192122,2025-11-10,2025-11-10,0,2424.177598192122,REORDER_POINT_BREACH,1,COMPLETED
AUT-B-001289,AUTONOMOUS,2025-12-04,Nairobi/Upstream Hub,Kisumu,JET_A1,Line 6 (Sinendet-Kisumu),290,2452.160129488368,2025-12-06,2025-12-06,0,2452.160129488368,REORDER_POINT_BREACH,1,COMPLETED
AUT-B-001290,AUTONOMOUS,2025-12-28,Nairobi/Upstream Hub,Kisumu,JET_A1,Line 6 (Sinendet-Kisumu),290,2429.769684387222,2025-12-30,2025-12-30,0,2429.769684387222,REORDER_POINT_BREACH,1,COMPLETED
AUT-B-001291,AUTONOMOUS,2026-01-20,Nairobi/Upstream Hub,Kisumu,JET_A1,Line 6 (Sinendet-Kisumu),290,2502.4432139384257,2026-01-22,2026-01-22,0,2502.4432139384257,REORDER_POINT_BREACH,1,COMPLETED
AUT-B-001292,AUTONOMOUS,2026-02-13,Nairobi/Upstream Hub,Kisumu,JET_A1,Line 6 (Sinendet-Kisumu),290,2448.5954394631367,2026-02-15,2026-02-15,0,2448.5954394631367,REORDER_POINT_BREACH,1,COMPLETED
AUT-B-001293,AUTONOMOUS,2026-03-11,Nairobi/Upstream Hub,Kisumu,JET_A1,Line 6 (Sinendet-Kisumu),290,2518.284988143009,2026-03-13,2026-03-13,0,2518.284988143009,REORDER_POINT_BREACH,1,COMPLETED
AUT-B-001294,AUTONOMOUS,2026-04-04,Nairobi/Upstream Hub,Kisumu,JET_A1,Line 6 (Sinendet-Kisumu),290,2408.4494729676253,2026-04-06,2026-04-06,0,2408.4494729676253,REORDER_POINT_BREACH,1,COMPLETED
AUT-B-001295,AUTONOMOUS,2026-04-27,Nairobi/Upstream Hub,Kisumu,JET_A1,Line 6 (Sinendet-Kisumu),290,2426.5302984228524,2026-04-29,2026-04-29,0,2426.5302984228524,REORDER_POINT_BREACH,1,COMPLETED
AUT-B-001296,AUTONOMOUS,2026-05-21,Nairobi/Upstream Hub,Kisumu,JET_A1,Line 6 (Sinendet-Kisumu),290,2444.9187944572623,2026-05-23,2026-05-23,0,2444.9187944572623,REORDER_POINT_BREACH,1,COMPLETED
AUT-B-001297,AUTONOMOUS,2026-06-16,Nairobi/Upstream Hub,Kisumu,JET_A1,Line 6 (Sinendet-Kisumu),290,2494.2310191229412,2026-06-18,2026-06-19,1,2494.2310191229412,REORDER_POINT_BREACH,1,COMPLETED
AUT-B-001298,AUTONOMOUS,2026-07-11,Nairobi/Upstream Hub,Kisumu,JET_A1,Line 6 (Sinendet-Kisumu),290,2452.147620981339,2026-07-13,2026-07-13,0,2452.147620981339,REORDER_POINT_BREACH,1,COMPLETED
AUT-B-001299,AUTONOMOUS,2026-08-04,Nairobi/Upstream Hub,Kisumu,JET_A1,Line 6 (Sinendet-Kisumu),290,2447.2627511560245,2026-08-06,2026-08-06,0,2447.2627511560245,REORDER_POINT_BREACH,1,COMPLETED
AUT-B-001300,AUTONOMOUS,2026-08-29,Nairobi/Upstream Hub,Kisumu,JET_A1,Line 6 (Sinendet-Kisumu),290,2485.493492697946,2026-08-31,2026-08-31,0,2485.493492697946,REORDER_POINT_BREACH,1,COMPLETED
AUT-B-001301,AUTONOMOUS,2026-09-23,Nairobi/Upstream Hub,Kisumu,JET_A1,Line 6 (Sinendet-Kisumu),290,2423.7022881570238,2026-09-25,2026-09-25,0,2423.7022881570238,REORDER_POINT_BREACH,1,SCENARIO_COMPLETED
AUT-B-001302,AUTONOMOUS,2026-10-17,Nairobi/Upstream Hub,Kisumu,JET_A1,Line 6 (Sinendet-Kisumu),290,2407.070411160846,2026-10-19,2026-10-19,0,2407.070411160846,REORDER_POINT_BREACH,1,SCENARIO_COMPLETED
AUT-B-001303,AUTONOMOUS,2026-11-11,Nairobi/Upstream Hub,Kisumu,JET_A1,Line 6 (Sinendet-Kisumu),290,2504.567843537811,2026-11-13,2026-11-13,0,2504.567843537811,REORDER_POINT_BREACH,1,SCENARIO_COMPLETED
AUT-B-001304,AUTONOMOUS,2026-12-06,Nairobi/Upstream Hub,Kisumu,JET_A1,Line 6 (Sinendet-Kisumu),290,2452.623022813728,2026-12-08,2026-12-08,0,2452.623022813728,REORDER_POINT_BREACH,1,SCENARIO_COMPLETED
AUT-B-001305,AUTONOMOUS,2026-12-28,Nairobi/Upstream Hub,Kisumu,JET_A1,Line 6 (Sinendet-Kisumu),290,2515.901128660001,2026-12-30,2026-12-30,0,2515.901128660001,REORDER_POINT_BREACH,1,SCENARIO_COMPLETED
AUT-B-001306,AUTONOMOUS,2021-01-05,Nairobi/Upstream Hub,Kisumu,PMS,Line 6 (Sinendet-Kisumu),290,4640.0,2021-01-07,2021-01-07,0,4640.0,REORDER_POINT_BREACH,1,COMPLETED
AUT-B-001307,AUTONOMOUS,2021-01-12,Nairobi/Upstream Hub,Kisumu,PMS,Line 6 (Sinendet-Kisumu),290,4640.0,2021-01-14,2021-01-15,1,4640.0,REORDER_POINT_BREACH,1,COMPLETED
AUT-B-001308,AUTONOMOUS,2021-01-19,Nairobi/Upstream Hub,Kisumu,PMS,Line 6 (Sinendet-Kisumu),290,4640.0,2021-01-21,2021-01-21,0,4640.0,REORDER_POINT_BREACH,1,COMPLETED
AUT-B-001309,AUTONOMOUS,2021-01-26,Nairobi/Upstream Hub,Kisumu,PMS,Line 6 (Sinendet-Kisumu),290,4640.0,2021-01-28,2021-01-28,0,4640.0,REORDER_POINT_BREACH,1,COMPLETED
AUT-B-001310,AUTONOMOUS,2021-02-02,Nairobi/Upstream Hub,Kisumu,PMS,Line 6 (Sinendet-Kisumu),290,4640.0,2021-02-04,2021-02-04,0,4640.0,REORDER_POINT_BREACH,1,COMPLETED
AUT-B-001311,AUTONOMOUS,2021-02-09,Nairobi/Upstream Hub,Kisumu,PMS,Line 6 (Sinendet-Kisumu),290,4640.0,2021-02-11,2021-02-11,0,4640.0,REORDER_POINT_BREACH,1,COMPLETED
AUT-B-001312,AUTONOMOUS,2021-02-17,Nairobi/Upstream Hub,Kisumu,PMS,Line 6 (Sinendet-Kisumu),290,4640.0,2021-02-19,2021-02-19,0,4640.0,REORDER_POINT_BREACH,1,COMPLETED
AUT-B-001313,AUTONOMOUS,2021-02-24,Nairobi/Upstream Hub,Kisumu,PMS,Line 6 (Sinendet-Kisumu),290,4640.0,2021-02-26,2021-02-26,0,4640.0,REORDER_POINT_BREACH,1,COMPLETED
AUT-B-001314,AUTONOMOUS,2021-03-03,Nairobi/Upstream Hub,Kisumu,PMS,Line 6 (Sinendet-Kisumu),290,4640.0,2021-03-05,2021-03-05,0,4640.0,REORDER_POINT_BREACH,1,COMPLETED
AUT-B-001315,AUTONOMOUS,2021-03-10,Nairobi/Upstream Hub,Kisumu,PMS,Line 6 (Sinendet-Kisumu),290,4640.0,2021-03-12,2021-03-12,0,4640.0,REORDER_POINT_BREACH,1,COMPLETED
AUT-B-001316,AUTONOMOUS,2021-03-18,Nairobi/Upstream Hub,Kisumu,PMS,Line 6 (Sinendet-Kisumu),290,4640.0,2021-03-20,2021-03-20,0,4640.0,REORDER_POINT_BREACH,1,COMPLETED
AUT-B-001317,AUTONOMOUS,2021-03-25,Nairobi/Upstream Hub,Kisumu,PMS,Line 6 (Sinendet-Kisumu),290,4640.0,2021-03-27,2021-03-27,0,4640.0,REORDER_POINT_BREACH,1,COMPLETED
AUT-B-001318,AUTONOMOUS,2021-04-01,Nairobi/Upstream Hub,Kisumu,PMS,Line 6 (Sinendet-Kisumu),290,4640.0,2021-04-03,2021-04-03,0,4640.0,REORDER_POINT_BREACH,1,COMPLETED
AUT-B-001319,AUTONOMOUS,2021-04-08,Nairobi/Upstream Hub,Kisumu,PMS,Line 6 (Sinendet-Kisumu),290,4640.0,2021-04-10,2021-04-10,0,4640.0,REORDER_POINT_BREACH,1,COMPLETED
AUT-B-001320,AUTONOMOUS,2021-04-15,Nairobi/Upstream Hub,Kisumu,PMS,Line 6 (Sinendet-Kisumu),290,4640.0,2021-04-17,2021-04-17,0,4640.0,REORDER_POINT_BREACH,1,COMPLETED
AUT-B-001321,AUTONOMOUS,2021-04-22,Nairobi/Upstream Hub,Kisumu,PMS,Line 6 (Sinendet-Kisumu),290,4640.0,2021-04-24,2021-04-26,2,4640.0,REORDER_POINT_BREACH,1,COMPLETED
AUT-B-001322,AUTONOMOUS,2021-04-29,Nairobi/Upstream Hub,Kisumu,PMS,Line 6 (Sinendet-Kisumu),290,4640.0,2021-05-01,2021-05-01,0,4640.0,REORDER_POINT_BREACH,1,COMPLETED
AUT-B-001323,AUTONOMOUS,2021-05-06,Nairobi/Upstream Hub,Kisumu,PMS,Line 6 (Sinendet-Kisumu),290,4640.0,2021-05-08,2021-05-09,1,4640.0,REORDER_POINT_BREACH,1,COMPLETED
AUT-B-001324,AUTONOMOUS,2021-05-13,Nairobi/Upstream Hub,Kisumu,PMS,Line 6 (Sinendet-Kisumu),290,4640.0,2021-05-15,2021-05-15,0,4640.0,REORDER_POINT_BREACH,1,COMPLETED
AUT-B-001325,AUTONOMOUS,2021-05-20,Nairobi/Upstream Hub,Kisumu,PMS,Line 6 (Sinendet-Kisumu),290,4640.0,2021-05-22,2021-05-22,0,4640.0,REORDER_POINT_BREACH,1,COMPLETED
AUT-B-001326,AUTONOMOUS,2021-05-27,Nairobi/Upstream Hub,Kisumu,PMS,Line 6 (Sinendet-Kisumu),290,4640.0,2021-05-29,2021-05-29,0,4640.0,REORDER_POINT_BREACH,1,COMPLETED
AUT-B-001327,AUTONOMOUS,2021-06-03,Nairobi/Upstream Hub,Kisumu,PMS,Line 6 (Sinendet-Kisumu),290,4640.0,2021-06-05,2021-06-05,0,4640.0,REORDER_POINT_BREACH,1,COMPLETED
AUT-B-001328,AUTONOMOUS,2021-06-10,Nairobi/Upstream Hub,Kisumu,PMS,Line 6 (Sinendet-Kisumu),290,4640.0,2021-06-12,2021-06-12,0,4640.0,REORDER_POINT_BREACH,1,COMPLETED
AUT-B-001329,AUTONOMOUS,2021-06-18,Nairobi/Upstream Hub,Kisumu,PMS,Line 6 (Sinendet-Kisumu),290,4640.0,2021-06-20,2021-06-20,0,4640.0,REORDER_POINT_BREACH,1,COMPLETED
AUT-B-001330,AUTONOMOUS,2021-06-25,Nairobi/Upstream Hub,Kisumu,PMS,Line 6 (Sinendet-Kisumu),290,4640.0,2021-06-27,2021-06-27,0,4640.0,REORDER_POINT_BREACH,1,COMPLETED
AUT-B-001331,AUTONOMOUS,2021-07-02,Nairobi/Upstream Hub,Kisumu,PMS,Line 6 (Sinendet-Kisumu),290,4640.0,2021-07-04,2021-07-04,0,4640.0,REORDER_POINT_BREACH,1,COMPLETED
AUT-B-001332,AUTONOMOUS,2021-07-09,Nairobi/Upstream Hub,Kisumu,PMS,Line 6 (Sinendet-Kisumu),290,4640.0,2021-07-11,2021-07-11,0,4640.0,REORDER_POINT_BREACH,1,COMPLETED
AUT-B-001333,AUTONOMOUS,2021-07-16,Nairobi/Upstream Hub,Kisumu,PMS,Line 6 (Sinendet-Kisumu),290,4640.0,2021-07-18,2021-07-19,1,4640.0,REORDER_POINT_BREACH,1,COMPLETED
AUT-B-001334,AUTONOMOUS,2021-07-23,Nairobi/Upstream Hub,Kisumu,PMS,Line 6 (Sinendet-Kisumu),290,4640.0,2021-07-25,2021-07-25,0,4640.0,REORDER_POINT_BREACH,1,COMPLETED
AUT-B-001335,AUTONOMOUS,2021-07-31,Nairobi/Upstream Hub,Kisumu,PMS,Line 6 (Sinendet-Kisumu),290,4640.0,2021-08-02,2021-08-02,0,4640.0,REORDER_POINT_BREACH,1,COMPLETED
AUT-B-001336,AUTONOMOUS,2021-08-07,Nairobi/Upstream Hub,Kisumu,PMS,Line 6 (Sinendet-Kisumu),290,4640.0,2021-08-09,2021-08-09,0,4640.0,REORDER_POINT_BREACH,1,COMPLETED
AUT-B-001337,AUTONOMOUS,2021-08-14,Nairobi/Upstream Hub,Kisumu,PMS,Line 6 (Sinendet-Kisumu),290,4640.0,2021-08-16,2021-08-17,1,4640.0,REORDER_POINT_BREACH,1,COMPLETED
AUT-B-001338,AUTONOMOUS,2021-08-21,Nairobi/Upstream Hub,Kisumu,PMS,Line 6 (Sinendet-Kisumu),290,4640.0,2021-08-23,2021-08-23,0,4640.0,REORDER_POINT_BREACH,1,COMPLETED
AUT-B-001339,AUTONOMOUS,2021-08-29,Nairobi/Upstream Hub,Kisumu,PMS,Line 6 (Sinendet-Kisumu),290,4640.0,2021-08-31,2021-08-31,0,4640.0,REORDER_POINT_BREACH,1,COMPLETED
AUT-B-001340,AUTONOMOUS,2021-09-05,Nairobi/Upstream Hub,Kisumu,PMS,Line 6 (Sinendet-Kisumu),290,4640.0,2021-09-07,2021-09-07,0,4640.0,REORDER_POINT_BREACH,1,COMPLETED
AUT-B-001341,AUTONOMOUS,2021-09-13,Nairobi/Upstream Hub,Kisumu,PMS,Line 6 (Sinendet-Kisumu),290,4640.0,2021-09-15,2021-09-15,0,4640.0,REORDER_POINT_BREACH,1,COMPLETED
AUT-B-001342,AUTONOMOUS,2021-09-20,Nairobi/Upstream Hub,Kisumu,PMS,Line 6 (Sinendet-Kisumu),290,4640.0,2021-09-22,2021-09-22,0,4640.0,REORDER_POINT_BREACH,1,COMPLETED
AUT-B-001343,AUTONOMOUS,2021-09-28,Nairobi/Upstream Hub,Kisumu,PMS,Line 6 (Sinendet-Kisumu),290,4640.0,2021-09-30,2021-09-30,0,4640.0,REORDER_POINT_BREACH,1,COMPLETED
AUT-B-001344,AUTONOMOUS,2021-10-05,Nairobi/Upstream Hub,Kisumu,PMS,Line 6 (Sinendet-Kisumu),290,4640.0,2021-10-07,2021-10-07,0,4640.0,REORDER_POINT_BREACH,1,COMPLETED
AUT-B-001345,AUTONOMOUS,2021-10-12,Nairobi/Upstream Hub,Kisumu,PMS,Line 6 (Sinendet-Kisumu),290,4640.0,2021-10-14,2021-10-14,0,4640.0,REORDER_POINT_BREACH,1,COMPLETED
AUT-B-001346,AUTONOMOUS,2021-10-19,Nairobi/Upstream Hub,Kisumu,PMS,Line 6 (Sinendet-Kisumu),290,4640.0,2021-10-21,2021-10-21,0,4640.0,REORDER_POINT_BREACH,1,COMPLETED
AUT-B-001347,AUTONOMOUS,2021-10-26,Nairobi/Upstream Hub,Kisumu,PMS,Line 6 (Sinendet-Kisumu),290,4640.0,2021-10-28,2021-10-28,0,4640.0,REORDER_POINT_BREACH,1,COMPLETED
AUT-B-001348,AUTONOMOUS,2021-11-02,Nairobi/Upstream Hub,Kisumu,PMS,Line 6 (Sinendet-Kisumu),290,4640.0,2021-11-04,2021-11-04,0,4640.0,REORDER_POINT_BREACH,1,COMPLETED
AUT-B-001349,AUTONOMOUS,2021-11-09,Nairobi/Upstream Hub,Kisumu,PMS,Line 6 (Sinendet-Kisumu),290,4640.0,2021-11-11,2021-11-11,0,4640.0,REORDER_POINT_BREACH,1,COMPLETED
AUT-B-001350,AUTONOMOUS,2021-11-17,Nairobi/Upstream Hub,Kisumu,PMS,Line 6 (Sinendet-Kisumu),290,4640.0,2021-11-19,2021-11-19,0,4640.0,REORDER_POINT_BREACH,1,COMPLETED
AUT-B-001351,AUTONOMOUS,2021-11-25,Nairobi/Upstream Hub,Kisumu,PMS,Line 6 (Sinendet-Kisumu),290,4640.0,2021-11-27,2021-11-27,0,4640.0,REORDER_POINT_BREACH,1,COMPLETED
AUT-B-001352,AUTONOMOUS,2021-12-02,Nairobi/Upstream Hub,Kisumu,PMS,Line 6 (Sinendet-Kisumu),290,4640.0,2021-12-04,2021-12-04,0,4640.0,REORDER_POINT_BREACH,1,COMPLETED
AUT-B-001353,AUTONOMOUS,2021-12-08,Nairobi/Upstream Hub,Kisumu,PMS,Line 6 (Sinendet-Kisumu),290,4640.0,2021-12-10,2021-12-10,0,4640.0,REORDER_POINT_BREACH,1,COMPLETED
AUT-B-001354,AUTONOMOUS,2021-12-14,Nairobi/Upstream Hub,Kisumu,PMS,Line 6 (Sinendet-Kisumu),290,4640.0,2021-12-16,2021-12-16,0,4640.0,REORDER_POINT_BREACH,1,COMPLETED
AUT-B-001355,AUTONOMOUS,2021-12-20,Nairobi/Upstream Hub,Kisumu,PMS,Line 6 (Sinendet-Kisumu),290,4640.0,2021-12-22,2021-12-22,0,4640.0,REORDER_POINT_BREACH,1,COMPLETED
AUT-B-001356,AUTONOMOUS,2021-12-26,Nairobi/Upstream Hub,Kisumu,PMS,Line 6 (Sinendet-Kisumu),290,4640.0,2021-12-28,2021-12-28,0,4640.0,REORDER_POINT_BREACH,1,COMPLETED
AUT-B-001357,AUTONOMOUS,2022-01-01,Nairobi/Upstream Hub,Kisumu,PMS,Line 6 (Sinendet-Kisumu),290,4640.0,2022-01-03,2022-01-03,0,4640.0,REORDER_POINT_BREACH,1,COMPLETED
AUT-B-001358,AUTONOMOUS,2022-01-07,Nairobi/Upstream Hub,Kisumu,PMS,Line 6 (Sinendet-Kisumu),290,4640.0,2022-01-09,2022-01-09,0,4640.0,REORDER_POINT_BREACH,1,COMPLETED
AUT-B-001359,AUTONOMOUS,2022-01-13,Nairobi/Upstream Hub,Kisumu,PMS,Line 6 (Sinendet-Kisumu),290,4640.0,2022-01-15,2022-01-15,0,4640.0,REORDER_POINT_BREACH,1,COMPLETED
AUT-B-001360,AUTONOMOUS,2022-01-20,Nairobi/Upstream Hub,Kisumu,PMS,Line 6 (Sinendet-Kisumu),290,4640.0,2022-01-22,2022-01-22,0,4640.0,REORDER_POINT_BREACH,1,COMPLETED
AUT-B-001361,AUTONOMOUS,2022-01-27,Nairobi/Upstream Hub,Kisumu,PMS,Line 6 (Sinendet-Kisumu),290,4640.0,2022-01-29,2022-01-30,1,4640.0,REORDER_POINT_BREACH,1,COMPLETED
AUT-B-001362,AUTONOMOUS,2022-02-02,Nairobi/Upstream Hub,Kisumu,PMS,Line 6 (Sinendet-Kisumu),290,4640.0,2022-02-04,2022-02-04,0,4640.0,REORDER_POINT_BREACH,1,COMPLETED
AUT-B-001363,AUTONOMOUS,2022-02-09,Nairobi/Upstream Hub,Kisumu,PMS,Line 6 (Sinendet-Kisumu),290,4640.0,2022-02-11,2022-02-11,0,4640.0,REORDER_POINT_BREACH,1,COMPLETED
AUT-B-001364,AUTONOMOUS,2022-02-16,Nairobi/Upstream Hub,Kisumu,PMS,Line 6 (Sinendet-Kisumu),290,4640.0,2022-02-18,2022-02-18,0,4640.0,REORDER_POINT_BREACH,1,COMPLETED
AUT-B-001365,AUTONOMOUS,2022-02-24,Nairobi/Upstream Hub,Kisumu,PMS,Line 6 (Sinendet-Kisumu),290,4640.0,2022-02-26,2022-02-26,0,4640.0,REORDER_POINT_BREACH,1,COMPLETED
AUT-B-001366,AUTONOMOUS,2022-03-03,Nairobi/Upstream Hub,Kisumu,PMS,Line 6 (Sinendet-Kisumu),290,4640.0,2022-03-05,2022-03-05,0,4640.0,REORDER_POINT_BREACH,1,COMPLETED
AUT-B-001367,AUTONOMOUS,2022-03-10,Nairobi/Upstream Hub,Kisumu,PMS,Line 6 (Sinendet-Kisumu),290,4640.0,2022-03-12,2022-03-12,0,4640.0,REORDER_POINT_BREACH,1,COMPLETED
AUT-B-001368,AUTONOMOUS,2022-03-16,Nairobi/Upstream Hub,Kisumu,PMS,Line 6 (Sinendet-Kisumu),290,4640.0,2022-03-18,2022-03-18,0,4640.0,REORDER_POINT_BREACH,1,COMPLETED
AUT-B-001369,AUTONOMOUS,2022-03-23,Nairobi/Upstream Hub,Kisumu,PMS,Line 6 (Sinendet-Kisumu),290,4640.0,2022-03-25,2022-03-25,0,4640.0,REORDER_POINT_BREACH,1,COMPLETED
AUT-B-001370,AUTONOMOUS,2022-03-30,Nairobi/Upstream Hub,Kisumu,PMS,Line 6 (Sinendet-Kisumu),290,4640.0,2022-04-01,2022-04-01,0,4640.0,REORDER_POINT_BREACH,1,COMPLETED
AUT-B-001371,AUTONOMOUS,2022-04-06,Nairobi/Upstream Hub,Kisumu,PMS,Line 6 (Sinendet-Kisumu),290,4640.0,2022-04-08,2022-04-08,0,4640.0,REORDER_POINT_BREACH,1,COMPLETED
AUT-B-001372,AUTONOMOUS,2022-04-13,Nairobi/Upstream Hub,Kisumu,PMS,Line 6 (Sinendet-Kisumu),290,4640.0,2022-04-15,2022-04-15,0,4640.0,REORDER_POINT_BREACH,1,COMPLETED
AUT-B-001373,AUTONOMOUS,2022-04-19,Nairobi/Upstream Hub,Kisumu,PMS,Line 6 (Sinendet-Kisumu),290,4640.0,2022-04-21,2022-04-21,0,4640.0,REORDER_POINT_BREACH,1,COMPLETED
AUT-B-001374,AUTONOMOUS,2022-04-26,Nairobi/Upstream Hub,Kisumu,PMS,Line 6 (Sinendet-Kisumu),290,4640.0,2022-04-28,2022-04-28,0,4640.0,REORDER_POINT_BREACH,1,COMPLETED
AUT-B-001375,AUTONOMOUS,2022-05-02,Nairobi/Upstream Hub,Kisumu,PMS,Line 6 (Sinendet-Kisumu),290,4640.0,2022-05-04,2022-05-04,0,4640.0,REORDER_POINT_BREACH,1,COMPLETED
AUT-B-001376,AUTONOMOUS,2022-05-09,Nairobi/Upstream Hub,Kisumu,PMS,Line 6 (Sinendet-Kisumu),290,4640.0,2022-05-11,2022-05-11,0,4640.0,REORDER_POINT_BREACH,1,COMPLETED
AUT-B-001377,AUTONOMOUS,2022-05-16,Nairobi/Upstream Hub,Kisumu,PMS,Line 6 (Sinendet-Kisumu),290,4640.0,2022-05-18,2022-05-18,0,4640.0,REORDER_POINT_BREACH,1,COMPLETED
AUT-B-001378,AUTONOMOUS,2022-05-22,Nairobi/Upstream Hub,Kisumu,PMS,Line 6 (Sinendet-Kisumu),290,4640.0,2022-05-24,2022-05-24,0,4640.0,REORDER_POINT_BREACH,1,COMPLETED
AUT-B-001379,AUTONOMOUS,2022-05-29,Nairobi/Upstream Hub,Kisumu,PMS,Line 6 (Sinendet-Kisumu),290,4640.0,2022-05-31,2022-05-31,0,4640.0,REORDER_POINT_BREACH,1,COMPLETED
AUT-B-001380,AUTONOMOUS,2022-06-05,Nairobi/Upstream Hub,Kisumu,PMS,Line 6 (Sinendet-Kisumu),290,4640.0,2022-06-07,2022-06-07,0,4640.0,REORDER_POINT_BREACH,1,COMPLETED
AUT-B-001381,AUTONOMOUS,2022-06-12,Nairobi/Upstream Hub,Kisumu,PMS,Line 6 (Sinendet-Kisumu),290,4640.0,2022-06-14,2022-06-14,0,4640.0,REORDER_POINT_BREACH,1,COMPLETED
AUT-B-001382,AUTONOMOUS,2022-06-19,Nairobi/Upstream Hub,Kisumu,PMS,Line 6 (Sinendet-Kisumu),290,4640.0,2022-06-21,2022-06-22,1,4640.0,REORDER_POINT_BREACH,1,COMPLETED
AUT-B-001383,AUTONOMOUS,2022-06-26,Nairobi/Upstream Hub,Kisumu,PMS,Line 6 (Sinendet-Kisumu),290,4640.0,2022-06-28,2022-06-28,0,4640.0,REORDER_POINT_BREACH,1,COMPLETED
AUT-B-001384,AUTONOMOUS,2022-07-03,Nairobi/Upstream Hub,Kisumu,PMS,Line 6 (Sinendet-Kisumu),290,4640.0,2022-07-05,2022-07-05,0,4640.0,REORDER_POINT_BREACH,1,COMPLETED
AUT-B-001385,AUTONOMOUS,2022-07-10,Nairobi/Upstream Hub,Kisumu,PMS,Line 6 (Sinendet-Kisumu),290,4640.0,2022-07-12,2022-07-12,0,4640.0,REORDER_POINT_BREACH,1,COMPLETED
AUT-B-001386,AUTONOMOUS,2022-07-17,Nairobi/Upstream Hub,Kisumu,PMS,Line 6 (Sinendet-Kisumu),290,4640.0,2022-07-19,2022-07-19,0,4640.0,REORDER_POINT_BREACH,1,COMPLETED
AUT-B-001387,AUTONOMOUS,2022-07-24,Nairobi/Upstream Hub,Kisumu,PMS,Line 6 (Sinendet-Kisumu),290,4640.0,2022-07-26,2022-07-26,0,4640.0,REORDER_POINT_BREACH,1,COMPLETED
AUT-B-001388,AUTONOMOUS,2022-07-31,Nairobi/Upstream Hub,Kisumu,PMS,Line 6 (Sinendet-Kisumu),290,4640.0,2022-08-02,2022-08-02,0,4640.0,REORDER_POINT_BREACH,1,COMPLETED
AUT-B-001389,AUTONOMOUS,2022-08-06,Nairobi/Upstream Hub,Kisumu,PMS,Line 6 (Sinendet-Kisumu),290,4640.0,2022-08-08,2022-08-08,0,4640.0,REORDER_POINT_BREACH,1,COMPLETED
AUT-B-001390,AUTONOMOUS,2022-08-13,Nairobi/Upstream Hub,Kisumu,PMS,Line 6 (Sinendet-Kisumu),290,4640.0,2022-08-15,2022-08-16,1,4640.0,REORDER_POINT_BREACH,1,COMPLETED
AUT-B-001391,AUTONOMOUS,2022-08-20,Nairobi/Upstream Hub,Kisumu,PMS,Line 6 (Sinendet-Kisumu),290,4640.0,2022-08-22,2022-08-23,1,4640.0,REORDER_POINT_BREACH,1,COMPLETED
AUT-B-001392,AUTONOMOUS,2022-08-27,Nairobi/Upstream Hub,Kisumu,PMS,Line 6 (Sinendet-Kisumu),290,4640.0,2022-08-29,2022-08-29,0,4640.0,REORDER_POINT_BREACH,1,COMPLETED
AUT-B-001393,AUTONOMOUS,2022-09-03,Nairobi/Upstream Hub,Kisumu,PMS,Line 6 (Sinendet-Kisumu),290,4640.0,2022-09-05,2022-09-05,0,4640.0,REORDER_POINT_BREACH,1,COMPLETED
AUT-B-001394,AUTONOMOUS,2022-09-10,Nairobi/Upstream Hub,Kisumu,PMS,Line 6 (Sinendet-Kisumu),290,4640.0,2022-09-12,2022-09-12,0,4640.0,REORDER_POINT_BREACH,1,COMPLETED
AUT-B-001395,AUTONOMOUS,2022-09-17,Nairobi/Upstream Hub,Kisumu,PMS,Line 6 (Sinendet-Kisumu),290,4640.0,2022-09-19,2022-09-21,2,4640.0,REORDER_POINT_BREACH,1,COMPLETED
AUT-B-001396,AUTONOMOUS,2022-09-24,Nairobi/Upstream Hub,Kisumu,PMS,Line 6 (Sinendet-Kisumu),290,4640.0,2022-09-26,2022-09-26,0,4640.0,REORDER_POINT_BREACH,1,COMPLETED
AUT-B-001397,AUTONOMOUS,2022-10-01,Nairobi/Upstream Hub,Kisumu,PMS,Line 6 (Sinendet-Kisumu),290,4640.0,2022-10-03,2022-10-03,0,4640.0,REORDER_POINT_BREACH,1,COMPLETED
AUT-B-001398,AUTONOMOUS,2022-10-07,Nairobi/Upstream Hub,Kisumu,PMS,Line 6 (Sinendet-Kisumu),290,4640.0,2022-10-09,2022-10-09,0,4640.0,REORDER_POINT_BREACH,1,COMPLETED
AUT-B-001399,AUTONOMOUS,2022-10-14,Nairobi/Upstream Hub,Kisumu,PMS,Line 6 (Sinendet-Kisumu),290,4640.0,2022-10-16,2022-10-16,0,4640.0,REORDER_POINT_BREACH,1,COMPLETED
AUT-B-001400,AUTONOMOUS,2022-10-21,Nairobi/Upstream Hub,Kisumu,PMS,Line 6 (Sinendet-Kisumu),290,4640.0,2022-10-23,2022-10-23,0,4640.0,REORDER_POINT_BREACH,1,COMPLETED
AUT-B-001401,AUTONOMOUS,2022-10-28,Nairobi/Upstream Hub,Kisumu,PMS,Line 6 (Sinendet-Kisumu),290,4640.0,2022-10-30,2022-10-30,0,4640.0,REORDER_POINT_BREACH,1,COMPLETED
AUT-B-001402,AUTONOMOUS,2022-11-04,Nairobi/Upstream Hub,Kisumu,PMS,Line 6 (Sinendet-Kisumu),290,4640.0,2022-11-06,2022-11-06,0,4640.0,REORDER_POINT_BREACH,1,COMPLETED
AUT-B-001403,AUTONOMOUS,2022-11-11,Nairobi/Upstream Hub,Kisumu,PMS,Line 6 (Sinendet-Kisumu),290,4640.0,2022-11-13,2022-11-13,0,4640.0,REORDER_POINT_BREACH,1,COMPLETED
AUT-B-001404,AUTONOMOUS,2022-11-18,Nairobi/Upstream Hub,Kisumu,PMS,Line 6 (Sinendet-Kisumu),290,4640.0,2022-11-20,2022-11-20,0,4640.0,REORDER_POINT_BREACH,1,COMPLETED
AUT-B-001405,AUTONOMOUS,2022-11-25,Nairobi/Upstream Hub,Kisumu,PMS,Line 6 (Sinendet-Kisumu),290,4640.0,2022-11-27,2022-11-27,0,4640.0,REORDER_POINT_BREACH,1,COMPLETED
AUT-B-001406,AUTONOMOUS,2022-12-02,Nairobi/Upstream Hub,Kisumu,PMS,Line 6 (Sinendet-Kisumu),290,4640.0,2022-12-04,2022-12-04,0,4640.0,REORDER_POINT_BREACH,1,COMPLETED
AUT-B-001407,AUTONOMOUS,2022-12-08,Nairobi/Upstream Hub,Kisumu,PMS,Line 6 (Sinendet-Kisumu),290,4640.0,2022-12-10,2022-12-10,0,4640.0,REORDER_POINT_BREACH,1,COMPLETED
AUT-B-001408,AUTONOMOUS,2022-12-14,Nairobi/Upstream Hub,Kisumu,PMS,Line 6 (Sinendet-Kisumu),290,4640.0,2022-12-16,2022-12-16,0,4640.0,REORDER_POINT_BREACH,1,COMPLETED
AUT-B-001409,AUTONOMOUS,2022-12-20,Nairobi/Upstream Hub,Kisumu,PMS,Line 6 (Sinendet-Kisumu),290,4640.0,2022-12-22,2022-12-22,0,4640.0,REORDER_POINT_BREACH,1,COMPLETED
AUT-B-001410,AUTONOMOUS,2022-12-26,Nairobi/Upstream Hub,Kisumu,PMS,Line 6 (Sinendet-Kisumu),290,4640.0,2022-12-28,2022-12-28,0,4640.0,REORDER_POINT_BREACH,1,COMPLETED
AUT-B-001411,AUTONOMOUS,2023-01-01,Nairobi/Upstream Hub,Kisumu,PMS,Line 6 (Sinendet-Kisumu),290,4640.0,2023-01-03,2023-01-03,0,4640.0,REORDER_POINT_BREACH,1,COMPLETED
AUT-B-001412,AUTONOMOUS,2023-01-07,Nairobi/Upstream Hub,Kisumu,PMS,Line 6 (Sinendet-Kisumu),290,4640.0,2023-01-09,2023-01-09,0,4640.0,REORDER_POINT_BREACH,1,COMPLETED
AUT-B-001413,AUTONOMOUS,2023-01-13,Nairobi/Upstream Hub,Kisumu,PMS,Line 6 (Sinendet-Kisumu),290,4640.0,2023-01-15,2023-01-15,0,4640.0,REORDER_POINT_BREACH,1,COMPLETED
AUT-B-001414,AUTONOMOUS,2023-01-20,Nairobi/Upstream Hub,Kisumu,PMS,Line 6 (Sinendet-Kisumu),290,4640.0,2023-01-22,2023-01-22,0,4640.0,REORDER_POINT_BREACH,1,COMPLETED
AUT-B-001415,AUTONOMOUS,2023-01-27,Nairobi/Upstream Hub,Kisumu,PMS,Line 6 (Sinendet-Kisumu),290,4640.0,2023-01-29,2023-01-29,0,4640.0,REORDER_POINT_BREACH,1,COMPLETED
AUT-B-001416,AUTONOMOUS,2023-02-03,Nairobi/Upstream Hub,Kisumu,PMS,Line 6 (Sinendet-Kisumu),290,4640.0,2023-02-05,2023-02-05,0,4640.0,REORDER_POINT_BREACH,1,COMPLETED
AUT-B-001417,AUTONOMOUS,2023-02-10,Nairobi/Upstream Hub,Kisumu,PMS,Line 6 (Sinendet-Kisumu),290,4640.0,2023-02-12,2023-02-12,0,4640.0,REORDER_POINT_BREACH,1,COMPLETED
AUT-B-001418,AUTONOMOUS,2023-02-17,Nairobi/Upstream Hub,Kisumu,PMS,Line 6 (Sinendet-Kisumu),290,4640.0,2023-02-19,2023-02-19,0,4640.0,REORDER_POINT_BREACH,1,COMPLETED
AUT-B-001419,AUTONOMOUS,2023-02-25,Nairobi/Upstream Hub,Kisumu,PMS,Line 6 (Sinendet-Kisumu),290,4640.0,2023-02-27,2023-02-27,0,4640.0,REORDER_POINT_BREACH,1,COMPLETED
AUT-B-001420,AUTONOMOUS,2023-03-04,Nairobi/Upstream Hub,Kisumu,PMS,Line 6 (Sinendet-Kisumu),290,4640.0,2023-03-06,2023-03-06,0,4640.0,REORDER_POINT_BREACH,1,COMPLETED
AUT-B-001421,AUTONOMOUS,2023-03-11,Nairobi/Upstream Hub,Kisumu,PMS,Line 6 (Sinendet-Kisumu),290,4640.0,2023-03-13,2023-03-13,0,4640.0,REORDER_POINT_BREACH,1,COMPLETED
AUT-B-001422,AUTONOMOUS,2023-03-18,Nairobi/Upstream Hub,Kisumu,PMS,Line 6 (Sinendet-Kisumu),290,4640.0,2023-03-20,2023-03-20,0,4640.0,REORDER_POINT_BREACH,1,COMPLETED
AUT-B-001423,AUTONOMOUS,2023-03-25,Nairobi/Upstream Hub,Kisumu,PMS,Line 6 (Sinendet-Kisumu),290,4640.0,2023-03-27,2023-03-27,0,4640.0,REORDER_POINT_BREACH,1,COMPLETED
AUT-B-001424,AUTONOMOUS,2023-04-01,Nairobi/Upstream Hub,Kisumu,PMS,Line 6 (Sinendet-Kisumu),290,4640.0,2023-04-03,2023-04-03,0,4640.0,REORDER_POINT_BREACH,1,COMPLETED
AUT-B-001425,AUTONOMOUS,2023-04-08,Nairobi/Upstream Hub,Kisumu,PMS,Line 6 (Sinendet-Kisumu),290,4640.0,2023-04-10,2023-04-10,0,4640.0,REORDER_POINT_BREACH,1,COMPLETED
AUT-B-001426,AUTONOMOUS,2023-04-15,Nairobi/Upstream Hub,Kisumu,PMS,Line 6 (Sinendet-Kisumu),290,4640.0,2023-04-17,2023-04-17,0,4640.0,REORDER_POINT_BREACH,1,COMPLETED
AUT-B-001427,AUTONOMOUS,2023-04-22,Nairobi/Upstream Hub,Kisumu,PMS,Line 6 (Sinendet-Kisumu),290,4640.0,2023-04-24,2023-04-24,0,4640.0,REORDER_POINT_BREACH,1,COMPLETED
AUT-B-001428,AUTONOMOUS,2023-04-29,Nairobi/Upstream Hub,Kisumu,PMS,Line 6 (Sinendet-Kisumu),290,4640.0,2023-05-01,2023-05-02,1,4640.0,REORDER_POINT_BREACH,1,COMPLETED
AUT-B-001429,AUTONOMOUS,2023-05-05,Nairobi/Upstream Hub,Kisumu,PMS,Line 6 (Sinendet-Kisumu),290,4640.0,2023-05-07,2023-05-07,0,4640.0,REORDER_POINT_BREACH,1,COMPLETED
AUT-B-001430,AUTONOMOUS,2023-05-12,Nairobi/Upstream Hub,Kisumu,PMS,Line 6 (Sinendet-Kisumu),290,4640.0,2023-05-14,2023-05-14,0,4640.0,REORDER_POINT_BREACH,1,COMPLETED
AUT-B-001431,AUTONOMOUS,2023-05-19,Nairobi/Upstream Hub,Kisumu,PMS,Line 6 (Sinendet-Kisumu),290,4640.0,2023-05-21,2023-05-21,0,4640.0,REORDER_POINT_BREACH,1,COMPLETED
AUT-B-001432,AUTONOMOUS,2023-05-26,Nairobi/Upstream Hub,Kisumu,PMS,Line 6 (Sinendet-Kisumu),290,4640.0,2023-05-28,2023-05-28,0,4640.0,REORDER_POINT_BREACH,1,COMPLETED
AUT-B-001433,AUTONOMOUS,2023-06-02,Nairobi/Upstream Hub,Kisumu,PMS,Line 6 (Sinendet-Kisumu),290,4640.0,2023-06-04,2023-06-04,0,4640.0,REORDER_POINT_BREACH,1,COMPLETED
AUT-B-001434,AUTONOMOUS,2023-06-09,Nairobi/Upstream Hub,Kisumu,PMS,Line 6 (Sinendet-Kisumu),290,4640.0,2023-06-11,2023-06-11,0,4640.0,REORDER_POINT_BREACH,1,COMPLETED
AUT-B-001435,AUTONOMOUS,2023-06-17,Nairobi/Upstream Hub,Kisumu,PMS,Line 6 (Sinendet-Kisumu),290,4640.0,2023-06-19,2023-06-19,0,4640.0,REORDER_POINT_BREACH,1,COMPLETED
AUT-B-001436,AUTONOMOUS,2023-06-24,Nairobi/Upstream Hub,Kisumu,PMS,Line 6 (Sinendet-Kisumu),290,4640.0,2023-06-26,2023-06-27,1,4640.0,REORDER_POINT_BREACH,1,COMPLETED
AUT-B-001437,AUTONOMOUS,2023-07-01,Nairobi/Upstream Hub,Kisumu,PMS,Line 6 (Sinendet-Kisumu),290,4640.0,2023-07-03,2023-07-03,0,4640.0,REORDER_POINT_BREACH,1,COMPLETED
AUT-B-001438,AUTONOMOUS,2023-07-08,Nairobi/Upstream Hub,Kisumu,PMS,Line 6 (Sinendet-Kisumu),290,4640.0,2023-07-10,2023-07-10,0,4640.0,REORDER_POINT_BREACH,1,COMPLETED
AUT-B-001439,AUTONOMOUS,2023-07-15,Nairobi/Upstream Hub,Kisumu,PMS,Line 6 (Sinendet-Kisumu),290,4640.0,2023-07-17,2023-07-17,0,4640.0,REORDER_POINT_BREACH,1,COMPLETED
AUT-B-001440,AUTONOMOUS,2023-07-22,Nairobi/Upstream Hub,Kisumu,PMS,Line 6 (Sinendet-Kisumu),290,4640.0,2023-07-24,2023-07-24,0,4640.0,REORDER_POINT_BREACH,1,COMPLETED
AUT-B-001441,AUTONOMOUS,2023-07-29,Nairobi/Upstream Hub,Kisumu,PMS,Line 6 (Sinendet-Kisumu),290,4640.0,2023-07-31,2023-07-31,0,4640.0,REORDER_POINT_BREACH,1,COMPLETED
AUT-B-001442,AUTONOMOUS,2023-08-05,Nairobi/Upstream Hub,Kisumu,PMS,Line 6 (Sinendet-Kisumu),290,4640.0,2023-08-07,2023-08-07,0,4640.0,REORDER_POINT_BREACH,1,COMPLETED
AUT-B-001443,AUTONOMOUS,2023-08-12,Nairobi/Upstream Hub,Kisumu,PMS,Line 6 (Sinendet-Kisumu),290,4640.0,2023-08-14,2023-08-14,0,4640.0,REORDER_POINT_BREACH,1,COMPLETED
AUT-B-001444,AUTONOMOUS,2023-08-20,Nairobi/Upstream Hub,Kisumu,PMS,Line 6 (Sinendet-Kisumu),290,4640.0,2023-08-22,2023-08-23,1,4640.0,REORDER_POINT_BREACH,1,COMPLETED
AUT-B-001445,AUTONOMOUS,2023-08-27,Nairobi/Upstream Hub,Kisumu,PMS,Line 6 (Sinendet-Kisumu),290,4640.0,2023-08-29,2023-08-29,0,4640.0,REORDER_POINT_BREACH,1,COMPLETED
AUT-B-001446,AUTONOMOUS,2023-09-03,Nairobi/Upstream Hub,Kisumu,PMS,Line 6 (Sinendet-Kisumu),290,4640.0,2023-09-05,2023-09-05,0,4640.0,REORDER_POINT_BREACH,1,COMPLETED
AUT-B-001447,AUTONOMOUS,2023-09-10,Nairobi/Upstream Hub,Kisumu,PMS,Line 6 (Sinendet-Kisumu),290,4640.0,2023-09-12,2023-09-12,0,4640.0,REORDER_POINT_BREACH,1,COMPLETED
AUT-B-001448,AUTONOMOUS,2023-09-18,Nairobi/Upstream Hub,Kisumu,PMS,Line 6 (Sinendet-Kisumu),290,4640.0,2023-09-20,2023-09-20,0,4640.0,REORDER_POINT_BREACH,1,COMPLETED
AUT-B-001449,AUTONOMOUS,2023-09-25,Nairobi/Upstream Hub,Kisumu,PMS,Line 6 (Sinendet-Kisumu),290,4640.0,2023-09-27,2023-09-27,0,4640.0,REORDER_POINT_BREACH,1,COMPLETED
AUT-B-001450,AUTONOMOUS,2023-10-02,Nairobi/Upstream Hub,Kisumu,PMS,Line 6 (Sinendet-Kisumu),290,4640.0,2023-10-04,2023-10-04,0,4640.0,REORDER_POINT_BREACH,1,COMPLETED
AUT-B-001451,AUTONOMOUS,2023-10-09,Nairobi/Upstream Hub,Kisumu,PMS,Line 6 (Sinendet-Kisumu),290,4640.0,2023-10-11,2023-10-11,0,4640.0,REORDER_POINT_BREACH,1,COMPLETED
AUT-B-001452,AUTONOMOUS,2023-10-16,Nairobi/Upstream Hub,Kisumu,PMS,Line 6 (Sinendet-Kisumu),290,4640.0,2023-10-18,2023-10-18,0,4640.0,REORDER_POINT_BREACH,1,COMPLETED
AUT-B-001453,AUTONOMOUS,2023-10-23,Nairobi/Upstream Hub,Kisumu,PMS,Line 6 (Sinendet-Kisumu),290,4640.0,2023-10-25,2023-10-25,0,4640.0,REORDER_POINT_BREACH,1,COMPLETED
AUT-B-001454,AUTONOMOUS,2023-10-30,Nairobi/Upstream Hub,Kisumu,PMS,Line 6 (Sinendet-Kisumu),290,4640.0,2023-11-01,2023-11-01,0,4640.0,REORDER_POINT_BREACH,1,COMPLETED
AUT-B-001455,AUTONOMOUS,2023-11-06,Nairobi/Upstream Hub,Kisumu,PMS,Line 6 (Sinendet-Kisumu),290,4640.0,2023-11-08,2023-11-08,0,4640.0,REORDER_POINT_BREACH,1,COMPLETED
AUT-B-001456,AUTONOMOUS,2023-11-13,Nairobi/Upstream Hub,Kisumu,PMS,Line 6 (Sinendet-Kisumu),290,4640.0,2023-11-15,2023-11-15,0,4640.0,REORDER_POINT_BREACH,1,COMPLETED
AUT-B-001457,AUTONOMOUS,2023-11-21,Nairobi/Upstream Hub,Kisumu,PMS,Line 6 (Sinendet-Kisumu),290,4640.0,2023-11-23,2023-11-23,0,4640.0,REORDER_POINT_BREACH,1,COMPLETED
AUT-B-001458,AUTONOMOUS,2023-11-28,Nairobi/Upstream Hub,Kisumu,PMS,Line 6 (Sinendet-Kisumu),290,4640.0,2023-11-30,2023-11-30,0,4640.0,REORDER_POINT_BREACH,1,COMPLETED
AUT-B-001459,AUTONOMOUS,2023-12-04,Nairobi/Upstream Hub,Kisumu,PMS,Line 6 (Sinendet-Kisumu),290,4640.0,2023-12-06,2023-12-06,0,4640.0,REORDER_POINT_BREACH,1,COMPLETED
AUT-B-001460,AUTONOMOUS,2023-12-10,Nairobi/Upstream Hub,Kisumu,PMS,Line 6 (Sinendet-Kisumu),290,4640.0,2023-12-12,2023-12-12,0,4640.0,REORDER_POINT_BREACH,1,COMPLETED
AUT-B-001461,AUTONOMOUS,2023-12-17,Nairobi/Upstream Hub,Kisumu,PMS,Line 6 (Sinendet-Kisumu),290,4640.0,2023-12-19,2023-12-19,0,4640.0,REORDER_POINT_BREACH,1,COMPLETED
AUT-B-001462,AUTONOMOUS,2023-12-22,Nairobi/Upstream Hub,Kisumu,PMS,Line 6 (Sinendet-Kisumu),290,4640.0,2023-12-24,2023-12-24,0,4640.0,REORDER_POINT_BREACH,1,COMPLETED
AUT-B-001463,AUTONOMOUS,2023-12-29,Nairobi/Upstream Hub,Kisumu,PMS,Line 6 (Sinendet-Kisumu),290,4640.0,2023-12-31,2023-12-31,0,4640.0,REORDER_POINT_BREACH,1,COMPLETED
AUT-B-001464,AUTONOMOUS,2024-01-04,Nairobi/Upstream Hub,Kisumu,PMS,Line 6 (Sinendet-Kisumu),290,4640.0,2024-01-06,2024-01-06,0,4640.0,REORDER_POINT_BREACH,1,COMPLETED
AUT-B-001465,AUTONOMOUS,2024-01-10,Nairobi/Upstream Hub,Kisumu,PMS,Line 6 (Sinendet-Kisumu),290,4640.0,2024-01-12,2024-01-12,0,4640.0,REORDER_POINT_BREACH,1,COMPLETED
AUT-B-001466,AUTONOMOUS,2024-01-17,Nairobi/Upstream Hub,Kisumu,PMS,Line 6 (Sinendet-Kisumu),290,4640.0,2024-01-19,2024-01-19,0,4640.0,REORDER_POINT_BREACH,1,COMPLETED
AUT-B-001467,AUTONOMOUS,2024-01-24,Nairobi/Upstream Hub,Kisumu,PMS,Line 6 (Sinendet-Kisumu),290,4640.0,2024-01-26,2024-01-26,0,4640.0,REORDER_POINT_BREACH,1,COMPLETED
AUT-B-001468,AUTONOMOUS,2024-01-31,Nairobi/Upstream Hub,Kisumu,PMS,Line 6 (Sinendet-Kisumu),290,4640.0,2024-02-02,2024-02-02,0,4640.0,REORDER_POINT_BREACH,1,COMPLETED
AUT-B-001469,AUTONOMOUS,2024-02-07,Nairobi/Upstream Hub,Kisumu,PMS,Line 6 (Sinendet-Kisumu),290,4640.0,2024-02-09,2024-02-09,0,4640.0,REORDER_POINT_BREACH,1,COMPLETED
AUT-B-001470,AUTONOMOUS,2024-02-14,Nairobi/Upstream Hub,Kisumu,PMS,Line 6 (Sinendet-Kisumu),290,4640.0,2024-02-16,2024-02-16,0,4640.0,REORDER_POINT_BREACH,1,COMPLETED
AUT-B-001471,AUTONOMOUS,2024-02-22,Nairobi/Upstream Hub,Kisumu,PMS,Line 6 (Sinendet-Kisumu),290,4640.0,2024-02-24,2024-02-24,0,4640.0,REORDER_POINT_BREACH,1,COMPLETED
AUT-B-001472,AUTONOMOUS,2024-02-29,Nairobi/Upstream Hub,Kisumu,PMS,Line 6 (Sinendet-Kisumu),290,4640.0,2024-03-02,2024-03-03,1,4640.0,REORDER_POINT_BREACH,1,COMPLETED
AUT-B-001473,AUTONOMOUS,2024-03-07,Nairobi/Upstream Hub,Kisumu,PMS,Line 6 (Sinendet-Kisumu),290,4640.0,2024-03-09,2024-03-09,0,4640.0,REORDER_POINT_BREACH,1,COMPLETED
AUT-B-001474,AUTONOMOUS,2024-03-15,Nairobi/Upstream Hub,Kisumu,PMS,Line 6 (Sinendet-Kisumu),290,4640.0,2024-03-17,2024-03-17,0,4640.0,REORDER_POINT_BREACH,1,COMPLETED
AUT-B-001475,AUTONOMOUS,2024-03-22,Nairobi/Upstream Hub,Kisumu,PMS,Line 6 (Sinendet-Kisumu),290,4640.0,2024-03-24,2024-03-24,0,4640.0,REORDER_POINT_BREACH,1,COMPLETED
AUT-B-001476,AUTONOMOUS,2024-03-29,Nairobi/Upstream Hub,Kisumu,PMS,Line 6 (Sinendet-Kisumu),290,4640.0,2024-03-31,2024-03-31,0,4640.0,REORDER_POINT_BREACH,1,COMPLETED
AUT-B-001477,AUTONOMOUS,2024-04-05,Nairobi/Upstream Hub,Kisumu,PMS,Line 6 (Sinendet-Kisumu),290,4640.0,2024-04-07,2024-04-07,0,4640.0,REORDER_POINT_BREACH,1,COMPLETED
AUT-B-001478,AUTONOMOUS,2024-04-12,Nairobi/Upstream Hub,Kisumu,PMS,Line 6 (Sinendet-Kisumu),290,4640.0,2024-04-14,2024-04-14,0,4640.0,REORDER_POINT_BREACH,1,COMPLETED
AUT-B-001479,AUTONOMOUS,2024-04-19,Nairobi/Upstream Hub,Kisumu,PMS,Line 6 (Sinendet-Kisumu),290,4640.0,2024-04-21,2024-04-22,1,4640.0,REORDER_POINT_BREACH,1,COMPLETED
AUT-B-001480,AUTONOMOUS,2024-04-26,Nairobi/Upstream Hub,Kisumu,PMS,Line 6 (Sinendet-Kisumu),290,4640.0,2024-04-28,2024-04-28,0,4640.0,REORDER_POINT_BREACH,1,COMPLETED
AUT-B-001481,AUTONOMOUS,2024-05-03,Nairobi/Upstream Hub,Kisumu,PMS,Line 6 (Sinendet-Kisumu),290,4640.0,2024-05-05,2024-05-05,0,4640.0,REORDER_POINT_BREACH,1,COMPLETED
AUT-B-001482,AUTONOMOUS,2024-05-10,Nairobi/Upstream Hub,Kisumu,PMS,Line 6 (Sinendet-Kisumu),290,4640.0,2024-05-12,2024-05-12,0,4640.0,REORDER_POINT_BREACH,1,COMPLETED
AUT-B-001483,AUTONOMOUS,2024-05-17,Nairobi/Upstream Hub,Kisumu,PMS,Line 6 (Sinendet-Kisumu),290,4640.0,2024-05-19,2024-05-19,0,4640.0,REORDER_POINT_BREACH,1,COMPLETED
AUT-B-001484,AUTONOMOUS,2024-05-24,Nairobi/Upstream Hub,Kisumu,PMS,Line 6 (Sinendet-Kisumu),290,4640.0,2024-05-26,2024-05-26,0,4640.0,REORDER_POINT_BREACH,1,COMPLETED
AUT-B-001485,AUTONOMOUS,2024-05-31,Nairobi/Upstream Hub,Kisumu,PMS,Line 6 (Sinendet-Kisumu),290,4640.0,2024-06-02,2024-06-04,2,4640.0,REORDER_POINT_BREACH,1,COMPLETED
AUT-B-001486,AUTONOMOUS,2024-06-07,Nairobi/Upstream Hub,Kisumu,PMS,Line 6 (Sinendet-Kisumu),290,4640.0,2024-06-09,2024-06-09,0,4640.0,REORDER_POINT_BREACH,1,COMPLETED
AUT-B-001487,AUTONOMOUS,2024-06-15,Nairobi/Upstream Hub,Kisumu,PMS,Line 6 (Sinendet-Kisumu),290,4640.0,2024-06-17,2024-06-17,0,4640.0,REORDER_POINT_BREACH,1,COMPLETED
AUT-B-001488,AUTONOMOUS,2024-06-22,Nairobi/Upstream Hub,Kisumu,PMS,Line 6 (Sinendet-Kisumu),290,4640.0,2024-06-24,2024-06-24,0,4640.0,REORDER_POINT_BREACH,1,COMPLETED
AUT-B-001489,AUTONOMOUS,2024-06-30,Nairobi/Upstream Hub,Kisumu,PMS,Line 6 (Sinendet-Kisumu),290,4640.0,2024-07-02,2024-07-02,0,4640.0,REORDER_POINT_BREACH,1,COMPLETED
AUT-B-001490,AUTONOMOUS,2024-07-07,Nairobi/Upstream Hub,Kisumu,PMS,Line 6 (Sinendet-Kisumu),290,4640.0,2024-07-09,2024-07-09,0,4640.0,REORDER_POINT_BREACH,1,COMPLETED
AUT-B-001491,AUTONOMOUS,2024-07-15,Nairobi/Upstream Hub,Kisumu,PMS,Line 6 (Sinendet-Kisumu),290,4640.0,2024-07-17,2024-07-17,0,4640.0,REORDER_POINT_BREACH,1,COMPLETED
AUT-B-001492,AUTONOMOUS,2024-07-22,Nairobi/Upstream Hub,Kisumu,PMS,Line 6 (Sinendet-Kisumu),290,4640.0,2024-07-24,2024-07-24,0,4640.0,REORDER_POINT_BREACH,1,COMPLETED
AUT-B-001493,AUTONOMOUS,2024-07-29,Nairobi/Upstream Hub,Kisumu,PMS,Line 6 (Sinendet-Kisumu),290,4640.0,2024-07-31,2024-07-31,0,4640.0,REORDER_POINT_BREACH,1,COMPLETED
AUT-B-001494,AUTONOMOUS,2024-08-05,Nairobi/Upstream Hub,Kisumu,PMS,Line 6 (Sinendet-Kisumu),290,4640.0,2024-08-07,2024-08-07,0,4640.0,REORDER_POINT_BREACH,1,COMPLETED
AUT-B-001495,AUTONOMOUS,2024-08-12,Nairobi/Upstream Hub,Kisumu,PMS,Line 6 (Sinendet-Kisumu),290,4640.0,2024-08-14,2024-08-14,0,4640.0,REORDER_POINT_BREACH,1,COMPLETED
AUT-B-001496,AUTONOMOUS,2024-08-20,Nairobi/Upstream Hub,Kisumu,PMS,Line 6 (Sinendet-Kisumu),290,4640.0,2024-08-22,2024-08-22,0,4640.0,REORDER_POINT_BREACH,1,COMPLETED
AUT-B-001497,AUTONOMOUS,2024-08-27,Nairobi/Upstream Hub,Kisumu,PMS,Line 6 (Sinendet-Kisumu),290,4640.0,2024-08-29,2024-08-29,0,4640.0,REORDER_POINT_BREACH,1,COMPLETED
AUT-B-001498,AUTONOMOUS,2024-09-03,Nairobi/Upstream Hub,Kisumu,PMS,Line 6 (Sinendet-Kisumu),290,4640.0,2024-09-05,2024-09-05,0,4640.0,REORDER_POINT_BREACH,1,COMPLETED
AUT-B-001499,AUTONOMOUS,2024-09-11,Nairobi/Upstream Hub,Kisumu,PMS,Line 6 (Sinendet-Kisumu),290,4640.0,2024-09-13,2024-09-13,0,4640.0,REORDER_POINT_BREACH,1,COMPLETED
AUT-B-001500,AUTONOMOUS,2024-09-18,Nairobi/Upstream Hub,Kisumu,PMS,Line 6 (Sinendet-Kisumu),290,4640.0,2024-09-20,2024-09-20,0,4640.0,REORDER_POINT_BREACH,1,COMPLETED
AUT-B-001501,AUTONOMOUS,2024-09-26,Nairobi/Upstream Hub,Kisumu,PMS,Line 6 (Sinendet-Kisumu),290,4640.0,2024-09-28,2024-09-28,0,4640.0,REORDER_POINT_BREACH,1,COMPLETED
AUT-B-001502,AUTONOMOUS,2024-10-03,Nairobi/Upstream Hub,Kisumu,PMS,Line 6 (Sinendet-Kisumu),290,4640.0,2024-10-05,2024-10-05,0,4640.0,REORDER_POINT_BREACH,1,COMPLETED
AUT-B-001503,AUTONOMOUS,2024-10-10,Nairobi/Upstream Hub,Kisumu,PMS,Line 6 (Sinendet-Kisumu),290,4640.0,2024-10-12,2024-10-12,0,4640.0,REORDER_POINT_BREACH,1,COMPLETED
AUT-B-001504,AUTONOMOUS,2024-10-18,Nairobi/Upstream Hub,Kisumu,PMS,Line 6 (Sinendet-Kisumu),290,4640.0,2024-10-20,2024-10-20,0,4640.0,REORDER_POINT_BREACH,1,COMPLETED
AUT-B-001505,AUTONOMOUS,2024-10-25,Nairobi/Upstream Hub,Kisumu,PMS,Line 6 (Sinendet-Kisumu),290,4640.0,2024-10-27,2024-10-27,0,4640.0,REORDER_POINT_BREACH,1,COMPLETED
AUT-B-001506,AUTONOMOUS,2024-11-01,Nairobi/Upstream Hub,Kisumu,PMS,Line 6 (Sinendet-Kisumu),290,4640.0,2024-11-03,2024-11-03,0,4640.0,REORDER_POINT_BREACH,1,COMPLETED
AUT-B-001507,AUTONOMOUS,2024-11-09,Nairobi/Upstream Hub,Kisumu,PMS,Line 6 (Sinendet-Kisumu),290,4640.0,2024-11-11,2024-11-11,0,4640.0,REORDER_POINT_BREACH,1,COMPLETED
AUT-B-001508,AUTONOMOUS,2024-11-16,Nairobi/Upstream Hub,Kisumu,PMS,Line 6 (Sinendet-Kisumu),290,4640.0,2024-11-18,2024-11-18,0,4640.0,REORDER_POINT_BREACH,1,COMPLETED
AUT-B-001509,AUTONOMOUS,2024-11-24,Nairobi/Upstream Hub,Kisumu,PMS,Line 6 (Sinendet-Kisumu),290,4640.0,2024-11-26,2024-11-26,0,4640.0,REORDER_POINT_BREACH,1,COMPLETED
AUT-B-001510,AUTONOMOUS,2024-12-01,Nairobi/Upstream Hub,Kisumu,PMS,Line 6 (Sinendet-Kisumu),290,4640.0,2024-12-03,2024-12-03,0,4640.0,REORDER_POINT_BREACH,1,COMPLETED
AUT-B-001511,AUTONOMOUS,2024-12-07,Nairobi/Upstream Hub,Kisumu,PMS,Line 6 (Sinendet-Kisumu),290,4640.0,2024-12-09,2024-12-09,0,4640.0,REORDER_POINT_BREACH,1,COMPLETED
AUT-B-001512,AUTONOMOUS,2024-12-13,Nairobi/Upstream Hub,Kisumu,PMS,Line 6 (Sinendet-Kisumu),290,4640.0,2024-12-15,2024-12-15,0,4640.0,REORDER_POINT_BREACH,1,COMPLETED
AUT-B-001513,AUTONOMOUS,2024-12-20,Nairobi/Upstream Hub,Kisumu,PMS,Line 6 (Sinendet-Kisumu),290,4640.0,2024-12-22,2024-12-22,0,4640.0,REORDER_POINT_BREACH,1,COMPLETED
AUT-B-001514,AUTONOMOUS,2024-12-26,Nairobi/Upstream Hub,Kisumu,PMS,Line 6 (Sinendet-Kisumu),290,4640.0,2024-12-28,2024-12-28,0,4640.0,REORDER_POINT_BREACH,1,COMPLETED
AUT-B-001515,AUTONOMOUS,2025-01-01,Nairobi/Upstream Hub,Kisumu,PMS,Line 6 (Sinendet-Kisumu),290,4640.0,2025-01-03,2025-01-03,0,4640.0,REORDER_POINT_BREACH,1,COMPLETED
AUT-B-001516,AUTONOMOUS,2025-01-07,Nairobi/Upstream Hub,Kisumu,PMS,Line 6 (Sinendet-Kisumu),290,4640.0,2025-01-09,2025-01-09,0,4640.0,REORDER_POINT_BREACH,1,COMPLETED
AUT-B-001517,AUTONOMOUS,2025-01-13,Nairobi/Upstream Hub,Kisumu,PMS,Line 6 (Sinendet-Kisumu),290,4640.0,2025-01-15,2025-01-15,0,4640.0,REORDER_POINT_BREACH,1,COMPLETED
AUT-B-001518,AUTONOMOUS,2025-01-20,Nairobi/Upstream Hub,Kisumu,PMS,Line 6 (Sinendet-Kisumu),290,4640.0,2025-01-22,2025-01-22,0,4640.0,REORDER_POINT_BREACH,1,COMPLETED
AUT-B-001519,AUTONOMOUS,2025-01-26,Nairobi/Upstream Hub,Kisumu,PMS,Line 6 (Sinendet-Kisumu),290,4640.0,2025-01-28,2025-01-28,0,4640.0,REORDER_POINT_BREACH,1,COMPLETED
AUT-B-001520,AUTONOMOUS,2025-02-02,Nairobi/Upstream Hub,Kisumu,PMS,Line 6 (Sinendet-Kisumu),290,4640.0,2025-02-04,2025-02-04,0,4640.0,REORDER_POINT_BREACH,1,COMPLETED
AUT-B-001521,AUTONOMOUS,2025-02-09,Nairobi/Upstream Hub,Kisumu,PMS,Line 6 (Sinendet-Kisumu),290,4640.0,2025-02-11,2025-02-11,0,4640.0,REORDER_POINT_BREACH,1,COMPLETED
AUT-B-001522,AUTONOMOUS,2025-02-16,Nairobi/Upstream Hub,Kisumu,PMS,Line 6 (Sinendet-Kisumu),290,4640.0,2025-02-18,2025-02-18,0,4640.0,REORDER_POINT_BREACH,1,COMPLETED
AUT-B-001523,AUTONOMOUS,2025-02-23,Nairobi/Upstream Hub,Kisumu,PMS,Line 6 (Sinendet-Kisumu),290,4640.0,2025-02-25,2025-02-25,0,4640.0,REORDER_POINT_BREACH,1,COMPLETED
AUT-B-001524,AUTONOMOUS,2025-03-02,Nairobi/Upstream Hub,Kisumu,PMS,Line 6 (Sinendet-Kisumu),290,4640.0,2025-03-04,2025-03-04,0,4640.0,REORDER_POINT_BREACH,1,COMPLETED
AUT-B-001525,AUTONOMOUS,2025-03-09,Nairobi/Upstream Hub,Kisumu,PMS,Line 6 (Sinendet-Kisumu),290,4640.0,2025-03-11,2025-03-11,0,4640.0,REORDER_POINT_BREACH,1,COMPLETED
AUT-B-001526,AUTONOMOUS,2025-03-16,Nairobi/Upstream Hub,Kisumu,PMS,Line 6 (Sinendet-Kisumu),290,4640.0,2025-03-18,2025-03-18,0,4640.0,REORDER_POINT_BREACH,1,COMPLETED
AUT-B-001527,AUTONOMOUS,2025-03-22,Nairobi/Upstream Hub,Kisumu,PMS,Line 6 (Sinendet-Kisumu),290,4640.0,2025-03-24,2025-03-24,0,4640.0,REORDER_POINT_BREACH,1,COMPLETED
AUT-B-001528,AUTONOMOUS,2025-03-29,Nairobi/Upstream Hub,Kisumu,PMS,Line 6 (Sinendet-Kisumu),290,4640.0,2025-03-31,2025-03-31,0,4640.0,REORDER_POINT_BREACH,1,COMPLETED
AUT-B-001529,AUTONOMOUS,2025-04-04,Nairobi/Upstream Hub,Kisumu,PMS,Line 6 (Sinendet-Kisumu),290,4640.0,2025-04-06,2025-04-06,0,4640.0,REORDER_POINT_BREACH,1,COMPLETED
AUT-B-001530,AUTONOMOUS,2025-04-11,Nairobi/Upstream Hub,Kisumu,PMS,Line 6 (Sinendet-Kisumu),290,4640.0,2025-04-13,2025-04-13,0,4640.0,REORDER_POINT_BREACH,1,COMPLETED
AUT-B-001531,AUTONOMOUS,2025-04-17,Nairobi/Upstream Hub,Kisumu,PMS,Line 6 (Sinendet-Kisumu),290,4640.0,2025-04-19,2025-04-19,0,4640.0,REORDER_POINT_BREACH,1,COMPLETED
AUT-B-001532,AUTONOMOUS,2025-04-24,Nairobi/Upstream Hub,Kisumu,PMS,Line 6 (Sinendet-Kisumu),290,4640.0,2025-04-26,2025-04-26,0,4640.0,REORDER_POINT_BREACH,1,COMPLETED
AUT-B-001533,AUTONOMOUS,2025-05-01,Nairobi/Upstream Hub,Kisumu,PMS,Line 6 (Sinendet-Kisumu),290,4640.0,2025-05-03,2025-05-03,0,4640.0,REORDER_POINT_BREACH,1,COMPLETED
AUT-B-001534,AUTONOMOUS,2025-05-07,Nairobi/Upstream Hub,Kisumu,PMS,Line 6 (Sinendet-Kisumu),290,4640.0,2025-05-09,2025-05-09,0,4640.0,REORDER_POINT_BREACH,1,COMPLETED
AUT-B-001535,AUTONOMOUS,2025-05-14,Nairobi/Upstream Hub,Kisumu,PMS,Line 6 (Sinendet-Kisumu),290,4640.0,2025-05-16,2025-05-16,0,4640.0,REORDER_POINT_BREACH,1,COMPLETED
AUT-B-001536,AUTONOMOUS,2025-05-20,Nairobi/Upstream Hub,Kisumu,PMS,Line 6 (Sinendet-Kisumu),290,4640.0,2025-05-22,2025-05-22,0,4640.0,REORDER_POINT_BREACH,1,COMPLETED
AUT-B-001537,AUTONOMOUS,2025-05-27,Nairobi/Upstream Hub,Kisumu,PMS,Line 6 (Sinendet-Kisumu),290,4640.0,2025-05-29,2025-05-29,0,4640.0,REORDER_POINT_BREACH,1,COMPLETED
AUT-B-001538,AUTONOMOUS,2025-06-03,Nairobi/Upstream Hub,Kisumu,PMS,Line 6 (Sinendet-Kisumu),290,4640.0,2025-06-05,2025-06-05,0,4640.0,REORDER_POINT_BREACH,1,COMPLETED
AUT-B-001539,AUTONOMOUS,2025-06-09,Nairobi/Upstream Hub,Kisumu,PMS,Line 6 (Sinendet-Kisumu),290,4640.0,2025-06-11,2025-06-12,1,4640.0,REORDER_POINT_BREACH,1,COMPLETED
AUT-B-001540,AUTONOMOUS,2025-06-16,Nairobi/Upstream Hub,Kisumu,PMS,Line 6 (Sinendet-Kisumu),290,4640.0,2025-06-18,2025-06-18,0,4640.0,REORDER_POINT_BREACH,1,COMPLETED
AUT-B-001541,AUTONOMOUS,2025-06-23,Nairobi/Upstream Hub,Kisumu,PMS,Line 6 (Sinendet-Kisumu),290,4640.0,2025-06-25,2025-06-25,0,4640.0,REORDER_POINT_BREACH,1,COMPLETED
AUT-B-001542,AUTONOMOUS,2025-06-30,Nairobi/Upstream Hub,Kisumu,PMS,Line 6 (Sinendet-Kisumu),290,4640.0,2025-07-02,2025-07-02,0,4640.0,REORDER_POINT_BREACH,1,COMPLETED
AUT-B-001543,AUTONOMOUS,2025-07-07,Nairobi/Upstream Hub,Kisumu,PMS,Line 6 (Sinendet-Kisumu),290,4640.0,2025-07-09,2025-07-09,0,4640.0,REORDER_POINT_BREACH,1,COMPLETED
AUT-B-001544,AUTONOMOUS,2025-07-14,Nairobi/Upstream Hub,Kisumu,PMS,Line 6 (Sinendet-Kisumu),290,4640.0,2025-07-16,2025-07-16,0,4640.0,REORDER_POINT_BREACH,1,COMPLETED
AUT-B-001545,AUTONOMOUS,2025-07-20,Nairobi/Upstream Hub,Kisumu,PMS,Line 6 (Sinendet-Kisumu),290,4640.0,2025-07-22,2025-07-22,0,4640.0,REORDER_POINT_BREACH,1,COMPLETED
AUT-B-001546,AUTONOMOUS,2025-07-27,Nairobi/Upstream Hub,Kisumu,PMS,Line 6 (Sinendet-Kisumu),290,4640.0,2025-07-29,2025-07-29,0,4640.0,REORDER_POINT_BREACH,1,COMPLETED
AUT-B-001547,AUTONOMOUS,2025-08-03,Nairobi/Upstream Hub,Kisumu,PMS,Line 6 (Sinendet-Kisumu),290,4640.0,2025-08-05,2025-08-05,0,4640.0,REORDER_POINT_BREACH,1,COMPLETED
AUT-B-001548,AUTONOMOUS,2025-08-10,Nairobi/Upstream Hub,Kisumu,PMS,Line 6 (Sinendet-Kisumu),290,4640.0,2025-08-12,2025-08-13,1,4640.0,REORDER_POINT_BREACH,1,COMPLETED
AUT-B-001549,AUTONOMOUS,2025-08-17,Nairobi/Upstream Hub,Kisumu,PMS,Line 6 (Sinendet-Kisumu),290,4640.0,2025-08-19,2025-08-19,0,4640.0,REORDER_POINT_BREACH,1,COMPLETED
AUT-B-001550,AUTONOMOUS,2025-08-23,Nairobi/Upstream Hub,Kisumu,PMS,Line 6 (Sinendet-Kisumu),290,4640.0,2025-08-25,2025-08-25,0,4640.0,REORDER_POINT_BREACH,1,COMPLETED
AUT-B-001551,AUTONOMOUS,2025-08-30,Nairobi/Upstream Hub,Kisumu,PMS,Line 6 (Sinendet-Kisumu),290,4640.0,2025-09-01,2025-09-01,0,4640.0,REORDER_POINT_BREACH,1,COMPLETED
AUT-B-001552,AUTONOMOUS,2025-09-05,Nairobi/Upstream Hub,Kisumu,PMS,Line 6 (Sinendet-Kisumu),290,4640.0,2025-09-07,2025-09-07,0,4640.0,REORDER_POINT_BREACH,1,COMPLETED
AUT-B-001553,AUTONOMOUS,2025-09-12,Nairobi/Upstream Hub,Kisumu,PMS,Line 6 (Sinendet-Kisumu),290,4640.0,2025-09-14,2025-09-14,0,4640.0,REORDER_POINT_BREACH,1,COMPLETED
AUT-B-001554,AUTONOMOUS,2025-09-19,Nairobi/Upstream Hub,Kisumu,PMS,Line 6 (Sinendet-Kisumu),290,4640.0,2025-09-21,2025-09-21,0,4640.0,REORDER_POINT_BREACH,1,COMPLETED
AUT-B-001555,AUTONOMOUS,2025-09-26,Nairobi/Upstream Hub,Kisumu,PMS,Line 6 (Sinendet-Kisumu),290,4640.0,2025-09-28,2025-09-28,0,4640.0,REORDER_POINT_BREACH,1,COMPLETED
AUT-B-001556,AUTONOMOUS,2025-10-03,Nairobi/Upstream Hub,Kisumu,PMS,Line 6 (Sinendet-Kisumu),290,4640.0,2025-10-05,2025-10-05,0,4640.0,REORDER_POINT_BREACH,1,COMPLETED
AUT-B-001557,AUTONOMOUS,2025-10-10,Nairobi/Upstream Hub,Kisumu,PMS,Line 6 (Sinendet-Kisumu),290,4640.0,2025-10-12,2025-10-12,0,4640.0,REORDER_POINT_BREACH,1,COMPLETED
AUT-B-001558,AUTONOMOUS,2025-10-16,Nairobi/Upstream Hub,Kisumu,PMS,Line 6 (Sinendet-Kisumu),290,4640.0,2025-10-18,2025-10-18,0,4640.0,REORDER_POINT_BREACH,1,COMPLETED
AUT-B-001559,AUTONOMOUS,2025-10-23,Nairobi/Upstream Hub,Kisumu,PMS,Line 6 (Sinendet-Kisumu),290,4640.0,2025-10-25,2025-10-25,0,4640.0,REORDER_POINT_BREACH,1,COMPLETED
AUT-B-001560,AUTONOMOUS,2025-10-30,Nairobi/Upstream Hub,Kisumu,PMS,Line 6 (Sinendet-Kisumu),290,4640.0,2025-11-01,2025-11-01,0,4640.0,REORDER_POINT_BREACH,1,COMPLETED
AUT-B-001561,AUTONOMOUS,2025-11-05,Nairobi/Upstream Hub,Kisumu,PMS,Line 6 (Sinendet-Kisumu),290,4640.0,2025-11-07,2025-11-07,0,4640.0,REORDER_POINT_BREACH,1,COMPLETED
AUT-B-001562,AUTONOMOUS,2025-11-13,Nairobi/Upstream Hub,Kisumu,PMS,Line 6 (Sinendet-Kisumu),290,4640.0,2025-11-15,2025-11-15,0,4640.0,REORDER_POINT_BREACH,1,COMPLETED
AUT-B-001563,AUTONOMOUS,2025-11-20,Nairobi/Upstream Hub,Kisumu,PMS,Line 6 (Sinendet-Kisumu),290,4640.0,2025-11-22,2025-11-22,0,4640.0,REORDER_POINT_BREACH,1,COMPLETED
AUT-B-001564,AUTONOMOUS,2025-11-27,Nairobi/Upstream Hub,Kisumu,PMS,Line 6 (Sinendet-Kisumu),290,4640.0,2025-11-29,2025-11-29,0,4640.0,REORDER_POINT_BREACH,1,COMPLETED
AUT-B-001565,AUTONOMOUS,2025-12-03,Nairobi/Upstream Hub,Kisumu,PMS,Line 6 (Sinendet-Kisumu),290,4640.0,2025-12-05,2025-12-05,0,4640.0,REORDER_POINT_BREACH,1,COMPLETED
AUT-B-001566,AUTONOMOUS,2025-12-09,Nairobi/Upstream Hub,Kisumu,PMS,Line 6 (Sinendet-Kisumu),290,4640.0,2025-12-11,2025-12-11,0,4640.0,REORDER_POINT_BREACH,1,COMPLETED
AUT-B-001567,AUTONOMOUS,2025-12-15,Nairobi/Upstream Hub,Kisumu,PMS,Line 6 (Sinendet-Kisumu),290,4640.0,2025-12-17,2025-12-17,0,4640.0,REORDER_POINT_BREACH,1,COMPLETED
AUT-B-001568,AUTONOMOUS,2025-12-21,Nairobi/Upstream Hub,Kisumu,PMS,Line 6 (Sinendet-Kisumu),290,4640.0,2025-12-23,2025-12-23,0,4640.0,REORDER_POINT_BREACH,1,COMPLETED
AUT-B-001569,AUTONOMOUS,2025-12-26,Nairobi/Upstream Hub,Kisumu,PMS,Line 6 (Sinendet-Kisumu),290,4640.0,2025-12-28,2025-12-29,1,4640.0,REORDER_POINT_BREACH,1,COMPLETED
AUT-B-001570,AUTONOMOUS,2026-01-01,Nairobi/Upstream Hub,Kisumu,PMS,Line 6 (Sinendet-Kisumu),290,4640.0,2026-01-03,2026-01-03,0,4640.0,REORDER_POINT_BREACH,1,COMPLETED
AUT-B-001571,AUTONOMOUS,2026-01-06,Nairobi/Upstream Hub,Kisumu,PMS,Line 6 (Sinendet-Kisumu),290,4640.0,2026-01-08,2026-01-08,0,4640.0,REORDER_POINT_BREACH,1,COMPLETED
AUT-B-001572,AUTONOMOUS,2026-01-12,Nairobi/Upstream Hub,Kisumu,PMS,Line 6 (Sinendet-Kisumu),290,4640.0,2026-01-14,2026-01-14,0,4640.0,REORDER_POINT_BREACH,1,COMPLETED
AUT-B-001573,AUTONOMOUS,2026-01-19,Nairobi/Upstream Hub,Kisumu,PMS,Line 6 (Sinendet-Kisumu),290,4640.0,2026-01-21,2026-01-22,1,4640.0,REORDER_POINT_BREACH,1,COMPLETED
AUT-B-001574,AUTONOMOUS,2026-01-24,Nairobi/Upstream Hub,Kisumu,PMS,Line 6 (Sinendet-Kisumu),290,4640.0,2026-01-26,2026-01-26,0,4640.0,REORDER_POINT_BREACH,1,COMPLETED
AUT-B-001575,AUTONOMOUS,2026-01-30,Nairobi/Upstream Hub,Kisumu,PMS,Line 6 (Sinendet-Kisumu),290,4640.0,2026-02-01,2026-02-01,0,4640.0,REORDER_POINT_BREACH,1,COMPLETED
AUT-B-001576,AUTONOMOUS,2026-02-06,Nairobi/Upstream Hub,Kisumu,PMS,Line 6 (Sinendet-Kisumu),290,4640.0,2026-02-08,2026-02-08,0,4640.0,REORDER_POINT_BREACH,1,COMPLETED
AUT-B-001577,AUTONOMOUS,2026-02-13,Nairobi/Upstream Hub,Kisumu,PMS,Line 6 (Sinendet-Kisumu),290,4640.0,2026-02-15,2026-02-15,0,4640.0,REORDER_POINT_BREACH,1,COMPLETED
AUT-B-001578,AUTONOMOUS,2026-02-19,Nairobi/Upstream Hub,Kisumu,PMS,Line 6 (Sinendet-Kisumu),290,4640.0,2026-02-21,2026-02-21,0,4640.0,REORDER_POINT_BREACH,1,COMPLETED
AUT-B-001579,AUTONOMOUS,2026-02-26,Nairobi/Upstream Hub,Kisumu,PMS,Line 6 (Sinendet-Kisumu),290,4640.0,2026-02-28,2026-03-01,1,4640.0,REORDER_POINT_BREACH,1,COMPLETED
AUT-B-001580,AUTONOMOUS,2026-03-05,Nairobi/Upstream Hub,Kisumu,PMS,Line 6 (Sinendet-Kisumu),290,4640.0,2026-03-07,2026-03-07,0,4640.0,REORDER_POINT_BREACH,1,COMPLETED
AUT-B-001581,AUTONOMOUS,2026-03-11,Nairobi/Upstream Hub,Kisumu,PMS,Line 6 (Sinendet-Kisumu),290,4640.0,2026-03-13,2026-03-13,0,4640.0,REORDER_POINT_BREACH,1,COMPLETED
AUT-B-001582,AUTONOMOUS,2026-03-17,Nairobi/Upstream Hub,Kisumu,PMS,Line 6 (Sinendet-Kisumu),290,4640.0,2026-03-19,2026-03-19,0,4640.0,REORDER_POINT_BREACH,1,COMPLETED
AUT-B-001583,AUTONOMOUS,2026-03-23,Nairobi/Upstream Hub,Kisumu,PMS,Line 6 (Sinendet-Kisumu),290,4640.0,2026-03-25,2026-03-25,0,4640.0,REORDER_POINT_BREACH,1,COMPLETED
AUT-B-001584,AUTONOMOUS,2026-03-29,Nairobi/Upstream Hub,Kisumu,PMS,Line 6 (Sinendet-Kisumu),290,4640.0,2026-03-31,2026-03-31,0,4640.0,REORDER_POINT_BREACH,1,COMPLETED
AUT-B-001585,AUTONOMOUS,2026-04-05,Nairobi/Upstream Hub,Kisumu,PMS,Line 6 (Sinendet-Kisumu),290,4640.0,2026-04-07,2026-04-07,0,4640.0,REORDER_POINT_BREACH,1,COMPLETED
AUT-B-001586,AUTONOMOUS,2026-04-11,Nairobi/Upstream Hub,Kisumu,PMS,Line 6 (Sinendet-Kisumu),290,4640.0,2026-04-13,2026-04-13,0,4640.0,REORDER_POINT_BREACH,1,COMPLETED
AUT-B-001587,AUTONOMOUS,2026-04-17,Nairobi/Upstream Hub,Kisumu,PMS,Line 6 (Sinendet-Kisumu),290,4640.0,2026-04-19,2026-04-19,0,4640.0,REORDER_POINT_BREACH,1,COMPLETED
AUT-B-001588,AUTONOMOUS,2026-04-23,Nairobi/Upstream Hub,Kisumu,PMS,Line 6 (Sinendet-Kisumu),290,4640.0,2026-04-25,2026-04-25,0,4640.0,REORDER_POINT_BREACH,1,COMPLETED
AUT-B-001589,AUTONOMOUS,2026-04-30,Nairobi/Upstream Hub,Kisumu,PMS,Line 6 (Sinendet-Kisumu),290,4640.0,2026-05-02,2026-05-02,0,4640.0,REORDER_POINT_BREACH,1,COMPLETED
AUT-B-001590,AUTONOMOUS,2026-05-06,Nairobi/Upstream Hub,Kisumu,PMS,Line 6 (Sinendet-Kisumu),290,4640.0,2026-05-08,2026-05-08,0,4640.0,REORDER_POINT_BREACH,1,COMPLETED
AUT-B-001591,AUTONOMOUS,2026-05-12,Nairobi/Upstream Hub,Kisumu,PMS,Line 6 (Sinendet-Kisumu),290,4640.0,2026-05-14,2026-05-14,0,4640.0,REORDER_POINT_BREACH,1,COMPLETED
AUT-B-001592,AUTONOMOUS,2026-05-18,Nairobi/Upstream Hub,Kisumu,PMS,Line 6 (Sinendet-Kisumu),290,4640.0,2026-05-20,2026-05-20,0,4640.0,REORDER_POINT_BREACH,1,COMPLETED
AUT-B-001593,AUTONOMOUS,2026-05-25,Nairobi/Upstream Hub,Kisumu,PMS,Line 6 (Sinendet-Kisumu),290,4640.0,2026-05-27,2026-05-27,0,4640.0,REORDER_POINT_BREACH,1,COMPLETED
AUT-B-001594,AUTONOMOUS,2026-05-31,Nairobi/Upstream Hub,Kisumu,PMS,Line 6 (Sinendet-Kisumu),290,4640.0,2026-06-02,2026-06-02,0,4640.0,REORDER_POINT_BREACH,1,COMPLETED
AUT-B-001595,AUTONOMOUS,2026-06-06,Nairobi/Upstream Hub,Kisumu,PMS,Line 6 (Sinendet-Kisumu),290,4640.0,2026-06-08,2026-06-08,0,4640.0,REORDER_POINT_BREACH,1,COMPLETED
AUT-B-001596,AUTONOMOUS,2026-06-12,Nairobi/Upstream Hub,Kisumu,PMS,Line 6 (Sinendet-Kisumu),290,4640.0,2026-06-14,2026-06-14,0,4640.0,REORDER_POINT_BREACH,1,COMPLETED
AUT-B-001597,AUTONOMOUS,2026-06-19,Nairobi/Upstream Hub,Kisumu,PMS,Line 6 (Sinendet-Kisumu),290,4640.0,2026-06-21,2026-06-21,0,4640.0,REORDER_POINT_BREACH,1,COMPLETED
AUT-B-001598,AUTONOMOUS,2026-06-25,Nairobi/Upstream Hub,Kisumu,PMS,Line 6 (Sinendet-Kisumu),290,4640.0,2026-06-27,2026-06-27,0,4640.0,REORDER_POINT_BREACH,1,COMPLETED
AUT-B-001599,AUTONOMOUS,2026-07-02,Nairobi/Upstream Hub,Kisumu,PMS,Line 6 (Sinendet-Kisumu),290,4640.0,2026-07-04,2026-07-04,0,4640.0,REORDER_POINT_BREACH,1,COMPLETED
AUT-B-001600,AUTONOMOUS,2026-07-09,Nairobi/Upstream Hub,Kisumu,PMS,Line 6 (Sinendet-Kisumu),290,4640.0,2026-07-11,2026-07-11,0,4640.0,REORDER_POINT_BREACH,1,COMPLETED
AUT-B-001601,AUTONOMOUS,2026-07-15,Nairobi/Upstream Hub,Kisumu,PMS,Line 6 (Sinendet-Kisumu),290,4640.0,2026-07-17,2026-07-17,0,4640.0,REORDER_POINT_BREACH,1,COMPLETED
AUT-B-001602,AUTONOMOUS,2026-07-22,Nairobi/Upstream Hub,Kisumu,PMS,Line 6 (Sinendet-Kisumu),290,4640.0,2026-07-24,2026-07-24,0,4640.0,REORDER_POINT_BREACH,1,COMPLETED
AUT-B-001603,AUTONOMOUS,2026-07-28,Nairobi/Upstream Hub,Kisumu,PMS,Line 6 (Sinendet-Kisumu),290,4640.0,2026-07-30,2026-07-31,1,4640.0,REORDER_POINT_BREACH,1,COMPLETED
AUT-B-001604,AUTONOMOUS,2026-08-03,Nairobi/Upstream Hub,Kisumu,PMS,Line 6 (Sinendet-Kisumu),290,4640.0,2026-08-05,2026-08-05,0,4640.0,REORDER_POINT_BREACH,1,COMPLETED
AUT-B-001605,AUTONOMOUS,2026-08-10,Nairobi/Upstream Hub,Kisumu,PMS,Line 6 (Sinendet-Kisumu),290,4640.0,2026-08-12,2026-08-12,0,4640.0,REORDER_POINT_BREACH,1,COMPLETED
AUT-B-001606,AUTONOMOUS,2026-08-16,Nairobi/Upstream Hub,Kisumu,PMS,Line 6 (Sinendet-Kisumu),290,4640.0,2026-08-18,2026-08-18,0,4640.0,REORDER_POINT_BREACH,1,COMPLETED
AUT-B-001607,AUTONOMOUS,2026-08-22,Nairobi/Upstream Hub,Kisumu,PMS,Line 6 (Sinendet-Kisumu),290,4640.0,2026-08-24,2026-08-24,0,4640.0,REORDER_POINT_BREACH,1,COMPLETED
AUT-B-001608,AUTONOMOUS,2026-08-28,Nairobi/Upstream Hub,Kisumu,PMS,Line 6 (Sinendet-Kisumu),290,4640.0,2026-08-30,2026-08-30,0,4640.0,REORDER_POINT_BREACH,1,COMPLETED
AUT-B-001609,AUTONOMOUS,2026-09-04,Nairobi/Upstream Hub,Kisumu,PMS,Line 6 (Sinendet-Kisumu),290,4640.0,2026-09-06,2026-09-08,2,4640.0,REORDER_POINT_BREACH,1,COMPLETED
AUT-B-001610,AUTONOMOUS,2026-09-10,Nairobi/Upstream Hub,Kisumu,PMS,Line 6 (Sinendet-Kisumu),290,4640.0,2026-09-12,2026-09-12,0,4640.0,REORDER_POINT_BREACH,1,COMPLETED
AUT-B-001611,AUTONOMOUS,2026-09-17,Nairobi/Upstream Hub,Kisumu,PMS,Line 6 (Sinendet-Kisumu),290,4640.0,2026-09-19,2026-09-19,0,4640.0,REORDER_POINT_BREACH,1,SCENARIO_COMPLETED
AUT-B-001612,AUTONOMOUS,2026-09-23,Nairobi/Upstream Hub,Kisumu,PMS,Line 6 (Sinendet-Kisumu),290,4640.0,2026-09-25,2026-09-25,0,4640.0,REORDER_POINT_BREACH,1,SCENARIO_COMPLETED
AUT-B-001613,AUTONOMOUS,2026-09-30,Nairobi/Upstream Hub,Kisumu,PMS,Line 6 (Sinendet-Kisumu),290,4640.0,2026-10-02,2026-10-02,0,4640.0,REORDER_POINT_BREACH,1,SCENARIO_COMPLETED
AUT-B-001614,AUTONOMOUS,2026-10-06,Nairobi/Upstream Hub,Kisumu,PMS,Line 6 (Sinendet-Kisumu),290,4640.0,2026-10-08,2026-10-08,0,4640.0,REORDER_POINT_BREACH,1,SCENARIO_COMPLETED
AUT-B-001615,AUTONOMOUS,2026-10-12,Nairobi/Upstream Hub,Kisumu,PMS,Line 6 (Sinendet-Kisumu),290,4640.0,2026-10-14,2026-10-14,0,4640.0,REORDER_POINT_BREACH,1,SCENARIO_COMPLETED
AUT-B-001616,AUTONOMOUS,2026-10-19,Nairobi/Upstream Hub,Kisumu,PMS,Line 6 (Sinendet-Kisumu),290,4640.0,2026-10-21,2026-10-21,0,4640.0,REORDER_POINT_BREACH,1,SCENARIO_COMPLETED
AUT-B-001617,AUTONOMOUS,2026-10-25,Nairobi/Upstream Hub,Kisumu,PMS,Line 6 (Sinendet-Kisumu),290,4640.0,2026-10-27,2026-10-27,0,4640.0,REORDER_POINT_BREACH,1,SCENARIO_COMPLETED
AUT-B-001618,AUTONOMOUS,2026-10-31,Nairobi/Upstream Hub,Kisumu,PMS,Line 6 (Sinendet-Kisumu),290,4640.0,2026-11-02,2026-11-02,0,4640.0,REORDER_POINT_BREACH,1,SCENARIO_COMPLETED
AUT-B-001619,AUTONOMOUS,2026-11-06,Nairobi/Upstream Hub,Kisumu,PMS,Line 6 (Sinendet-Kisumu),290,4640.0,2026-11-08,2026-11-08,0,4640.0,REORDER_POINT_BREACH,1,SCENARIO_COMPLETED
AUT-B-001620,AUTONOMOUS,2026-11-13,Nairobi/Upstream Hub,Kisumu,PMS,Line 6 (Sinendet-Kisumu),290,4640.0,2026-11-15,2026-11-15,0,4640.0,REORDER_POINT_BREACH,1,SCENARIO_COMPLETED
AUT-B-001621,AUTONOMOUS,2026-11-20,Nairobi/Upstream Hub,Kisumu,PMS,Line 6 (Sinendet-Kisumu),290,4640.0,2026-11-22,2026-11-22,0,4640.0,REORDER_POINT_BREACH,1,SCENARIO_COMPLETED
AUT-B-001622,AUTONOMOUS,2026-11-26,Nairobi/Upstream Hub,Kisumu,PMS,Line 6 (Sinendet-Kisumu),290,4640.0,2026-11-28,2026-11-28,0,4640.0,REORDER_POINT_BREACH,1,SCENARIO_COMPLETED
AUT-B-001623,AUTONOMOUS,2026-12-02,Nairobi/Upstream Hub,Kisumu,PMS,Line 6 (Sinendet-Kisumu),290,4640.0,2026-12-04,2026-12-04,0,4640.0,REORDER_POINT_BREACH,1,SCENARIO_COMPLETED
AUT-B-001624,AUTONOMOUS,2026-12-08,Nairobi/Upstream Hub,Kisumu,PMS,Line 6 (Sinendet-Kisumu),290,4640.0,2026-12-10,2026-12-10,0,4640.0,REORDER_POINT_BREACH,1,SCENARIO_COMPLETED
AUT-B-001625,AUTONOMOUS,2026-12-13,Nairobi/Upstream Hub,Kisumu,PMS,Line 6 (Sinendet-Kisumu),290,4640.0,2026-12-15,2026-12-15,0,4640.0,REORDER_POINT_BREACH,1,SCENARIO_COMPLETED
AUT-B-001626,AUTONOMOUS,2026-12-18,Nairobi/Upstream Hub,Kisumu,PMS,Line 6 (Sinendet-Kisumu),290,4640.0,2026-12-20,2026-12-20,0,4640.0,REORDER_POINT_BREACH,1,SCENARIO_COMPLETED
AUT-B-001627,AUTONOMOUS,2026-12-24,Nairobi/Upstream Hub,Kisumu,PMS,Line 6 (Sinendet-Kisumu),290,4640.0,2026-12-26,2026-12-26,0,4640.0,REORDER_POINT_BREACH,1,SCENARIO_COMPLETED
AUT-B-001628,AUTONOMOUS,2026-12-29,Nairobi/Upstream Hub,Kisumu,PMS,Line 6 (Sinendet-Kisumu),290,4640.0,2026-12-31,2026-12-31,0,4640.0,REORDER_POINT_BREACH,1,SCENARIO_COMPLETED
AUT-B-001629,AUTONOMOUS,2021-01-05,Mombasa/Kipevu,Nairobi,AGO,Line 5 (Mombasa-Nairobi),1000,16000.0,2021-01-06,2021-01-06,0,16000.0,REORDER_POINT_BREACH,1,COMPLETED
AUT-B-001630,AUTONOMOUS,2021-01-11,Mombasa/Kipevu,Nairobi,AGO,Line 5 (Mombasa-Nairobi),1000,16000.0,2021-01-12,2021-01-12,0,16000.0,REORDER_POINT_BREACH,1,COMPLETED
AUT-B-001631,AUTONOMOUS,2021-01-17,Mombasa/Kipevu,Nairobi,AGO,Line 5 (Mombasa-Nairobi),1000,16000.0,2021-01-18,2021-01-18,0,16000.0,REORDER_POINT_BREACH,1,COMPLETED
AUT-B-001632,AUTONOMOUS,2021-01-22,Mombasa/Kipevu,Nairobi,AGO,Line 5 (Mombasa-Nairobi),1000,16000.0,2021-01-23,2021-01-23,0,16000.0,REORDER_POINT_BREACH,1,COMPLETED
AUT-B-001633,AUTONOMOUS,2021-01-28,Mombasa/Kipevu,Nairobi,AGO,Line 5 (Mombasa-Nairobi),1000,16000.0,2021-01-29,2021-01-29,0,16000.0,REORDER_POINT_BREACH,1,COMPLETED
AUT-B-001634,AUTONOMOUS,2021-02-02,Mombasa/Kipevu,Nairobi,AGO,Line 5 (Mombasa-Nairobi),1000,16000.0,2021-02-03,2021-02-03,0,16000.0,REORDER_POINT_BREACH,1,COMPLETED
AUT-B-001635,AUTONOMOUS,2021-02-09,Mombasa/Kipevu,Nairobi,AGO,Line 5 (Mombasa-Nairobi),1000,16000.0,2021-02-10,2021-02-10,0,16000.0,REORDER_POINT_BREACH,1,COMPLETED
AUT-B-001636,AUTONOMOUS,2021-02-15,Mombasa/Kipevu,Nairobi,AGO,Line 5 (Mombasa-Nairobi),1000,16000.0,2021-02-16,2021-02-16,0,16000.0,REORDER_POINT_BREACH,1,COMPLETED
AUT-B-001637,AUTONOMOUS,2021-02-21,Mombasa/Kipevu,Nairobi,AGO,Line 5 (Mombasa-Nairobi),1000,16000.0,2021-02-22,2021-02-22,0,16000.0,REORDER_POINT_BREACH,1,COMPLETED
AUT-B-001638,AUTONOMOUS,2021-02-27,Mombasa/Kipevu,Nairobi,AGO,Line 5 (Mombasa-Nairobi),1000,16000.0,2021-02-28,2021-03-01,1,16000.0,REORDER_POINT_BREACH,1,COMPLETED
AUT-B-001639,AUTONOMOUS,2021-03-05,Mombasa/Kipevu,Nairobi,AGO,Line 5 (Mombasa-Nairobi),1000,16000.0,2021-03-06,2021-03-06,0,16000.0,REORDER_POINT_BREACH,1,COMPLETED
AUT-B-001640,AUTONOMOUS,2021-03-11,Mombasa/Kipevu,Nairobi,AGO,Line 5 (Mombasa-Nairobi),1000,16000.0,2021-03-12,2021-03-12,0,16000.0,REORDER_POINT_BREACH,1,COMPLETED
AUT-B-001641,AUTONOMOUS,2021-03-17,Mombasa/Kipevu,Nairobi,AGO,Line 5 (Mombasa-Nairobi),1000,16000.0,2021-03-18,2021-03-18,0,16000.0,REORDER_POINT_BREACH,1,COMPLETED
AUT-B-001642,AUTONOMOUS,2021-03-23,Mombasa/Kipevu,Nairobi,AGO,Line 5 (Mombasa-Nairobi),1000,16000.0,2021-03-24,2021-03-24,0,16000.0,REORDER_POINT_BREACH,1,COMPLETED
AUT-B-001643,AUTONOMOUS,2021-03-28,Mombasa/Kipevu,Nairobi,AGO,Line 5 (Mombasa-Nairobi),1000,16000.0,2021-03-29,2021-03-29,0,16000.0,REORDER_POINT_BREACH,1,COMPLETED
AUT-B-001644,AUTONOMOUS,2021-04-03,Mombasa/Kipevu,Nairobi,AGO,Line 5 (Mombasa-Nairobi),1000,16000.0,2021-04-04,2021-04-04,0,16000.0,REORDER_POINT_BREACH,1,COMPLETED
AUT-B-001645,AUTONOMOUS,2021-04-09,Mombasa/Kipevu,Nairobi,AGO,Line 5 (Mombasa-Nairobi),1000,16000.0,2021-04-10,2021-04-11,1,16000.0,REORDER_POINT_BREACH,1,COMPLETED
AUT-B-001646,AUTONOMOUS,2021-04-14,Mombasa/Kipevu,Nairobi,AGO,Line 5 (Mombasa-Nairobi),1000,16000.0,2021-04-15,2021-04-15,0,16000.0,REORDER_POINT_BREACH,1,COMPLETED
AUT-B-001647,AUTONOMOUS,2021-04-20,Mombasa/Kipevu,Nairobi,AGO,Line 5 (Mombasa-Nairobi),1000,16000.0,2021-04-21,2021-04-21,0,16000.0,REORDER_POINT_BREACH,1,COMPLETED
AUT-B-001648,AUTONOMOUS,2021-04-26,Mombasa/Kipevu,Nairobi,AGO,Line 5 (Mombasa-Nairobi),1000,16000.0,2021-04-27,2021-04-27,0,16000.0,REORDER_POINT_BREACH,1,COMPLETED
AUT-B-001649,AUTONOMOUS,2021-05-01,Mombasa/Kipevu,Nairobi,AGO,Line 5 (Mombasa-Nairobi),1000,16000.0,2021-05-02,2021-05-03,1,16000.0,REORDER_POINT_BREACH,1,COMPLETED
AUT-B-001650,AUTONOMOUS,2021-05-07,Mombasa/Kipevu,Nairobi,AGO,Line 5 (Mombasa-Nairobi),1000,16000.0,2021-05-08,2021-05-09,1,16000.0,REORDER_POINT_BREACH,1,COMPLETED
AUT-B-001651,AUTONOMOUS,2021-05-13,Mombasa/Kipevu,Nairobi,AGO,Line 5 (Mombasa-Nairobi),1000,16000.0,2021-05-14,2021-05-14,0,16000.0,REORDER_POINT_BREACH,1,COMPLETED
AUT-B-001652,AUTONOMOUS,2021-05-18,Mombasa/Kipevu,Nairobi,AGO,Line 5 (Mombasa-Nairobi),1000,16000.0,2021-05-19,2021-05-21,2,16000.0,REORDER_POINT_BREACH,1,COMPLETED
AUT-B-001653,AUTONOMOUS,2021-05-24,Mombasa/Kipevu,Nairobi,AGO,Line 5 (Mombasa-Nairobi),1000,16000.0,2021-05-25,2021-05-25,0,16000.0,REORDER_POINT_BREACH,1,COMPLETED
AUT-B-001654,AUTONOMOUS,2021-05-30,Mombasa/Kipevu,Nairobi,AGO,Line 5 (Mombasa-Nairobi),1000,16000.0,2021-05-31,2021-05-31,0,16000.0,REORDER_POINT_BREACH,1,COMPLETED
AUT-B-001655,AUTONOMOUS,2021-06-05,Mombasa/Kipevu,Nairobi,AGO,Line 5 (Mombasa-Nairobi),1000,16000.0,2021-06-06,2021-06-06,0,16000.0,REORDER_POINT_BREACH,1,COMPLETED
AUT-B-001656,AUTONOMOUS,2021-06-11,Mombasa/Kipevu,Nairobi,AGO,Line 5 (Mombasa-Nairobi),1000,16000.0,2021-06-12,2021-06-12,0,16000.0,REORDER_POINT_BREACH,1,COMPLETED
AUT-B-001657,AUTONOMOUS,2021-06-17,Mombasa/Kipevu,Nairobi,AGO,Line 5 (Mombasa-Nairobi),1000,16000.0,2021-06-18,2021-06-18,0,16000.0,REORDER_POINT_BREACH,1,COMPLETED
AUT-B-001658,AUTONOMOUS,2021-06-23,Mombasa/Kipevu,Nairobi,AGO,Line 5 (Mombasa-Nairobi),1000,16000.0,2021-06-24,2021-06-24,0,16000.0,REORDER_POINT_BREACH,1,COMPLETED
AUT-B-001659,AUTONOMOUS,2021-06-29,Mombasa/Kipevu,Nairobi,AGO,Line 5 (Mombasa-Nairobi),1000,16000.0,2021-06-30,2021-06-30,0,16000.0,REORDER_POINT_BREACH,1,COMPLETED
AUT-B-001660,AUTONOMOUS,2021-07-05,Mombasa/Kipevu,Nairobi,AGO,Line 5 (Mombasa-Nairobi),1000,16000.0,2021-07-06,2021-07-06,0,16000.0,REORDER_POINT_BREACH,1,COMPLETED
AUT-B-001661,AUTONOMOUS,2021-07-11,Mombasa/Kipevu,Nairobi,AGO,Line 5 (Mombasa-Nairobi),1000,16000.0,2021-07-12,2021-07-12,0,16000.0,REORDER_POINT_BREACH,1,COMPLETED
AUT-B-001662,AUTONOMOUS,2021-07-17,Mombasa/Kipevu,Nairobi,AGO,Line 5 (Mombasa-Nairobi),1000,16000.0,2021-07-18,2021-07-18,0,16000.0,REORDER_POINT_BREACH,1,COMPLETED
AUT-B-001663,AUTONOMOUS,2021-07-23,Mombasa/Kipevu,Nairobi,AGO,Line 5 (Mombasa-Nairobi),1000,16000.0,2021-07-24,2021-07-24,0,16000.0,REORDER_POINT_BREACH,1,COMPLETED
AUT-B-001664,AUTONOMOUS,2021-07-29,Mombasa/Kipevu,Nairobi,AGO,Line 5 (Mombasa-Nairobi),1000,16000.0,2021-07-30,2021-07-30,0,16000.0,REORDER_POINT_BREACH,1,COMPLETED
AUT-B-001665,AUTONOMOUS,2021-08-04,Mombasa/Kipevu,Nairobi,AGO,Line 5 (Mombasa-Nairobi),1000,16000.0,2021-08-05,2021-08-05,0,16000.0,REORDER_POINT_BREACH,1,COMPLETED
AUT-B-001666,AUTONOMOUS,2021-08-09,Mombasa/Kipevu,Nairobi,AGO,Line 5 (Mombasa-Nairobi),1000,16000.0,2021-08-10,2021-08-10,0,16000.0,REORDER_POINT_BREACH,1,COMPLETED
AUT-B-001667,AUTONOMOUS,2021-08-15,Mombasa/Kipevu,Nairobi,AGO,Line 5 (Mombasa-Nairobi),1000,16000.0,2021-08-16,2021-08-17,1,16000.0,REORDER_POINT_BREACH,1,COMPLETED
AUT-B-001668,AUTONOMOUS,2021-08-21,Mombasa/Kipevu,Nairobi,AGO,Line 5 (Mombasa-Nairobi),1000,16000.0,2021-08-22,2021-08-22,0,16000.0,REORDER_POINT_BREACH,1,COMPLETED
AUT-B-001669,AUTONOMOUS,2021-08-27,Mombasa/Kipevu,Nairobi,AGO,Line 5 (Mombasa-Nairobi),1000,16000.0,2021-08-28,2021-08-29,1,16000.0,REORDER_POINT_BREACH,1,COMPLETED
AUT-B-001670,AUTONOMOUS,2021-09-01,Mombasa/Kipevu,Nairobi,AGO,Line 5 (Mombasa-Nairobi),1000,16000.0,2021-09-02,2021-09-02,0,16000.0,REORDER_POINT_BREACH,1,COMPLETED
AUT-B-001671,AUTONOMOUS,2021-09-07,Mombasa/Kipevu,Nairobi,AGO,Line 5 (Mombasa-Nairobi),1000,16000.0,2021-09-08,2021-09-08,0,16000.0,REORDER_POINT_BREACH,1,COMPLETED
AUT-B-001672,AUTONOMOUS,2021-09-14,Mombasa/Kipevu,Nairobi,AGO,Line 5 (Mombasa-Nairobi),1000,16000.0,2021-09-15,2021-09-15,0,16000.0,REORDER_POINT_BREACH,1,COMPLETED
AUT-B-001673,AUTONOMOUS,2021-09-20,Mombasa/Kipevu,Nairobi,AGO,Line 5 (Mombasa-Nairobi),1000,16000.0,2021-09-21,2021-09-21,0,16000.0,REORDER_POINT_BREACH,1,COMPLETED
AUT-B-001674,AUTONOMOUS,2021-09-26,Mombasa/Kipevu,Nairobi,AGO,Line 5 (Mombasa-Nairobi),1000,16000.0,2021-09-27,2021-09-27,0,16000.0,REORDER_POINT_BREACH,1,COMPLETED
AUT-B-001675,AUTONOMOUS,2021-10-01,Mombasa/Kipevu,Nairobi,AGO,Line 5 (Mombasa-Nairobi),1000,16000.0,2021-10-02,2021-10-02,0,16000.0,REORDER_POINT_BREACH,1,COMPLETED
AUT-B-001676,AUTONOMOUS,2021-10-07,Mombasa/Kipevu,Nairobi,AGO,Line 5 (Mombasa-Nairobi),1000,16000.0,2021-10-08,2021-10-08,0,16000.0,REORDER_POINT_BREACH,1,COMPLETED
AUT-B-001677,AUTONOMOUS,2021-10-12,Mombasa/Kipevu,Nairobi,AGO,Line 5 (Mombasa-Nairobi),1000,16000.0,2021-10-13,2021-10-13,0,16000.0,REORDER_POINT_BREACH,1,COMPLETED
AUT-B-001678,AUTONOMOUS,2021-10-17,Mombasa/Kipevu,Nairobi,AGO,Line 5 (Mombasa-Nairobi),1000,16000.0,2021-10-18,2021-10-18,0,16000.0,REORDER_POINT_BREACH,1,COMPLETED
AUT-B-001679,AUTONOMOUS,2021-10-22,Mombasa/Kipevu,Nairobi,AGO,Line 5 (Mombasa-Nairobi),1000,16000.0,2021-10-23,2021-10-23,0,16000.0,REORDER_POINT_BREACH,1,COMPLETED
AUT-B-001680,AUTONOMOUS,2021-10-27,Mombasa/Kipevu,Nairobi,AGO,Line 5 (Mombasa-Nairobi),1000,16000.0,2021-10-28,2021-10-28,0,16000.0,REORDER_POINT_BREACH,1,COMPLETED
AUT-B-001681,AUTONOMOUS,2021-11-02,Mombasa/Kipevu,Nairobi,AGO,Line 5 (Mombasa-Nairobi),1000,16000.0,2021-11-03,2021-11-03,0,16000.0,REORDER_POINT_BREACH,1,COMPLETED
AUT-B-001682,AUTONOMOUS,2021-11-08,Mombasa/Kipevu,Nairobi,AGO,Line 5 (Mombasa-Nairobi),1000,16000.0,2021-11-09,2021-11-09,0,16000.0,REORDER_POINT_BREACH,1,COMPLETED
AUT-B-001683,AUTONOMOUS,2021-11-14,Mombasa/Kipevu,Nairobi,AGO,Line 5 (Mombasa-Nairobi),1000,16000.0,2021-11-15,2021-11-15,0,16000.0,REORDER_POINT_BREACH,1,COMPLETED
AUT-B-001684,AUTONOMOUS,2021-11-20,Mombasa/Kipevu,Nairobi,AGO,Line 5 (Mombasa-Nairobi),1000,16000.0,2021-11-21,2021-11-22,1,16000.0,REORDER_POINT_BREACH,1,COMPLETED
AUT-B-001685,AUTONOMOUS,2021-11-26,Mombasa/Kipevu,Nairobi,AGO,Line 5 (Mombasa-Nairobi),1000,16000.0,2021-11-27,2021-11-27,0,16000.0,REORDER_POINT_BREACH,1,COMPLETED
AUT-B-001686,AUTONOMOUS,2021-12-02,Mombasa/Kipevu,Nairobi,AGO,Line 5 (Mombasa-Nairobi),1000,16000.0,2021-12-03,2021-12-03,0,16000.0,REORDER_POINT_BREACH,1,COMPLETED
AUT-B-001687,AUTONOMOUS,2021-12-08,Mombasa/Kipevu,Nairobi,AGO,Line 5 (Mombasa-Nairobi),1000,16000.0,2021-12-09,2021-12-09,0,16000.0,REORDER_POINT_BREACH,1,COMPLETED
AUT-B-001688,AUTONOMOUS,2021-12-14,Mombasa/Kipevu,Nairobi,AGO,Line 5 (Mombasa-Nairobi),1000,16000.0,2021-12-15,2021-12-15,0,16000.0,REORDER_POINT_BREACH,1,COMPLETED
AUT-B-001689,AUTONOMOUS,2021-12-20,Mombasa/Kipevu,Nairobi,AGO,Line 5 (Mombasa-Nairobi),1000,16000.0,2021-12-21,2021-12-21,0,16000.0,REORDER_POINT_BREACH,1,COMPLETED
AUT-B-001690,AUTONOMOUS,2021-12-26,Mombasa/Kipevu,Nairobi,AGO,Line 5 (Mombasa-Nairobi),1000,16000.0,2021-12-27,2021-12-27,0,16000.0,REORDER_POINT_BREACH,1,COMPLETED
AUT-B-001691,AUTONOMOUS,2021-12-31,Mombasa/Kipevu,Nairobi,AGO,Line 5 (Mombasa-Nairobi),1000,16000.0,2022-01-01,2022-01-01,0,16000.0,REORDER_POINT_BREACH,1,COMPLETED
AUT-B-001692,AUTONOMOUS,2022-01-06,Mombasa/Kipevu,Nairobi,AGO,Line 5 (Mombasa-Nairobi),1000,16000.0,2022-01-07,2022-01-07,0,16000.0,REORDER_POINT_BREACH,1,COMPLETED
AUT-B-001693,AUTONOMOUS,2022-01-11,Mombasa/Kipevu,Nairobi,AGO,Line 5 (Mombasa-Nairobi),1000,16000.0,2022-01-12,2022-01-12,0,16000.0,REORDER_POINT_BREACH,1,COMPLETED
AUT-B-001694,AUTONOMOUS,2022-01-16,Mombasa/Kipevu,Nairobi,AGO,Line 5 (Mombasa-Nairobi),1000,16000.0,2022-01-17,2022-01-17,0,16000.0,REORDER_POINT_BREACH,1,COMPLETED
AUT-B-001695,AUTONOMOUS,2022-01-21,Mombasa/Kipevu,Nairobi,AGO,Line 5 (Mombasa-Nairobi),1000,16000.0,2022-01-22,2022-01-22,0,16000.0,REORDER_POINT_BREACH,1,COMPLETED
AUT-B-001696,AUTONOMOUS,2022-01-27,Mombasa/Kipevu,Nairobi,AGO,Line 5 (Mombasa-Nairobi),1000,16000.0,2022-01-28,2022-01-28,0,16000.0,REORDER_POINT_BREACH,1,COMPLETED
AUT-B-001697,AUTONOMOUS,2022-02-01,Mombasa/Kipevu,Nairobi,AGO,Line 5 (Mombasa-Nairobi),1000,16000.0,2022-02-02,2022-02-02,0,16000.0,REORDER_POINT_BREACH,1,COMPLETED
AUT-B-001698,AUTONOMOUS,2022-02-08,Mombasa/Kipevu,Nairobi,AGO,Line 5 (Mombasa-Nairobi),1000,16000.0,2022-02-09,2022-02-09,0,16000.0,REORDER_POINT_BREACH,1,COMPLETED
AUT-B-001699,AUTONOMOUS,2022-02-14,Mombasa/Kipevu,Nairobi,AGO,Line 5 (Mombasa-Nairobi),1000,16000.0,2022-02-15,2022-02-15,0,16000.0,REORDER_POINT_BREACH,1,COMPLETED
AUT-B-001700,AUTONOMOUS,2022-02-20,Mombasa/Kipevu,Nairobi,AGO,Line 5 (Mombasa-Nairobi),1000,16000.0,2022-02-21,2022-02-21,0,16000.0,REORDER_POINT_BREACH,1,COMPLETED
AUT-B-001701,AUTONOMOUS,2022-02-25,Mombasa/Kipevu,Nairobi,AGO,Line 5 (Mombasa-Nairobi),1000,16000.0,2022-02-26,2022-02-26,0,16000.0,REORDER_POINT_BREACH,1,COMPLETED
AUT-B-001702,AUTONOMOUS,2022-03-03,Mombasa/Kipevu,Nairobi,AGO,Line 5 (Mombasa-Nairobi),1000,16000.0,2022-03-04,2022-03-04,0,16000.0,REORDER_POINT_BREACH,1,COMPLETED
AUT-B-001703,AUTONOMOUS,2022-03-09,Mombasa/Kipevu,Nairobi,AGO,Line 5 (Mombasa-Nairobi),1000,16000.0,2022-03-10,2022-03-10,0,16000.0,REORDER_POINT_BREACH,1,COMPLETED
AUT-B-001704,AUTONOMOUS,2022-03-14,Mombasa/Kipevu,Nairobi,AGO,Line 5 (Mombasa-Nairobi),1000,16000.0,2022-03-15,2022-03-15,0,16000.0,REORDER_POINT_BREACH,1,COMPLETED
AUT-B-001705,AUTONOMOUS,2022-03-20,Mombasa/Kipevu,Nairobi,AGO,Line 5 (Mombasa-Nairobi),1000,16000.0,2022-03-21,2022-03-21,0,16000.0,REORDER_POINT_BREACH,1,COMPLETED
AUT-B-001706,AUTONOMOUS,2022-03-25,Mombasa/Kipevu,Nairobi,AGO,Line 5 (Mombasa-Nairobi),1000,16000.0,2022-03-26,2022-03-26,0,16000.0,REORDER_POINT_BREACH,1,COMPLETED
AUT-B-001707,AUTONOMOUS,2022-03-31,Mombasa/Kipevu,Nairobi,AGO,Line 5 (Mombasa-Nairobi),1000,16000.0,2022-04-01,2022-04-01,0,16000.0,REORDER_POINT_BREACH,1,COMPLETED
AUT-B-001708,AUTONOMOUS,2022-04-05,Mombasa/Kipevu,Nairobi,AGO,Line 5 (Mombasa-Nairobi),1000,16000.0,2022-04-06,2022-04-06,0,16000.0,REORDER_POINT_BREACH,1,COMPLETED
AUT-B-001709,AUTONOMOUS,2022-04-11,Mombasa/Kipevu,Nairobi,AGO,Line 5 (Mombasa-Nairobi),1000,16000.0,2022-04-12,2022-04-12,0,16000.0,REORDER_POINT_BREACH,1,COMPLETED
AUT-B-001710,AUTONOMOUS,2022-04-17,Mombasa/Kipevu,Nairobi,AGO,Line 5 (Mombasa-Nairobi),1000,16000.0,2022-04-18,2022-04-18,0,16000.0,REORDER_POINT_BREACH,1,COMPLETED
AUT-B-001711,AUTONOMOUS,2022-04-22,Mombasa/Kipevu,Nairobi,AGO,Line 5 (Mombasa-Nairobi),1000,16000.0,2022-04-23,2022-04-23,0,16000.0,REORDER_POINT_BREACH,1,COMPLETED
AUT-B-001712,AUTONOMOUS,2022-04-28,Mombasa/Kipevu,Nairobi,AGO,Line 5 (Mombasa-Nairobi),1000,16000.0,2022-04-29,2022-04-29,0,16000.0,REORDER_POINT_BREACH,1,COMPLETED
AUT-B-001713,AUTONOMOUS,2022-05-03,Mombasa/Kipevu,Nairobi,AGO,Line 5 (Mombasa-Nairobi),1000,16000.0,2022-05-04,2022-05-04,0,16000.0,REORDER_POINT_BREACH,1,COMPLETED
AUT-B-001714,AUTONOMOUS,2022-05-08,Mombasa/Kipevu,Nairobi,AGO,Line 5 (Mombasa-Nairobi),1000,16000.0,2022-05-09,2022-05-09,0,16000.0,REORDER_POINT_BREACH,1,COMPLETED
AUT-B-001715,AUTONOMOUS,2022-05-13,Mombasa/Kipevu,Nairobi,AGO,Line 5 (Mombasa-Nairobi),1000,16000.0,2022-05-14,2022-05-15,1,16000.0,REORDER_POINT_BREACH,1,COMPLETED
AUT-B-001716,AUTONOMOUS,2022-05-19,Mombasa/Kipevu,Nairobi,AGO,Line 5 (Mombasa-Nairobi),1000,16000.0,2022-05-20,2022-05-20,0,16000.0,REORDER_POINT_BREACH,1,COMPLETED
AUT-B-001717,AUTONOMOUS,2022-05-24,Mombasa/Kipevu,Nairobi,AGO,Line 5 (Mombasa-Nairobi),1000,16000.0,2022-05-25,2022-05-25,0,16000.0,REORDER_POINT_BREACH,1,COMPLETED
AUT-B-001718,AUTONOMOUS,2022-05-30,Mombasa/Kipevu,Nairobi,AGO,Line 5 (Mombasa-Nairobi),1000,16000.0,2022-05-31,2022-05-31,0,16000.0,REORDER_POINT_BREACH,1,COMPLETED
AUT-B-001719,AUTONOMOUS,2022-06-05,Mombasa/Kipevu,Nairobi,AGO,Line 5 (Mombasa-Nairobi),1000,16000.0,2022-06-06,2022-06-06,0,16000.0,REORDER_POINT_BREACH,1,COMPLETED
AUT-B-001720,AUTONOMOUS,2022-06-10,Mombasa/Kipevu,Nairobi,AGO,Line 5 (Mombasa-Nairobi),1000,16000.0,2022-06-11,2022-06-12,1,16000.0,REORDER_POINT_BREACH,1,COMPLETED
AUT-B-001721,AUTONOMOUS,2022-06-17,Mombasa/Kipevu,Nairobi,AGO,Line 5 (Mombasa-Nairobi),1000,16000.0,2022-06-18,2022-06-18,0,16000.0,REORDER_POINT_BREACH,1,COMPLETED
AUT-B-001722,AUTONOMOUS,2022-06-23,Mombasa/Kipevu,Nairobi,AGO,Line 5 (Mombasa-Nairobi),1000,16000.0,2022-06-24,2022-06-24,0,16000.0,REORDER_POINT_BREACH,1,COMPLETED
AUT-B-001723,AUTONOMOUS,2022-06-28,Mombasa/Kipevu,Nairobi,AGO,Line 5 (Mombasa-Nairobi),1000,16000.0,2022-06-29,2022-06-30,1,16000.0,REORDER_POINT_BREACH,1,COMPLETED
AUT-B-001724,AUTONOMOUS,2022-07-04,Mombasa/Kipevu,Nairobi,AGO,Line 5 (Mombasa-Nairobi),1000,16000.0,2022-07-05,2022-07-05,0,16000.0,REORDER_POINT_BREACH,1,COMPLETED
AUT-B-001725,AUTONOMOUS,2022-07-09,Mombasa/Kipevu,Nairobi,AGO,Line 5 (Mombasa-Nairobi),1000,16000.0,2022-07-10,2022-07-10,0,16000.0,REORDER_POINT_BREACH,1,COMPLETED
AUT-B-001726,AUTONOMOUS,2022-07-15,Mombasa/Kipevu,Nairobi,AGO,Line 5 (Mombasa-Nairobi),1000,16000.0,2022-07-16,2022-07-16,0,16000.0,REORDER_POINT_BREACH,1,COMPLETED
AUT-B-001727,AUTONOMOUS,2022-07-20,Mombasa/Kipevu,Nairobi,AGO,Line 5 (Mombasa-Nairobi),1000,16000.0,2022-07-21,2022-07-21,0,16000.0,REORDER_POINT_BREACH,1,COMPLETED
AUT-B-001728,AUTONOMOUS,2022-07-26,Mombasa/Kipevu,Nairobi,AGO,Line 5 (Mombasa-Nairobi),1000,16000.0,2022-07-27,2022-07-27,0,16000.0,REORDER_POINT_BREACH,1,COMPLETED
AUT-B-001729,AUTONOMOUS,2022-08-01,Mombasa/Kipevu,Nairobi,AGO,Line 5 (Mombasa-Nairobi),1000,16000.0,2022-08-02,2022-08-03,1,16000.0,REORDER_POINT_BREACH,1,COMPLETED
AUT-B-001730,AUTONOMOUS,2022-08-06,Mombasa/Kipevu,Nairobi,AGO,Line 5 (Mombasa-Nairobi),1000,16000.0,2022-08-07,2022-08-07,0,16000.0,REORDER_POINT_BREACH,1,COMPLETED
AUT-B-001731,AUTONOMOUS,2022-08-12,Mombasa/Kipevu,Nairobi,AGO,Line 5 (Mombasa-Nairobi),1000,16000.0,2022-08-13,2022-08-13,0,16000.0,REORDER_POINT_BREACH,1,COMPLETED
AUT-B-001732,AUTONOMOUS,2022-08-17,Mombasa/Kipevu,Nairobi,AGO,Line 5 (Mombasa-Nairobi),1000,16000.0,2022-08-18,2022-08-18,0,16000.0,REORDER_POINT_BREACH,1,COMPLETED
AUT-B-001733,AUTONOMOUS,2022-08-23,Mombasa/Kipevu,Nairobi,AGO,Line 5 (Mombasa-Nairobi),1000,16000.0,2022-08-24,2022-08-24,0,16000.0,REORDER_POINT_BREACH,1,COMPLETED
AUT-B-001734,AUTONOMOUS,2022-08-28,Mombasa/Kipevu,Nairobi,AGO,Line 5 (Mombasa-Nairobi),1000,16000.0,2022-08-29,2022-08-29,0,16000.0,REORDER_POINT_BREACH,1,COMPLETED
AUT-B-001735,AUTONOMOUS,2022-09-03,Mombasa/Kipevu,Nairobi,AGO,Line 5 (Mombasa-Nairobi),1000,16000.0,2022-09-04,2022-09-04,0,16000.0,REORDER_POINT_BREACH,1,COMPLETED
AUT-B-001736,AUTONOMOUS,2022-09-08,Mombasa/Kipevu,Nairobi,AGO,Line 5 (Mombasa-Nairobi),1000,16000.0,2022-09-09,2022-09-10,1,16000.0,REORDER_POINT_BREACH,1,COMPLETED
AUT-B-001737,AUTONOMOUS,2022-09-14,Mombasa/Kipevu,Nairobi,AGO,Line 5 (Mombasa-Nairobi),1000,16000.0,2022-09-15,2022-09-15,0,16000.0,REORDER_POINT_BREACH,1,COMPLETED
AUT-B-001738,AUTONOMOUS,2022-09-20,Mombasa/Kipevu,Nairobi,AGO,Line 5 (Mombasa-Nairobi),1000,16000.0,2022-09-21,2022-09-21,0,16000.0,REORDER_POINT_BREACH,1,COMPLETED
AUT-B-001739,AUTONOMOUS,2022-09-26,Mombasa/Kipevu,Nairobi,AGO,Line 5 (Mombasa-Nairobi),1000,16000.0,2022-09-27,2022-09-28,1,16000.0,REORDER_POINT_BREACH,1,COMPLETED
AUT-B-001740,AUTONOMOUS,2022-10-02,Mombasa/Kipevu,Nairobi,AGO,Line 5 (Mombasa-Nairobi),1000,16000.0,2022-10-03,2022-10-03,0,16000.0,REORDER_POINT_BREACH,1,COMPLETED
AUT-B-001741,AUTONOMOUS,2022-10-07,Mombasa/Kipevu,Nairobi,AGO,Line 5 (Mombasa-Nairobi),1000,16000.0,2022-10-08,2022-10-08,0,16000.0,REORDER_POINT_BREACH,1,COMPLETED
AUT-B-001742,AUTONOMOUS,2022-10-12,Mombasa/Kipevu,Nairobi,AGO,Line 5 (Mombasa-Nairobi),1000,16000.0,2022-10-13,2022-10-13,0,16000.0,REORDER_POINT_BREACH,1,COMPLETED
AUT-B-001743,AUTONOMOUS,2022-10-17,Mombasa/Kipevu,Nairobi,AGO,Line 5 (Mombasa-Nairobi),1000,16000.0,2022-10-18,2022-10-18,0,16000.0,REORDER_POINT_BREACH,1,COMPLETED
AUT-B-001744,AUTONOMOUS,2022-10-21,Mombasa/Kipevu,Nairobi,AGO,Line 5 (Mombasa-Nairobi),1000,16000.0,2022-10-22,2022-10-22,0,16000.0,REORDER_POINT_BREACH,1,COMPLETED
AUT-B-001745,AUTONOMOUS,2022-10-26,Mombasa/Kipevu,Nairobi,AGO,Line 5 (Mombasa-Nairobi),1000,16000.0,2022-10-27,2022-10-27,0,16000.0,REORDER_POINT_BREACH,1,COMPLETED
AUT-B-001746,AUTONOMOUS,2022-10-31,Mombasa/Kipevu,Nairobi,AGO,Line 5 (Mombasa-Nairobi),1000,16000.0,2022-11-01,2022-11-01,0,16000.0,REORDER_POINT_BREACH,1,COMPLETED
AUT-B-001747,AUTONOMOUS,2022-11-06,Mombasa/Kipevu,Nairobi,AGO,Line 5 (Mombasa-Nairobi),1000,16000.0,2022-11-07,2022-11-07,0,16000.0,REORDER_POINT_BREACH,1,COMPLETED
AUT-B-001748,AUTONOMOUS,2022-11-12,Mombasa/Kipevu,Nairobi,AGO,Line 5 (Mombasa-Nairobi),1000,16000.0,2022-11-13,2022-11-13,0,16000.0,REORDER_POINT_BREACH,1,COMPLETED
AUT-B-001749,AUTONOMOUS,2022-11-18,Mombasa/Kipevu,Nairobi,AGO,Line 5 (Mombasa-Nairobi),1000,16000.0,2022-11-19,2022-11-19,0,16000.0,REORDER_POINT_BREACH,1,COMPLETED
AUT-B-001750,AUTONOMOUS,2022-11-24,Mombasa/Kipevu,Nairobi,AGO,Line 5 (Mombasa-Nairobi),1000,16000.0,2022-11-25,2022-11-26,1,16000.0,REORDER_POINT_BREACH,1,COMPLETED
AUT-B-001751,AUTONOMOUS,2022-11-30,Mombasa/Kipevu,Nairobi,AGO,Line 5 (Mombasa-Nairobi),1000,16000.0,2022-12-01,2022-12-01,0,16000.0,REORDER_POINT_BREACH,1,COMPLETED
AUT-B-001752,AUTONOMOUS,2022-12-05,Mombasa/Kipevu,Nairobi,AGO,Line 5 (Mombasa-Nairobi),1000,16000.0,2022-12-06,2022-12-06,0,16000.0,REORDER_POINT_BREACH,1,COMPLETED
AUT-B-001753,AUTONOMOUS,2022-12-11,Mombasa/Kipevu,Nairobi,AGO,Line 5 (Mombasa-Nairobi),1000,16000.0,2022-12-12,2022-12-12,0,16000.0,REORDER_POINT_BREACH,1,COMPLETED
AUT-B-001754,AUTONOMOUS,2022-12-16,Mombasa/Kipevu,Nairobi,AGO,Line 5 (Mombasa-Nairobi),1000,16000.0,2022-12-17,2022-12-17,0,16000.0,REORDER_POINT_BREACH,1,COMPLETED
AUT-B-001755,AUTONOMOUS,2022-12-22,Mombasa/Kipevu,Nairobi,AGO,Line 5 (Mombasa-Nairobi),1000,16000.0,2022-12-23,2022-12-23,0,16000.0,REORDER_POINT_BREACH,1,COMPLETED
AUT-B-001756,AUTONOMOUS,2022-12-27,Mombasa/Kipevu,Nairobi,AGO,Line 5 (Mombasa-Nairobi),1000,16000.0,2022-12-28,2022-12-28,0,16000.0,REORDER_POINT_BREACH,1,COMPLETED
AUT-B-001757,AUTONOMOUS,2023-01-02,Mombasa/Kipevu,Nairobi,AGO,Line 5 (Mombasa-Nairobi),1000,16000.0,2023-01-03,2023-01-03,0,16000.0,REORDER_POINT_BREACH,1,COMPLETED
AUT-B-001758,AUTONOMOUS,2023-01-07,Mombasa/Kipevu,Nairobi,AGO,Line 5 (Mombasa-Nairobi),1000,16000.0,2023-01-08,2023-01-08,0,16000.0,REORDER_POINT_BREACH,1,COMPLETED
AUT-B-001759,AUTONOMOUS,2023-01-13,Mombasa/Kipevu,Nairobi,AGO,Line 5 (Mombasa-Nairobi),1000,16000.0,2023-01-14,2023-01-14,0,16000.0,REORDER_POINT_BREACH,1,COMPLETED
AUT-B-001760,AUTONOMOUS,2023-01-18,Mombasa/Kipevu,Nairobi,AGO,Line 5 (Mombasa-Nairobi),1000,16000.0,2023-01-19,2023-01-19,0,16000.0,REORDER_POINT_BREACH,1,COMPLETED
AUT-B-001761,AUTONOMOUS,2023-01-23,Mombasa/Kipevu,Nairobi,AGO,Line 5 (Mombasa-Nairobi),1000,16000.0,2023-01-24,2023-01-24,0,16000.0,REORDER_POINT_BREACH,1,COMPLETED
AUT-B-001762,AUTONOMOUS,2023-01-29,Mombasa/Kipevu,Nairobi,AGO,Line 5 (Mombasa-Nairobi),1000,16000.0,2023-01-30,2023-01-30,0,16000.0,REORDER_POINT_BREACH,1,COMPLETED
AUT-B-001763,AUTONOMOUS,2023-02-03,Mombasa/Kipevu,Nairobi,AGO,Line 5 (Mombasa-Nairobi),1000,16000.0,2023-02-04,2023-02-04,0,16000.0,REORDER_POINT_BREACH,1,COMPLETED
AUT-B-001764,AUTONOMOUS,2023-02-09,Mombasa/Kipevu,Nairobi,AGO,Line 5 (Mombasa-Nairobi),1000,16000.0,2023-02-10,2023-02-10,0,16000.0,REORDER_POINT_BREACH,1,COMPLETED
AUT-B-001765,AUTONOMOUS,2023-02-15,Mombasa/Kipevu,Nairobi,AGO,Line 5 (Mombasa-Nairobi),1000,16000.0,2023-02-16,2023-02-17,1,16000.0,REORDER_POINT_BREACH,1,COMPLETED
AUT-B-001766,AUTONOMOUS,2023-02-21,Mombasa/Kipevu,Nairobi,AGO,Line 5 (Mombasa-Nairobi),1000,16000.0,2023-02-22,2023-02-22,0,16000.0,REORDER_POINT_BREACH,1,COMPLETED
AUT-B-001767,AUTONOMOUS,2023-02-27,Mombasa/Kipevu,Nairobi,AGO,Line 5 (Mombasa-Nairobi),1000,16000.0,2023-02-28,2023-02-28,0,16000.0,REORDER_POINT_BREACH,1,COMPLETED
AUT-B-001768,AUTONOMOUS,2023-03-06,Mombasa/Kipevu,Nairobi,AGO,Line 5 (Mombasa-Nairobi),1000,16000.0,2023-03-07,2023-03-07,0,16000.0,REORDER_POINT_BREACH,1,COMPLETED
AUT-B-001769,AUTONOMOUS,2023-03-11,Mombasa/Kipevu,Nairobi,AGO,Line 5 (Mombasa-Nairobi),1000,16000.0,2023-03-12,2023-03-12,0,16000.0,REORDER_POINT_BREACH,1,COMPLETED
AUT-B-001770,AUTONOMOUS,2023-03-17,Mombasa/Kipevu,Nairobi,AGO,Line 5 (Mombasa-Nairobi),1000,16000.0,2023-03-18,2023-03-18,0,16000.0,REORDER_POINT_BREACH,1,COMPLETED
AUT-B-001771,AUTONOMOUS,2023-03-22,Mombasa/Kipevu,Nairobi,AGO,Line 5 (Mombasa-Nairobi),1000,16000.0,2023-03-23,2023-03-23,0,16000.0,REORDER_POINT_BREACH,1,COMPLETED
AUT-B-001772,AUTONOMOUS,2023-03-28,Mombasa/Kipevu,Nairobi,AGO,Line 5 (Mombasa-Nairobi),1000,16000.0,2023-03-29,2023-03-29,0,16000.0,REORDER_POINT_BREACH,1,COMPLETED
AUT-B-001773,AUTONOMOUS,2023-04-03,Mombasa/Kipevu,Nairobi,AGO,Line 5 (Mombasa-Nairobi),1000,16000.0,2023-04-04,2023-04-04,0,16000.0,REORDER_POINT_BREACH,1,COMPLETED
AUT-B-001774,AUTONOMOUS,2023-04-09,Mombasa/Kipevu,Nairobi,AGO,Line 5 (Mombasa-Nairobi),1000,16000.0,2023-04-10,2023-04-10,0,16000.0,REORDER_POINT_BREACH,1,COMPLETED
AUT-B-001775,AUTONOMOUS,2023-04-14,Mombasa/Kipevu,Nairobi,AGO,Line 5 (Mombasa-Nairobi),1000,16000.0,2023-04-15,2023-04-15,0,16000.0,REORDER_POINT_BREACH,1,COMPLETED
AUT-B-001776,AUTONOMOUS,2023-04-20,Mombasa/Kipevu,Nairobi,AGO,Line 5 (Mombasa-Nairobi),1000,16000.0,2023-04-21,2023-04-21,0,16000.0,REORDER_POINT_BREACH,1,COMPLETED
AUT-B-001777,AUTONOMOUS,2023-04-26,Mombasa/Kipevu,Nairobi,AGO,Line 5 (Mombasa-Nairobi),1000,16000.0,2023-04-27,2023-04-27,0,16000.0,REORDER_POINT_BREACH,1,COMPLETED
AUT-B-001778,AUTONOMOUS,2023-05-02,Mombasa/Kipevu,Nairobi,AGO,Line 5 (Mombasa-Nairobi),1000,16000.0,2023-05-03,2023-05-04,1,16000.0,REORDER_POINT_BREACH,1,COMPLETED
AUT-B-001779,AUTONOMOUS,2023-05-07,Mombasa/Kipevu,Nairobi,AGO,Line 5 (Mombasa-Nairobi),1000,16000.0,2023-05-08,2023-05-08,0,16000.0,REORDER_POINT_BREACH,1,COMPLETED
AUT-B-001780,AUTONOMOUS,2023-05-13,Mombasa/Kipevu,Nairobi,AGO,Line 5 (Mombasa-Nairobi),1000,16000.0,2023-05-14,2023-05-14,0,16000.0,REORDER_POINT_BREACH,1,COMPLETED
AUT-B-001781,AUTONOMOUS,2023-05-18,Mombasa/Kipevu,Nairobi,AGO,Line 5 (Mombasa-Nairobi),1000,16000.0,2023-05-19,2023-05-19,0,16000.0,REORDER_POINT_BREACH,1,COMPLETED
AUT-B-001782,AUTONOMOUS,2023-05-24,Mombasa/Kipevu,Nairobi,AGO,Line 5 (Mombasa-Nairobi),1000,16000.0,2023-05-25,2023-05-25,0,16000.0,REORDER_POINT_BREACH,1,COMPLETED
AUT-B-001783,AUTONOMOUS,2023-05-30,Mombasa/Kipevu,Nairobi,AGO,Line 5 (Mombasa-Nairobi),1000,16000.0,2023-05-31,2023-05-31,0,16000.0,REORDER_POINT_BREACH,1,COMPLETED
AUT-B-001784,AUTONOMOUS,2023-06-05,Mombasa/Kipevu,Nairobi,AGO,Line 5 (Mombasa-Nairobi),1000,16000.0,2023-06-06,2023-06-06,0,16000.0,REORDER_POINT_BREACH,1,COMPLETED
AUT-B-001785,AUTONOMOUS,2023-06-11,Mombasa/Kipevu,Nairobi,AGO,Line 5 (Mombasa-Nairobi),1000,16000.0,2023-06-12,2023-06-12,0,16000.0,REORDER_POINT_BREACH,1,COMPLETED
AUT-B-001786,AUTONOMOUS,2023-06-17,Mombasa/Kipevu,Nairobi,AGO,Line 5 (Mombasa-Nairobi),1000,16000.0,2023-06-18,2023-06-18,0,16000.0,REORDER_POINT_BREACH,1,COMPLETED
AUT-B-001787,AUTONOMOUS,2023-06-23,Mombasa/Kipevu,Nairobi,AGO,Line 5 (Mombasa-Nairobi),1000,16000.0,2023-06-24,2023-06-24,0,16000.0,REORDER_POINT_BREACH,1,COMPLETED
AUT-B-001788,AUTONOMOUS,2023-06-29,Mombasa/Kipevu,Nairobi,AGO,Line 5 (Mombasa-Nairobi),1000,16000.0,2023-06-30,2023-06-30,0,16000.0,REORDER_POINT_BREACH,1,COMPLETED
AUT-B-001789,AUTONOMOUS,2023-07-05,Mombasa/Kipevu,Nairobi,AGO,Line 5 (Mombasa-Nairobi),1000,16000.0,2023-07-06,2023-07-06,0,16000.0,REORDER_POINT_BREACH,1,COMPLETED
AUT-B-001790,AUTONOMOUS,2023-07-11,Mombasa/Kipevu,Nairobi,AGO,Line 5 (Mombasa-Nairobi),1000,16000.0,2023-07-12,2023-07-13,1,16000.0,REORDER_POINT_BREACH,1,COMPLETED
AUT-B-001791,AUTONOMOUS,2023-07-16,Mombasa/Kipevu,Nairobi,AGO,Line 5 (Mombasa-Nairobi),1000,16000.0,2023-07-17,2023-07-17,0,16000.0,REORDER_POINT_BREACH,1,COMPLETED
AUT-B-001792,AUTONOMOUS,2023-07-22,Mombasa/Kipevu,Nairobi,AGO,Line 5 (Mombasa-Nairobi),1000,16000.0,2023-07-23,2023-07-23,0,16000.0,REORDER_POINT_BREACH,1,COMPLETED
AUT-B-001793,AUTONOMOUS,2023-07-28,Mombasa/Kipevu,Nairobi,AGO,Line 5 (Mombasa-Nairobi),1000,16000.0,2023-07-29,2023-07-29,0,16000.0,REORDER_POINT_BREACH,1,COMPLETED
AUT-B-001794,AUTONOMOUS,2023-08-02,Mombasa/Kipevu,Nairobi,AGO,Line 5 (Mombasa-Nairobi),1000,16000.0,2023-08-03,2023-08-03,0,16000.0,REORDER_POINT_BREACH,1,COMPLETED
AUT-B-001795,AUTONOMOUS,2023-08-08,Mombasa/Kipevu,Nairobi,AGO,Line 5 (Mombasa-Nairobi),1000,16000.0,2023-08-09,2023-08-09,0,16000.0,REORDER_POINT_BREACH,1,COMPLETED
AUT-B-001796,AUTONOMOUS,2023-08-14,Mombasa/Kipevu,Nairobi,AGO,Line 5 (Mombasa-Nairobi),1000,16000.0,2023-08-15,2023-08-15,0,16000.0,REORDER_POINT_BREACH,1,COMPLETED
AUT-B-001797,AUTONOMOUS,2023-08-20,Mombasa/Kipevu,Nairobi,AGO,Line 5 (Mombasa-Nairobi),1000,16000.0,2023-08-21,2023-08-21,0,16000.0,REORDER_POINT_BREACH,1,COMPLETED
AUT-B-001798,AUTONOMOUS,2023-08-25,Mombasa/Kipevu,Nairobi,AGO,Line 5 (Mombasa-Nairobi),1000,16000.0,2023-08-26,2023-08-26,0,16000.0,REORDER_POINT_BREACH,1,COMPLETED
AUT-B-001799,AUTONOMOUS,2023-08-31,Mombasa/Kipevu,Nairobi,AGO,Line 5 (Mombasa-Nairobi),1000,16000.0,2023-09-01,2023-09-02,1,16000.0,REORDER_POINT_BREACH,1,COMPLETED
AUT-B-001800,AUTONOMOUS,2023-09-05,Mombasa/Kipevu,Nairobi,AGO,Line 5 (Mombasa-Nairobi),1000,16000.0,2023-09-06,2023-09-06,0,16000.0,REORDER_POINT_BREACH,1,COMPLETED
AUT-B-001801,AUTONOMOUS,2023-09-11,Mombasa/Kipevu,Nairobi,AGO,Line 5 (Mombasa-Nairobi),1000,16000.0,2023-09-12,2023-09-12,0,16000.0,REORDER_POINT_BREACH,1,COMPLETED
AUT-B-001802,AUTONOMOUS,2023-09-17,Mombasa/Kipevu,Nairobi,AGO,Line 5 (Mombasa-Nairobi),1000,16000.0,2023-09-18,2023-09-18,0,16000.0,REORDER_POINT_BREACH,1,COMPLETED
AUT-B-001803,AUTONOMOUS,2023-09-23,Mombasa/Kipevu,Nairobi,AGO,Line 5 (Mombasa-Nairobi),1000,16000.0,2023-09-24,2023-09-24,0,16000.0,REORDER_POINT_BREACH,1,COMPLETED
AUT-B-001804,AUTONOMOUS,2023-09-29,Mombasa/Kipevu,Nairobi,AGO,Line 5 (Mombasa-Nairobi),1000,16000.0,2023-09-30,2023-09-30,0,16000.0,REORDER_POINT_BREACH,1,COMPLETED
AUT-B-001805,AUTONOMOUS,2023-10-04,Mombasa/Kipevu,Nairobi,AGO,Line 5 (Mombasa-Nairobi),1000,16000.0,2023-10-05,2023-10-05,0,16000.0,REORDER_POINT_BREACH,1,COMPLETED
AUT-B-001806,AUTONOMOUS,2023-10-09,Mombasa/Kipevu,Nairobi,AGO,Line 5 (Mombasa-Nairobi),1000,16000.0,2023-10-10,2023-10-10,0,16000.0,REORDER_POINT_BREACH,1,COMPLETED
AUT-B-001807,AUTONOMOUS,2023-10-14,Mombasa/Kipevu,Nairobi,AGO,Line 5 (Mombasa-Nairobi),1000,16000.0,2023-10-15,2023-10-15,0,16000.0,REORDER_POINT_BREACH,1,COMPLETED
AUT-B-001808,AUTONOMOUS,2023-10-19,Mombasa/Kipevu,Nairobi,AGO,Line 5 (Mombasa-Nairobi),1000,16000.0,2023-10-20,2023-10-21,1,16000.0,REORDER_POINT_BREACH,1,COMPLETED
AUT-B-001809,AUTONOMOUS,2023-10-24,Mombasa/Kipevu,Nairobi,AGO,Line 5 (Mombasa-Nairobi),1000,16000.0,2023-10-25,2023-10-25,0,16000.0,REORDER_POINT_BREACH,1,COMPLETED
AUT-B-001810,AUTONOMOUS,2023-10-30,Mombasa/Kipevu,Nairobi,AGO,Line 5 (Mombasa-Nairobi),1000,16000.0,2023-10-31,2023-10-31,0,16000.0,REORDER_POINT_BREACH,1,COMPLETED
AUT-B-001811,AUTONOMOUS,2023-11-04,Mombasa/Kipevu,Nairobi,AGO,Line 5 (Mombasa-Nairobi),1000,16000.0,2023-11-05,2023-11-05,0,16000.0,REORDER_POINT_BREACH,1,COMPLETED
AUT-B-001812,AUTONOMOUS,2023-11-10,Mombasa/Kipevu,Nairobi,AGO,Line 5 (Mombasa-Nairobi),1000,16000.0,2023-11-11,2023-11-11,0,16000.0,REORDER_POINT_BREACH,1,COMPLETED
AUT-B-001813,AUTONOMOUS,2023-11-17,Mombasa/Kipevu,Nairobi,AGO,Line 5 (Mombasa-Nairobi),1000,16000.0,2023-11-18,2023-11-18,0,16000.0,REORDER_POINT_BREACH,1,COMPLETED
AUT-B-001814,AUTONOMOUS,2023-11-23,Mombasa/Kipevu,Nairobi,AGO,Line 5 (Mombasa-Nairobi),1000,16000.0,2023-11-24,2023-11-24,0,16000.0,REORDER_POINT_BREACH,1,COMPLETED
AUT-B-001815,AUTONOMOUS,2023-11-28,Mombasa/Kipevu,Nairobi,AGO,Line 5 (Mombasa-Nairobi),1000,16000.0,2023-11-29,2023-11-29,0,16000.0,REORDER_POINT_BREACH,1,COMPLETED
AUT-B-001816,AUTONOMOUS,2023-12-04,Mombasa/Kipevu,Nairobi,AGO,Line 5 (Mombasa-Nairobi),1000,16000.0,2023-12-05,2023-12-05,0,16000.0,REORDER_POINT_BREACH,1,COMPLETED
AUT-B-001817,AUTONOMOUS,2023-12-10,Mombasa/Kipevu,Nairobi,AGO,Line 5 (Mombasa-Nairobi),1000,16000.0,2023-12-11,2023-12-11,0,16000.0,REORDER_POINT_BREACH,1,COMPLETED
AUT-B-001818,AUTONOMOUS,2023-12-16,Mombasa/Kipevu,Nairobi,AGO,Line 5 (Mombasa-Nairobi),1000,16000.0,2023-12-17,2023-12-17,0,16000.0,REORDER_POINT_BREACH,1,COMPLETED
AUT-B-001819,AUTONOMOUS,2023-12-22,Mombasa/Kipevu,Nairobi,AGO,Line 5 (Mombasa-Nairobi),1000,16000.0,2023-12-23,2023-12-23,0,16000.0,REORDER_POINT_BREACH,1,COMPLETED
AUT-B-001820,AUTONOMOUS,2023-12-28,Mombasa/Kipevu,Nairobi,AGO,Line 5 (Mombasa-Nairobi),1000,16000.0,2023-12-29,2023-12-29,0,16000.0,REORDER_POINT_BREACH,1,COMPLETED
AUT-B-001821,AUTONOMOUS,2024-01-02,Mombasa/Kipevu,Nairobi,AGO,Line 5 (Mombasa-Nairobi),1000,16000.0,2024-01-03,2024-01-03,0,16000.0,REORDER_POINT_BREACH,1,COMPLETED
AUT-B-001822,AUTONOMOUS,2024-01-08,Mombasa/Kipevu,Nairobi,AGO,Line 5 (Mombasa-Nairobi),1000,16000.0,2024-01-09,2024-01-09,0,16000.0,REORDER_POINT_BREACH,1,COMPLETED
AUT-B-001823,AUTONOMOUS,2024-01-13,Mombasa/Kipevu,Nairobi,AGO,Line 5 (Mombasa-Nairobi),1000,16000.0,2024-01-14,2024-01-14,0,16000.0,REORDER_POINT_BREACH,1,COMPLETED
AUT-B-001824,AUTONOMOUS,2024-01-19,Mombasa/Kipevu,Nairobi,AGO,Line 5 (Mombasa-Nairobi),1000,16000.0,2024-01-20,2024-01-20,0,16000.0,REORDER_POINT_BREACH,1,COMPLETED
AUT-B-001825,AUTONOMOUS,2024-01-24,Mombasa/Kipevu,Nairobi,AGO,Line 5 (Mombasa-Nairobi),1000,16000.0,2024-01-25,2024-01-25,0,16000.0,REORDER_POINT_BREACH,1,COMPLETED
AUT-B-001826,AUTONOMOUS,2024-01-30,Mombasa/Kipevu,Nairobi,AGO,Line 5 (Mombasa-Nairobi),1000,16000.0,2024-01-31,2024-02-01,1,16000.0,REORDER_POINT_BREACH,1,COMPLETED
AUT-B-001827,AUTONOMOUS,2024-02-05,Mombasa/Kipevu,Nairobi,AGO,Line 5 (Mombasa-Nairobi),1000,16000.0,2024-02-06,2024-02-06,0,16000.0,REORDER_POINT_BREACH,1,COMPLETED
AUT-B-001828,AUTONOMOUS,2024-02-11,Mombasa/Kipevu,Nairobi,AGO,Line 5 (Mombasa-Nairobi),1000,16000.0,2024-02-12,2024-02-12,0,16000.0,REORDER_POINT_BREACH,1,COMPLETED
AUT-B-001829,AUTONOMOUS,2024-02-17,Mombasa/Kipevu,Nairobi,AGO,Line 5 (Mombasa-Nairobi),1000,16000.0,2024-02-18,2024-02-18,0,16000.0,REORDER_POINT_BREACH,1,COMPLETED
AUT-B-001830,AUTONOMOUS,2024-02-24,Mombasa/Kipevu,Nairobi,AGO,Line 5 (Mombasa-Nairobi),1000,16000.0,2024-02-25,2024-02-25,0,16000.0,REORDER_POINT_BREACH,1,COMPLETED
AUT-B-001831,AUTONOMOUS,2024-03-01,Mombasa/Kipevu,Nairobi,AGO,Line 5 (Mombasa-Nairobi),1000,16000.0,2024-03-02,2024-03-02,0,16000.0,REORDER_POINT_BREACH,1,COMPLETED
AUT-B-001832,AUTONOMOUS,2024-03-07,Mombasa/Kipevu,Nairobi,AGO,Line 5 (Mombasa-Nairobi),1000,16000.0,2024-03-08,2024-03-08,0,16000.0,REORDER_POINT_BREACH,1,COMPLETED
AUT-B-001833,AUTONOMOUS,2024-03-13,Mombasa/Kipevu,Nairobi,AGO,Line 5 (Mombasa-Nairobi),1000,16000.0,2024-03-14,2024-03-14,0,16000.0,REORDER_POINT_BREACH,1,COMPLETED
AUT-B-001834,AUTONOMOUS,2024-03-19,Mombasa/Kipevu,Nairobi,AGO,Line 5 (Mombasa-Nairobi),1000,16000.0,2024-03-20,2024-03-20,0,16000.0,REORDER_POINT_BREACH,1,COMPLETED
AUT-B-001835,AUTONOMOUS,2024-03-25,Mombasa/Kipevu,Nairobi,AGO,Line 5 (Mombasa-Nairobi),1000,16000.0,2024-03-26,2024-03-26,0,16000.0,REORDER_POINT_BREACH,1,COMPLETED
AUT-B-001836,AUTONOMOUS,2024-03-30,Mombasa/Kipevu,Nairobi,AGO,Line 5 (Mombasa-Nairobi),1000,16000.0,2024-03-31,2024-03-31,0,16000.0,REORDER_POINT_BREACH,1,COMPLETED
AUT-B-001837,AUTONOMOUS,2024-04-05,Mombasa/Kipevu,Nairobi,AGO,Line 5 (Mombasa-Nairobi),1000,16000.0,2024-04-06,2024-04-06,0,16000.0,REORDER_POINT_BREACH,1,COMPLETED
AUT-B-001838,AUTONOMOUS,2024-04-11,Mombasa/Kipevu,Nairobi,AGO,Line 5 (Mombasa-Nairobi),1000,16000.0,2024-04-12,2024-04-12,0,16000.0,REORDER_POINT_BREACH,1,COMPLETED
AUT-B-001839,AUTONOMOUS,2024-04-17,Mombasa/Kipevu,Nairobi,AGO,Line 5 (Mombasa-Nairobi),1000,16000.0,2024-04-18,2024-04-18,0,16000.0,REORDER_POINT_BREACH,1,COMPLETED
AUT-B-001840,AUTONOMOUS,2024-04-23,Mombasa/Kipevu,Nairobi,AGO,Line 5 (Mombasa-Nairobi),1000,16000.0,2024-04-24,2024-04-24,0,16000.0,REORDER_POINT_BREACH,1,COMPLETED
AUT-B-001841,AUTONOMOUS,2024-04-29,Mombasa/Kipevu,Nairobi,AGO,Line 5 (Mombasa-Nairobi),1000,16000.0,2024-04-30,2024-04-30,0,16000.0,REORDER_POINT_BREACH,1,COMPLETED
AUT-B-001842,AUTONOMOUS,2024-05-04,Mombasa/Kipevu,Nairobi,AGO,Line 5 (Mombasa-Nairobi),1000,16000.0,2024-05-05,2024-05-05,0,16000.0,REORDER_POINT_BREACH,1,COMPLETED
AUT-B-001843,AUTONOMOUS,2024-05-10,Mombasa/Kipevu,Nairobi,AGO,Line 5 (Mombasa-Nairobi),1000,16000.0,2024-05-11,2024-05-12,1,16000.0,REORDER_POINT_BREACH,1,COMPLETED
AUT-B-001844,AUTONOMOUS,2024-05-16,Mombasa/Kipevu,Nairobi,AGO,Line 5 (Mombasa-Nairobi),1000,16000.0,2024-05-17,2024-05-17,0,16000.0,REORDER_POINT_BREACH,1,COMPLETED
AUT-B-001845,AUTONOMOUS,2024-05-21,Mombasa/Kipevu,Nairobi,AGO,Line 5 (Mombasa-Nairobi),1000,16000.0,2024-05-22,2024-05-22,0,16000.0,REORDER_POINT_BREACH,1,COMPLETED
AUT-B-001846,AUTONOMOUS,2024-05-27,Mombasa/Kipevu,Nairobi,AGO,Line 5 (Mombasa-Nairobi),1000,16000.0,2024-05-28,2024-05-28,0,16000.0,REORDER_POINT_BREACH,1,COMPLETED
AUT-B-001847,AUTONOMOUS,2024-06-02,Mombasa/Kipevu,Nairobi,AGO,Line 5 (Mombasa-Nairobi),1000,16000.0,2024-06-03,2024-06-04,1,16000.0,REORDER_POINT_BREACH,1,COMPLETED
AUT-B-001848,AUTONOMOUS,2024-06-08,Mombasa/Kipevu,Nairobi,AGO,Line 5 (Mombasa-Nairobi),1000,16000.0,2024-06-09,2024-06-09,0,16000.0,REORDER_POINT_BREACH,1,COMPLETED
AUT-B-001849,AUTONOMOUS,2024-06-15,Mombasa/Kipevu,Nairobi,AGO,Line 5 (Mombasa-Nairobi),1000,16000.0,2024-06-16,2024-06-16,0,16000.0,REORDER_POINT_BREACH,1,COMPLETED
AUT-B-001850,AUTONOMOUS,2024-06-21,Mombasa/Kipevu,Nairobi,AGO,Line 5 (Mombasa-Nairobi),1000,16000.0,2024-06-22,2024-06-22,0,16000.0,REORDER_POINT_BREACH,1,COMPLETED
AUT-B-001851,AUTONOMOUS,2024-06-27,Mombasa/Kipevu,Nairobi,AGO,Line 5 (Mombasa-Nairobi),1000,16000.0,2024-06-28,2024-06-28,0,16000.0,REORDER_POINT_BREACH,1,COMPLETED
AUT-B-001852,AUTONOMOUS,2024-07-03,Mombasa/Kipevu,Nairobi,AGO,Line 5 (Mombasa-Nairobi),1000,16000.0,2024-07-04,2024-07-04,0,16000.0,REORDER_POINT_BREACH,1,COMPLETED
AUT-B-001853,AUTONOMOUS,2024-07-10,Mombasa/Kipevu,Nairobi,AGO,Line 5 (Mombasa-Nairobi),1000,16000.0,2024-07-11,2024-07-11,0,16000.0,REORDER_POINT_BREACH,1,COMPLETED
AUT-B-001854,AUTONOMOUS,2024-07-16,Mombasa/Kipevu,Nairobi,AGO,Line 5 (Mombasa-Nairobi),1000,16000.0,2024-07-17,2024-07-17,0,16000.0,REORDER_POINT_BREACH,1,COMPLETED
AUT-B-001855,AUTONOMOUS,2024-07-21,Mombasa/Kipevu,Nairobi,AGO,Line 5 (Mombasa-Nairobi),1000,16000.0,2024-07-22,2024-07-22,0,16000.0,REORDER_POINT_BREACH,1,COMPLETED
AUT-B-001856,AUTONOMOUS,2024-07-27,Mombasa/Kipevu,Nairobi,AGO,Line 5 (Mombasa-Nairobi),1000,16000.0,2024-07-28,2024-07-28,0,16000.0,REORDER_POINT_BREACH,1,COMPLETED
AUT-B-001857,AUTONOMOUS,2024-08-02,Mombasa/Kipevu,Nairobi,AGO,Line 5 (Mombasa-Nairobi),1000,16000.0,2024-08-03,2024-08-03,0,16000.0,REORDER_POINT_BREACH,1,COMPLETED
AUT-B-001858,AUTONOMOUS,2024-08-08,Mombasa/Kipevu,Nairobi,AGO,Line 5 (Mombasa-Nairobi),1000,16000.0,2024-08-09,2024-08-09,0,16000.0,REORDER_POINT_BREACH,1,COMPLETED
AUT-B-001859,AUTONOMOUS,2024-08-14,Mombasa/Kipevu,Nairobi,AGO,Line 5 (Mombasa-Nairobi),1000,16000.0,2024-08-15,2024-08-15,0,16000.0,REORDER_POINT_BREACH,1,COMPLETED
AUT-B-001860,AUTONOMOUS,2024-08-20,Mombasa/Kipevu,Nairobi,AGO,Line 5 (Mombasa-Nairobi),1000,16000.0,2024-08-21,2024-08-23,2,16000.0,REORDER_POINT_BREACH,1,COMPLETED
AUT-B-001861,AUTONOMOUS,2024-08-26,Mombasa/Kipevu,Nairobi,AGO,Line 5 (Mombasa-Nairobi),1000,16000.0,2024-08-27,2024-08-27,0,16000.0,REORDER_POINT_BREACH,1,COMPLETED
AUT-B-001862,AUTONOMOUS,2024-08-31,Mombasa/Kipevu,Nairobi,AGO,Line 5 (Mombasa-Nairobi),1000,16000.0,2024-09-01,2024-09-01,0,16000.0,REORDER_POINT_BREACH,1,COMPLETED
AUT-B-001863,AUTONOMOUS,2024-09-06,Mombasa/Kipevu,Nairobi,AGO,Line 5 (Mombasa-Nairobi),1000,16000.0,2024-09-07,2024-09-07,0,16000.0,REORDER_POINT_BREACH,1,COMPLETED
AUT-B-001864,AUTONOMOUS,2024-09-12,Mombasa/Kipevu,Nairobi,AGO,Line 5 (Mombasa-Nairobi),1000,16000.0,2024-09-13,2024-09-13,0,16000.0,REORDER_POINT_BREACH,1,COMPLETED
AUT-B-001865,AUTONOMOUS,2024-09-18,Mombasa/Kipevu,Nairobi,AGO,Line 5 (Mombasa-Nairobi),1000,16000.0,2024-09-19,2024-09-19,0,16000.0,REORDER_POINT_BREACH,1,COMPLETED
AUT-B-001866,AUTONOMOUS,2024-09-24,Mombasa/Kipevu,Nairobi,AGO,Line 5 (Mombasa-Nairobi),1000,16000.0,2024-09-25,2024-09-25,0,16000.0,REORDER_POINT_BREACH,1,COMPLETED
AUT-B-001867,AUTONOMOUS,2024-09-30,Mombasa/Kipevu,Nairobi,AGO,Line 5 (Mombasa-Nairobi),1000,16000.0,2024-10-01,2024-10-01,0,16000.0,REORDER_POINT_BREACH,1,COMPLETED
AUT-B-001868,AUTONOMOUS,2024-10-06,Mombasa/Kipevu,Nairobi,AGO,Line 5 (Mombasa-Nairobi),1000,16000.0,2024-10-07,2024-10-07,0,16000.0,REORDER_POINT_BREACH,1,COMPLETED
AUT-B-001869,AUTONOMOUS,2024-10-11,Mombasa/Kipevu,Nairobi,AGO,Line 5 (Mombasa-Nairobi),1000,16000.0,2024-10-12,2024-10-12,0,16000.0,REORDER_POINT_BREACH,1,COMPLETED
AUT-B-001870,AUTONOMOUS,2024-10-16,Mombasa/Kipevu,Nairobi,AGO,Line 5 (Mombasa-Nairobi),1000,16000.0,2024-10-17,2024-10-17,0,16000.0,REORDER_POINT_BREACH,1,COMPLETED
AUT-B-001871,AUTONOMOUS,2024-10-21,Mombasa/Kipevu,Nairobi,AGO,Line 5 (Mombasa-Nairobi),1000,16000.0,2024-10-22,2024-10-22,0,16000.0,REORDER_POINT_BREACH,1,COMPLETED
AUT-B-001872,AUTONOMOUS,2024-10-26,Mombasa/Kipevu,Nairobi,AGO,Line 5 (Mombasa-Nairobi),1000,16000.0,2024-10-27,2024-10-27,0,16000.0,REORDER_POINT_BREACH,1,COMPLETED
AUT-B-001873,AUTONOMOUS,2024-11-01,Mombasa/Kipevu,Nairobi,AGO,Line 5 (Mombasa-Nairobi),1000,16000.0,2024-11-02,2024-11-02,0,16000.0,REORDER_POINT_BREACH,1,COMPLETED
AUT-B-001874,AUTONOMOUS,2024-11-07,Mombasa/Kipevu,Nairobi,AGO,Line 5 (Mombasa-Nairobi),1000,16000.0,2024-11-08,2024-11-08,0,16000.0,REORDER_POINT_BREACH,1,COMPLETED
AUT-B-001875,AUTONOMOUS,2024-11-13,Mombasa/Kipevu,Nairobi,AGO,Line 5 (Mombasa-Nairobi),1000,16000.0,2024-11-14,2024-11-14,0,16000.0,REORDER_POINT_BREACH,1,COMPLETED
AUT-B-001876,AUTONOMOUS,2024-11-19,Mombasa/Kipevu,Nairobi,AGO,Line 5 (Mombasa-Nairobi),1000,16000.0,2024-11-20,2024-11-20,0,16000.0,REORDER_POINT_BREACH,1,COMPLETED
AUT-B-001877,AUTONOMOUS,2024-11-25,Mombasa/Kipevu,Nairobi,AGO,Line 5 (Mombasa-Nairobi),1000,16000.0,2024-11-26,2024-11-26,0,16000.0,REORDER_POINT_BREACH,1,COMPLETED
AUT-B-001878,AUTONOMOUS,2024-12-01,Mombasa/Kipevu,Nairobi,AGO,Line 5 (Mombasa-Nairobi),1000,16000.0,2024-12-02,2024-12-02,0,16000.0,REORDER_POINT_BREACH,1,COMPLETED
AUT-B-001879,AUTONOMOUS,2024-12-07,Mombasa/Kipevu,Nairobi,AGO,Line 5 (Mombasa-Nairobi),1000,16000.0,2024-12-08,2024-12-09,1,16000.0,REORDER_POINT_BREACH,1,COMPLETED
AUT-B-001880,AUTONOMOUS,2024-12-13,Mombasa/Kipevu,Nairobi,AGO,Line 5 (Mombasa-Nairobi),1000,16000.0,2024-12-14,2024-12-14,0,16000.0,REORDER_POINT_BREACH,1,COMPLETED
AUT-B-001881,AUTONOMOUS,2024-12-18,Mombasa/Kipevu,Nairobi,AGO,Line 5 (Mombasa-Nairobi),1000,16000.0,2024-12-19,2024-12-19,0,16000.0,REORDER_POINT_BREACH,1,COMPLETED
AUT-B-001882,AUTONOMOUS,2024-12-24,Mombasa/Kipevu,Nairobi,AGO,Line 5 (Mombasa-Nairobi),1000,16000.0,2024-12-25,2024-12-25,0,16000.0,REORDER_POINT_BREACH,1,COMPLETED
AUT-B-001883,AUTONOMOUS,2024-12-30,Mombasa/Kipevu,Nairobi,AGO,Line 5 (Mombasa-Nairobi),1000,16000.0,2024-12-31,2025-01-01,1,16000.0,REORDER_POINT_BREACH,1,COMPLETED
AUT-B-001884,AUTONOMOUS,2025-01-04,Mombasa/Kipevu,Nairobi,AGO,Line 5 (Mombasa-Nairobi),1000,16000.0,2025-01-05,2025-01-07,2,16000.0,REORDER_POINT_BREACH,1,COMPLETED
AUT-B-001885,AUTONOMOUS,2025-01-10,Mombasa/Kipevu,Nairobi,AGO,Line 5 (Mombasa-Nairobi),1000,16000.0,2025-01-11,2025-01-11,0,16000.0,REORDER_POINT_BREACH,1,COMPLETED
AUT-B-001886,AUTONOMOUS,2025-01-15,Mombasa/Kipevu,Nairobi,AGO,Line 5 (Mombasa-Nairobi),1000,16000.0,2025-01-16,2025-01-16,0,16000.0,REORDER_POINT_BREACH,1,COMPLETED
AUT-B-001887,AUTONOMOUS,2025-01-20,Mombasa/Kipevu,Nairobi,AGO,Line 5 (Mombasa-Nairobi),1000,16000.0,2025-01-21,2025-01-21,0,16000.0,REORDER_POINT_BREACH,1,COMPLETED
AUT-B-001888,AUTONOMOUS,2025-01-26,Mombasa/Kipevu,Nairobi,AGO,Line 5 (Mombasa-Nairobi),1000,16000.0,2025-01-27,2025-01-28,1,16000.0,REORDER_POINT_BREACH,1,COMPLETED
AUT-B-001889,AUTONOMOUS,2025-01-31,Mombasa/Kipevu,Nairobi,AGO,Line 5 (Mombasa-Nairobi),1000,16000.0,2025-02-01,2025-02-01,0,16000.0,REORDER_POINT_BREACH,1,COMPLETED
AUT-B-001890,AUTONOMOUS,2025-02-06,Mombasa/Kipevu,Nairobi,AGO,Line 5 (Mombasa-Nairobi),1000,16000.0,2025-02-07,2025-02-07,0,16000.0,REORDER_POINT_BREACH,1,COMPLETED
AUT-B-001891,AUTONOMOUS,2025-02-12,Mombasa/Kipevu,Nairobi,AGO,Line 5 (Mombasa-Nairobi),1000,16000.0,2025-02-13,2025-02-13,0,16000.0,REORDER_POINT_BREACH,1,COMPLETED
AUT-B-001892,AUTONOMOUS,2025-02-18,Mombasa/Kipevu,Nairobi,AGO,Line 5 (Mombasa-Nairobi),1000,16000.0,2025-02-19,2025-02-20,1,16000.0,REORDER_POINT_BREACH,1,COMPLETED
AUT-B-001893,AUTONOMOUS,2025-02-23,Mombasa/Kipevu,Nairobi,AGO,Line 5 (Mombasa-Nairobi),1000,16000.0,2025-02-24,2025-02-24,0,16000.0,REORDER_POINT_BREACH,1,COMPLETED
AUT-B-001894,AUTONOMOUS,2025-03-01,Mombasa/Kipevu,Nairobi,AGO,Line 5 (Mombasa-Nairobi),1000,16000.0,2025-03-02,2025-03-02,0,16000.0,REORDER_POINT_BREACH,1,COMPLETED
AUT-B-001895,AUTONOMOUS,2025-03-06,Mombasa/Kipevu,Nairobi,AGO,Line 5 (Mombasa-Nairobi),1000,16000.0,2025-03-07,2025-03-07,0,16000.0,REORDER_POINT_BREACH,1,COMPLETED
AUT-B-001896,AUTONOMOUS,2025-03-12,Mombasa/Kipevu,Nairobi,AGO,Line 5 (Mombasa-Nairobi),1000,16000.0,2025-03-13,2025-03-13,0,16000.0,REORDER_POINT_BREACH,1,COMPLETED
AUT-B-001897,AUTONOMOUS,2025-03-18,Mombasa/Kipevu,Nairobi,AGO,Line 5 (Mombasa-Nairobi),1000,16000.0,2025-03-19,2025-03-19,0,16000.0,REORDER_POINT_BREACH,1,COMPLETED
AUT-B-001898,AUTONOMOUS,2025-03-23,Mombasa/Kipevu,Nairobi,AGO,Line 5 (Mombasa-Nairobi),1000,16000.0,2025-03-24,2025-03-25,1,16000.0,REORDER_POINT_BREACH,1,COMPLETED
AUT-B-001899,AUTONOMOUS,2025-03-28,Mombasa/Kipevu,Nairobi,AGO,Line 5 (Mombasa-Nairobi),1000,16000.0,2025-03-29,2025-03-29,0,16000.0,REORDER_POINT_BREACH,1,COMPLETED
AUT-B-001900,AUTONOMOUS,2025-04-03,Mombasa/Kipevu,Nairobi,AGO,Line 5 (Mombasa-Nairobi),1000,16000.0,2025-04-04,2025-04-04,0,16000.0,REORDER_POINT_BREACH,1,COMPLETED
AUT-B-001901,AUTONOMOUS,2025-04-08,Mombasa/Kipevu,Nairobi,AGO,Line 5 (Mombasa-Nairobi),1000,16000.0,2025-04-09,2025-04-09,0,16000.0,REORDER_POINT_BREACH,1,COMPLETED
AUT-B-001902,AUTONOMOUS,2025-04-14,Mombasa/Kipevu,Nairobi,AGO,Line 5 (Mombasa-Nairobi),1000,16000.0,2025-04-15,2025-04-16,1,16000.0,REORDER_POINT_BREACH,1,COMPLETED
AUT-B-001903,AUTONOMOUS,2025-04-19,Mombasa/Kipevu,Nairobi,AGO,Line 5 (Mombasa-Nairobi),1000,16000.0,2025-04-20,2025-04-20,0,16000.0,REORDER_POINT_BREACH,1,COMPLETED
AUT-B-001904,AUTONOMOUS,2025-04-24,Mombasa/Kipevu,Nairobi,AGO,Line 5 (Mombasa-Nairobi),1000,16000.0,2025-04-25,2025-04-25,0,16000.0,REORDER_POINT_BREACH,1,COMPLETED
AUT-B-001905,AUTONOMOUS,2025-04-30,Mombasa/Kipevu,Nairobi,AGO,Line 5 (Mombasa-Nairobi),1000,16000.0,2025-05-01,2025-05-01,0,16000.0,REORDER_POINT_BREACH,1,COMPLETED
AUT-B-001906,AUTONOMOUS,2025-05-05,Mombasa/Kipevu,Nairobi,AGO,Line 5 (Mombasa-Nairobi),1000,16000.0,2025-05-06,2025-05-06,0,16000.0,REORDER_POINT_BREACH,1,COMPLETED
AUT-B-001907,AUTONOMOUS,2025-05-10,Mombasa/Kipevu,Nairobi,AGO,Line 5 (Mombasa-Nairobi),1000,16000.0,2025-05-11,2025-05-11,0,16000.0,REORDER_POINT_BREACH,1,COMPLETED
AUT-B-001908,AUTONOMOUS,2025-05-15,Mombasa/Kipevu,Nairobi,AGO,Line 5 (Mombasa-Nairobi),1000,16000.0,2025-05-16,2025-05-16,0,16000.0,REORDER_POINT_BREACH,1,COMPLETED
AUT-B-001909,AUTONOMOUS,2025-05-21,Mombasa/Kipevu,Nairobi,AGO,Line 5 (Mombasa-Nairobi),1000,16000.0,2025-05-22,2025-05-22,0,16000.0,REORDER_POINT_BREACH,1,COMPLETED
AUT-B-001910,AUTONOMOUS,2025-05-26,Mombasa/Kipevu,Nairobi,AGO,Line 5 (Mombasa-Nairobi),1000,16000.0,2025-05-27,2025-05-27,0,16000.0,REORDER_POINT_BREACH,1,COMPLETED
AUT-B-001911,AUTONOMOUS,2025-05-31,Mombasa/Kipevu,Nairobi,AGO,Line 5 (Mombasa-Nairobi),1000,16000.0,2025-06-01,2025-06-01,0,16000.0,REORDER_POINT_BREACH,1,COMPLETED
AUT-B-001912,AUTONOMOUS,2025-06-06,Mombasa/Kipevu,Nairobi,AGO,Line 5 (Mombasa-Nairobi),1000,16000.0,2025-06-07,2025-06-07,0,16000.0,REORDER_POINT_BREACH,1,COMPLETED
AUT-B-001913,AUTONOMOUS,2025-06-12,Mombasa/Kipevu,Nairobi,AGO,Line 5 (Mombasa-Nairobi),1000,16000.0,2025-06-13,2025-06-13,0,16000.0,REORDER_POINT_BREACH,1,COMPLETED
AUT-B-001914,AUTONOMOUS,2025-06-17,Mombasa/Kipevu,Nairobi,AGO,Line 5 (Mombasa-Nairobi),1000,16000.0,2025-06-18,2025-06-18,0,16000.0,REORDER_POINT_BREACH,1,COMPLETED
AUT-B-001915,AUTONOMOUS,2025-06-23,Mombasa/Kipevu,Nairobi,AGO,Line 5 (Mombasa-Nairobi),1000,16000.0,2025-06-24,2025-06-24,0,16000.0,REORDER_POINT_BREACH,1,COMPLETED
AUT-B-001916,AUTONOMOUS,2025-06-29,Mombasa/Kipevu,Nairobi,AGO,Line 5 (Mombasa-Nairobi),1000,16000.0,2025-06-30,2025-06-30,0,16000.0,REORDER_POINT_BREACH,1,COMPLETED
AUT-B-001917,AUTONOMOUS,2025-07-04,Mombasa/Kipevu,Nairobi,AGO,Line 5 (Mombasa-Nairobi),1000,16000.0,2025-07-05,2025-07-05,0,16000.0,REORDER_POINT_BREACH,1,COMPLETED
AUT-B-001918,AUTONOMOUS,2025-07-10,Mombasa/Kipevu,Nairobi,AGO,Line 5 (Mombasa-Nairobi),1000,16000.0,2025-07-11,2025-07-11,0,16000.0,REORDER_POINT_BREACH,1,COMPLETED
AUT-B-001919,AUTONOMOUS,2025-07-15,Mombasa/Kipevu,Nairobi,AGO,Line 5 (Mombasa-Nairobi),1000,16000.0,2025-07-16,2025-07-16,0,16000.0,REORDER_POINT_BREACH,1,COMPLETED
AUT-B-001920,AUTONOMOUS,2025-07-21,Mombasa/Kipevu,Nairobi,AGO,Line 5 (Mombasa-Nairobi),1000,16000.0,2025-07-22,2025-07-22,0,16000.0,REORDER_POINT_BREACH,1,COMPLETED
AUT-B-001921,AUTONOMOUS,2025-07-26,Mombasa/Kipevu,Nairobi,AGO,Line 5 (Mombasa-Nairobi),1000,16000.0,2025-07-27,2025-07-27,0,16000.0,REORDER_POINT_BREACH,1,COMPLETED
AUT-B-001922,AUTONOMOUS,2025-08-01,Mombasa/Kipevu,Nairobi,AGO,Line 5 (Mombasa-Nairobi),1000,16000.0,2025-08-02,2025-08-03,1,16000.0,REORDER_POINT_BREACH,1,COMPLETED
AUT-B-001923,AUTONOMOUS,2025-08-06,Mombasa/Kipevu,Nairobi,AGO,Line 5 (Mombasa-Nairobi),1000,16000.0,2025-08-07,2025-08-07,0,16000.0,REORDER_POINT_BREACH,1,COMPLETED
AUT-B-001924,AUTONOMOUS,2025-08-12,Mombasa/Kipevu,Nairobi,AGO,Line 5 (Mombasa-Nairobi),1000,16000.0,2025-08-13,2025-08-13,0,16000.0,REORDER_POINT_BREACH,1,COMPLETED
AUT-B-001925,AUTONOMOUS,2025-08-18,Mombasa/Kipevu,Nairobi,AGO,Line 5 (Mombasa-Nairobi),1000,16000.0,2025-08-19,2025-08-19,0,16000.0,REORDER_POINT_BREACH,1,COMPLETED
AUT-B-001926,AUTONOMOUS,2025-08-23,Mombasa/Kipevu,Nairobi,AGO,Line 5 (Mombasa-Nairobi),1000,16000.0,2025-08-24,2025-08-24,0,16000.0,REORDER_POINT_BREACH,1,COMPLETED
AUT-B-001927,AUTONOMOUS,2025-08-28,Mombasa/Kipevu,Nairobi,AGO,Line 5 (Mombasa-Nairobi),1000,16000.0,2025-08-29,2025-08-29,0,16000.0,REORDER_POINT_BREACH,1,COMPLETED
AUT-B-001928,AUTONOMOUS,2025-09-03,Mombasa/Kipevu,Nairobi,AGO,Line 5 (Mombasa-Nairobi),1000,16000.0,2025-09-04,2025-09-04,0,16000.0,REORDER_POINT_BREACH,1,COMPLETED
AUT-B-001929,AUTONOMOUS,2025-09-08,Mombasa/Kipevu,Nairobi,AGO,Line 5 (Mombasa-Nairobi),1000,16000.0,2025-09-09,2025-09-09,0,16000.0,REORDER_POINT_BREACH,1,COMPLETED
AUT-B-001930,AUTONOMOUS,2025-09-14,Mombasa/Kipevu,Nairobi,AGO,Line 5 (Mombasa-Nairobi),1000,16000.0,2025-09-15,2025-09-15,0,16000.0,REORDER_POINT_BREACH,1,COMPLETED
AUT-B-001931,AUTONOMOUS,2025-09-19,Mombasa/Kipevu,Nairobi,AGO,Line 5 (Mombasa-Nairobi),1000,16000.0,2025-09-20,2025-09-20,0,16000.0,REORDER_POINT_BREACH,1,COMPLETED
AUT-B-001932,AUTONOMOUS,2025-09-25,Mombasa/Kipevu,Nairobi,AGO,Line 5 (Mombasa-Nairobi),1000,16000.0,2025-09-26,2025-09-26,0,16000.0,REORDER_POINT_BREACH,1,COMPLETED
AUT-B-001933,AUTONOMOUS,2025-10-01,Mombasa/Kipevu,Nairobi,AGO,Line 5 (Mombasa-Nairobi),1000,16000.0,2025-10-02,2025-10-02,0,16000.0,REORDER_POINT_BREACH,1,COMPLETED
AUT-B-001934,AUTONOMOUS,2025-10-06,Mombasa/Kipevu,Nairobi,AGO,Line 5 (Mombasa-Nairobi),1000,16000.0,2025-10-07,2025-10-07,0,16000.0,REORDER_POINT_BREACH,1,COMPLETED
AUT-B-001935,AUTONOMOUS,2025-10-11,Mombasa/Kipevu,Nairobi,AGO,Line 5 (Mombasa-Nairobi),1000,16000.0,2025-10-12,2025-10-12,0,16000.0,REORDER_POINT_BREACH,1,COMPLETED
AUT-B-001936,AUTONOMOUS,2025-10-16,Mombasa/Kipevu,Nairobi,AGO,Line 5 (Mombasa-Nairobi),1000,16000.0,2025-10-17,2025-10-17,0,16000.0,REORDER_POINT_BREACH,1,COMPLETED
AUT-B-001937,AUTONOMOUS,2025-10-21,Mombasa/Kipevu,Nairobi,AGO,Line 5 (Mombasa-Nairobi),1000,16000.0,2025-10-22,2025-10-22,0,16000.0,REORDER_POINT_BREACH,1,COMPLETED
AUT-B-001938,AUTONOMOUS,2025-10-26,Mombasa/Kipevu,Nairobi,AGO,Line 5 (Mombasa-Nairobi),1000,16000.0,2025-10-27,2025-10-27,0,16000.0,REORDER_POINT_BREACH,1,COMPLETED
AUT-B-001939,AUTONOMOUS,2025-10-31,Mombasa/Kipevu,Nairobi,AGO,Line 5 (Mombasa-Nairobi),1000,16000.0,2025-11-01,2025-11-01,0,16000.0,REORDER_POINT_BREACH,1,COMPLETED
AUT-B-001940,AUTONOMOUS,2025-11-06,Mombasa/Kipevu,Nairobi,AGO,Line 5 (Mombasa-Nairobi),1000,16000.0,2025-11-07,2025-11-07,0,16000.0,REORDER_POINT_BREACH,1,COMPLETED
AUT-B-001941,AUTONOMOUS,2025-11-11,Mombasa/Kipevu,Nairobi,AGO,Line 5 (Mombasa-Nairobi),1000,16000.0,2025-11-12,2025-11-14,2,16000.0,REORDER_POINT_BREACH,1,COMPLETED
AUT-B-001942,AUTONOMOUS,2025-11-17,Mombasa/Kipevu,Nairobi,AGO,Line 5 (Mombasa-Nairobi),1000,16000.0,2025-11-18,2025-11-18,0,16000.0,REORDER_POINT_BREACH,1,COMPLETED
AUT-B-001943,AUTONOMOUS,2025-11-23,Mombasa/Kipevu,Nairobi,AGO,Line 5 (Mombasa-Nairobi),1000,16000.0,2025-11-24,2025-11-24,0,16000.0,REORDER_POINT_BREACH,1,COMPLETED
AUT-B-001944,AUTONOMOUS,2025-11-29,Mombasa/Kipevu,Nairobi,AGO,Line 5 (Mombasa-Nairobi),1000,16000.0,2025-11-30,2025-11-30,0,16000.0,REORDER_POINT_BREACH,1,COMPLETED
AUT-B-001945,AUTONOMOUS,2025-12-04,Mombasa/Kipevu,Nairobi,AGO,Line 5 (Mombasa-Nairobi),1000,16000.0,2025-12-05,2025-12-05,0,16000.0,REORDER_POINT_BREACH,1,COMPLETED
AUT-B-001946,AUTONOMOUS,2025-12-09,Mombasa/Kipevu,Nairobi,AGO,Line 5 (Mombasa-Nairobi),1000,16000.0,2025-12-10,2025-12-10,0,16000.0,REORDER_POINT_BREACH,1,COMPLETED
AUT-B-001947,AUTONOMOUS,2025-12-15,Mombasa/Kipevu,Nairobi,AGO,Line 5 (Mombasa-Nairobi),1000,16000.0,2025-12-16,2025-12-16,0,16000.0,REORDER_POINT_BREACH,1,COMPLETED
AUT-B-001948,AUTONOMOUS,2025-12-20,Mombasa/Kipevu,Nairobi,AGO,Line 5 (Mombasa-Nairobi),1000,16000.0,2025-12-21,2025-12-21,0,16000.0,REORDER_POINT_BREACH,1,COMPLETED
AUT-B-001949,AUTONOMOUS,2025-12-25,Mombasa/Kipevu,Nairobi,AGO,Line 5 (Mombasa-Nairobi),1000,16000.0,2025-12-26,2025-12-26,0,16000.0,REORDER_POINT_BREACH,1,COMPLETED
AUT-B-001950,AUTONOMOUS,2025-12-31,Mombasa/Kipevu,Nairobi,AGO,Line 5 (Mombasa-Nairobi),1000,16000.0,2026-01-01,2026-01-01,0,16000.0,REORDER_POINT_BREACH,1,COMPLETED
AUT-B-001951,AUTONOMOUS,2026-01-05,Mombasa/Kipevu,Nairobi,AGO,Line 5 (Mombasa-Nairobi),1000,16000.0,2026-01-06,2026-01-06,0,16000.0,REORDER_POINT_BREACH,1,COMPLETED
AUT-B-001952,AUTONOMOUS,2026-01-09,Mombasa/Kipevu,Nairobi,AGO,Line 5 (Mombasa-Nairobi),1000,16000.0,2026-01-10,2026-01-10,0,16000.0,REORDER_POINT_BREACH,1,COMPLETED
AUT-B-001953,AUTONOMOUS,2026-01-14,Mombasa/Kipevu,Nairobi,AGO,Line 5 (Mombasa-Nairobi),1000,16000.0,2026-01-15,2026-01-15,0,16000.0,REORDER_POINT_BREACH,1,COMPLETED
AUT-B-001954,AUTONOMOUS,2026-01-19,Mombasa/Kipevu,Nairobi,AGO,Line 5 (Mombasa-Nairobi),1000,16000.0,2026-01-20,2026-01-20,0,16000.0,REORDER_POINT_BREACH,1,COMPLETED
AUT-B-001955,AUTONOMOUS,2026-01-24,Mombasa/Kipevu,Nairobi,AGO,Line 5 (Mombasa-Nairobi),1000,16000.0,2026-01-25,2026-01-25,0,16000.0,REORDER_POINT_BREACH,1,COMPLETED
AUT-B-001956,AUTONOMOUS,2026-01-29,Mombasa/Kipevu,Nairobi,AGO,Line 5 (Mombasa-Nairobi),1000,16000.0,2026-01-30,2026-01-30,0,16000.0,REORDER_POINT_BREACH,1,COMPLETED
AUT-B-001957,AUTONOMOUS,2026-02-03,Mombasa/Kipevu,Nairobi,AGO,Line 5 (Mombasa-Nairobi),1000,16000.0,2026-02-04,2026-02-04,0,16000.0,REORDER_POINT_BREACH,1,COMPLETED
AUT-B-001958,AUTONOMOUS,2026-02-09,Mombasa/Kipevu,Nairobi,AGO,Line 5 (Mombasa-Nairobi),1000,16000.0,2026-02-10,2026-02-10,0,16000.0,REORDER_POINT_BREACH,1,COMPLETED
AUT-B-001959,AUTONOMOUS,2026-02-15,Mombasa/Kipevu,Nairobi,AGO,Line 5 (Mombasa-Nairobi),1000,16000.0,2026-02-16,2026-02-17,1,16000.0,REORDER_POINT_BREACH,1,COMPLETED
AUT-B-001960,AUTONOMOUS,2026-02-20,Mombasa/Kipevu,Nairobi,AGO,Line 5 (Mombasa-Nairobi),1000,16000.0,2026-02-21,2026-02-21,0,16000.0,REORDER_POINT_BREACH,1,COMPLETED
AUT-B-001961,AUTONOMOUS,2026-02-25,Mombasa/Kipevu,Nairobi,AGO,Line 5 (Mombasa-Nairobi),1000,16000.0,2026-02-26,2026-02-26,0,16000.0,REORDER_POINT_BREACH,1,COMPLETED
AUT-B-001962,AUTONOMOUS,2026-03-02,Mombasa/Kipevu,Nairobi,AGO,Line 5 (Mombasa-Nairobi),1000,16000.0,2026-03-03,2026-03-03,0,16000.0,REORDER_POINT_BREACH,1,COMPLETED
AUT-B-001963,AUTONOMOUS,2026-03-08,Mombasa/Kipevu,Nairobi,AGO,Line 5 (Mombasa-Nairobi),1000,16000.0,2026-03-09,2026-03-09,0,16000.0,REORDER_POINT_BREACH,1,COMPLETED
AUT-B-001964,AUTONOMOUS,2026-03-13,Mombasa/Kipevu,Nairobi,AGO,Line 5 (Mombasa-Nairobi),1000,16000.0,2026-03-14,2026-03-14,0,16000.0,REORDER_POINT_BREACH,1,COMPLETED
AUT-B-001965,AUTONOMOUS,2026-03-18,Mombasa/Kipevu,Nairobi,AGO,Line 5 (Mombasa-Nairobi),1000,16000.0,2026-03-19,2026-03-19,0,16000.0,REORDER_POINT_BREACH,1,COMPLETED
AUT-B-001966,AUTONOMOUS,2026-03-24,Mombasa/Kipevu,Nairobi,AGO,Line 5 (Mombasa-Nairobi),1000,16000.0,2026-03-25,2026-03-25,0,16000.0,REORDER_POINT_BREACH,1,COMPLETED
AUT-B-001967,AUTONOMOUS,2026-03-29,Mombasa/Kipevu,Nairobi,AGO,Line 5 (Mombasa-Nairobi),1000,16000.0,2026-03-30,2026-03-30,0,16000.0,REORDER_POINT_BREACH,1,COMPLETED
AUT-B-001968,AUTONOMOUS,2026-04-03,Mombasa/Kipevu,Nairobi,AGO,Line 5 (Mombasa-Nairobi),1000,16000.0,2026-04-04,2026-04-04,0,16000.0,REORDER_POINT_BREACH,1,COMPLETED
AUT-B-001969,AUTONOMOUS,2026-04-08,Mombasa/Kipevu,Nairobi,AGO,Line 5 (Mombasa-Nairobi),1000,16000.0,2026-04-09,2026-04-09,0,16000.0,REORDER_POINT_BREACH,1,COMPLETED
AUT-B-001970,AUTONOMOUS,2026-04-13,Mombasa/Kipevu,Nairobi,AGO,Line 5 (Mombasa-Nairobi),1000,16000.0,2026-04-14,2026-04-14,0,16000.0,REORDER_POINT_BREACH,1,COMPLETED
AUT-B-001971,AUTONOMOUS,2026-04-18,Mombasa/Kipevu,Nairobi,AGO,Line 5 (Mombasa-Nairobi),1000,16000.0,2026-04-19,2026-04-19,0,16000.0,REORDER_POINT_BREACH,1,COMPLETED
AUT-B-001972,AUTONOMOUS,2026-04-23,Mombasa/Kipevu,Nairobi,AGO,Line 5 (Mombasa-Nairobi),1000,16000.0,2026-04-24,2026-04-24,0,16000.0,REORDER_POINT_BREACH,1,COMPLETED
AUT-B-001973,AUTONOMOUS,2026-04-28,Mombasa/Kipevu,Nairobi,AGO,Line 5 (Mombasa-Nairobi),1000,16000.0,2026-04-29,2026-04-29,0,16000.0,REORDER_POINT_BREACH,1,COMPLETED
AUT-B-001974,AUTONOMOUS,2026-05-03,Mombasa/Kipevu,Nairobi,AGO,Line 5 (Mombasa-Nairobi),1000,16000.0,2026-05-04,2026-05-04,0,16000.0,REORDER_POINT_BREACH,1,COMPLETED
AUT-B-001975,AUTONOMOUS,2026-05-08,Mombasa/Kipevu,Nairobi,AGO,Line 5 (Mombasa-Nairobi),1000,16000.0,2026-05-09,2026-05-09,0,16000.0,REORDER_POINT_BREACH,1,COMPLETED
AUT-B-001976,AUTONOMOUS,2026-05-14,Mombasa/Kipevu,Nairobi,AGO,Line 5 (Mombasa-Nairobi),1000,16000.0,2026-05-15,2026-05-15,0,16000.0,REORDER_POINT_BREACH,1,COMPLETED
AUT-B-001977,AUTONOMOUS,2026-05-19,Mombasa/Kipevu,Nairobi,AGO,Line 5 (Mombasa-Nairobi),1000,16000.0,2026-05-20,2026-05-20,0,16000.0,REORDER_POINT_BREACH,1,COMPLETED
AUT-B-001978,AUTONOMOUS,2026-05-24,Mombasa/Kipevu,Nairobi,AGO,Line 5 (Mombasa-Nairobi),1000,16000.0,2026-05-25,2026-05-25,0,16000.0,REORDER_POINT_BREACH,1,COMPLETED
AUT-B-001979,AUTONOMOUS,2026-05-29,Mombasa/Kipevu,Nairobi,AGO,Line 5 (Mombasa-Nairobi),1000,16000.0,2026-05-30,2026-05-30,0,16000.0,REORDER_POINT_BREACH,1,COMPLETED
AUT-B-001980,AUTONOMOUS,2026-06-03,Mombasa/Kipevu,Nairobi,AGO,Line 5 (Mombasa-Nairobi),1000,16000.0,2026-06-04,2026-06-04,0,16000.0,REORDER_POINT_BREACH,1,COMPLETED
AUT-B-001981,AUTONOMOUS,2026-06-08,Mombasa/Kipevu,Nairobi,AGO,Line 5 (Mombasa-Nairobi),1000,16000.0,2026-06-09,2026-06-09,0,16000.0,REORDER_POINT_BREACH,1,COMPLETED
AUT-B-001982,AUTONOMOUS,2026-06-14,Mombasa/Kipevu,Nairobi,AGO,Line 5 (Mombasa-Nairobi),1000,16000.0,2026-06-15,2026-06-15,0,16000.0,REORDER_POINT_BREACH,1,COMPLETED
AUT-B-001983,AUTONOMOUS,2026-06-19,Mombasa/Kipevu,Nairobi,AGO,Line 5 (Mombasa-Nairobi),1000,16000.0,2026-06-20,2026-06-20,0,16000.0,REORDER_POINT_BREACH,1,COMPLETED
AUT-B-001984,AUTONOMOUS,2026-06-24,Mombasa/Kipevu,Nairobi,AGO,Line 5 (Mombasa-Nairobi),1000,16000.0,2026-06-25,2026-06-27,2,16000.0,REORDER_POINT_BREACH,1,COMPLETED
AUT-B-001985,AUTONOMOUS,2026-06-30,Mombasa/Kipevu,Nairobi,AGO,Line 5 (Mombasa-Nairobi),1000,16000.0,2026-07-01,2026-07-01,0,16000.0,REORDER_POINT_BREACH,1,COMPLETED
AUT-B-001986,AUTONOMOUS,2026-07-05,Mombasa/Kipevu,Nairobi,AGO,Line 5 (Mombasa-Nairobi),1000,16000.0,2026-07-06,2026-07-07,1,16000.0,REORDER_POINT_BREACH,1,COMPLETED
AUT-B-001987,AUTONOMOUS,2026-07-10,Mombasa/Kipevu,Nairobi,AGO,Line 5 (Mombasa-Nairobi),1000,16000.0,2026-07-11,2026-07-11,0,16000.0,REORDER_POINT_BREACH,1,COMPLETED
AUT-B-001988,AUTONOMOUS,2026-07-15,Mombasa/Kipevu,Nairobi,AGO,Line 5 (Mombasa-Nairobi),1000,16000.0,2026-07-16,2026-07-16,0,16000.0,REORDER_POINT_BREACH,1,COMPLETED
AUT-B-001989,AUTONOMOUS,2026-07-20,Mombasa/Kipevu,Nairobi,AGO,Line 5 (Mombasa-Nairobi),1000,16000.0,2026-07-21,2026-07-21,0,16000.0,REORDER_POINT_BREACH,1,COMPLETED
AUT-B-001990,AUTONOMOUS,2026-07-25,Mombasa/Kipevu,Nairobi,AGO,Line 5 (Mombasa-Nairobi),1000,16000.0,2026-07-26,2026-07-26,0,16000.0,REORDER_POINT_BREACH,1,COMPLETED
AUT-B-001991,AUTONOMOUS,2026-07-30,Mombasa/Kipevu,Nairobi,AGO,Line 5 (Mombasa-Nairobi),1000,16000.0,2026-07-31,2026-07-31,0,16000.0,REORDER_POINT_BREACH,1,COMPLETED
AUT-B-001992,AUTONOMOUS,2026-08-05,Mombasa/Kipevu,Nairobi,AGO,Line 5 (Mombasa-Nairobi),1000,16000.0,2026-08-06,2026-08-06,0,16000.0,REORDER_POINT_BREACH,1,COMPLETED
AUT-B-001993,AUTONOMOUS,2026-08-10,Mombasa/Kipevu,Nairobi,AGO,Line 5 (Mombasa-Nairobi),1000,16000.0,2026-08-11,2026-08-11,0,16000.0,REORDER_POINT_BREACH,1,COMPLETED
AUT-B-001994,AUTONOMOUS,2026-08-15,Mombasa/Kipevu,Nairobi,AGO,Line 5 (Mombasa-Nairobi),1000,16000.0,2026-08-16,2026-08-16,0,16000.0,REORDER_POINT_BREACH,1,COMPLETED
AUT-B-001995,AUTONOMOUS,2026-08-20,Mombasa/Kipevu,Nairobi,AGO,Line 5 (Mombasa-Nairobi),1000,16000.0,2026-08-21,2026-08-21,0,16000.0,REORDER_POINT_BREACH,1,COMPLETED
AUT-B-001996,AUTONOMOUS,2026-08-25,Mombasa/Kipevu,Nairobi,AGO,Line 5 (Mombasa-Nairobi),1000,16000.0,2026-08-26,2026-08-26,0,16000.0,REORDER_POINT_BREACH,1,COMPLETED
AUT-B-001997,AUTONOMOUS,2026-08-30,Mombasa/Kipevu,Nairobi,AGO,Line 5 (Mombasa-Nairobi),1000,16000.0,2026-08-31,2026-08-31,0,16000.0,REORDER_POINT_BREACH,1,COMPLETED
AUT-B-001998,AUTONOMOUS,2026-09-04,Mombasa/Kipevu,Nairobi,AGO,Line 5 (Mombasa-Nairobi),1000,16000.0,2026-09-05,2026-09-05,0,16000.0,REORDER_POINT_BREACH,1,COMPLETED
AUT-B-001999,AUTONOMOUS,2026-09-10,Mombasa/Kipevu,Nairobi,AGO,Line 5 (Mombasa-Nairobi),1000,16000.0,2026-09-11,2026-09-11,0,16000.0,REORDER_POINT_BREACH,1,COMPLETED
AUT-B-002000,AUTONOMOUS,2026-09-15,Mombasa/Kipevu,Nairobi,AGO,Line 5 (Mombasa-Nairobi),1000,16000.0,2026-09-16,2026-09-16,0,16000.0,REORDER_POINT_BREACH,1,SCENARIO_COMPLETED
AUT-B-002001,AUTONOMOUS,2026-09-20,Mombasa/Kipevu,Nairobi,AGO,Line 5 (Mombasa-Nairobi),1000,16000.0,2026-09-21,2026-09-21,0,16000.0,REORDER_POINT_BREACH,1,SCENARIO_COMPLETED
AUT-B-002002,AUTONOMOUS,2026-09-25,Mombasa/Kipevu,Nairobi,AGO,Line 5 (Mombasa-Nairobi),1000,16000.0,2026-09-26,2026-09-27,1,16000.0,REORDER_POINT_BREACH,1,SCENARIO_COMPLETED
AUT-B-002003,AUTONOMOUS,2026-10-01,Mombasa/Kipevu,Nairobi,AGO,Line 5 (Mombasa-Nairobi),1000,16000.0,2026-10-02,2026-10-02,0,16000.0,REORDER_POINT_BREACH,1,SCENARIO_COMPLETED
AUT-B-002004,AUTONOMOUS,2026-10-06,Mombasa/Kipevu,Nairobi,AGO,Line 5 (Mombasa-Nairobi),1000,16000.0,2026-10-07,2026-10-07,0,16000.0,REORDER_POINT_BREACH,1,SCENARIO_COMPLETED
AUT-B-002005,AUTONOMOUS,2026-10-10,Mombasa/Kipevu,Nairobi,AGO,Line 5 (Mombasa-Nairobi),1000,16000.0,2026-10-11,2026-10-11,0,16000.0,REORDER_POINT_BREACH,1,SCENARIO_COMPLETED
AUT-B-002006,AUTONOMOUS,2026-10-15,Mombasa/Kipevu,Nairobi,AGO,Line 5 (Mombasa-Nairobi),1000,16000.0,2026-10-16,2026-10-16,0,16000.0,REORDER_POINT_BREACH,1,SCENARIO_COMPLETED
AUT-B-002007,AUTONOMOUS,2026-10-19,Mombasa/Kipevu,Nairobi,AGO,Line 5 (Mombasa-Nairobi),1000,16000.0,2026-10-20,2026-10-20,0,16000.0,REORDER_POINT_BREACH,1,SCENARIO_COMPLETED
AUT-B-002008,AUTONOMOUS,2026-10-24,Mombasa/Kipevu,Nairobi,AGO,Line 5 (Mombasa-Nairobi),1000,16000.0,2026-10-25,2026-10-25,0,16000.0,REORDER_POINT_BREACH,1,SCENARIO_COMPLETED
AUT-B-002009,AUTONOMOUS,2026-10-28,Mombasa/Kipevu,Nairobi,AGO,Line 5 (Mombasa-Nairobi),1000,16000.0,2026-10-29,2026-10-30,1,16000.0,REORDER_POINT_BREACH,1,SCENARIO_COMPLETED
AUT-B-002010,AUTONOMOUS,2026-11-02,Mombasa/Kipevu,Nairobi,AGO,Line 5 (Mombasa-Nairobi),1000,16000.0,2026-11-03,2026-11-03,0,16000.0,REORDER_POINT_BREACH,1,SCENARIO_COMPLETED
AUT-B-002011,AUTONOMOUS,2026-11-07,Mombasa/Kipevu,Nairobi,AGO,Line 5 (Mombasa-Nairobi),1000,16000.0,2026-11-08,2026-11-08,0,16000.0,REORDER_POINT_BREACH,1,SCENARIO_COMPLETED
AUT-B-002012,AUTONOMOUS,2026-11-13,Mombasa/Kipevu,Nairobi,AGO,Line 5 (Mombasa-Nairobi),1000,16000.0,2026-11-14,2026-11-14,0,16000.0,REORDER_POINT_BREACH,1,SCENARIO_COMPLETED
AUT-B-002013,AUTONOMOUS,2026-11-18,Mombasa/Kipevu,Nairobi,AGO,Line 5 (Mombasa-Nairobi),1000,16000.0,2026-11-19,2026-11-19,0,16000.0,REORDER_POINT_BREACH,1,SCENARIO_COMPLETED
AUT-B-002014,AUTONOMOUS,2026-11-24,Mombasa/Kipevu,Nairobi,AGO,Line 5 (Mombasa-Nairobi),1000,16000.0,2026-11-25,2026-11-25,0,16000.0,REORDER_POINT_BREACH,1,SCENARIO_COMPLETED
AUT-B-002015,AUTONOMOUS,2026-11-29,Mombasa/Kipevu,Nairobi,AGO,Line 5 (Mombasa-Nairobi),1000,16000.0,2026-11-30,2026-11-30,0,16000.0,REORDER_POINT_BREACH,1,SCENARIO_COMPLETED
AUT-B-002016,AUTONOMOUS,2026-12-04,Mombasa/Kipevu,Nairobi,AGO,Line 5 (Mombasa-Nairobi),1000,16000.0,2026-12-05,2026-12-05,0,16000.0,REORDER_POINT_BREACH,1,SCENARIO_COMPLETED
AUT-B-002017,AUTONOMOUS,2026-12-09,Mombasa/Kipevu,Nairobi,AGO,Line 5 (Mombasa-Nairobi),1000,16000.0,2026-12-10,2026-12-10,0,16000.0,REORDER_POINT_BREACH,1,SCENARIO_COMPLETED
AUT-B-002018,AUTONOMOUS,2026-12-14,Mombasa/Kipevu,Nairobi,AGO,Line 5 (Mombasa-Nairobi),1000,16000.0,2026-12-15,2026-12-15,0,16000.0,REORDER_POINT_BREACH,1,SCENARIO_COMPLETED
AUT-B-002019,AUTONOMOUS,2026-12-19,Mombasa/Kipevu,Nairobi,AGO,Line 5 (Mombasa-Nairobi),1000,16000.0,2026-12-20,2026-12-20,0,16000.0,REORDER_POINT_BREACH,1,SCENARIO_COMPLETED
AUT-B-002020,AUTONOMOUS,2026-12-24,Mombasa/Kipevu,Nairobi,AGO,Line 5 (Mombasa-Nairobi),1000,16000.0,2026-12-25,2026-12-25,0,16000.0,REORDER_POINT_BREACH,1,SCENARIO_COMPLETED
AUT-B-002021,AUTONOMOUS,2026-12-30,Mombasa/Kipevu,Nairobi,AGO,Line 5 (Mombasa-Nairobi),1000,16000.0,2026-12-31,2026-12-31,0,16000.0,REORDER_POINT_BREACH,1,SCENARIO_COMPLETED
AUT-B-002022,AUTONOMOUS,2021-06-28,Mombasa/Kipevu,Nairobi,DPK,Line 5 (Mombasa-Nairobi),1000,16000.0,2021-06-29,2021-06-29,0,16000.0,REORDER_POINT_BREACH,1,COMPLETED
AUT-B-002023,AUTONOMOUS,2022-02-16,Mombasa/Kipevu,Nairobi,DPK,Line 5 (Mombasa-Nairobi),1000,16000.0,2022-02-17,2022-02-17,0,16000.0,REORDER_POINT_BREACH,1,COMPLETED
AUT-B-002024,AUTONOMOUS,2022-09-26,Mombasa/Kipevu,Nairobi,DPK,Line 5 (Mombasa-Nairobi),1000,16000.0,2022-09-27,2022-09-27,0,16000.0,REORDER_POINT_BREACH,1,COMPLETED
AUT-B-002025,AUTONOMOUS,2023-05-13,Mombasa/Kipevu,Nairobi,DPK,Line 5 (Mombasa-Nairobi),1000,16000.0,2023-05-14,2023-05-14,0,16000.0,REORDER_POINT_BREACH,1,COMPLETED
AUT-B-002026,AUTONOMOUS,2023-12-28,Mombasa/Kipevu,Nairobi,DPK,Line 5 (Mombasa-Nairobi),1000,16000.0,2023-12-29,2023-12-29,0,16000.0,REORDER_POINT_BREACH,1,COMPLETED
AUT-B-002027,AUTONOMOUS,2024-08-17,Mombasa/Kipevu,Nairobi,DPK,Line 5 (Mombasa-Nairobi),1000,16000.0,2024-08-18,2024-08-18,0,16000.0,REORDER_POINT_BREACH,1,COMPLETED
AUT-B-002028,AUTONOMOUS,2025-04-07,Mombasa/Kipevu,Nairobi,DPK,Line 5 (Mombasa-Nairobi),1000,16000.0,2025-04-08,2025-04-08,0,16000.0,REORDER_POINT_BREACH,1,COMPLETED
AUT-B-002029,AUTONOMOUS,2025-11-11,Mombasa/Kipevu,Nairobi,DPK,Line 5 (Mombasa-Nairobi),1000,16000.0,2025-11-12,2025-11-12,0,16000.0,REORDER_POINT_BREACH,1,COMPLETED
AUT-B-002030,AUTONOMOUS,2026-06-09,Mombasa/Kipevu,Nairobi,DPK,Line 5 (Mombasa-Nairobi),1000,16000.0,2026-06-10,2026-06-10,0,16000.0,REORDER_POINT_BREACH,1,COMPLETED
AUT-B-002031,AUTONOMOUS,2021-01-18,Mombasa/Kipevu,Nairobi,JET_A1,Line 5 (Mombasa-Nairobi),1000,13159.988322335015,2021-01-19,2021-01-19,0,13159.988322335015,REORDER_POINT_BREACH,1,COMPLETED
AUT-B-002032,AUTONOMOUS,2021-02-12,Mombasa/Kipevu,Nairobi,JET_A1,Line 5 (Mombasa-Nairobi),1000,13220.50658223209,2021-02-13,2021-02-13,0,13220.50658223209,REORDER_POINT_BREACH,1,COMPLETED
AUT-B-002033,AUTONOMOUS,2021-03-11,Mombasa/Kipevu,Nairobi,JET_A1,Line 5 (Mombasa-Nairobi),1000,13492.696687672786,2021-03-12,2021-03-12,0,13492.696687672786,REORDER_POINT_BREACH,1,COMPLETED
AUT-B-002034,AUTONOMOUS,2021-04-06,Mombasa/Kipevu,Nairobi,JET_A1,Line 5 (Mombasa-Nairobi),1000,13249.168019832117,2021-04-07,2021-04-07,0,13249.168019832117,REORDER_POINT_BREACH,1,COMPLETED
AUT-B-002035,AUTONOMOUS,2021-05-01,Mombasa/Kipevu,Nairobi,JET_A1,Line 5 (Mombasa-Nairobi),1000,13260.927885209168,2021-05-02,2021-05-03,1,13260.927885209168,REORDER_POINT_BREACH,1,COMPLETED
AUT-B-002036,AUTONOMOUS,2021-05-27,Mombasa/Kipevu,Nairobi,JET_A1,Line 5 (Mombasa-Nairobi),1000,13396.951574957633,2021-05-28,2021-05-28,0,13396.951574957633,REORDER_POINT_BREACH,1,COMPLETED
AUT-B-002037,AUTONOMOUS,2021-06-22,Mombasa/Kipevu,Nairobi,JET_A1,Line 5 (Mombasa-Nairobi),1000,13125.210555210888,2021-06-23,2021-06-23,0,13125.210555210888,REORDER_POINT_BREACH,1,COMPLETED
AUT-B-002038,AUTONOMOUS,2021-07-18,Mombasa/Kipevu,Nairobi,JET_A1,Line 5 (Mombasa-Nairobi),1000,12976.746669829503,2021-07-19,2021-07-19,0,12976.746669829503,REORDER_POINT_BREACH,1,COMPLETED
AUT-B-002039,AUTONOMOUS,2021-08-12,Mombasa/Kipevu,Nairobi,JET_A1,Line 5 (Mombasa-Nairobi),1000,13104.319176484441,2021-08-13,2021-08-13,0,13104.319176484441,REORDER_POINT_BREACH,1,COMPLETED
AUT-B-002040,AUTONOMOUS,2021-09-08,Mombasa/Kipevu,Nairobi,JET_A1,Line 5 (Mombasa-Nairobi),1000,13278.575243276642,2021-09-09,2021-09-09,0,13278.575243276642,REORDER_POINT_BREACH,1,COMPLETED
AUT-B-002041,AUTONOMOUS,2021-10-05,Mombasa/Kipevu,Nairobi,JET_A1,Line 5 (Mombasa-Nairobi),1000,13259.710571248954,2021-10-06,2021-10-06,0,13259.710571248954,REORDER_POINT_BREACH,1,COMPLETED
AUT-B-002042,AUTONOMOUS,2021-10-30,Mombasa/Kipevu,Nairobi,JET_A1,Line 5 (Mombasa-Nairobi),1000,13020.548028243244,2021-10-31,2021-10-31,0,13020.548028243244,REORDER_POINT_BREACH,1,COMPLETED
AUT-B-002043,AUTONOMOUS,2021-11-26,Mombasa/Kipevu,Nairobi,JET_A1,Line 5 (Mombasa-Nairobi),1000,13254.393642894362,2021-11-27,2021-11-27,0,13254.393642894362,REORDER_POINT_BREACH,1,COMPLETED
AUT-B-002044,AUTONOMOUS,2021-12-20,Mombasa/Kipevu,Nairobi,JET_A1,Line 5 (Mombasa-Nairobi),1000,13350.087297966165,2021-12-21,2021-12-21,0,13350.087297966165,REORDER_POINT_BREACH,1,COMPLETED
AUT-B-002045,AUTONOMOUS,2022-01-12,Mombasa/Kipevu,Nairobi,JET_A1,Line 5 (Mombasa-Nairobi),1000,13199.647112972067,2022-01-13,2022-01-13,0,13199.647112972067,REORDER_POINT_BREACH,1,COMPLETED
AUT-B-002046,AUTONOMOUS,2022-02-06,Mombasa/Kipevu,Nairobi,JET_A1,Line 5 (Mombasa-Nairobi),1000,13445.461771361337,2022-02-07,2022-02-07,0,13445.461771361337,REORDER_POINT_BREACH,1,COMPLETED
AUT-B-002047,AUTONOMOUS,2022-03-04,Mombasa/Kipevu,Nairobi,JET_A1,Line 5 (Mombasa-Nairobi),1000,13468.75488735652,2022-03-05,2022-03-05,0,13468.75488735652,REORDER_POINT_BREACH,1,COMPLETED
AUT-B-002048,AUTONOMOUS,2022-03-29,Mombasa/Kipevu,Nairobi,JET_A1,Line 5 (Mombasa-Nairobi),1000,13307.897133725963,2022-03-30,2022-03-30,0,13307.897133725963,REORDER_POINT_BREACH,1,COMPLETED
AUT-B-002049,AUTONOMOUS,2022-04-22,Mombasa/Kipevu,Nairobi,JET_A1,Line 5 (Mombasa-Nairobi),1000,13309.48632710046,2022-04-23,2022-04-23,0,13309.48632710046,REORDER_POINT_BREACH,1,COMPLETED
AUT-B-002050,AUTONOMOUS,2022-05-17,Mombasa/Kipevu,Nairobi,JET_A1,Line 5 (Mombasa-Nairobi),1000,13313.057189366622,2022-05-18,2022-05-18,0,13313.057189366622,REORDER_POINT_BREACH,1,COMPLETED
AUT-B-002051,AUTONOMOUS,2022-06-11,Mombasa/Kipevu,Nairobi,JET_A1,Line 5 (Mombasa-Nairobi),1000,13129.487710241738,2022-06-12,2022-06-12,0,13129.487710241738,REORDER_POINT_BREACH,1,COMPLETED
AUT-B-002052,AUTONOMOUS,2022-07-07,Mombasa/Kipevu,Nairobi,JET_A1,Line 5 (Mombasa-Nairobi),1000,13677.274058347744,2022-07-08,2022-07-08,0,13677.274058347744,REORDER_POINT_BREACH,1,COMPLETED
AUT-B-002053,AUTONOMOUS,2022-08-01,Mombasa/Kipevu,Nairobi,JET_A1,Line 5 (Mombasa-Nairobi),1000,13143.604219608238,2022-08-02,2022-08-02,0,13143.604219608238,REORDER_POINT_BREACH,1,COMPLETED
AUT-B-002054,AUTONOMOUS,2022-08-26,Mombasa/Kipevu,Nairobi,JET_A1,Line 5 (Mombasa-Nairobi),1000,13346.136267183674,2022-08-27,2022-08-27,0,13346.136267183674,REORDER_POINT_BREACH,1,COMPLETED
AUT-B-002055,AUTONOMOUS,2022-09-20,Mombasa/Kipevu,Nairobi,JET_A1,Line 5 (Mombasa-Nairobi),1000,13318.847269517597,2022-09-21,2022-09-21,0,13318.847269517597,REORDER_POINT_BREACH,1,COMPLETED
AUT-B-002056,AUTONOMOUS,2022-10-15,Mombasa/Kipevu,Nairobi,JET_A1,Line 5 (Mombasa-Nairobi),1000,13358.152437505714,2022-10-16,2022-10-17,1,13358.152437505714,REORDER_POINT_BREACH,1,COMPLETED
AUT-B-002057,AUTONOMOUS,2022-11-09,Mombasa/Kipevu,Nairobi,JET_A1,Line 5 (Mombasa-Nairobi),1000,13437.653568088845,2022-11-10,2022-11-10,0,13437.653568088845,REORDER_POINT_BREACH,1,COMPLETED
AUT-B-002058,AUTONOMOUS,2022-12-05,Mombasa/Kipevu,Nairobi,JET_A1,Line 5 (Mombasa-Nairobi),1000,13724.77790006448,2022-12-06,2022-12-06,0,13724.77790006448,REORDER_POINT_BREACH,1,COMPLETED
AUT-B-002059,AUTONOMOUS,2022-12-27,Mombasa/Kipevu,Nairobi,JET_A1,Line 5 (Mombasa-Nairobi),1000,13108.015220005467,2022-12-28,2022-12-28,0,13108.015220005467,REORDER_POINT_BREACH,1,COMPLETED
AUT-B-002060,AUTONOMOUS,2023-01-20,Mombasa/Kipevu,Nairobi,JET_A1,Line 5 (Mombasa-Nairobi),1000,13483.416685236587,2023-01-21,2023-01-21,0,13483.416685236587,REORDER_POINT_BREACH,1,COMPLETED
AUT-B-002061,AUTONOMOUS,2023-02-15,Mombasa/Kipevu,Nairobi,JET_A1,Line 5 (Mombasa-Nairobi),1000,13029.991616579387,2023-02-16,2023-02-16,0,13029.991616579387,REORDER_POINT_BREACH,1,COMPLETED
AUT-B-002062,AUTONOMOUS,2023-03-13,Mombasa/Kipevu,Nairobi,JET_A1,Line 5 (Mombasa-Nairobi),1000,13272.646886212759,2023-03-14,2023-03-14,0,13272.646886212759,REORDER_POINT_BREACH,1,COMPLETED
AUT-B-002063,AUTONOMOUS,2023-04-07,Mombasa/Kipevu,Nairobi,JET_A1,Line 5 (Mombasa-Nairobi),1000,13330.735177063665,2023-04-08,2023-04-08,0,13330.735177063665,REORDER_POINT_BREACH,1,COMPLETED
AUT-B-002064,AUTONOMOUS,2023-05-02,Mombasa/Kipevu,Nairobi,JET_A1,Line 5 (Mombasa-Nairobi),1000,13203.427913896847,2023-05-03,2023-05-04,1,13203.427913896847,REORDER_POINT_BREACH,1,COMPLETED
AUT-B-002065,AUTONOMOUS,2023-05-27,Mombasa/Kipevu,Nairobi,JET_A1,Line 5 (Mombasa-Nairobi),1000,13069.58126000415,2023-05-28,2023-05-29,1,13069.58126000415,REORDER_POINT_BREACH,1,COMPLETED
AUT-B-002066,AUTONOMOUS,2023-06-22,Mombasa/Kipevu,Nairobi,JET_A1,Line 5 (Mombasa-Nairobi),1000,13058.697416933583,2023-06-23,2023-06-23,0,13058.697416933583,REORDER_POINT_BREACH,1,COMPLETED
AUT-B-002067,AUTONOMOUS,2023-07-18,Mombasa/Kipevu,Nairobi,JET_A1,Line 5 (Mombasa-Nairobi),1000,13529.17803894794,2023-07-19,2023-07-19,0,13529.17803894794,REORDER_POINT_BREACH,1,COMPLETED
AUT-B-002068,AUTONOMOUS,2023-08-13,Mombasa/Kipevu,Nairobi,JET_A1,Line 5 (Mombasa-Nairobi),1000,13371.089293712825,2023-08-14,2023-08-14,0,13371.089293712825,REORDER_POINT_BREACH,1,COMPLETED
AUT-B-002069,AUTONOMOUS,2023-09-08,Mombasa/Kipevu,Nairobi,JET_A1,Line 5 (Mombasa-Nairobi),1000,13358.375565043703,2023-09-09,2023-09-09,0,13358.375565043703,REORDER_POINT_BREACH,1,COMPLETED
AUT-B-002070,AUTONOMOUS,2023-10-04,Mombasa/Kipevu,Nairobi,JET_A1,Line 5 (Mombasa-Nairobi),1000,13198.92476257784,2023-10-05,2023-10-05,0,13198.92476257784,REORDER_POINT_BREACH,1,COMPLETED
AUT-B-002071,AUTONOMOUS,2023-10-29,Mombasa/Kipevu,Nairobi,JET_A1,Line 5 (Mombasa-Nairobi),1000,13075.327729035167,2023-10-30,2023-10-30,0,13075.327729035167,REORDER_POINT_BREACH,1,COMPLETED
AUT-B-002072,AUTONOMOUS,2023-11-24,Mombasa/Kipevu,Nairobi,JET_A1,Line 5 (Mombasa-Nairobi),1000,13160.64361064881,2023-11-25,2023-11-25,0,13160.64361064881,REORDER_POINT_BREACH,1,COMPLETED
AUT-B-002073,AUTONOMOUS,2023-12-18,Mombasa/Kipevu,Nairobi,JET_A1,Line 5 (Mombasa-Nairobi),1000,13495.975053642647,2023-12-19,2023-12-19,0,13495.975053642647,REORDER_POINT_BREACH,1,COMPLETED
AUT-B-002074,AUTONOMOUS,2024-01-11,Mombasa/Kipevu,Nairobi,JET_A1,Line 5 (Mombasa-Nairobi),1000,13386.653021801218,2024-01-12,2024-01-12,0,13386.653021801218,REORDER_POINT_BREACH,1,COMPLETED
AUT-B-002075,AUTONOMOUS,2024-02-06,Mombasa/Kipevu,Nairobi,JET_A1,Line 5 (Mombasa-Nairobi),1000,13172.854233252761,2024-02-07,2024-02-08,1,13172.854233252761,REORDER_POINT_BREACH,1,COMPLETED
AUT-B-002076,AUTONOMOUS,2024-03-04,Mombasa/Kipevu,Nairobi,JET_A1,Line 5 (Mombasa-Nairobi),1000,13105.805916135538,2024-03-05,2024-03-05,0,13105.805916135538,REORDER_POINT_BREACH,1,COMPLETED
AUT-B-002077,AUTONOMOUS,2024-03-30,Mombasa/Kipevu,Nairobi,JET_A1,Line 5 (Mombasa-Nairobi),1000,13426.836092121244,2024-03-31,2024-03-31,0,13426.836092121244,REORDER_POINT_BREACH,1,COMPLETED
AUT-B-002078,AUTONOMOUS,2024-04-25,Mombasa/Kipevu,Nairobi,JET_A1,Line 5 (Mombasa-Nairobi),1000,13360.412356853521,2024-04-26,2024-04-27,1,13360.412356853521,REORDER_POINT_BREACH,1,COMPLETED
AUT-B-002079,AUTONOMOUS,2024-05-21,Mombasa/Kipevu,Nairobi,JET_A1,Line 5 (Mombasa-Nairobi),1000,13156.18596815421,2024-05-22,2024-05-22,0,13156.18596815421,REORDER_POINT_BREACH,1,COMPLETED
AUT-B-002080,AUTONOMOUS,2024-06-16,Mombasa/Kipevu,Nairobi,JET_A1,Line 5 (Mombasa-Nairobi),1000,12903.804757485617,2024-06-17,2024-06-17,0,12903.804757485617,REORDER_POINT_BREACH,1,COMPLETED
AUT-B-002081,AUTONOMOUS,2024-07-12,Mombasa/Kipevu,Nairobi,JET_A1,Line 5 (Mombasa-Nairobi),1000,13249.75291526126,2024-07-13,2024-07-13,0,13249.75291526126,REORDER_POINT_BREACH,1,COMPLETED
AUT-B-002082,AUTONOMOUS,2024-08-07,Mombasa/Kipevu,Nairobi,JET_A1,Line 5 (Mombasa-Nairobi),1000,13236.591511983659,2024-08-08,2024-08-08,0,13236.591511983659,REORDER_POINT_BREACH,1,COMPLETED
AUT-B-002083,AUTONOMOUS,2024-09-02,Mombasa/Kipevu,Nairobi,JET_A1,Line 5 (Mombasa-Nairobi),1000,13181.160488828324,2024-09-03,2024-09-03,0,13181.160488828324,REORDER_POINT_BREACH,1,COMPLETED
AUT-B-002084,AUTONOMOUS,2024-09-29,Mombasa/Kipevu,Nairobi,JET_A1,Line 5 (Mombasa-Nairobi),1000,13080.813893620194,2024-09-30,2024-09-30,0,13080.813893620194,REORDER_POINT_BREACH,1,COMPLETED
AUT-B-002085,AUTONOMOUS,2024-10-24,Mombasa/Kipevu,Nairobi,JET_A1,Line 5 (Mombasa-Nairobi),1000,13111.363976478588,2024-10-25,2024-10-27,2,13111.363976478588,REORDER_POINT_BREACH,1,COMPLETED
AUT-B-002086,AUTONOMOUS,2024-11-20,Mombasa/Kipevu,Nairobi,JET_A1,Line 5 (Mombasa-Nairobi),1000,13197.290893536132,2024-11-21,2024-11-21,0,13197.290893536132,REORDER_POINT_BREACH,1,COMPLETED
AUT-B-002087,AUTONOMOUS,2024-12-15,Mombasa/Kipevu,Nairobi,JET_A1,Line 5 (Mombasa-Nairobi),1000,13240.578906361827,2024-12-16,2024-12-16,0,13240.578906361827,REORDER_POINT_BREACH,1,COMPLETED
AUT-B-002088,AUTONOMOUS,2025-01-07,Mombasa/Kipevu,Nairobi,JET_A1,Line 5 (Mombasa-Nairobi),1000,13455.516363972934,2025-01-08,2025-01-08,0,13455.516363972934,REORDER_POINT_BREACH,1,COMPLETED
AUT-B-002089,AUTONOMOUS,2025-01-30,Mombasa/Kipevu,Nairobi,JET_A1,Line 5 (Mombasa-Nairobi),1000,13119.458813231104,2025-01-31,2025-01-31,0,13119.458813231104,REORDER_POINT_BREACH,1,COMPLETED
AUT-B-002090,AUTONOMOUS,2025-02-24,Mombasa/Kipevu,Nairobi,JET_A1,Line 5 (Mombasa-Nairobi),1000,13063.75190194641,2025-02-25,2025-02-25,0,13063.75190194641,REORDER_POINT_BREACH,1,COMPLETED
AUT-B-002091,AUTONOMOUS,2025-03-21,Mombasa/Kipevu,Nairobi,JET_A1,Line 5 (Mombasa-Nairobi),1000,13752.003752746572,2025-03-22,2025-03-22,0,13752.003752746572,REORDER_POINT_BREACH,1,COMPLETED
AUT-B-002092,AUTONOMOUS,2025-04-15,Mombasa/Kipevu,Nairobi,JET_A1,Line 5 (Mombasa-Nairobi),1000,13456.053171051166,2025-04-16,2025-04-16,0,13456.053171051166,REORDER_POINT_BREACH,1,COMPLETED
AUT-B-002093,AUTONOMOUS,2025-05-09,Mombasa/Kipevu,Nairobi,JET_A1,Line 5 (Mombasa-Nairobi),1000,13403.266574125464,2025-05-10,2025-05-10,0,13403.266574125464,REORDER_POINT_BREACH,1,COMPLETED
AUT-B-002094,AUTONOMOUS,2025-06-03,Mombasa/Kipevu,Nairobi,JET_A1,Line 5 (Mombasa-Nairobi),1000,13561.260027599741,2025-06-04,2025-06-04,0,13561.260027599741,REORDER_POINT_BREACH,1,COMPLETED
AUT-B-002095,AUTONOMOUS,2025-06-28,Mombasa/Kipevu,Nairobi,JET_A1,Line 5 (Mombasa-Nairobi),1000,13058.836402595776,2025-06-29,2025-06-29,0,13058.836402595776,REORDER_POINT_BREACH,1,COMPLETED
AUT-B-002096,AUTONOMOUS,2025-07-22,Mombasa/Kipevu,Nairobi,JET_A1,Line 5 (Mombasa-Nairobi),1000,13180.996832711942,2025-07-23,2025-07-23,0,13180.996832711942,REORDER_POINT_BREACH,1,COMPLETED
AUT-B-002097,AUTONOMOUS,2025-08-16,Mombasa/Kipevu,Nairobi,JET_A1,Line 5 (Mombasa-Nairobi),1000,13500.889864545634,2025-08-17,2025-08-17,0,13500.889864545634,REORDER_POINT_BREACH,1,COMPLETED
AUT-B-002098,AUTONOMOUS,2025-09-10,Mombasa/Kipevu,Nairobi,JET_A1,Line 5 (Mombasa-Nairobi),1000,13332.110655885195,2025-09-11,2025-09-11,0,13332.110655885195,REORDER_POINT_BREACH,1,COMPLETED
AUT-B-002099,AUTONOMOUS,2025-10-05,Mombasa/Kipevu,Nairobi,JET_A1,Line 5 (Mombasa-Nairobi),1000,13181.149452146105,2025-10-06,2025-10-06,0,13181.149452146105,REORDER_POINT_BREACH,1,COMPLETED
AUT-B-002100,AUTONOMOUS,2025-10-29,Mombasa/Kipevu,Nairobi,JET_A1,Line 5 (Mombasa-Nairobi),1000,13411.966720853077,2025-10-30,2025-10-30,0,13411.966720853077,REORDER_POINT_BREACH,1,COMPLETED
AUT-B-002101,AUTONOMOUS,2025-11-24,Mombasa/Kipevu,Nairobi,JET_A1,Line 5 (Mombasa-Nairobi),1000,13468.102673061183,2025-11-25,2025-11-25,0,13468.102673061183,REORDER_POINT_BREACH,1,COMPLETED
AUT-B-002102,AUTONOMOUS,2025-12-17,Mombasa/Kipevu,Nairobi,JET_A1,Line 5 (Mombasa-Nairobi),1000,13850.19026712279,2025-12-18,2025-12-18,0,13850.19026712279,REORDER_POINT_BREACH,1,COMPLETED
AUT-B-002103,AUTONOMOUS,2026-01-08,Mombasa/Kipevu,Nairobi,JET_A1,Line 5 (Mombasa-Nairobi),1000,13431.11042155972,2026-01-09,2026-01-09,0,13431.11042155972,REORDER_POINT_BREACH,1,COMPLETED
AUT-B-002104,AUTONOMOUS,2026-01-31,Mombasa/Kipevu,Nairobi,JET_A1,Line 5 (Mombasa-Nairobi),1000,13650.033445114832,2026-02-01,2026-02-01,0,13650.033445114832,REORDER_POINT_BREACH,1,COMPLETED
AUT-B-002105,AUTONOMOUS,2026-02-24,Mombasa/Kipevu,Nairobi,JET_A1,Line 5 (Mombasa-Nairobi),1000,13537.465163645425,2026-02-25,2026-02-25,0,13537.465163645425,REORDER_POINT_BREACH,1,COMPLETED
AUT-B-002106,AUTONOMOUS,2026-03-19,Mombasa/Kipevu,Nairobi,JET_A1,Line 5 (Mombasa-Nairobi),1000,13224.459946664,2026-03-20,2026-03-20,0,13224.459946664,REORDER_POINT_BREACH,1,COMPLETED
AUT-B-002107,AUTONOMOUS,2026-04-11,Mombasa/Kipevu,Nairobi,JET_A1,Line 5 (Mombasa-Nairobi),1000,13451.56455348197,2026-04-12,2026-04-12,0,13451.56455348197,REORDER_POINT_BREACH,1,COMPLETED
AUT-B-002108,AUTONOMOUS,2026-05-04,Mombasa/Kipevu,Nairobi,JET_A1,Line 5 (Mombasa-Nairobi),1000,13481.561907568741,2026-05-05,2026-05-05,0,13481.561907568741,REORDER_POINT_BREACH,1,COMPLETED
AUT-B-002109,AUTONOMOUS,2026-05-27,Mombasa/Kipevu,Nairobi,JET_A1,Line 5 (Mombasa-Nairobi),1000,13450.482535474373,2026-05-28,2026-05-28,0,13450.482535474373,REORDER_POINT_BREACH,1,COMPLETED
AUT-B-002110,AUTONOMOUS,2026-06-20,Mombasa/Kipevu,Nairobi,JET_A1,Line 5 (Mombasa-Nairobi),1000,13653.650251517163,2026-06-21,2026-06-21,0,13653.650251517163,REORDER_POINT_BREACH,1,COMPLETED
AUT-B-002111,AUTONOMOUS,2026-07-13,Mombasa/Kipevu,Nairobi,JET_A1,Line 5 (Mombasa-Nairobi),1000,13461.82240827619,2026-07-14,2026-07-14,0,13461.82240827619,REORDER_POINT_BREACH,1,COMPLETED
AUT-B-002112,AUTONOMOUS,2026-08-05,Mombasa/Kipevu,Nairobi,JET_A1,Line 5 (Mombasa-Nairobi),1000,13200.697791744959,2026-08-06,2026-08-06,0,13200.697791744959,REORDER_POINT_BREACH,1,COMPLETED
AUT-B-002113,AUTONOMOUS,2026-08-28,Mombasa/Kipevu,Nairobi,JET_A1,Line 5 (Mombasa-Nairobi),1000,13304.514688449886,2026-08-29,2026-08-29,0,13304.514688449886,REORDER_POINT_BREACH,1,COMPLETED
AUT-B-002114,AUTONOMOUS,2026-09-21,Mombasa/Kipevu,Nairobi,JET_A1,Line 5 (Mombasa-Nairobi),1000,13401.415725458719,2026-09-22,2026-09-22,0,13401.415725458719,REORDER_POINT_BREACH,1,SCENARIO_COMPLETED
AUT-B-002115,AUTONOMOUS,2026-10-14,Mombasa/Kipevu,Nairobi,JET_A1,Line 5 (Mombasa-Nairobi),1000,13291.077156812013,2026-10-15,2026-10-15,0,13291.077156812013,REORDER_POINT_BREACH,1,SCENARIO_COMPLETED
AUT-B-002116,AUTONOMOUS,2026-11-06,Mombasa/Kipevu,Nairobi,JET_A1,Line 5 (Mombasa-Nairobi),1000,13443.701586715162,2026-11-07,2026-11-07,0,13443.701586715162,REORDER_POINT_BREACH,1,SCENARIO_COMPLETED
AUT-B-002117,AUTONOMOUS,2026-12-01,Mombasa/Kipevu,Nairobi,JET_A1,Line 5 (Mombasa-Nairobi),1000,13846.859010743165,2026-12-02,2026-12-02,0,13846.859010743165,REORDER_POINT_BREACH,1,SCENARIO_COMPLETED
AUT-B-002118,AUTONOMOUS,2026-12-22,Mombasa/Kipevu,Nairobi,JET_A1,Line 5 (Mombasa-Nairobi),1000,13775.418171242996,2026-12-23,2026-12-23,0,13775.418171242996,REORDER_POINT_BREACH,1,SCENARIO_COMPLETED
AUT-B-002119,AUTONOMOUS,2021-01-06,Mombasa/Kipevu,Nairobi,PMS,Line 5 (Mombasa-Nairobi),1000,16000.0,2021-01-07,2021-01-07,0,16000.0,REORDER_POINT_BREACH,1,COMPLETED
AUT-B-002120,AUTONOMOUS,2021-01-12,Mombasa/Kipevu,Nairobi,PMS,Line 5 (Mombasa-Nairobi),1000,16000.0,2021-01-13,2021-01-13,0,16000.0,REORDER_POINT_BREACH,1,COMPLETED
AUT-B-002121,AUTONOMOUS,2021-01-17,Mombasa/Kipevu,Nairobi,PMS,Line 5 (Mombasa-Nairobi),1000,16000.0,2021-01-18,2021-01-19,1,16000.0,REORDER_POINT_BREACH,1,COMPLETED
AUT-B-002122,AUTONOMOUS,2021-01-23,Mombasa/Kipevu,Nairobi,PMS,Line 5 (Mombasa-Nairobi),1000,16000.0,2021-01-24,2021-01-24,0,16000.0,REORDER_POINT_BREACH,1,COMPLETED
AUT-B-002123,AUTONOMOUS,2021-01-29,Mombasa/Kipevu,Nairobi,PMS,Line 5 (Mombasa-Nairobi),1000,16000.0,2021-01-30,2021-01-30,0,16000.0,REORDER_POINT_BREACH,1,COMPLETED
AUT-B-002124,AUTONOMOUS,2021-02-04,Mombasa/Kipevu,Nairobi,PMS,Line 5 (Mombasa-Nairobi),1000,16000.0,2021-02-05,2021-02-05,0,16000.0,REORDER_POINT_BREACH,1,COMPLETED
AUT-B-002125,AUTONOMOUS,2021-02-10,Mombasa/Kipevu,Nairobi,PMS,Line 5 (Mombasa-Nairobi),1000,16000.0,2021-02-11,2021-02-11,0,16000.0,REORDER_POINT_BREACH,1,COMPLETED
AUT-B-002126,AUTONOMOUS,2021-02-16,Mombasa/Kipevu,Nairobi,PMS,Line 5 (Mombasa-Nairobi),1000,16000.0,2021-02-17,2021-02-17,0,16000.0,REORDER_POINT_BREACH,1,COMPLETED
AUT-B-002127,AUTONOMOUS,2021-02-23,Mombasa/Kipevu,Nairobi,PMS,Line 5 (Mombasa-Nairobi),1000,16000.0,2021-02-24,2021-02-24,0,16000.0,REORDER_POINT_BREACH,1,COMPLETED
AUT-B-002128,AUTONOMOUS,2021-03-01,Mombasa/Kipevu,Nairobi,PMS,Line 5 (Mombasa-Nairobi),1000,16000.0,2021-03-02,2021-03-02,0,16000.0,REORDER_POINT_BREACH,1,COMPLETED
AUT-B-002129,AUTONOMOUS,2021-03-07,Mombasa/Kipevu,Nairobi,PMS,Line 5 (Mombasa-Nairobi),1000,16000.0,2021-03-08,2021-03-08,0,16000.0,REORDER_POINT_BREACH,1,COMPLETED
AUT-B-002130,AUTONOMOUS,2021-03-13,Mombasa/Kipevu,Nairobi,PMS,Line 5 (Mombasa-Nairobi),1000,16000.0,2021-03-14,2021-03-14,0,16000.0,REORDER_POINT_BREACH,1,COMPLETED
AUT-B-002131,AUTONOMOUS,2021-03-19,Mombasa/Kipevu,Nairobi,PMS,Line 5 (Mombasa-Nairobi),1000,16000.0,2021-03-20,2021-03-22,2,16000.0,REORDER_POINT_BREACH,1,COMPLETED
AUT-B-002132,AUTONOMOUS,2021-03-25,Mombasa/Kipevu,Nairobi,PMS,Line 5 (Mombasa-Nairobi),1000,16000.0,2021-03-26,2021-03-26,0,16000.0,REORDER_POINT_BREACH,1,COMPLETED
AUT-B-002133,AUTONOMOUS,2021-03-31,Mombasa/Kipevu,Nairobi,PMS,Line 5 (Mombasa-Nairobi),1000,16000.0,2021-04-01,2021-04-01,0,16000.0,REORDER_POINT_BREACH,1,COMPLETED
AUT-B-002134,AUTONOMOUS,2021-04-06,Mombasa/Kipevu,Nairobi,PMS,Line 5 (Mombasa-Nairobi),1000,16000.0,2021-04-07,2021-04-07,0,16000.0,REORDER_POINT_BREACH,1,COMPLETED
AUT-B-002135,AUTONOMOUS,2021-04-12,Mombasa/Kipevu,Nairobi,PMS,Line 5 (Mombasa-Nairobi),1000,16000.0,2021-04-13,2021-04-13,0,16000.0,REORDER_POINT_BREACH,1,COMPLETED
AUT-B-002136,AUTONOMOUS,2021-04-18,Mombasa/Kipevu,Nairobi,PMS,Line 5 (Mombasa-Nairobi),1000,16000.0,2021-04-19,2021-04-19,0,16000.0,REORDER_POINT_BREACH,1,COMPLETED
AUT-B-002137,AUTONOMOUS,2021-04-24,Mombasa/Kipevu,Nairobi,PMS,Line 5 (Mombasa-Nairobi),1000,16000.0,2021-04-25,2021-04-25,0,16000.0,REORDER_POINT_BREACH,1,COMPLETED
AUT-B-002138,AUTONOMOUS,2021-04-30,Mombasa/Kipevu,Nairobi,PMS,Line 5 (Mombasa-Nairobi),1000,16000.0,2021-05-01,2021-05-01,0,16000.0,REORDER_POINT_BREACH,1,COMPLETED
AUT-B-002139,AUTONOMOUS,2021-05-06,Mombasa/Kipevu,Nairobi,PMS,Line 5 (Mombasa-Nairobi),1000,16000.0,2021-05-07,2021-05-07,0,16000.0,REORDER_POINT_BREACH,1,COMPLETED
AUT-B-002140,AUTONOMOUS,2021-05-12,Mombasa/Kipevu,Nairobi,PMS,Line 5 (Mombasa-Nairobi),1000,16000.0,2021-05-13,2021-05-13,0,16000.0,REORDER_POINT_BREACH,1,COMPLETED
AUT-B-002141,AUTONOMOUS,2021-05-18,Mombasa/Kipevu,Nairobi,PMS,Line 5 (Mombasa-Nairobi),1000,16000.0,2021-05-19,2021-05-21,2,16000.0,REORDER_POINT_BREACH,1,COMPLETED
AUT-B-002142,AUTONOMOUS,2021-05-24,Mombasa/Kipevu,Nairobi,PMS,Line 5 (Mombasa-Nairobi),1000,16000.0,2021-05-25,2021-05-25,0,16000.0,REORDER_POINT_BREACH,1,COMPLETED
AUT-B-002143,AUTONOMOUS,2021-05-29,Mombasa/Kipevu,Nairobi,PMS,Line 5 (Mombasa-Nairobi),1000,16000.0,2021-05-30,2021-06-01,2,16000.0,REORDER_POINT_BREACH,1,COMPLETED
AUT-B-002144,AUTONOMOUS,2021-06-04,Mombasa/Kipevu,Nairobi,PMS,Line 5 (Mombasa-Nairobi),1000,16000.0,2021-06-05,2021-06-05,0,16000.0,REORDER_POINT_BREACH,1,COMPLETED
AUT-B-002145,AUTONOMOUS,2021-06-10,Mombasa/Kipevu,Nairobi,PMS,Line 5 (Mombasa-Nairobi),1000,16000.0,2021-06-11,2021-06-11,0,16000.0,REORDER_POINT_BREACH,1,COMPLETED
AUT-B-002146,AUTONOMOUS,2021-06-16,Mombasa/Kipevu,Nairobi,PMS,Line 5 (Mombasa-Nairobi),1000,16000.0,2021-06-17,2021-06-17,0,16000.0,REORDER_POINT_BREACH,1,COMPLETED
AUT-B-002147,AUTONOMOUS,2021-06-23,Mombasa/Kipevu,Nairobi,PMS,Line 5 (Mombasa-Nairobi),1000,16000.0,2021-06-24,2021-06-24,0,16000.0,REORDER_POINT_BREACH,1,COMPLETED
AUT-B-002148,AUTONOMOUS,2021-06-29,Mombasa/Kipevu,Nairobi,PMS,Line 5 (Mombasa-Nairobi),1000,16000.0,2021-06-30,2021-06-30,0,16000.0,REORDER_POINT_BREACH,1,COMPLETED
AUT-B-002149,AUTONOMOUS,2021-07-05,Mombasa/Kipevu,Nairobi,PMS,Line 5 (Mombasa-Nairobi),1000,16000.0,2021-07-06,2021-07-06,0,16000.0,REORDER_POINT_BREACH,1,COMPLETED
AUT-B-002150,AUTONOMOUS,2021-07-11,Mombasa/Kipevu,Nairobi,PMS,Line 5 (Mombasa-Nairobi),1000,16000.0,2021-07-12,2021-07-12,0,16000.0,REORDER_POINT_BREACH,1,COMPLETED
AUT-B-002151,AUTONOMOUS,2021-07-17,Mombasa/Kipevu,Nairobi,PMS,Line 5 (Mombasa-Nairobi),1000,16000.0,2021-07-18,2021-07-18,0,16000.0,REORDER_POINT_BREACH,1,COMPLETED
AUT-B-002152,AUTONOMOUS,2021-07-23,Mombasa/Kipevu,Nairobi,PMS,Line 5 (Mombasa-Nairobi),1000,16000.0,2021-07-24,2021-07-24,0,16000.0,REORDER_POINT_BREACH,1,COMPLETED
AUT-B-002153,AUTONOMOUS,2021-07-29,Mombasa/Kipevu,Nairobi,PMS,Line 5 (Mombasa-Nairobi),1000,16000.0,2021-07-30,2021-07-30,0,16000.0,REORDER_POINT_BREACH,1,COMPLETED
AUT-B-002154,AUTONOMOUS,2021-08-04,Mombasa/Kipevu,Nairobi,PMS,Line 5 (Mombasa-Nairobi),1000,16000.0,2021-08-05,2021-08-05,0,16000.0,REORDER_POINT_BREACH,1,COMPLETED
AUT-B-002155,AUTONOMOUS,2021-08-10,Mombasa/Kipevu,Nairobi,PMS,Line 5 (Mombasa-Nairobi),1000,16000.0,2021-08-11,2021-08-11,0,16000.0,REORDER_POINT_BREACH,1,COMPLETED
AUT-B-002156,AUTONOMOUS,2021-08-16,Mombasa/Kipevu,Nairobi,PMS,Line 5 (Mombasa-Nairobi),1000,16000.0,2021-08-17,2021-08-17,0,16000.0,REORDER_POINT_BREACH,1,COMPLETED
AUT-B-002157,AUTONOMOUS,2021-08-22,Mombasa/Kipevu,Nairobi,PMS,Line 5 (Mombasa-Nairobi),1000,16000.0,2021-08-23,2021-08-23,0,16000.0,REORDER_POINT_BREACH,1,COMPLETED
AUT-B-002158,AUTONOMOUS,2021-08-27,Mombasa/Kipevu,Nairobi,PMS,Line 5 (Mombasa-Nairobi),1000,16000.0,2021-08-28,2021-08-28,0,16000.0,REORDER_POINT_BREACH,1,COMPLETED
AUT-B-002159,AUTONOMOUS,2021-09-02,Mombasa/Kipevu,Nairobi,PMS,Line 5 (Mombasa-Nairobi),1000,16000.0,2021-09-03,2021-09-03,0,16000.0,REORDER_POINT_BREACH,1,COMPLETED
AUT-B-002160,AUTONOMOUS,2021-09-08,Mombasa/Kipevu,Nairobi,PMS,Line 5 (Mombasa-Nairobi),1000,16000.0,2021-09-09,2021-09-09,0,16000.0,REORDER_POINT_BREACH,1,COMPLETED
AUT-B-002161,AUTONOMOUS,2021-09-14,Mombasa/Kipevu,Nairobi,PMS,Line 5 (Mombasa-Nairobi),1000,16000.0,2021-09-15,2021-09-15,0,16000.0,REORDER_POINT_BREACH,1,COMPLETED
AUT-B-002162,AUTONOMOUS,2021-09-20,Mombasa/Kipevu,Nairobi,PMS,Line 5 (Mombasa-Nairobi),1000,16000.0,2021-09-21,2021-09-21,0,16000.0,REORDER_POINT_BREACH,1,COMPLETED
AUT-B-002163,AUTONOMOUS,2021-09-26,Mombasa/Kipevu,Nairobi,PMS,Line 5 (Mombasa-Nairobi),1000,16000.0,2021-09-27,2021-09-27,0,16000.0,REORDER_POINT_BREACH,1,COMPLETED
AUT-B-002164,AUTONOMOUS,2021-10-02,Mombasa/Kipevu,Nairobi,PMS,Line 5 (Mombasa-Nairobi),1000,16000.0,2021-10-03,2021-10-03,0,16000.0,REORDER_POINT_BREACH,1,COMPLETED
AUT-B-002165,AUTONOMOUS,2021-10-08,Mombasa/Kipevu,Nairobi,PMS,Line 5 (Mombasa-Nairobi),1000,16000.0,2021-10-09,2021-10-09,0,16000.0,REORDER_POINT_BREACH,1,COMPLETED
AUT-B-002166,AUTONOMOUS,2021-10-14,Mombasa/Kipevu,Nairobi,PMS,Line 5 (Mombasa-Nairobi),1000,16000.0,2021-10-15,2021-10-15,0,16000.0,REORDER_POINT_BREACH,1,COMPLETED
AUT-B-002167,AUTONOMOUS,2021-10-20,Mombasa/Kipevu,Nairobi,PMS,Line 5 (Mombasa-Nairobi),1000,16000.0,2021-10-21,2021-10-21,0,16000.0,REORDER_POINT_BREACH,1,COMPLETED
AUT-B-002168,AUTONOMOUS,2021-10-26,Mombasa/Kipevu,Nairobi,PMS,Line 5 (Mombasa-Nairobi),1000,16000.0,2021-10-27,2021-10-28,1,16000.0,REORDER_POINT_BREACH,1,COMPLETED
AUT-B-002169,AUTONOMOUS,2021-10-31,Mombasa/Kipevu,Nairobi,PMS,Line 5 (Mombasa-Nairobi),1000,16000.0,2021-11-01,2021-11-01,0,16000.0,REORDER_POINT_BREACH,1,COMPLETED
AUT-B-002170,AUTONOMOUS,2021-11-06,Mombasa/Kipevu,Nairobi,PMS,Line 5 (Mombasa-Nairobi),1000,16000.0,2021-11-07,2021-11-07,0,16000.0,REORDER_POINT_BREACH,1,COMPLETED
AUT-B-002171,AUTONOMOUS,2021-11-13,Mombasa/Kipevu,Nairobi,PMS,Line 5 (Mombasa-Nairobi),1000,16000.0,2021-11-14,2021-11-14,0,16000.0,REORDER_POINT_BREACH,1,COMPLETED
AUT-B-002172,AUTONOMOUS,2021-11-19,Mombasa/Kipevu,Nairobi,PMS,Line 5 (Mombasa-Nairobi),1000,16000.0,2021-11-20,2021-11-20,0,16000.0,REORDER_POINT_BREACH,1,COMPLETED
AUT-B-002173,AUTONOMOUS,2021-11-25,Mombasa/Kipevu,Nairobi,PMS,Line 5 (Mombasa-Nairobi),1000,16000.0,2021-11-26,2021-11-26,0,16000.0,REORDER_POINT_BREACH,1,COMPLETED
AUT-B-002174,AUTONOMOUS,2021-12-01,Mombasa/Kipevu,Nairobi,PMS,Line 5 (Mombasa-Nairobi),1000,16000.0,2021-12-02,2021-12-02,0,16000.0,REORDER_POINT_BREACH,1,COMPLETED
AUT-B-002175,AUTONOMOUS,2021-12-06,Mombasa/Kipevu,Nairobi,PMS,Line 5 (Mombasa-Nairobi),1000,16000.0,2021-12-07,2021-12-07,0,16000.0,REORDER_POINT_BREACH,1,COMPLETED
AUT-B-002176,AUTONOMOUS,2021-12-12,Mombasa/Kipevu,Nairobi,PMS,Line 5 (Mombasa-Nairobi),1000,16000.0,2021-12-13,2021-12-13,0,16000.0,REORDER_POINT_BREACH,1,COMPLETED
AUT-B-002177,AUTONOMOUS,2021-12-17,Mombasa/Kipevu,Nairobi,PMS,Line 5 (Mombasa-Nairobi),1000,16000.0,2021-12-18,2021-12-18,0,16000.0,REORDER_POINT_BREACH,1,COMPLETED
AUT-B-002178,AUTONOMOUS,2021-12-22,Mombasa/Kipevu,Nairobi,PMS,Line 5 (Mombasa-Nairobi),1000,16000.0,2021-12-23,2021-12-23,0,16000.0,REORDER_POINT_BREACH,1,COMPLETED
AUT-B-002179,AUTONOMOUS,2021-12-27,Mombasa/Kipevu,Nairobi,PMS,Line 5 (Mombasa-Nairobi),1000,16000.0,2021-12-28,2021-12-30,2,16000.0,REORDER_POINT_BREACH,1,COMPLETED
AUT-B-002180,AUTONOMOUS,2021-12-31,Mombasa/Kipevu,Nairobi,PMS,Line 5 (Mombasa-Nairobi),1000,16000.0,2022-01-01,2022-01-01,0,16000.0,REORDER_POINT_BREACH,1,COMPLETED
AUT-B-002181,AUTONOMOUS,2022-01-05,Mombasa/Kipevu,Nairobi,PMS,Line 5 (Mombasa-Nairobi),1000,16000.0,2022-01-06,2022-01-06,0,16000.0,REORDER_POINT_BREACH,1,COMPLETED
AUT-B-002182,AUTONOMOUS,2022-01-10,Mombasa/Kipevu,Nairobi,PMS,Line 5 (Mombasa-Nairobi),1000,16000.0,2022-01-11,2022-01-11,0,16000.0,REORDER_POINT_BREACH,1,COMPLETED
AUT-B-002183,AUTONOMOUS,2022-01-16,Mombasa/Kipevu,Nairobi,PMS,Line 5 (Mombasa-Nairobi),1000,16000.0,2022-01-17,2022-01-17,0,16000.0,REORDER_POINT_BREACH,1,COMPLETED
AUT-B-002184,AUTONOMOUS,2022-01-21,Mombasa/Kipevu,Nairobi,PMS,Line 5 (Mombasa-Nairobi),1000,16000.0,2022-01-22,2022-01-22,0,16000.0,REORDER_POINT_BREACH,1,COMPLETED
AUT-B-002185,AUTONOMOUS,2022-01-27,Mombasa/Kipevu,Nairobi,PMS,Line 5 (Mombasa-Nairobi),1000,16000.0,2022-01-28,2022-01-28,0,16000.0,REORDER_POINT_BREACH,1,COMPLETED
AUT-B-002186,AUTONOMOUS,2022-02-01,Mombasa/Kipevu,Nairobi,PMS,Line 5 (Mombasa-Nairobi),1000,16000.0,2022-02-02,2022-02-02,0,16000.0,REORDER_POINT_BREACH,1,COMPLETED
AUT-B-002187,AUTONOMOUS,2022-02-08,Mombasa/Kipevu,Nairobi,PMS,Line 5 (Mombasa-Nairobi),1000,16000.0,2022-02-09,2022-02-09,0,16000.0,REORDER_POINT_BREACH,1,COMPLETED
AUT-B-002188,AUTONOMOUS,2022-02-14,Mombasa/Kipevu,Nairobi,PMS,Line 5 (Mombasa-Nairobi),1000,16000.0,2022-02-15,2022-02-15,0,16000.0,REORDER_POINT_BREACH,1,COMPLETED
AUT-B-002189,AUTONOMOUS,2022-02-19,Mombasa/Kipevu,Nairobi,PMS,Line 5 (Mombasa-Nairobi),1000,16000.0,2022-02-20,2022-02-20,0,16000.0,REORDER_POINT_BREACH,1,COMPLETED
AUT-B-002190,AUTONOMOUS,2022-02-25,Mombasa/Kipevu,Nairobi,PMS,Line 5 (Mombasa-Nairobi),1000,16000.0,2022-02-26,2022-02-26,0,16000.0,REORDER_POINT_BREACH,1,COMPLETED
AUT-B-002191,AUTONOMOUS,2022-03-03,Mombasa/Kipevu,Nairobi,PMS,Line 5 (Mombasa-Nairobi),1000,16000.0,2022-03-04,2022-03-04,0,16000.0,REORDER_POINT_BREACH,1,COMPLETED
AUT-B-002192,AUTONOMOUS,2022-03-09,Mombasa/Kipevu,Nairobi,PMS,Line 5 (Mombasa-Nairobi),1000,16000.0,2022-03-10,2022-03-10,0,16000.0,REORDER_POINT_BREACH,1,COMPLETED
AUT-B-002193,AUTONOMOUS,2022-03-15,Mombasa/Kipevu,Nairobi,PMS,Line 5 (Mombasa-Nairobi),1000,16000.0,2022-03-16,2022-03-16,0,16000.0,REORDER_POINT_BREACH,1,COMPLETED
AUT-B-002194,AUTONOMOUS,2022-03-20,Mombasa/Kipevu,Nairobi,PMS,Line 5 (Mombasa-Nairobi),1000,16000.0,2022-03-21,2022-03-21,0,16000.0,REORDER_POINT_BREACH,1,COMPLETED
AUT-B-002195,AUTONOMOUS,2022-03-26,Mombasa/Kipevu,Nairobi,PMS,Line 5 (Mombasa-Nairobi),1000,16000.0,2022-03-27,2022-03-27,0,16000.0,REORDER_POINT_BREACH,1,COMPLETED
AUT-B-002196,AUTONOMOUS,2022-04-01,Mombasa/Kipevu,Nairobi,PMS,Line 5 (Mombasa-Nairobi),1000,16000.0,2022-04-02,2022-04-02,0,16000.0,REORDER_POINT_BREACH,1,COMPLETED
AUT-B-002197,AUTONOMOUS,2022-04-07,Mombasa/Kipevu,Nairobi,PMS,Line 5 (Mombasa-Nairobi),1000,16000.0,2022-04-08,2022-04-08,0,16000.0,REORDER_POINT_BREACH,1,COMPLETED
AUT-B-002198,AUTONOMOUS,2022-04-12,Mombasa/Kipevu,Nairobi,PMS,Line 5 (Mombasa-Nairobi),1000,16000.0,2022-04-13,2022-04-13,0,16000.0,REORDER_POINT_BREACH,1,COMPLETED
AUT-B-002199,AUTONOMOUS,2022-04-18,Mombasa/Kipevu,Nairobi,PMS,Line 5 (Mombasa-Nairobi),1000,16000.0,2022-04-19,2022-04-19,0,16000.0,REORDER_POINT_BREACH,1,COMPLETED
AUT-B-002200,AUTONOMOUS,2022-04-23,Mombasa/Kipevu,Nairobi,PMS,Line 5 (Mombasa-Nairobi),1000,16000.0,2022-04-24,2022-04-24,0,16000.0,REORDER_POINT_BREACH,1,COMPLETED
AUT-B-002201,AUTONOMOUS,2022-04-29,Mombasa/Kipevu,Nairobi,PMS,Line 5 (Mombasa-Nairobi),1000,16000.0,2022-04-30,2022-04-30,0,16000.0,REORDER_POINT_BREACH,1,COMPLETED
AUT-B-002202,AUTONOMOUS,2022-05-04,Mombasa/Kipevu,Nairobi,PMS,Line 5 (Mombasa-Nairobi),1000,16000.0,2022-05-05,2022-05-05,0,16000.0,REORDER_POINT_BREACH,1,COMPLETED
AUT-B-002203,AUTONOMOUS,2022-05-10,Mombasa/Kipevu,Nairobi,PMS,Line 5 (Mombasa-Nairobi),1000,16000.0,2022-05-11,2022-05-11,0,16000.0,REORDER_POINT_BREACH,1,COMPLETED
AUT-B-002204,AUTONOMOUS,2022-05-15,Mombasa/Kipevu,Nairobi,PMS,Line 5 (Mombasa-Nairobi),1000,16000.0,2022-05-16,2022-05-16,0,16000.0,REORDER_POINT_BREACH,1,COMPLETED
AUT-B-002205,AUTONOMOUS,2022-05-21,Mombasa/Kipevu,Nairobi,PMS,Line 5 (Mombasa-Nairobi),1000,16000.0,2022-05-22,2022-05-22,0,16000.0,REORDER_POINT_BREACH,1,COMPLETED
AUT-B-002206,AUTONOMOUS,2022-05-27,Mombasa/Kipevu,Nairobi,PMS,Line 5 (Mombasa-Nairobi),1000,16000.0,2022-05-28,2022-05-28,0,16000.0,REORDER_POINT_BREACH,1,COMPLETED
AUT-B-002207,AUTONOMOUS,2022-06-02,Mombasa/Kipevu,Nairobi,PMS,Line 5 (Mombasa-Nairobi),1000,16000.0,2022-06-03,2022-06-03,0,16000.0,REORDER_POINT_BREACH,1,COMPLETED
AUT-B-002208,AUTONOMOUS,2022-06-07,Mombasa/Kipevu,Nairobi,PMS,Line 5 (Mombasa-Nairobi),1000,16000.0,2022-06-08,2022-06-08,0,16000.0,REORDER_POINT_BREACH,1,COMPLETED
AUT-B-002209,AUTONOMOUS,2022-06-13,Mombasa/Kipevu,Nairobi,PMS,Line 5 (Mombasa-Nairobi),1000,16000.0,2022-06-14,2022-06-14,0,16000.0,REORDER_POINT_BREACH,1,COMPLETED
AUT-B-002210,AUTONOMOUS,2022-06-19,Mombasa/Kipevu,Nairobi,PMS,Line 5 (Mombasa-Nairobi),1000,16000.0,2022-06-20,2022-06-20,0,16000.0,REORDER_POINT_BREACH,1,COMPLETED
AUT-B-002211,AUTONOMOUS,2022-06-25,Mombasa/Kipevu,Nairobi,PMS,Line 5 (Mombasa-Nairobi),1000,16000.0,2022-06-26,2022-06-28,2,16000.0,REORDER_POINT_BREACH,1,COMPLETED
AUT-B-002212,AUTONOMOUS,2022-07-01,Mombasa/Kipevu,Nairobi,PMS,Line 5 (Mombasa-Nairobi),1000,16000.0,2022-07-02,2022-07-02,0,16000.0,REORDER_POINT_BREACH,1,COMPLETED
AUT-B-002213,AUTONOMOUS,2022-07-07,Mombasa/Kipevu,Nairobi,PMS,Line 5 (Mombasa-Nairobi),1000,16000.0,2022-07-08,2022-07-08,0,16000.0,REORDER_POINT_BREACH,1,COMPLETED
AUT-B-002214,AUTONOMOUS,2022-07-13,Mombasa/Kipevu,Nairobi,PMS,Line 5 (Mombasa-Nairobi),1000,16000.0,2022-07-14,2022-07-14,0,16000.0,REORDER_POINT_BREACH,1,COMPLETED
AUT-B-002215,AUTONOMOUS,2022-07-19,Mombasa/Kipevu,Nairobi,PMS,Line 5 (Mombasa-Nairobi),1000,16000.0,2022-07-20,2022-07-20,0,16000.0,REORDER_POINT_BREACH,1,COMPLETED
AUT-B-002216,AUTONOMOUS,2022-07-24,Mombasa/Kipevu,Nairobi,PMS,Line 5 (Mombasa-Nairobi),1000,16000.0,2022-07-25,2022-07-25,0,16000.0,REORDER_POINT_BREACH,1,COMPLETED
AUT-B-002217,AUTONOMOUS,2022-07-30,Mombasa/Kipevu,Nairobi,PMS,Line 5 (Mombasa-Nairobi),1000,16000.0,2022-07-31,2022-07-31,0,16000.0,REORDER_POINT_BREACH,1,COMPLETED
AUT-B-002218,AUTONOMOUS,2022-08-04,Mombasa/Kipevu,Nairobi,PMS,Line 5 (Mombasa-Nairobi),1000,16000.0,2022-08-05,2022-08-05,0,16000.0,REORDER_POINT_BREACH,1,COMPLETED
AUT-B-002219,AUTONOMOUS,2022-08-10,Mombasa/Kipevu,Nairobi,PMS,Line 5 (Mombasa-Nairobi),1000,16000.0,2022-08-11,2022-08-11,0,16000.0,REORDER_POINT_BREACH,1,COMPLETED
AUT-B-002220,AUTONOMOUS,2022-08-16,Mombasa/Kipevu,Nairobi,PMS,Line 5 (Mombasa-Nairobi),1000,16000.0,2022-08-17,2022-08-17,0,16000.0,REORDER_POINT_BREACH,1,COMPLETED
AUT-B-002221,AUTONOMOUS,2022-08-21,Mombasa/Kipevu,Nairobi,PMS,Line 5 (Mombasa-Nairobi),1000,16000.0,2022-08-22,2022-08-22,0,16000.0,REORDER_POINT_BREACH,1,COMPLETED
AUT-B-002222,AUTONOMOUS,2022-08-27,Mombasa/Kipevu,Nairobi,PMS,Line 5 (Mombasa-Nairobi),1000,16000.0,2022-08-28,2022-08-28,0,16000.0,REORDER_POINT_BREACH,1,COMPLETED
AUT-B-002223,AUTONOMOUS,2022-09-01,Mombasa/Kipevu,Nairobi,PMS,Line 5 (Mombasa-Nairobi),1000,16000.0,2022-09-02,2022-09-02,0,16000.0,REORDER_POINT_BREACH,1,COMPLETED
AUT-B-002224,AUTONOMOUS,2022-09-07,Mombasa/Kipevu,Nairobi,PMS,Line 5 (Mombasa-Nairobi),1000,16000.0,2022-09-08,2022-09-09,1,16000.0,REORDER_POINT_BREACH,1,COMPLETED
AUT-B-002225,AUTONOMOUS,2022-09-13,Mombasa/Kipevu,Nairobi,PMS,Line 5 (Mombasa-Nairobi),1000,16000.0,2022-09-14,2022-09-14,0,16000.0,REORDER_POINT_BREACH,1,COMPLETED
AUT-B-002226,AUTONOMOUS,2022-09-19,Mombasa/Kipevu,Nairobi,PMS,Line 5 (Mombasa-Nairobi),1000,16000.0,2022-09-20,2022-09-20,0,16000.0,REORDER_POINT_BREACH,1,COMPLETED
AUT-B-002227,AUTONOMOUS,2022-09-25,Mombasa/Kipevu,Nairobi,PMS,Line 5 (Mombasa-Nairobi),1000,16000.0,2022-09-26,2022-09-26,0,16000.0,REORDER_POINT_BREACH,1,COMPLETED
AUT-B-002228,AUTONOMOUS,2022-10-01,Mombasa/Kipevu,Nairobi,PMS,Line 5 (Mombasa-Nairobi),1000,16000.0,2022-10-02,2022-10-02,0,16000.0,REORDER_POINT_BREACH,1,COMPLETED
AUT-B-002229,AUTONOMOUS,2022-10-06,Mombasa/Kipevu,Nairobi,PMS,Line 5 (Mombasa-Nairobi),1000,16000.0,2022-10-07,2022-10-07,0,16000.0,REORDER_POINT_BREACH,1,COMPLETED
AUT-B-002230,AUTONOMOUS,2022-10-12,Mombasa/Kipevu,Nairobi,PMS,Line 5 (Mombasa-Nairobi),1000,16000.0,2022-10-13,2022-10-13,0,16000.0,REORDER_POINT_BREACH,1,COMPLETED
AUT-B-002231,AUTONOMOUS,2022-10-18,Mombasa/Kipevu,Nairobi,PMS,Line 5 (Mombasa-Nairobi),1000,16000.0,2022-10-19,2022-10-19,0,16000.0,REORDER_POINT_BREACH,1,COMPLETED
AUT-B-002232,AUTONOMOUS,2022-10-23,Mombasa/Kipevu,Nairobi,PMS,Line 5 (Mombasa-Nairobi),1000,16000.0,2022-10-24,2022-10-25,1,16000.0,REORDER_POINT_BREACH,1,COMPLETED
AUT-B-002233,AUTONOMOUS,2022-10-29,Mombasa/Kipevu,Nairobi,PMS,Line 5 (Mombasa-Nairobi),1000,16000.0,2022-10-30,2022-10-30,0,16000.0,REORDER_POINT_BREACH,1,COMPLETED
AUT-B-002234,AUTONOMOUS,2022-11-04,Mombasa/Kipevu,Nairobi,PMS,Line 5 (Mombasa-Nairobi),1000,16000.0,2022-11-05,2022-11-06,1,16000.0,REORDER_POINT_BREACH,1,COMPLETED
AUT-B-002235,AUTONOMOUS,2022-11-10,Mombasa/Kipevu,Nairobi,PMS,Line 5 (Mombasa-Nairobi),1000,16000.0,2022-11-11,2022-11-11,0,16000.0,REORDER_POINT_BREACH,1,COMPLETED
AUT-B-002236,AUTONOMOUS,2022-11-15,Mombasa/Kipevu,Nairobi,PMS,Line 5 (Mombasa-Nairobi),1000,16000.0,2022-11-16,2022-11-16,0,16000.0,REORDER_POINT_BREACH,1,COMPLETED
AUT-B-002237,AUTONOMOUS,2022-11-21,Mombasa/Kipevu,Nairobi,PMS,Line 5 (Mombasa-Nairobi),1000,16000.0,2022-11-22,2022-11-22,0,16000.0,REORDER_POINT_BREACH,1,COMPLETED
AUT-B-002238,AUTONOMOUS,2022-11-27,Mombasa/Kipevu,Nairobi,PMS,Line 5 (Mombasa-Nairobi),1000,16000.0,2022-11-28,2022-11-28,0,16000.0,REORDER_POINT_BREACH,1,COMPLETED
AUT-B-002239,AUTONOMOUS,2022-12-02,Mombasa/Kipevu,Nairobi,PMS,Line 5 (Mombasa-Nairobi),1000,16000.0,2022-12-03,2022-12-03,0,16000.0,REORDER_POINT_BREACH,1,COMPLETED
AUT-B-002240,AUTONOMOUS,2022-12-07,Mombasa/Kipevu,Nairobi,PMS,Line 5 (Mombasa-Nairobi),1000,16000.0,2022-12-08,2022-12-08,0,16000.0,REORDER_POINT_BREACH,1,COMPLETED
AUT-B-002241,AUTONOMOUS,2022-12-12,Mombasa/Kipevu,Nairobi,PMS,Line 5 (Mombasa-Nairobi),1000,16000.0,2022-12-13,2022-12-14,1,16000.0,REORDER_POINT_BREACH,1,COMPLETED
AUT-B-002242,AUTONOMOUS,2022-12-17,Mombasa/Kipevu,Nairobi,PMS,Line 5 (Mombasa-Nairobi),1000,16000.0,2022-12-18,2022-12-20,2,16000.0,REORDER_POINT_BREACH,1,COMPLETED
AUT-B-002243,AUTONOMOUS,2022-12-22,Mombasa/Kipevu,Nairobi,PMS,Line 5 (Mombasa-Nairobi),1000,16000.0,2022-12-23,2022-12-23,0,16000.0,REORDER_POINT_BREACH,1,COMPLETED
AUT-B-002244,AUTONOMOUS,2022-12-27,Mombasa/Kipevu,Nairobi,PMS,Line 5 (Mombasa-Nairobi),1000,16000.0,2022-12-28,2022-12-28,0,16000.0,REORDER_POINT_BREACH,1,COMPLETED
AUT-B-002245,AUTONOMOUS,2023-01-01,Mombasa/Kipevu,Nairobi,PMS,Line 5 (Mombasa-Nairobi),1000,16000.0,2023-01-02,2023-01-02,0,16000.0,REORDER_POINT_BREACH,1,COMPLETED
AUT-B-002246,AUTONOMOUS,2023-01-06,Mombasa/Kipevu,Nairobi,PMS,Line 5 (Mombasa-Nairobi),1000,16000.0,2023-01-07,2023-01-07,0,16000.0,REORDER_POINT_BREACH,1,COMPLETED
AUT-B-002247,AUTONOMOUS,2023-01-12,Mombasa/Kipevu,Nairobi,PMS,Line 5 (Mombasa-Nairobi),1000,16000.0,2023-01-13,2023-01-13,0,16000.0,REORDER_POINT_BREACH,1,COMPLETED
AUT-B-002248,AUTONOMOUS,2023-01-17,Mombasa/Kipevu,Nairobi,PMS,Line 5 (Mombasa-Nairobi),1000,16000.0,2023-01-18,2023-01-18,0,16000.0,REORDER_POINT_BREACH,1,COMPLETED
AUT-B-002249,AUTONOMOUS,2023-01-23,Mombasa/Kipevu,Nairobi,PMS,Line 5 (Mombasa-Nairobi),1000,16000.0,2023-01-24,2023-01-24,0,16000.0,REORDER_POINT_BREACH,1,COMPLETED
AUT-B-002250,AUTONOMOUS,2023-01-29,Mombasa/Kipevu,Nairobi,PMS,Line 5 (Mombasa-Nairobi),1000,16000.0,2023-01-30,2023-01-30,0,16000.0,REORDER_POINT_BREACH,1,COMPLETED
AUT-B-002251,AUTONOMOUS,2023-02-04,Mombasa/Kipevu,Nairobi,PMS,Line 5 (Mombasa-Nairobi),1000,16000.0,2023-02-05,2023-02-05,0,16000.0,REORDER_POINT_BREACH,1,COMPLETED
AUT-B-002252,AUTONOMOUS,2023-02-10,Mombasa/Kipevu,Nairobi,PMS,Line 5 (Mombasa-Nairobi),1000,16000.0,2023-02-11,2023-02-11,0,16000.0,REORDER_POINT_BREACH,1,COMPLETED
AUT-B-002253,AUTONOMOUS,2023-02-16,Mombasa/Kipevu,Nairobi,PMS,Line 5 (Mombasa-Nairobi),1000,16000.0,2023-02-17,2023-02-17,0,16000.0,REORDER_POINT_BREACH,1,COMPLETED
AUT-B-002254,AUTONOMOUS,2023-02-22,Mombasa/Kipevu,Nairobi,PMS,Line 5 (Mombasa-Nairobi),1000,16000.0,2023-02-23,2023-02-23,0,16000.0,REORDER_POINT_BREACH,1,COMPLETED
AUT-B-002255,AUTONOMOUS,2023-02-28,Mombasa/Kipevu,Nairobi,PMS,Line 5 (Mombasa-Nairobi),1000,16000.0,2023-03-01,2023-03-01,0,16000.0,REORDER_POINT_BREACH,1,COMPLETED
AUT-B-002256,AUTONOMOUS,2023-03-06,Mombasa/Kipevu,Nairobi,PMS,Line 5 (Mombasa-Nairobi),1000,16000.0,2023-03-07,2023-03-07,0,16000.0,REORDER_POINT_BREACH,1,COMPLETED
AUT-B-002257,AUTONOMOUS,2023-03-12,Mombasa/Kipevu,Nairobi,PMS,Line 5 (Mombasa-Nairobi),1000,16000.0,2023-03-13,2023-03-13,0,16000.0,REORDER_POINT_BREACH,1,COMPLETED
AUT-B-002258,AUTONOMOUS,2023-03-18,Mombasa/Kipevu,Nairobi,PMS,Line 5 (Mombasa-Nairobi),1000,16000.0,2023-03-19,2023-03-19,0,16000.0,REORDER_POINT_BREACH,1,COMPLETED
AUT-B-002259,AUTONOMOUS,2023-03-24,Mombasa/Kipevu,Nairobi,PMS,Line 5 (Mombasa-Nairobi),1000,16000.0,2023-03-25,2023-03-26,1,16000.0,REORDER_POINT_BREACH,1,COMPLETED
AUT-B-002260,AUTONOMOUS,2023-03-30,Mombasa/Kipevu,Nairobi,PMS,Line 5 (Mombasa-Nairobi),1000,16000.0,2023-03-31,2023-03-31,0,16000.0,REORDER_POINT_BREACH,1,COMPLETED
AUT-B-002261,AUTONOMOUS,2023-04-04,Mombasa/Kipevu,Nairobi,PMS,Line 5 (Mombasa-Nairobi),1000,16000.0,2023-04-05,2023-04-05,0,16000.0,REORDER_POINT_BREACH,1,COMPLETED
AUT-B-002262,AUTONOMOUS,2023-04-10,Mombasa/Kipevu,Nairobi,PMS,Line 5 (Mombasa-Nairobi),1000,16000.0,2023-04-11,2023-04-12,1,16000.0,REORDER_POINT_BREACH,1,COMPLETED
AUT-B-002263,AUTONOMOUS,2023-04-15,Mombasa/Kipevu,Nairobi,PMS,Line 5 (Mombasa-Nairobi),1000,16000.0,2023-04-16,2023-04-16,0,16000.0,REORDER_POINT_BREACH,1,COMPLETED
AUT-B-002264,AUTONOMOUS,2023-04-21,Mombasa/Kipevu,Nairobi,PMS,Line 5 (Mombasa-Nairobi),1000,16000.0,2023-04-22,2023-04-22,0,16000.0,REORDER_POINT_BREACH,1,COMPLETED
AUT-B-002265,AUTONOMOUS,2023-04-27,Mombasa/Kipevu,Nairobi,PMS,Line 5 (Mombasa-Nairobi),1000,16000.0,2023-04-28,2023-04-28,0,16000.0,REORDER_POINT_BREACH,1,COMPLETED
AUT-B-002266,AUTONOMOUS,2023-05-02,Mombasa/Kipevu,Nairobi,PMS,Line 5 (Mombasa-Nairobi),1000,16000.0,2023-05-03,2023-05-04,1,16000.0,REORDER_POINT_BREACH,1,COMPLETED
AUT-B-002267,AUTONOMOUS,2023-05-08,Mombasa/Kipevu,Nairobi,PMS,Line 5 (Mombasa-Nairobi),1000,16000.0,2023-05-09,2023-05-09,0,16000.0,REORDER_POINT_BREACH,1,COMPLETED
AUT-B-002268,AUTONOMOUS,2023-05-13,Mombasa/Kipevu,Nairobi,PMS,Line 5 (Mombasa-Nairobi),1000,16000.0,2023-05-14,2023-05-14,0,16000.0,REORDER_POINT_BREACH,1,COMPLETED
AUT-B-002269,AUTONOMOUS,2023-05-19,Mombasa/Kipevu,Nairobi,PMS,Line 5 (Mombasa-Nairobi),1000,16000.0,2023-05-20,2023-05-20,0,16000.0,REORDER_POINT_BREACH,1,COMPLETED
AUT-B-002270,AUTONOMOUS,2023-05-25,Mombasa/Kipevu,Nairobi,PMS,Line 5 (Mombasa-Nairobi),1000,16000.0,2023-05-26,2023-05-26,0,16000.0,REORDER_POINT_BREACH,1,COMPLETED
AUT-B-002271,AUTONOMOUS,2023-05-31,Mombasa/Kipevu,Nairobi,PMS,Line 5 (Mombasa-Nairobi),1000,16000.0,2023-06-01,2023-06-01,0,16000.0,REORDER_POINT_BREACH,1,COMPLETED
AUT-B-002272,AUTONOMOUS,2023-06-06,Mombasa/Kipevu,Nairobi,PMS,Line 5 (Mombasa-Nairobi),1000,16000.0,2023-06-07,2023-06-07,0,16000.0,REORDER_POINT_BREACH,1,COMPLETED
AUT-B-002273,AUTONOMOUS,2023-06-12,Mombasa/Kipevu,Nairobi,PMS,Line 5 (Mombasa-Nairobi),1000,16000.0,2023-06-13,2023-06-13,0,16000.0,REORDER_POINT_BREACH,1,COMPLETED
AUT-B-002274,AUTONOMOUS,2023-06-18,Mombasa/Kipevu,Nairobi,PMS,Line 5 (Mombasa-Nairobi),1000,16000.0,2023-06-19,2023-06-19,0,16000.0,REORDER_POINT_BREACH,1,COMPLETED
AUT-B-002275,AUTONOMOUS,2023-06-24,Mombasa/Kipevu,Nairobi,PMS,Line 5 (Mombasa-Nairobi),1000,16000.0,2023-06-25,2023-06-25,0,16000.0,REORDER_POINT_BREACH,1,COMPLETED
AUT-B-002276,AUTONOMOUS,2023-06-30,Mombasa/Kipevu,Nairobi,PMS,Line 5 (Mombasa-Nairobi),1000,16000.0,2023-07-01,2023-07-01,0,16000.0,REORDER_POINT_BREACH,1,COMPLETED
AUT-B-002277,AUTONOMOUS,2023-07-06,Mombasa/Kipevu,Nairobi,PMS,Line 5 (Mombasa-Nairobi),1000,16000.0,2023-07-07,2023-07-07,0,16000.0,REORDER_POINT_BREACH,1,COMPLETED
AUT-B-002278,AUTONOMOUS,2023-07-12,Mombasa/Kipevu,Nairobi,PMS,Line 5 (Mombasa-Nairobi),1000,16000.0,2023-07-13,2023-07-13,0,16000.0,REORDER_POINT_BREACH,1,COMPLETED
AUT-B-002279,AUTONOMOUS,2023-07-18,Mombasa/Kipevu,Nairobi,PMS,Line 5 (Mombasa-Nairobi),1000,16000.0,2023-07-19,2023-07-19,0,16000.0,REORDER_POINT_BREACH,1,COMPLETED
AUT-B-002280,AUTONOMOUS,2023-07-23,Mombasa/Kipevu,Nairobi,PMS,Line 5 (Mombasa-Nairobi),1000,16000.0,2023-07-24,2023-07-24,0,16000.0,REORDER_POINT_BREACH,1,COMPLETED
AUT-B-002281,AUTONOMOUS,2023-07-29,Mombasa/Kipevu,Nairobi,PMS,Line 5 (Mombasa-Nairobi),1000,16000.0,2023-07-30,2023-07-30,0,16000.0,REORDER_POINT_BREACH,1,COMPLETED
AUT-B-002282,AUTONOMOUS,2023-08-04,Mombasa/Kipevu,Nairobi,PMS,Line 5 (Mombasa-Nairobi),1000,16000.0,2023-08-05,2023-08-05,0,16000.0,REORDER_POINT_BREACH,1,COMPLETED
AUT-B-002283,AUTONOMOUS,2023-08-10,Mombasa/Kipevu,Nairobi,PMS,Line 5 (Mombasa-Nairobi),1000,16000.0,2023-08-11,2023-08-11,0,16000.0,REORDER_POINT_BREACH,1,COMPLETED
AUT-B-002284,AUTONOMOUS,2023-08-16,Mombasa/Kipevu,Nairobi,PMS,Line 5 (Mombasa-Nairobi),1000,16000.0,2023-08-17,2023-08-18,1,16000.0,REORDER_POINT_BREACH,1,COMPLETED
AUT-B-002285,AUTONOMOUS,2023-08-21,Mombasa/Kipevu,Nairobi,PMS,Line 5 (Mombasa-Nairobi),1000,16000.0,2023-08-22,2023-08-22,0,16000.0,REORDER_POINT_BREACH,1,COMPLETED
AUT-B-002286,AUTONOMOUS,2023-08-27,Mombasa/Kipevu,Nairobi,PMS,Line 5 (Mombasa-Nairobi),1000,16000.0,2023-08-28,2023-08-28,0,16000.0,REORDER_POINT_BREACH,1,COMPLETED
AUT-B-002287,AUTONOMOUS,2023-09-02,Mombasa/Kipevu,Nairobi,PMS,Line 5 (Mombasa-Nairobi),1000,16000.0,2023-09-03,2023-09-03,0,16000.0,REORDER_POINT_BREACH,1,COMPLETED
AUT-B-002288,AUTONOMOUS,2023-09-08,Mombasa/Kipevu,Nairobi,PMS,Line 5 (Mombasa-Nairobi),1000,16000.0,2023-09-09,2023-09-09,0,16000.0,REORDER_POINT_BREACH,1,COMPLETED
AUT-B-002289,AUTONOMOUS,2023-09-14,Mombasa/Kipevu,Nairobi,PMS,Line 5 (Mombasa-Nairobi),1000,16000.0,2023-09-15,2023-09-15,0,16000.0,REORDER_POINT_BREACH,1,COMPLETED
AUT-B-002290,AUTONOMOUS,2023-09-20,Mombasa/Kipevu,Nairobi,PMS,Line 5 (Mombasa-Nairobi),1000,16000.0,2023-09-21,2023-09-21,0,16000.0,REORDER_POINT_BREACH,1,COMPLETED
AUT-B-002291,AUTONOMOUS,2023-09-27,Mombasa/Kipevu,Nairobi,PMS,Line 5 (Mombasa-Nairobi),1000,16000.0,2023-09-28,2023-09-28,0,16000.0,REORDER_POINT_BREACH,1,COMPLETED
AUT-B-002292,AUTONOMOUS,2023-10-03,Mombasa/Kipevu,Nairobi,PMS,Line 5 (Mombasa-Nairobi),1000,16000.0,2023-10-04,2023-10-04,0,16000.0,REORDER_POINT_BREACH,1,COMPLETED
AUT-B-002293,AUTONOMOUS,2023-10-08,Mombasa/Kipevu,Nairobi,PMS,Line 5 (Mombasa-Nairobi),1000,16000.0,2023-10-09,2023-10-09,0,16000.0,REORDER_POINT_BREACH,1,COMPLETED
AUT-B-002294,AUTONOMOUS,2023-10-14,Mombasa/Kipevu,Nairobi,PMS,Line 5 (Mombasa-Nairobi),1000,16000.0,2023-10-15,2023-10-15,0,16000.0,REORDER_POINT_BREACH,1,COMPLETED
AUT-B-002295,AUTONOMOUS,2023-10-20,Mombasa/Kipevu,Nairobi,PMS,Line 5 (Mombasa-Nairobi),1000,16000.0,2023-10-21,2023-10-21,0,16000.0,REORDER_POINT_BREACH,1,COMPLETED
AUT-B-002296,AUTONOMOUS,2023-10-26,Mombasa/Kipevu,Nairobi,PMS,Line 5 (Mombasa-Nairobi),1000,16000.0,2023-10-27,2023-10-27,0,16000.0,REORDER_POINT_BREACH,1,COMPLETED
AUT-B-002297,AUTONOMOUS,2023-10-31,Mombasa/Kipevu,Nairobi,PMS,Line 5 (Mombasa-Nairobi),1000,16000.0,2023-11-01,2023-11-01,0,16000.0,REORDER_POINT_BREACH,1,COMPLETED
AUT-B-002298,AUTONOMOUS,2023-11-06,Mombasa/Kipevu,Nairobi,PMS,Line 5 (Mombasa-Nairobi),1000,16000.0,2023-11-07,2023-11-07,0,16000.0,REORDER_POINT_BREACH,1,COMPLETED
AUT-B-002299,AUTONOMOUS,2023-11-13,Mombasa/Kipevu,Nairobi,PMS,Line 5 (Mombasa-Nairobi),1000,16000.0,2023-11-14,2023-11-14,0,16000.0,REORDER_POINT_BREACH,1,COMPLETED
AUT-B-002300,AUTONOMOUS,2023-11-19,Mombasa/Kipevu,Nairobi,PMS,Line 5 (Mombasa-Nairobi),1000,16000.0,2023-11-20,2023-11-20,0,16000.0,REORDER_POINT_BREACH,1,COMPLETED
AUT-B-002301,AUTONOMOUS,2023-11-25,Mombasa/Kipevu,Nairobi,PMS,Line 5 (Mombasa-Nairobi),1000,16000.0,2023-11-26,2023-11-26,0,16000.0,REORDER_POINT_BREACH,1,COMPLETED
AUT-B-002302,AUTONOMOUS,2023-12-01,Mombasa/Kipevu,Nairobi,PMS,Line 5 (Mombasa-Nairobi),1000,16000.0,2023-12-02,2023-12-02,0,16000.0,REORDER_POINT_BREACH,1,COMPLETED
AUT-B-002303,AUTONOMOUS,2023-12-06,Mombasa/Kipevu,Nairobi,PMS,Line 5 (Mombasa-Nairobi),1000,16000.0,2023-12-07,2023-12-07,0,16000.0,REORDER_POINT_BREACH,1,COMPLETED
AUT-B-002304,AUTONOMOUS,2023-12-11,Mombasa/Kipevu,Nairobi,PMS,Line 5 (Mombasa-Nairobi),1000,16000.0,2023-12-12,2023-12-13,1,16000.0,REORDER_POINT_BREACH,1,COMPLETED
AUT-B-002305,AUTONOMOUS,2023-12-17,Mombasa/Kipevu,Nairobi,PMS,Line 5 (Mombasa-Nairobi),1000,16000.0,2023-12-18,2023-12-18,0,16000.0,REORDER_POINT_BREACH,1,COMPLETED
AUT-B-002306,AUTONOMOUS,2023-12-22,Mombasa/Kipevu,Nairobi,PMS,Line 5 (Mombasa-Nairobi),1000,16000.0,2023-12-23,2023-12-25,2,16000.0,REORDER_POINT_BREACH,1,COMPLETED
AUT-B-002307,AUTONOMOUS,2023-12-26,Mombasa/Kipevu,Nairobi,PMS,Line 5 (Mombasa-Nairobi),1000,16000.0,2023-12-27,2023-12-27,0,16000.0,REORDER_POINT_BREACH,1,COMPLETED
AUT-B-002308,AUTONOMOUS,2023-12-31,Mombasa/Kipevu,Nairobi,PMS,Line 5 (Mombasa-Nairobi),1000,16000.0,2024-01-01,2024-01-01,0,16000.0,REORDER_POINT_BREACH,1,COMPLETED
AUT-B-002309,AUTONOMOUS,2024-01-05,Mombasa/Kipevu,Nairobi,PMS,Line 5 (Mombasa-Nairobi),1000,16000.0,2024-01-06,2024-01-06,0,16000.0,REORDER_POINT_BREACH,1,COMPLETED
AUT-B-002310,AUTONOMOUS,2024-01-11,Mombasa/Kipevu,Nairobi,PMS,Line 5 (Mombasa-Nairobi),1000,16000.0,2024-01-12,2024-01-12,0,16000.0,REORDER_POINT_BREACH,1,COMPLETED
AUT-B-002311,AUTONOMOUS,2024-01-16,Mombasa/Kipevu,Nairobi,PMS,Line 5 (Mombasa-Nairobi),1000,16000.0,2024-01-17,2024-01-17,0,16000.0,REORDER_POINT_BREACH,1,COMPLETED
AUT-B-002312,AUTONOMOUS,2024-01-22,Mombasa/Kipevu,Nairobi,PMS,Line 5 (Mombasa-Nairobi),1000,16000.0,2024-01-23,2024-01-23,0,16000.0,REORDER_POINT_BREACH,1,COMPLETED
AUT-B-002313,AUTONOMOUS,2024-01-28,Mombasa/Kipevu,Nairobi,PMS,Line 5 (Mombasa-Nairobi),1000,16000.0,2024-01-29,2024-01-29,0,16000.0,REORDER_POINT_BREACH,1,COMPLETED
AUT-B-002314,AUTONOMOUS,2024-02-03,Mombasa/Kipevu,Nairobi,PMS,Line 5 (Mombasa-Nairobi),1000,16000.0,2024-02-04,2024-02-05,1,16000.0,REORDER_POINT_BREACH,1,COMPLETED
AUT-B-002315,AUTONOMOUS,2024-02-10,Mombasa/Kipevu,Nairobi,PMS,Line 5 (Mombasa-Nairobi),1000,16000.0,2024-02-11,2024-02-12,1,16000.0,REORDER_POINT_BREACH,1,COMPLETED
AUT-B-002316,AUTONOMOUS,2024-02-16,Mombasa/Kipevu,Nairobi,PMS,Line 5 (Mombasa-Nairobi),1000,16000.0,2024-02-17,2024-02-17,0,16000.0,REORDER_POINT_BREACH,1,COMPLETED
AUT-B-002317,AUTONOMOUS,2024-02-22,Mombasa/Kipevu,Nairobi,PMS,Line 5 (Mombasa-Nairobi),1000,16000.0,2024-02-23,2024-02-23,0,16000.0,REORDER_POINT_BREACH,1,COMPLETED
AUT-B-002318,AUTONOMOUS,2024-02-29,Mombasa/Kipevu,Nairobi,PMS,Line 5 (Mombasa-Nairobi),1000,16000.0,2024-03-01,2024-03-01,0,16000.0,REORDER_POINT_BREACH,1,COMPLETED
AUT-B-002319,AUTONOMOUS,2024-03-06,Mombasa/Kipevu,Nairobi,PMS,Line 5 (Mombasa-Nairobi),1000,16000.0,2024-03-07,2024-03-07,0,16000.0,REORDER_POINT_BREACH,1,COMPLETED
AUT-B-002320,AUTONOMOUS,2024-03-11,Mombasa/Kipevu,Nairobi,PMS,Line 5 (Mombasa-Nairobi),1000,16000.0,2024-03-12,2024-03-12,0,16000.0,REORDER_POINT_BREACH,1,COMPLETED
AUT-B-002321,AUTONOMOUS,2024-03-17,Mombasa/Kipevu,Nairobi,PMS,Line 5 (Mombasa-Nairobi),1000,16000.0,2024-03-18,2024-03-18,0,16000.0,REORDER_POINT_BREACH,1,COMPLETED
AUT-B-002322,AUTONOMOUS,2024-03-23,Mombasa/Kipevu,Nairobi,PMS,Line 5 (Mombasa-Nairobi),1000,16000.0,2024-03-24,2024-03-24,0,16000.0,REORDER_POINT_BREACH,1,COMPLETED
AUT-B-002323,AUTONOMOUS,2024-03-29,Mombasa/Kipevu,Nairobi,PMS,Line 5 (Mombasa-Nairobi),1000,16000.0,2024-03-30,2024-03-30,0,16000.0,REORDER_POINT_BREACH,1,COMPLETED
AUT-B-002324,AUTONOMOUS,2024-04-04,Mombasa/Kipevu,Nairobi,PMS,Line 5 (Mombasa-Nairobi),1000,16000.0,2024-04-05,2024-04-05,0,16000.0,REORDER_POINT_BREACH,1,COMPLETED
AUT-B-002325,AUTONOMOUS,2024-04-10,Mombasa/Kipevu,Nairobi,PMS,Line 5 (Mombasa-Nairobi),1000,16000.0,2024-04-11,2024-04-11,0,16000.0,REORDER_POINT_BREACH,1,COMPLETED
AUT-B-002326,AUTONOMOUS,2024-04-15,Mombasa/Kipevu,Nairobi,PMS,Line 5 (Mombasa-Nairobi),1000,16000.0,2024-04-16,2024-04-16,0,16000.0,REORDER_POINT_BREACH,1,COMPLETED
AUT-B-002327,AUTONOMOUS,2024-04-21,Mombasa/Kipevu,Nairobi,PMS,Line 5 (Mombasa-Nairobi),1000,16000.0,2024-04-22,2024-04-22,0,16000.0,REORDER_POINT_BREACH,1,COMPLETED
AUT-B-002328,AUTONOMOUS,2024-04-27,Mombasa/Kipevu,Nairobi,PMS,Line 5 (Mombasa-Nairobi),1000,16000.0,2024-04-28,2024-04-28,0,16000.0,REORDER_POINT_BREACH,1,COMPLETED
AUT-B-002329,AUTONOMOUS,2024-05-03,Mombasa/Kipevu,Nairobi,PMS,Line 5 (Mombasa-Nairobi),1000,16000.0,2024-05-04,2024-05-04,0,16000.0,REORDER_POINT_BREACH,1,COMPLETED
AUT-B-002330,AUTONOMOUS,2024-05-08,Mombasa/Kipevu,Nairobi,PMS,Line 5 (Mombasa-Nairobi),1000,16000.0,2024-05-09,2024-05-09,0,16000.0,REORDER_POINT_BREACH,1,COMPLETED
AUT-B-002331,AUTONOMOUS,2024-05-14,Mombasa/Kipevu,Nairobi,PMS,Line 5 (Mombasa-Nairobi),1000,16000.0,2024-05-15,2024-05-15,0,16000.0,REORDER_POINT_BREACH,1,COMPLETED
AUT-B-002332,AUTONOMOUS,2024-05-20,Mombasa/Kipevu,Nairobi,PMS,Line 5 (Mombasa-Nairobi),1000,16000.0,2024-05-21,2024-05-21,0,16000.0,REORDER_POINT_BREACH,1,COMPLETED
AUT-B-002333,AUTONOMOUS,2024-05-26,Mombasa/Kipevu,Nairobi,PMS,Line 5 (Mombasa-Nairobi),1000,16000.0,2024-05-27,2024-05-27,0,16000.0,REORDER_POINT_BREACH,1,COMPLETED
AUT-B-002334,AUTONOMOUS,2024-06-01,Mombasa/Kipevu,Nairobi,PMS,Line 5 (Mombasa-Nairobi),1000,16000.0,2024-06-02,2024-06-02,0,16000.0,REORDER_POINT_BREACH,1,COMPLETED
AUT-B-002335,AUTONOMOUS,2024-06-07,Mombasa/Kipevu,Nairobi,PMS,Line 5 (Mombasa-Nairobi),1000,16000.0,2024-06-08,2024-06-08,0,16000.0,REORDER_POINT_BREACH,1,COMPLETED
AUT-B-002336,AUTONOMOUS,2024-06-14,Mombasa/Kipevu,Nairobi,PMS,Line 5 (Mombasa-Nairobi),1000,16000.0,2024-06-15,2024-06-15,0,16000.0,REORDER_POINT_BREACH,1,COMPLETED
AUT-B-002337,AUTONOMOUS,2024-06-20,Mombasa/Kipevu,Nairobi,PMS,Line 5 (Mombasa-Nairobi),1000,16000.0,2024-06-21,2024-06-21,0,16000.0,REORDER_POINT_BREACH,1,COMPLETED
AUT-B-002338,AUTONOMOUS,2024-06-26,Mombasa/Kipevu,Nairobi,PMS,Line 5 (Mombasa-Nairobi),1000,16000.0,2024-06-27,2024-06-27,0,16000.0,REORDER_POINT_BREACH,1,COMPLETED
AUT-B-002339,AUTONOMOUS,2024-07-02,Mombasa/Kipevu,Nairobi,PMS,Line 5 (Mombasa-Nairobi),1000,16000.0,2024-07-03,2024-07-03,0,16000.0,REORDER_POINT_BREACH,1,COMPLETED
AUT-B-002340,AUTONOMOUS,2024-07-08,Mombasa/Kipevu,Nairobi,PMS,Line 5 (Mombasa-Nairobi),1000,16000.0,2024-07-09,2024-07-09,0,16000.0,REORDER_POINT_BREACH,1,COMPLETED
AUT-B-002341,AUTONOMOUS,2024-07-14,Mombasa/Kipevu,Nairobi,PMS,Line 5 (Mombasa-Nairobi),1000,16000.0,2024-07-15,2024-07-15,0,16000.0,REORDER_POINT_BREACH,1,COMPLETED
AUT-B-002342,AUTONOMOUS,2024-07-20,Mombasa/Kipevu,Nairobi,PMS,Line 5 (Mombasa-Nairobi),1000,16000.0,2024-07-21,2024-07-21,0,16000.0,REORDER_POINT_BREACH,1,COMPLETED
AUT-B-002343,AUTONOMOUS,2024-07-26,Mombasa/Kipevu,Nairobi,PMS,Line 5 (Mombasa-Nairobi),1000,16000.0,2024-07-27,2024-07-27,0,16000.0,REORDER_POINT_BREACH,1,COMPLETED
AUT-B-002344,AUTONOMOUS,2024-08-01,Mombasa/Kipevu,Nairobi,PMS,Line 5 (Mombasa-Nairobi),1000,16000.0,2024-08-02,2024-08-02,0,16000.0,REORDER_POINT_BREACH,1,COMPLETED
AUT-B-002345,AUTONOMOUS,2024-08-07,Mombasa/Kipevu,Nairobi,PMS,Line 5 (Mombasa-Nairobi),1000,16000.0,2024-08-08,2024-08-08,0,16000.0,REORDER_POINT_BREACH,1,COMPLETED
AUT-B-002346,AUTONOMOUS,2024-08-13,Mombasa/Kipevu,Nairobi,PMS,Line 5 (Mombasa-Nairobi),1000,16000.0,2024-08-14,2024-08-14,0,16000.0,REORDER_POINT_BREACH,1,COMPLETED
AUT-B-002347,AUTONOMOUS,2024-08-19,Mombasa/Kipevu,Nairobi,PMS,Line 5 (Mombasa-Nairobi),1000,16000.0,2024-08-20,2024-08-20,0,16000.0,REORDER_POINT_BREACH,1,COMPLETED
AUT-B-002348,AUTONOMOUS,2024-08-25,Mombasa/Kipevu,Nairobi,PMS,Line 5 (Mombasa-Nairobi),1000,16000.0,2024-08-26,2024-08-26,0,16000.0,REORDER_POINT_BREACH,1,COMPLETED
AUT-B-002349,AUTONOMOUS,2024-08-31,Mombasa/Kipevu,Nairobi,PMS,Line 5 (Mombasa-Nairobi),1000,16000.0,2024-09-01,2024-09-01,0,16000.0,REORDER_POINT_BREACH,1,COMPLETED
AUT-B-002350,AUTONOMOUS,2024-09-06,Mombasa/Kipevu,Nairobi,PMS,Line 5 (Mombasa-Nairobi),1000,16000.0,2024-09-07,2024-09-07,0,16000.0,REORDER_POINT_BREACH,1,COMPLETED
AUT-B-002351,AUTONOMOUS,2024-09-12,Mombasa/Kipevu,Nairobi,PMS,Line 5 (Mombasa-Nairobi),1000,16000.0,2024-09-13,2024-09-13,0,16000.0,REORDER_POINT_BREACH,1,COMPLETED
AUT-B-002352,AUTONOMOUS,2024-09-18,Mombasa/Kipevu,Nairobi,PMS,Line 5 (Mombasa-Nairobi),1000,16000.0,2024-09-19,2024-09-19,0,16000.0,REORDER_POINT_BREACH,1,COMPLETED
AUT-B-002353,AUTONOMOUS,2024-09-25,Mombasa/Kipevu,Nairobi,PMS,Line 5 (Mombasa-Nairobi),1000,16000.0,2024-09-26,2024-09-26,0,16000.0,REORDER_POINT_BREACH,1,COMPLETED
AUT-B-002354,AUTONOMOUS,2024-10-01,Mombasa/Kipevu,Nairobi,PMS,Line 5 (Mombasa-Nairobi),1000,16000.0,2024-10-02,2024-10-02,0,16000.0,REORDER_POINT_BREACH,1,COMPLETED
AUT-B-002355,AUTONOMOUS,2024-10-07,Mombasa/Kipevu,Nairobi,PMS,Line 5 (Mombasa-Nairobi),1000,16000.0,2024-10-08,2024-10-08,0,16000.0,REORDER_POINT_BREACH,1,COMPLETED
AUT-B-002356,AUTONOMOUS,2024-10-13,Mombasa/Kipevu,Nairobi,PMS,Line 5 (Mombasa-Nairobi),1000,16000.0,2024-10-14,2024-10-14,0,16000.0,REORDER_POINT_BREACH,1,COMPLETED
AUT-B-002357,AUTONOMOUS,2024-10-18,Mombasa/Kipevu,Nairobi,PMS,Line 5 (Mombasa-Nairobi),1000,16000.0,2024-10-19,2024-10-19,0,16000.0,REORDER_POINT_BREACH,1,COMPLETED
AUT-B-002358,AUTONOMOUS,2024-10-24,Mombasa/Kipevu,Nairobi,PMS,Line 5 (Mombasa-Nairobi),1000,16000.0,2024-10-25,2024-10-27,2,16000.0,REORDER_POINT_BREACH,1,COMPLETED
AUT-B-002359,AUTONOMOUS,2024-10-30,Mombasa/Kipevu,Nairobi,PMS,Line 5 (Mombasa-Nairobi),1000,16000.0,2024-10-31,2024-10-31,0,16000.0,REORDER_POINT_BREACH,1,COMPLETED
AUT-B-002360,AUTONOMOUS,2024-11-06,Mombasa/Kipevu,Nairobi,PMS,Line 5 (Mombasa-Nairobi),1000,16000.0,2024-11-07,2024-11-07,0,16000.0,REORDER_POINT_BREACH,1,COMPLETED
AUT-B-002361,AUTONOMOUS,2024-11-12,Mombasa/Kipevu,Nairobi,PMS,Line 5 (Mombasa-Nairobi),1000,16000.0,2024-11-13,2024-11-13,0,16000.0,REORDER_POINT_BREACH,1,COMPLETED
AUT-B-002362,AUTONOMOUS,2024-11-18,Mombasa/Kipevu,Nairobi,PMS,Line 5 (Mombasa-Nairobi),1000,16000.0,2024-11-19,2024-11-19,0,16000.0,REORDER_POINT_BREACH,1,COMPLETED
AUT-B-002363,AUTONOMOUS,2024-11-25,Mombasa/Kipevu,Nairobi,PMS,Line 5 (Mombasa-Nairobi),1000,16000.0,2024-11-26,2024-11-26,0,16000.0,REORDER_POINT_BREACH,1,COMPLETED
AUT-B-002364,AUTONOMOUS,2024-12-01,Mombasa/Kipevu,Nairobi,PMS,Line 5 (Mombasa-Nairobi),1000,16000.0,2024-12-02,2024-12-02,0,16000.0,REORDER_POINT_BREACH,1,COMPLETED
AUT-B-002365,AUTONOMOUS,2024-12-06,Mombasa/Kipevu,Nairobi,PMS,Line 5 (Mombasa-Nairobi),1000,16000.0,2024-12-07,2024-12-07,0,16000.0,REORDER_POINT_BREACH,1,COMPLETED
AUT-B-002366,AUTONOMOUS,2024-12-11,Mombasa/Kipevu,Nairobi,PMS,Line 5 (Mombasa-Nairobi),1000,16000.0,2024-12-12,2024-12-12,0,16000.0,REORDER_POINT_BREACH,1,COMPLETED
AUT-B-002367,AUTONOMOUS,2024-12-17,Mombasa/Kipevu,Nairobi,PMS,Line 5 (Mombasa-Nairobi),1000,16000.0,2024-12-18,2024-12-18,0,16000.0,REORDER_POINT_BREACH,1,COMPLETED
AUT-B-002368,AUTONOMOUS,2024-12-22,Mombasa/Kipevu,Nairobi,PMS,Line 5 (Mombasa-Nairobi),1000,16000.0,2024-12-23,2024-12-23,0,16000.0,REORDER_POINT_BREACH,1,COMPLETED
AUT-B-002369,AUTONOMOUS,2024-12-27,Mombasa/Kipevu,Nairobi,PMS,Line 5 (Mombasa-Nairobi),1000,16000.0,2024-12-28,2024-12-28,0,16000.0,REORDER_POINT_BREACH,1,COMPLETED
AUT-B-002370,AUTONOMOUS,2025-01-01,Mombasa/Kipevu,Nairobi,PMS,Line 5 (Mombasa-Nairobi),1000,16000.0,2025-01-02,2025-01-02,0,16000.0,REORDER_POINT_BREACH,1,COMPLETED
AUT-B-002371,AUTONOMOUS,2025-01-06,Mombasa/Kipevu,Nairobi,PMS,Line 5 (Mombasa-Nairobi),1000,16000.0,2025-01-07,2025-01-07,0,16000.0,REORDER_POINT_BREACH,1,COMPLETED
AUT-B-002372,AUTONOMOUS,2025-01-11,Mombasa/Kipevu,Nairobi,PMS,Line 5 (Mombasa-Nairobi),1000,16000.0,2025-01-12,2025-01-12,0,16000.0,REORDER_POINT_BREACH,1,COMPLETED
AUT-B-002373,AUTONOMOUS,2025-01-16,Mombasa/Kipevu,Nairobi,PMS,Line 5 (Mombasa-Nairobi),1000,16000.0,2025-01-17,2025-01-17,0,16000.0,REORDER_POINT_BREACH,1,COMPLETED
AUT-B-002374,AUTONOMOUS,2025-01-22,Mombasa/Kipevu,Nairobi,PMS,Line 5 (Mombasa-Nairobi),1000,16000.0,2025-01-23,2025-01-23,0,16000.0,REORDER_POINT_BREACH,1,COMPLETED
AUT-B-002375,AUTONOMOUS,2025-01-27,Mombasa/Kipevu,Nairobi,PMS,Line 5 (Mombasa-Nairobi),1000,16000.0,2025-01-28,2025-01-28,0,16000.0,REORDER_POINT_BREACH,1,COMPLETED
AUT-B-002376,AUTONOMOUS,2025-02-02,Mombasa/Kipevu,Nairobi,PMS,Line 5 (Mombasa-Nairobi),1000,16000.0,2025-02-03,2025-02-03,0,16000.0,REORDER_POINT_BREACH,1,COMPLETED
AUT-B-002377,AUTONOMOUS,2025-02-07,Mombasa/Kipevu,Nairobi,PMS,Line 5 (Mombasa-Nairobi),1000,16000.0,2025-02-08,2025-02-08,0,16000.0,REORDER_POINT_BREACH,1,COMPLETED
AUT-B-002378,AUTONOMOUS,2025-02-14,Mombasa/Kipevu,Nairobi,PMS,Line 5 (Mombasa-Nairobi),1000,16000.0,2025-02-15,2025-02-15,0,16000.0,REORDER_POINT_BREACH,1,COMPLETED
AUT-B-002379,AUTONOMOUS,2025-02-20,Mombasa/Kipevu,Nairobi,PMS,Line 5 (Mombasa-Nairobi),1000,16000.0,2025-02-21,2025-02-21,0,16000.0,REORDER_POINT_BREACH,1,COMPLETED
AUT-B-002380,AUTONOMOUS,2025-02-26,Mombasa/Kipevu,Nairobi,PMS,Line 5 (Mombasa-Nairobi),1000,16000.0,2025-02-27,2025-02-27,0,16000.0,REORDER_POINT_BREACH,1,COMPLETED
AUT-B-002381,AUTONOMOUS,2025-03-03,Mombasa/Kipevu,Nairobi,PMS,Line 5 (Mombasa-Nairobi),1000,16000.0,2025-03-04,2025-03-04,0,16000.0,REORDER_POINT_BREACH,1,COMPLETED
AUT-B-002382,AUTONOMOUS,2025-03-09,Mombasa/Kipevu,Nairobi,PMS,Line 5 (Mombasa-Nairobi),1000,16000.0,2025-03-10,2025-03-10,0,16000.0,REORDER_POINT_BREACH,1,COMPLETED
AUT-B-002383,AUTONOMOUS,2025-03-14,Mombasa/Kipevu,Nairobi,PMS,Line 5 (Mombasa-Nairobi),1000,16000.0,2025-03-15,2025-03-15,0,16000.0,REORDER_POINT_BREACH,1,COMPLETED
AUT-B-002384,AUTONOMOUS,2025-03-20,Mombasa/Kipevu,Nairobi,PMS,Line 5 (Mombasa-Nairobi),1000,16000.0,2025-03-21,2025-03-21,0,16000.0,REORDER_POINT_BREACH,1,COMPLETED
AUT-B-002385,AUTONOMOUS,2025-03-26,Mombasa/Kipevu,Nairobi,PMS,Line 5 (Mombasa-Nairobi),1000,16000.0,2025-03-27,2025-03-27,0,16000.0,REORDER_POINT_BREACH,1,COMPLETED
AUT-B-002386,AUTONOMOUS,2025-04-01,Mombasa/Kipevu,Nairobi,PMS,Line 5 (Mombasa-Nairobi),1000,16000.0,2025-04-02,2025-04-02,0,16000.0,REORDER_POINT_BREACH,1,COMPLETED
AUT-B-002387,AUTONOMOUS,2025-04-06,Mombasa/Kipevu,Nairobi,PMS,Line 5 (Mombasa-Nairobi),1000,16000.0,2025-04-07,2025-04-07,0,16000.0,REORDER_POINT_BREACH,1,COMPLETED
AUT-B-002388,AUTONOMOUS,2025-04-11,Mombasa/Kipevu,Nairobi,PMS,Line 5 (Mombasa-Nairobi),1000,16000.0,2025-04-12,2025-04-13,1,16000.0,REORDER_POINT_BREACH,1,COMPLETED
AUT-B-002389,AUTONOMOUS,2025-04-17,Mombasa/Kipevu,Nairobi,PMS,Line 5 (Mombasa-Nairobi),1000,16000.0,2025-04-18,2025-04-18,0,16000.0,REORDER_POINT_BREACH,1,COMPLETED
AUT-B-002390,AUTONOMOUS,2025-04-22,Mombasa/Kipevu,Nairobi,PMS,Line 5 (Mombasa-Nairobi),1000,16000.0,2025-04-23,2025-04-23,0,16000.0,REORDER_POINT_BREACH,1,COMPLETED
AUT-B-002391,AUTONOMOUS,2025-04-28,Mombasa/Kipevu,Nairobi,PMS,Line 5 (Mombasa-Nairobi),1000,16000.0,2025-04-29,2025-04-29,0,16000.0,REORDER_POINT_BREACH,1,COMPLETED
AUT-B-002392,AUTONOMOUS,2025-05-03,Mombasa/Kipevu,Nairobi,PMS,Line 5 (Mombasa-Nairobi),1000,16000.0,2025-05-04,2025-05-05,1,16000.0,REORDER_POINT_BREACH,1,COMPLETED
AUT-B-002393,AUTONOMOUS,2025-05-08,Mombasa/Kipevu,Nairobi,PMS,Line 5 (Mombasa-Nairobi),1000,16000.0,2025-05-09,2025-05-09,0,16000.0,REORDER_POINT_BREACH,1,COMPLETED
AUT-B-002394,AUTONOMOUS,2025-05-14,Mombasa/Kipevu,Nairobi,PMS,Line 5 (Mombasa-Nairobi),1000,16000.0,2025-05-15,2025-05-15,0,16000.0,REORDER_POINT_BREACH,1,COMPLETED
AUT-B-002395,AUTONOMOUS,2025-05-20,Mombasa/Kipevu,Nairobi,PMS,Line 5 (Mombasa-Nairobi),1000,16000.0,2025-05-21,2025-05-22,1,16000.0,REORDER_POINT_BREACH,1,COMPLETED
AUT-B-002396,AUTONOMOUS,2025-05-25,Mombasa/Kipevu,Nairobi,PMS,Line 5 (Mombasa-Nairobi),1000,16000.0,2025-05-26,2025-05-26,0,16000.0,REORDER_POINT_BREACH,1,COMPLETED
AUT-B-002397,AUTONOMOUS,2025-05-31,Mombasa/Kipevu,Nairobi,PMS,Line 5 (Mombasa-Nairobi),1000,16000.0,2025-06-01,2025-06-01,0,16000.0,REORDER_POINT_BREACH,1,COMPLETED
AUT-B-002398,AUTONOMOUS,2025-06-06,Mombasa/Kipevu,Nairobi,PMS,Line 5 (Mombasa-Nairobi),1000,16000.0,2025-06-07,2025-06-07,0,16000.0,REORDER_POINT_BREACH,1,COMPLETED
AUT-B-002399,AUTONOMOUS,2025-06-11,Mombasa/Kipevu,Nairobi,PMS,Line 5 (Mombasa-Nairobi),1000,16000.0,2025-06-12,2025-06-12,0,16000.0,REORDER_POINT_BREACH,1,COMPLETED
AUT-B-002400,AUTONOMOUS,2025-06-17,Mombasa/Kipevu,Nairobi,PMS,Line 5 (Mombasa-Nairobi),1000,16000.0,2025-06-18,2025-06-18,0,16000.0,REORDER_POINT_BREACH,1,COMPLETED
AUT-B-002401,AUTONOMOUS,2025-06-23,Mombasa/Kipevu,Nairobi,PMS,Line 5 (Mombasa-Nairobi),1000,16000.0,2025-06-24,2025-06-24,0,16000.0,REORDER_POINT_BREACH,1,COMPLETED
AUT-B-002402,AUTONOMOUS,2025-06-28,Mombasa/Kipevu,Nairobi,PMS,Line 5 (Mombasa-Nairobi),1000,16000.0,2025-06-29,2025-06-29,0,16000.0,REORDER_POINT_BREACH,1,COMPLETED
AUT-B-002403,AUTONOMOUS,2025-07-04,Mombasa/Kipevu,Nairobi,PMS,Line 5 (Mombasa-Nairobi),1000,16000.0,2025-07-05,2025-07-05,0,16000.0,REORDER_POINT_BREACH,1,COMPLETED
AUT-B-002404,AUTONOMOUS,2025-07-10,Mombasa/Kipevu,Nairobi,PMS,Line 5 (Mombasa-Nairobi),1000,16000.0,2025-07-11,2025-07-11,0,16000.0,REORDER_POINT_BREACH,1,COMPLETED
AUT-B-002405,AUTONOMOUS,2025-07-15,Mombasa/Kipevu,Nairobi,PMS,Line 5 (Mombasa-Nairobi),1000,16000.0,2025-07-16,2025-07-16,0,16000.0,REORDER_POINT_BREACH,1,COMPLETED
AUT-B-002406,AUTONOMOUS,2025-07-21,Mombasa/Kipevu,Nairobi,PMS,Line 5 (Mombasa-Nairobi),1000,16000.0,2025-07-22,2025-07-22,0,16000.0,REORDER_POINT_BREACH,1,COMPLETED
AUT-B-002407,AUTONOMOUS,2025-07-27,Mombasa/Kipevu,Nairobi,PMS,Line 5 (Mombasa-Nairobi),1000,16000.0,2025-07-28,2025-07-28,0,16000.0,REORDER_POINT_BREACH,1,COMPLETED
AUT-B-002408,AUTONOMOUS,2025-08-01,Mombasa/Kipevu,Nairobi,PMS,Line 5 (Mombasa-Nairobi),1000,16000.0,2025-08-02,2025-08-02,0,16000.0,REORDER_POINT_BREACH,1,COMPLETED
AUT-B-002409,AUTONOMOUS,2025-08-07,Mombasa/Kipevu,Nairobi,PMS,Line 5 (Mombasa-Nairobi),1000,16000.0,2025-08-08,2025-08-08,0,16000.0,REORDER_POINT_BREACH,1,COMPLETED
AUT-B-002410,AUTONOMOUS,2025-08-12,Mombasa/Kipevu,Nairobi,PMS,Line 5 (Mombasa-Nairobi),1000,16000.0,2025-08-13,2025-08-13,0,16000.0,REORDER_POINT_BREACH,1,COMPLETED
AUT-B-002411,AUTONOMOUS,2025-08-18,Mombasa/Kipevu,Nairobi,PMS,Line 5 (Mombasa-Nairobi),1000,16000.0,2025-08-19,2025-08-19,0,16000.0,REORDER_POINT_BREACH,1,COMPLETED
AUT-B-002412,AUTONOMOUS,2025-08-24,Mombasa/Kipevu,Nairobi,PMS,Line 5 (Mombasa-Nairobi),1000,16000.0,2025-08-25,2025-08-25,0,16000.0,REORDER_POINT_BREACH,1,COMPLETED
AUT-B-002413,AUTONOMOUS,2025-08-29,Mombasa/Kipevu,Nairobi,PMS,Line 5 (Mombasa-Nairobi),1000,16000.0,2025-08-30,2025-08-30,0,16000.0,REORDER_POINT_BREACH,1,COMPLETED
AUT-B-002414,AUTONOMOUS,2025-09-04,Mombasa/Kipevu,Nairobi,PMS,Line 5 (Mombasa-Nairobi),1000,16000.0,2025-09-05,2025-09-05,0,16000.0,REORDER_POINT_BREACH,1,COMPLETED
AUT-B-002415,AUTONOMOUS,2025-09-10,Mombasa/Kipevu,Nairobi,PMS,Line 5 (Mombasa-Nairobi),1000,16000.0,2025-09-11,2025-09-11,0,16000.0,REORDER_POINT_BREACH,1,COMPLETED
AUT-B-002416,AUTONOMOUS,2025-09-15,Mombasa/Kipevu,Nairobi,PMS,Line 5 (Mombasa-Nairobi),1000,16000.0,2025-09-16,2025-09-16,0,16000.0,REORDER_POINT_BREACH,1,COMPLETED
AUT-B-002417,AUTONOMOUS,2025-09-21,Mombasa/Kipevu,Nairobi,PMS,Line 5 (Mombasa-Nairobi),1000,16000.0,2025-09-22,2025-09-22,0,16000.0,REORDER_POINT_BREACH,1,COMPLETED
AUT-B-002418,AUTONOMOUS,2025-09-27,Mombasa/Kipevu,Nairobi,PMS,Line 5 (Mombasa-Nairobi),1000,16000.0,2025-09-28,2025-09-28,0,16000.0,REORDER_POINT_BREACH,1,COMPLETED
AUT-B-002419,AUTONOMOUS,2025-10-02,Mombasa/Kipevu,Nairobi,PMS,Line 5 (Mombasa-Nairobi),1000,16000.0,2025-10-03,2025-10-03,0,16000.0,REORDER_POINT_BREACH,1,COMPLETED
AUT-B-002420,AUTONOMOUS,2025-10-08,Mombasa/Kipevu,Nairobi,PMS,Line 5 (Mombasa-Nairobi),1000,16000.0,2025-10-09,2025-10-09,0,16000.0,REORDER_POINT_BREACH,1,COMPLETED
AUT-B-002421,AUTONOMOUS,2025-10-13,Mombasa/Kipevu,Nairobi,PMS,Line 5 (Mombasa-Nairobi),1000,16000.0,2025-10-14,2025-10-14,0,16000.0,REORDER_POINT_BREACH,1,COMPLETED
AUT-B-002422,AUTONOMOUS,2025-10-19,Mombasa/Kipevu,Nairobi,PMS,Line 5 (Mombasa-Nairobi),1000,16000.0,2025-10-20,2025-10-20,0,16000.0,REORDER_POINT_BREACH,1,COMPLETED
AUT-B-002423,AUTONOMOUS,2025-10-24,Mombasa/Kipevu,Nairobi,PMS,Line 5 (Mombasa-Nairobi),1000,16000.0,2025-10-25,2025-10-25,0,16000.0,REORDER_POINT_BREACH,1,COMPLETED
AUT-B-002424,AUTONOMOUS,2025-10-30,Mombasa/Kipevu,Nairobi,PMS,Line 5 (Mombasa-Nairobi),1000,16000.0,2025-10-31,2025-10-31,0,16000.0,REORDER_POINT_BREACH,1,COMPLETED
AUT-B-002425,AUTONOMOUS,2025-11-04,Mombasa/Kipevu,Nairobi,PMS,Line 5 (Mombasa-Nairobi),1000,16000.0,2025-11-05,2025-11-05,0,16000.0,REORDER_POINT_BREACH,1,COMPLETED
AUT-B-002426,AUTONOMOUS,2025-11-10,Mombasa/Kipevu,Nairobi,PMS,Line 5 (Mombasa-Nairobi),1000,16000.0,2025-11-11,2025-11-12,1,16000.0,REORDER_POINT_BREACH,1,COMPLETED
AUT-B-002427,AUTONOMOUS,2025-11-16,Mombasa/Kipevu,Nairobi,PMS,Line 5 (Mombasa-Nairobi),1000,16000.0,2025-11-17,2025-11-17,0,16000.0,REORDER_POINT_BREACH,1,COMPLETED
AUT-B-002428,AUTONOMOUS,2025-11-22,Mombasa/Kipevu,Nairobi,PMS,Line 5 (Mombasa-Nairobi),1000,16000.0,2025-11-23,2025-11-23,0,16000.0,REORDER_POINT_BREACH,1,COMPLETED
AUT-B-002429,AUTONOMOUS,2025-11-28,Mombasa/Kipevu,Nairobi,PMS,Line 5 (Mombasa-Nairobi),1000,16000.0,2025-11-29,2025-11-29,0,16000.0,REORDER_POINT_BREACH,1,COMPLETED
AUT-B-002430,AUTONOMOUS,2025-12-03,Mombasa/Kipevu,Nairobi,PMS,Line 5 (Mombasa-Nairobi),1000,16000.0,2025-12-04,2025-12-04,0,16000.0,REORDER_POINT_BREACH,1,COMPLETED
AUT-B-002431,AUTONOMOUS,2025-12-08,Mombasa/Kipevu,Nairobi,PMS,Line 5 (Mombasa-Nairobi),1000,16000.0,2025-12-09,2025-12-09,0,16000.0,REORDER_POINT_BREACH,1,COMPLETED
AUT-B-002432,AUTONOMOUS,2025-12-13,Mombasa/Kipevu,Nairobi,PMS,Line 5 (Mombasa-Nairobi),1000,16000.0,2025-12-14,2025-12-14,0,16000.0,REORDER_POINT_BREACH,1,COMPLETED
AUT-B-002433,AUTONOMOUS,2025-12-18,Mombasa/Kipevu,Nairobi,PMS,Line 5 (Mombasa-Nairobi),1000,16000.0,2025-12-19,2025-12-19,0,16000.0,REORDER_POINT_BREACH,1,COMPLETED
AUT-B-002434,AUTONOMOUS,2025-12-23,Mombasa/Kipevu,Nairobi,PMS,Line 5 (Mombasa-Nairobi),1000,16000.0,2025-12-24,2025-12-24,0,16000.0,REORDER_POINT_BREACH,1,COMPLETED
AUT-B-002435,AUTONOMOUS,2025-12-27,Mombasa/Kipevu,Nairobi,PMS,Line 5 (Mombasa-Nairobi),1000,16000.0,2025-12-28,2025-12-28,0,16000.0,REORDER_POINT_BREACH,1,COMPLETED
AUT-B-002436,AUTONOMOUS,2026-01-01,Mombasa/Kipevu,Nairobi,PMS,Line 5 (Mombasa-Nairobi),1000,16000.0,2026-01-02,2026-01-02,0,16000.0,REORDER_POINT_BREACH,1,COMPLETED
AUT-B-002437,AUTONOMOUS,2026-01-05,Mombasa/Kipevu,Nairobi,PMS,Line 5 (Mombasa-Nairobi),1000,16000.0,2026-01-06,2026-01-06,0,16000.0,REORDER_POINT_BREACH,1,COMPLETED
AUT-B-002438,AUTONOMOUS,2026-01-10,Mombasa/Kipevu,Nairobi,PMS,Line 5 (Mombasa-Nairobi),1000,16000.0,2026-01-11,2026-01-11,0,16000.0,REORDER_POINT_BREACH,1,COMPLETED
AUT-B-002439,AUTONOMOUS,2026-01-15,Mombasa/Kipevu,Nairobi,PMS,Line 5 (Mombasa-Nairobi),1000,16000.0,2026-01-16,2026-01-16,0,16000.0,REORDER_POINT_BREACH,1,COMPLETED
AUT-B-002440,AUTONOMOUS,2026-01-20,Mombasa/Kipevu,Nairobi,PMS,Line 5 (Mombasa-Nairobi),1000,16000.0,2026-01-21,2026-01-21,0,16000.0,REORDER_POINT_BREACH,1,COMPLETED
AUT-B-002441,AUTONOMOUS,2026-01-26,Mombasa/Kipevu,Nairobi,PMS,Line 5 (Mombasa-Nairobi),1000,16000.0,2026-01-27,2026-01-27,0,16000.0,REORDER_POINT_BREACH,1,COMPLETED
AUT-B-002442,AUTONOMOUS,2026-01-30,Mombasa/Kipevu,Nairobi,PMS,Line 5 (Mombasa-Nairobi),1000,16000.0,2026-01-31,2026-01-31,0,16000.0,REORDER_POINT_BREACH,1,COMPLETED
AUT-B-002443,AUTONOMOUS,2026-02-05,Mombasa/Kipevu,Nairobi,PMS,Line 5 (Mombasa-Nairobi),1000,16000.0,2026-02-06,2026-02-06,0,16000.0,REORDER_POINT_BREACH,1,COMPLETED
AUT-B-002444,AUTONOMOUS,2026-02-11,Mombasa/Kipevu,Nairobi,PMS,Line 5 (Mombasa-Nairobi),1000,16000.0,2026-02-12,2026-02-12,0,16000.0,REORDER_POINT_BREACH,1,COMPLETED
AUT-B-002445,AUTONOMOUS,2026-02-16,Mombasa/Kipevu,Nairobi,PMS,Line 5 (Mombasa-Nairobi),1000,16000.0,2026-02-17,2026-02-17,0,16000.0,REORDER_POINT_BREACH,1,COMPLETED
AUT-B-002446,AUTONOMOUS,2026-02-22,Mombasa/Kipevu,Nairobi,PMS,Line 5 (Mombasa-Nairobi),1000,16000.0,2026-02-23,2026-02-23,0,16000.0,REORDER_POINT_BREACH,1,COMPLETED
AUT-B-002447,AUTONOMOUS,2026-02-27,Mombasa/Kipevu,Nairobi,PMS,Line 5 (Mombasa-Nairobi),1000,16000.0,2026-02-28,2026-02-28,0,16000.0,REORDER_POINT_BREACH,1,COMPLETED
AUT-B-002448,AUTONOMOUS,2026-03-05,Mombasa/Kipevu,Nairobi,PMS,Line 5 (Mombasa-Nairobi),1000,16000.0,2026-03-06,2026-03-06,0,16000.0,REORDER_POINT_BREACH,1,COMPLETED
AUT-B-002449,AUTONOMOUS,2026-03-10,Mombasa/Kipevu,Nairobi,PMS,Line 5 (Mombasa-Nairobi),1000,16000.0,2026-03-11,2026-03-11,0,16000.0,REORDER_POINT_BREACH,1,COMPLETED
AUT-B-002450,AUTONOMOUS,2026-03-15,Mombasa/Kipevu,Nairobi,PMS,Line 5 (Mombasa-Nairobi),1000,16000.0,2026-03-16,2026-03-16,0,16000.0,REORDER_POINT_BREACH,1,COMPLETED
AUT-B-002451,AUTONOMOUS,2026-03-20,Mombasa/Kipevu,Nairobi,PMS,Line 5 (Mombasa-Nairobi),1000,16000.0,2026-03-21,2026-03-21,0,16000.0,REORDER_POINT_BREACH,1,COMPLETED
AUT-B-002452,AUTONOMOUS,2026-03-26,Mombasa/Kipevu,Nairobi,PMS,Line 5 (Mombasa-Nairobi),1000,16000.0,2026-03-27,2026-03-27,0,16000.0,REORDER_POINT_BREACH,1,COMPLETED
AUT-B-002453,AUTONOMOUS,2026-03-31,Mombasa/Kipevu,Nairobi,PMS,Line 5 (Mombasa-Nairobi),1000,16000.0,2026-04-01,2026-04-01,0,16000.0,REORDER_POINT_BREACH,1,COMPLETED
AUT-B-002454,AUTONOMOUS,2026-04-05,Mombasa/Kipevu,Nairobi,PMS,Line 5 (Mombasa-Nairobi),1000,16000.0,2026-04-06,2026-04-06,0,16000.0,REORDER_POINT_BREACH,1,COMPLETED
AUT-B-002455,AUTONOMOUS,2026-04-10,Mombasa/Kipevu,Nairobi,PMS,Line 5 (Mombasa-Nairobi),1000,16000.0,2026-04-11,2026-04-11,0,16000.0,REORDER_POINT_BREACH,1,COMPLETED
AUT-B-002456,AUTONOMOUS,2026-04-15,Mombasa/Kipevu,Nairobi,PMS,Line 5 (Mombasa-Nairobi),1000,16000.0,2026-04-16,2026-04-16,0,16000.0,REORDER_POINT_BREACH,1,COMPLETED
AUT-B-002457,AUTONOMOUS,2026-04-20,Mombasa/Kipevu,Nairobi,PMS,Line 5 (Mombasa-Nairobi),1000,16000.0,2026-04-21,2026-04-21,0,16000.0,REORDER_POINT_BREACH,1,COMPLETED
AUT-B-002458,AUTONOMOUS,2026-04-25,Mombasa/Kipevu,Nairobi,PMS,Line 5 (Mombasa-Nairobi),1000,16000.0,2026-04-26,2026-04-26,0,16000.0,REORDER_POINT_BREACH,1,COMPLETED
AUT-B-002459,AUTONOMOUS,2026-04-30,Mombasa/Kipevu,Nairobi,PMS,Line 5 (Mombasa-Nairobi),1000,16000.0,2026-05-01,2026-05-01,0,16000.0,REORDER_POINT_BREACH,1,COMPLETED
AUT-B-002460,AUTONOMOUS,2026-05-05,Mombasa/Kipevu,Nairobi,PMS,Line 5 (Mombasa-Nairobi),1000,16000.0,2026-05-06,2026-05-06,0,16000.0,REORDER_POINT_BREACH,1,COMPLETED
AUT-B-002461,AUTONOMOUS,2026-05-10,Mombasa/Kipevu,Nairobi,PMS,Line 5 (Mombasa-Nairobi),1000,16000.0,2026-05-11,2026-05-11,0,16000.0,REORDER_POINT_BREACH,1,COMPLETED
AUT-B-002462,AUTONOMOUS,2026-05-16,Mombasa/Kipevu,Nairobi,PMS,Line 5 (Mombasa-Nairobi),1000,16000.0,2026-05-17,2026-05-17,0,16000.0,REORDER_POINT_BREACH,1,COMPLETED
AUT-B-002463,AUTONOMOUS,2026-05-21,Mombasa/Kipevu,Nairobi,PMS,Line 5 (Mombasa-Nairobi),1000,16000.0,2026-05-22,2026-05-22,0,16000.0,REORDER_POINT_BREACH,1,COMPLETED
AUT-B-002464,AUTONOMOUS,2026-05-26,Mombasa/Kipevu,Nairobi,PMS,Line 5 (Mombasa-Nairobi),1000,16000.0,2026-05-27,2026-05-27,0,16000.0,REORDER_POINT_BREACH,1,COMPLETED
AUT-B-002465,AUTONOMOUS,2026-05-31,Mombasa/Kipevu,Nairobi,PMS,Line 5 (Mombasa-Nairobi),1000,16000.0,2026-06-01,2026-06-01,0,16000.0,REORDER_POINT_BREACH,1,COMPLETED
AUT-B-002466,AUTONOMOUS,2026-06-05,Mombasa/Kipevu,Nairobi,PMS,Line 5 (Mombasa-Nairobi),1000,16000.0,2026-06-06,2026-06-06,0,16000.0,REORDER_POINT_BREACH,1,COMPLETED
AUT-B-002467,AUTONOMOUS,2026-06-11,Mombasa/Kipevu,Nairobi,PMS,Line 5 (Mombasa-Nairobi),1000,16000.0,2026-06-12,2026-06-13,1,16000.0,REORDER_POINT_BREACH,1,COMPLETED
AUT-B-002468,AUTONOMOUS,2026-06-17,Mombasa/Kipevu,Nairobi,PMS,Line 5 (Mombasa-Nairobi),1000,16000.0,2026-06-18,2026-06-18,0,16000.0,REORDER_POINT_BREACH,1,COMPLETED
AUT-B-002469,AUTONOMOUS,2026-06-22,Mombasa/Kipevu,Nairobi,PMS,Line 5 (Mombasa-Nairobi),1000,16000.0,2026-06-23,2026-06-24,1,16000.0,REORDER_POINT_BREACH,1,COMPLETED
AUT-B-002470,AUTONOMOUS,2026-06-27,Mombasa/Kipevu,Nairobi,PMS,Line 5 (Mombasa-Nairobi),1000,16000.0,2026-06-28,2026-06-28,0,16000.0,REORDER_POINT_BREACH,1,COMPLETED
AUT-B-002471,AUTONOMOUS,2026-07-03,Mombasa/Kipevu,Nairobi,PMS,Line 5 (Mombasa-Nairobi),1000,16000.0,2026-07-04,2026-07-04,0,16000.0,REORDER_POINT_BREACH,1,COMPLETED
AUT-B-002472,AUTONOMOUS,2026-07-08,Mombasa/Kipevu,Nairobi,PMS,Line 5 (Mombasa-Nairobi),1000,16000.0,2026-07-09,2026-07-09,0,16000.0,REORDER_POINT_BREACH,1,COMPLETED
AUT-B-002473,AUTONOMOUS,2026-07-14,Mombasa/Kipevu,Nairobi,PMS,Line 5 (Mombasa-Nairobi),1000,16000.0,2026-07-15,2026-07-15,0,16000.0,REORDER_POINT_BREACH,1,COMPLETED
AUT-B-002474,AUTONOMOUS,2026-07-19,Mombasa/Kipevu,Nairobi,PMS,Line 5 (Mombasa-Nairobi),1000,16000.0,2026-07-20,2026-07-20,0,16000.0,REORDER_POINT_BREACH,1,COMPLETED
AUT-B-002475,AUTONOMOUS,2026-07-24,Mombasa/Kipevu,Nairobi,PMS,Line 5 (Mombasa-Nairobi),1000,16000.0,2026-07-25,2026-07-25,0,16000.0,REORDER_POINT_BREACH,1,COMPLETED
AUT-B-002476,AUTONOMOUS,2026-07-29,Mombasa/Kipevu,Nairobi,PMS,Line 5 (Mombasa-Nairobi),1000,16000.0,2026-07-30,2026-07-30,0,16000.0,REORDER_POINT_BREACH,1,COMPLETED
AUT-B-002477,AUTONOMOUS,2026-08-04,Mombasa/Kipevu,Nairobi,PMS,Line 5 (Mombasa-Nairobi),1000,16000.0,2026-08-05,2026-08-05,0,16000.0,REORDER_POINT_BREACH,1,COMPLETED
AUT-B-002478,AUTONOMOUS,2026-08-09,Mombasa/Kipevu,Nairobi,PMS,Line 5 (Mombasa-Nairobi),1000,16000.0,2026-08-10,2026-08-10,0,16000.0,REORDER_POINT_BREACH,1,COMPLETED
AUT-B-002479,AUTONOMOUS,2026-08-14,Mombasa/Kipevu,Nairobi,PMS,Line 5 (Mombasa-Nairobi),1000,16000.0,2026-08-15,2026-08-16,1,16000.0,REORDER_POINT_BREACH,1,COMPLETED
AUT-B-002480,AUTONOMOUS,2026-08-20,Mombasa/Kipevu,Nairobi,PMS,Line 5 (Mombasa-Nairobi),1000,16000.0,2026-08-21,2026-08-21,0,16000.0,REORDER_POINT_BREACH,1,COMPLETED
AUT-B-002481,AUTONOMOUS,2026-08-25,Mombasa/Kipevu,Nairobi,PMS,Line 5 (Mombasa-Nairobi),1000,16000.0,2026-08-26,2026-08-26,0,16000.0,REORDER_POINT_BREACH,1,COMPLETED
AUT-B-002482,AUTONOMOUS,2026-08-30,Mombasa/Kipevu,Nairobi,PMS,Line 5 (Mombasa-Nairobi),1000,16000.0,2026-08-31,2026-08-31,0,16000.0,REORDER_POINT_BREACH,1,COMPLETED
AUT-B-002483,AUTONOMOUS,2026-09-05,Mombasa/Kipevu,Nairobi,PMS,Line 5 (Mombasa-Nairobi),1000,16000.0,2026-09-06,2026-09-06,0,16000.0,REORDER_POINT_BREACH,1,COMPLETED
AUT-B-002484,AUTONOMOUS,2026-09-10,Mombasa/Kipevu,Nairobi,PMS,Line 5 (Mombasa-Nairobi),1000,16000.0,2026-09-11,2026-09-11,0,16000.0,REORDER_POINT_BREACH,1,COMPLETED
AUT-B-002485,AUTONOMOUS,2026-09-15,Mombasa/Kipevu,Nairobi,PMS,Line 5 (Mombasa-Nairobi),1000,16000.0,2026-09-16,2026-09-16,0,16000.0,REORDER_POINT_BREACH,1,SCENARIO_COMPLETED
AUT-B-002486,AUTONOMOUS,2026-09-21,Mombasa/Kipevu,Nairobi,PMS,Line 5 (Mombasa-Nairobi),1000,16000.0,2026-09-22,2026-09-22,0,16000.0,REORDER_POINT_BREACH,1,SCENARIO_COMPLETED
AUT-B-002487,AUTONOMOUS,2026-09-26,Mombasa/Kipevu,Nairobi,PMS,Line 5 (Mombasa-Nairobi),1000,16000.0,2026-09-27,2026-09-27,0,16000.0,REORDER_POINT_BREACH,1,SCENARIO_COMPLETED
AUT-B-002488,AUTONOMOUS,2026-10-01,Mombasa/Kipevu,Nairobi,PMS,Line 5 (Mombasa-Nairobi),1000,16000.0,2026-10-02,2026-10-04,2,16000.0,REORDER_POINT_BREACH,1,SCENARIO_COMPLETED
AUT-B-002489,AUTONOMOUS,2026-10-06,Mombasa/Kipevu,Nairobi,PMS,Line 5 (Mombasa-Nairobi),1000,16000.0,2026-10-07,2026-10-07,0,16000.0,REORDER_POINT_BREACH,1,SCENARIO_COMPLETED
AUT-B-002490,AUTONOMOUS,2026-10-12,Mombasa/Kipevu,Nairobi,PMS,Line 5 (Mombasa-Nairobi),1000,16000.0,2026-10-13,2026-10-13,0,16000.0,REORDER_POINT_BREACH,1,SCENARIO_COMPLETED
AUT-B-002491,AUTONOMOUS,2026-10-17,Mombasa/Kipevu,Nairobi,PMS,Line 5 (Mombasa-Nairobi),1000,16000.0,2026-10-18,2026-10-18,0,16000.0,REORDER_POINT_BREACH,1,SCENARIO_COMPLETED
AUT-B-002492,AUTONOMOUS,2026-10-22,Mombasa/Kipevu,Nairobi,PMS,Line 5 (Mombasa-Nairobi),1000,16000.0,2026-10-23,2026-10-24,1,16000.0,REORDER_POINT_BREACH,1,SCENARIO_COMPLETED
AUT-B-002493,AUTONOMOUS,2026-10-27,Mombasa/Kipevu,Nairobi,PMS,Line 5 (Mombasa-Nairobi),1000,16000.0,2026-10-28,2026-10-28,0,16000.0,REORDER_POINT_BREACH,1,SCENARIO_COMPLETED
AUT-B-002494,AUTONOMOUS,2026-11-01,Mombasa/Kipevu,Nairobi,PMS,Line 5 (Mombasa-Nairobi),1000,16000.0,2026-11-02,2026-11-02,0,16000.0,REORDER_POINT_BREACH,1,SCENARIO_COMPLETED
AUT-B-002495,AUTONOMOUS,2026-11-06,Mombasa/Kipevu,Nairobi,PMS,Line 5 (Mombasa-Nairobi),1000,16000.0,2026-11-07,2026-11-07,0,16000.0,REORDER_POINT_BREACH,1,SCENARIO_COMPLETED
AUT-B-002496,AUTONOMOUS,2026-11-12,Mombasa/Kipevu,Nairobi,PMS,Line 5 (Mombasa-Nairobi),1000,16000.0,2026-11-13,2026-11-13,0,16000.0,REORDER_POINT_BREACH,1,SCENARIO_COMPLETED
AUT-B-002497,AUTONOMOUS,2026-11-17,Mombasa/Kipevu,Nairobi,PMS,Line 5 (Mombasa-Nairobi),1000,16000.0,2026-11-18,2026-11-18,0,16000.0,REORDER_POINT_BREACH,1,SCENARIO_COMPLETED
AUT-B-002498,AUTONOMOUS,2026-11-23,Mombasa/Kipevu,Nairobi,PMS,Line 5 (Mombasa-Nairobi),1000,16000.0,2026-11-24,2026-11-24,0,16000.0,REORDER_POINT_BREACH,1,SCENARIO_COMPLETED
AUT-B-002499,AUTONOMOUS,2026-11-28,Mombasa/Kipevu,Nairobi,PMS,Line 5 (Mombasa-Nairobi),1000,16000.0,2026-11-29,2026-11-29,0,16000.0,REORDER_POINT_BREACH,1,SCENARIO_COMPLETED
AUT-B-002500,AUTONOMOUS,2026-12-03,Mombasa/Kipevu,Nairobi,PMS,Line 5 (Mombasa-Nairobi),1000,16000.0,2026-12-04,2026-12-05,1,16000.0,REORDER_POINT_BREACH,1,SCENARIO_COMPLETED
AUT-B-002501,AUTONOMOUS,2026-12-08,Mombasa/Kipevu,Nairobi,PMS,Line 5 (Mombasa-Nairobi),1000,16000.0,2026-12-09,2026-12-09,0,16000.0,REORDER_POINT_BREACH,1,SCENARIO_COMPLETED
AUT-B-002502,AUTONOMOUS,2026-12-12,Mombasa/Kipevu,Nairobi,PMS,Line 5 (Mombasa-Nairobi),1000,16000.0,2026-12-13,2026-12-13,0,16000.0,REORDER_POINT_BREACH,1,SCENARIO_COMPLETED
AUT-B-002503,AUTONOMOUS,2026-12-17,Mombasa/Kipevu,Nairobi,PMS,Line 5 (Mombasa-Nairobi),1000,16000.0,2026-12-18,2026-12-18,0,16000.0,REORDER_POINT_BREACH,1,SCENARIO_COMPLETED
AUT-B-002504,AUTONOMOUS,2026-12-21,Mombasa/Kipevu,Nairobi,PMS,Line 5 (Mombasa-Nairobi),1000,16000.0,2026-12-22,2026-12-22,0,16000.0,REORDER_POINT_BREACH,1,SCENARIO_COMPLETED
AUT-B-002505,AUTONOMOUS,2026-12-26,Mombasa/Kipevu,Nairobi,PMS,Line 5 (Mombasa-Nairobi),1000,16000.0,2026-12-27,2026-12-27,0,16000.0,REORDER_POINT_BREACH,1,SCENARIO_COMPLETED
AUT-B-002506,AUTONOMOUS,2026-12-30,Mombasa/Kipevu,Nairobi,PMS,Line 5 (Mombasa-Nairobi),1000,16000.0,2026-12-31,2026-12-31,0,16000.0,REORDER_POINT_BREACH,1,SCENARIO_COMPLETED
AUT-B-002507,AUTONOMOUS,2021-01-07,Nairobi/Upstream Hub,Nakuru,AGO,Western corridor (Line 4 scenario),510,6292.474164312777,2021-01-08,2021-01-08,0,6292.474164312777,REORDER_POINT_BREACH,1,COMPLETED
AUT-B-002508,AUTONOMOUS,2021-01-18,Nairobi/Upstream Hub,Nakuru,AGO,Western corridor (Line 4 scenario),510,6296.327475700944,2021-01-19,2021-01-19,0,6296.327475700944,REORDER_POINT_BREACH,1,COMPLETED
AUT-B-002509,AUTONOMOUS,2021-01-29,Nairobi/Upstream Hub,Nakuru,AGO,Western corridor (Line 4 scenario),510,6419.3860542115735,2021-01-30,2021-01-31,1,6419.3860542115735,REORDER_POINT_BREACH,1,COMPLETED
AUT-B-002510,AUTONOMOUS,2021-02-10,Nairobi/Upstream Hub,Nakuru,AGO,Western corridor (Line 4 scenario),510,6417.253603793687,2021-02-11,2021-02-11,0,6417.253603793687,REORDER_POINT_BREACH,1,COMPLETED
AUT-B-002511,AUTONOMOUS,2021-02-22,Nairobi/Upstream Hub,Nakuru,AGO,Western corridor (Line 4 scenario),510,6160.980596439846,2021-02-23,2021-02-23,0,6160.980596439846,REORDER_POINT_BREACH,1,COMPLETED
AUT-B-002512,AUTONOMOUS,2021-03-06,Nairobi/Upstream Hub,Nakuru,AGO,Western corridor (Line 4 scenario),510,6237.594040094315,2021-03-07,2021-03-07,0,6237.594040094315,REORDER_POINT_BREACH,1,COMPLETED
AUT-B-002513,AUTONOMOUS,2021-03-17,Nairobi/Upstream Hub,Nakuru,AGO,Western corridor (Line 4 scenario),510,6222.846371892356,2021-03-18,2021-03-18,0,6222.846371892356,REORDER_POINT_BREACH,1,COMPLETED
AUT-B-002514,AUTONOMOUS,2021-03-29,Nairobi/Upstream Hub,Nakuru,AGO,Western corridor (Line 4 scenario),510,6620.040999704537,2021-03-30,2021-03-30,0,6620.040999704537,REORDER_POINT_BREACH,1,COMPLETED
AUT-B-002515,AUTONOMOUS,2021-04-09,Nairobi/Upstream Hub,Nakuru,AGO,Western corridor (Line 4 scenario),510,6286.125958646421,2021-04-10,2021-04-10,0,6286.125958646421,REORDER_POINT_BREACH,1,COMPLETED
AUT-B-002516,AUTONOMOUS,2021-04-21,Nairobi/Upstream Hub,Nakuru,AGO,Western corridor (Line 4 scenario),510,6718.5092126134405,2021-04-22,2021-04-22,0,6718.5092126134405,REORDER_POINT_BREACH,1,COMPLETED
AUT-B-002517,AUTONOMOUS,2021-05-02,Nairobi/Upstream Hub,Nakuru,AGO,Western corridor (Line 4 scenario),510,6082.924654656996,2021-05-03,2021-05-03,0,6082.924654656996,REORDER_POINT_BREACH,1,COMPLETED
AUT-B-002518,AUTONOMOUS,2021-05-13,Nairobi/Upstream Hub,Nakuru,AGO,Western corridor (Line 4 scenario),510,6394.219101261536,2021-05-14,2021-05-14,0,6394.219101261536,REORDER_POINT_BREACH,1,COMPLETED
AUT-B-002519,AUTONOMOUS,2021-05-25,Nairobi/Upstream Hub,Nakuru,AGO,Western corridor (Line 4 scenario),510,6315.072659770617,2021-05-26,2021-05-26,0,6315.072659770617,REORDER_POINT_BREACH,1,COMPLETED
AUT-B-002520,AUTONOMOUS,2021-06-06,Nairobi/Upstream Hub,Nakuru,AGO,Western corridor (Line 4 scenario),510,6264.922940678751,2021-06-07,2021-06-07,0,6264.922940678751,REORDER_POINT_BREACH,1,COMPLETED
AUT-B-002521,AUTONOMOUS,2021-06-18,Nairobi/Upstream Hub,Nakuru,AGO,Western corridor (Line 4 scenario),510,6534.289028846403,2021-06-19,2021-06-19,0,6534.289028846403,REORDER_POINT_BREACH,1,COMPLETED
AUT-B-002522,AUTONOMOUS,2021-06-30,Nairobi/Upstream Hub,Nakuru,AGO,Western corridor (Line 4 scenario),510,5996.696353851767,2021-07-01,2021-07-01,0,5996.696353851767,REORDER_POINT_BREACH,1,COMPLETED
AUT-B-002523,AUTONOMOUS,2021-07-11,Nairobi/Upstream Hub,Nakuru,AGO,Western corridor (Line 4 scenario),510,5895.137137112891,2021-07-12,2021-07-12,0,5895.137137112891,REORDER_POINT_BREACH,1,COMPLETED
AUT-B-002524,AUTONOMOUS,2021-07-22,Nairobi/Upstream Hub,Nakuru,AGO,Western corridor (Line 4 scenario),510,6204.494576538774,2021-07-23,2021-07-23,0,6204.494576538774,REORDER_POINT_BREACH,1,COMPLETED
AUT-B-002525,AUTONOMOUS,2021-08-03,Nairobi/Upstream Hub,Nakuru,AGO,Western corridor (Line 4 scenario),510,6541.632617560518,2021-08-04,2021-08-04,0,6541.632617560518,REORDER_POINT_BREACH,1,COMPLETED
AUT-B-002526,AUTONOMOUS,2021-08-15,Nairobi/Upstream Hub,Nakuru,AGO,Western corridor (Line 4 scenario),510,6248.1037567500125,2021-08-16,2021-08-16,0,6248.1037567500125,REORDER_POINT_BREACH,1,COMPLETED
AUT-B-002527,AUTONOMOUS,2021-08-26,Nairobi/Upstream Hub,Nakuru,AGO,Western corridor (Line 4 scenario),510,6532.316572256352,2021-08-27,2021-08-28,1,6532.316572256352,REORDER_POINT_BREACH,1,COMPLETED
AUT-B-002528,AUTONOMOUS,2021-09-07,Nairobi/Upstream Hub,Nakuru,AGO,Western corridor (Line 4 scenario),510,6497.264782399311,2021-09-08,2021-09-08,0,6497.264782399311,REORDER_POINT_BREACH,1,COMPLETED
AUT-B-002529,AUTONOMOUS,2021-09-19,Nairobi/Upstream Hub,Nakuru,AGO,Western corridor (Line 4 scenario),510,6218.846862135477,2021-09-20,2021-09-20,0,6218.846862135477,REORDER_POINT_BREACH,1,COMPLETED
AUT-B-002530,AUTONOMOUS,2021-09-30,Nairobi/Upstream Hub,Nakuru,AGO,Western corridor (Line 4 scenario),510,6005.768852083424,2021-10-01,2021-10-01,0,6005.768852083424,REORDER_POINT_BREACH,1,COMPLETED
AUT-B-002531,AUTONOMOUS,2021-10-11,Nairobi/Upstream Hub,Nakuru,AGO,Western corridor (Line 4 scenario),510,6577.734696445218,2021-10-12,2021-10-12,0,6577.734696445218,REORDER_POINT_BREACH,1,COMPLETED
AUT-B-002532,AUTONOMOUS,2021-10-21,Nairobi/Upstream Hub,Nakuru,AGO,Western corridor (Line 4 scenario),510,6231.274779176638,2021-10-22,2021-10-22,0,6231.274779176638,REORDER_POINT_BREACH,1,COMPLETED
AUT-B-002533,AUTONOMOUS,2021-11-01,Nairobi/Upstream Hub,Nakuru,AGO,Western corridor (Line 4 scenario),510,6382.434676747768,2021-11-02,2021-11-02,0,6382.434676747768,REORDER_POINT_BREACH,1,COMPLETED
AUT-B-002534,AUTONOMOUS,2021-11-13,Nairobi/Upstream Hub,Nakuru,AGO,Western corridor (Line 4 scenario),510,6241.478689016508,2021-11-14,2021-11-14,0,6241.478689016508,REORDER_POINT_BREACH,1,COMPLETED
AUT-B-002535,AUTONOMOUS,2021-11-25,Nairobi/Upstream Hub,Nakuru,AGO,Western corridor (Line 4 scenario),510,6426.257411895898,2021-11-26,2021-11-26,0,6426.257411895898,REORDER_POINT_BREACH,1,COMPLETED
AUT-B-002536,AUTONOMOUS,2021-12-07,Nairobi/Upstream Hub,Nakuru,AGO,Western corridor (Line 4 scenario),510,6562.557653525889,2021-12-08,2021-12-08,0,6562.557653525889,REORDER_POINT_BREACH,1,COMPLETED
AUT-B-002537,AUTONOMOUS,2021-12-18,Nairobi/Upstream Hub,Nakuru,AGO,Western corridor (Line 4 scenario),510,6206.752456767493,2021-12-19,2021-12-19,0,6206.752456767493,REORDER_POINT_BREACH,1,COMPLETED
AUT-B-002538,AUTONOMOUS,2021-12-29,Nairobi/Upstream Hub,Nakuru,AGO,Western corridor (Line 4 scenario),510,6208.01871969176,2021-12-30,2021-12-30,0,6208.01871969176,REORDER_POINT_BREACH,1,COMPLETED
AUT-B-002539,AUTONOMOUS,2022-01-09,Nairobi/Upstream Hub,Nakuru,AGO,Western corridor (Line 4 scenario),510,6598.505632319006,2022-01-10,2022-01-10,0,6598.505632319006,REORDER_POINT_BREACH,1,COMPLETED
AUT-B-002540,AUTONOMOUS,2022-01-20,Nairobi/Upstream Hub,Nakuru,AGO,Western corridor (Line 4 scenario),510,6667.280392824025,2022-01-21,2022-01-21,0,6667.280392824025,REORDER_POINT_BREACH,1,COMPLETED
AUT-B-002541,AUTONOMOUS,2022-01-31,Nairobi/Upstream Hub,Nakuru,AGO,Western corridor (Line 4 scenario),510,6501.252652585688,2022-02-01,2022-02-01,0,6501.252652585688,REORDER_POINT_BREACH,1,COMPLETED
AUT-B-002542,AUTONOMOUS,2022-02-12,Nairobi/Upstream Hub,Nakuru,AGO,Western corridor (Line 4 scenario),510,6316.77175984325,2022-02-13,2022-02-13,0,6316.77175984325,REORDER_POINT_BREACH,1,COMPLETED
AUT-B-002543,AUTONOMOUS,2022-02-24,Nairobi/Upstream Hub,Nakuru,AGO,Western corridor (Line 4 scenario),510,6428.210444493143,2022-02-25,2022-02-25,0,6428.210444493143,REORDER_POINT_BREACH,1,COMPLETED
AUT-B-002544,AUTONOMOUS,2022-03-07,Nairobi/Upstream Hub,Nakuru,AGO,Western corridor (Line 4 scenario),510,6184.364553523289,2022-03-08,2022-03-08,0,6184.364553523289,REORDER_POINT_BREACH,1,COMPLETED
AUT-B-002545,AUTONOMOUS,2022-03-18,Nairobi/Upstream Hub,Nakuru,AGO,Western corridor (Line 4 scenario),510,6765.1218987711,2022-03-19,2022-03-19,0,6765.1218987711,REORDER_POINT_BREACH,1,COMPLETED
AUT-B-002546,AUTONOMOUS,2022-03-29,Nairobi/Upstream Hub,Nakuru,AGO,Western corridor (Line 4 scenario),510,6195.347020242649,2022-03-30,2022-03-30,0,6195.347020242649,REORDER_POINT_BREACH,1,COMPLETED
AUT-B-002547,AUTONOMOUS,2022-04-09,Nairobi/Upstream Hub,Nakuru,AGO,Western corridor (Line 4 scenario),510,6433.93655454892,2022-04-10,2022-04-11,1,6433.93655454892,REORDER_POINT_BREACH,1,COMPLETED
AUT-B-002548,AUTONOMOUS,2022-04-20,Nairobi/Upstream Hub,Nakuru,AGO,Western corridor (Line 4 scenario),510,6122.970396869513,2022-04-21,2022-04-21,0,6122.970396869513,REORDER_POINT_BREACH,1,COMPLETED
AUT-B-002549,AUTONOMOUS,2022-04-30,Nairobi/Upstream Hub,Nakuru,AGO,Western corridor (Line 4 scenario),510,6016.389721537935,2022-05-01,2022-05-01,0,6016.389721537935,REORDER_POINT_BREACH,1,COMPLETED
AUT-B-002550,AUTONOMOUS,2022-05-11,Nairobi/Upstream Hub,Nakuru,AGO,Western corridor (Line 4 scenario),510,6729.181124697357,2022-05-12,2022-05-12,0,6729.181124697357,REORDER_POINT_BREACH,1,COMPLETED
AUT-B-002551,AUTONOMOUS,2022-05-22,Nairobi/Upstream Hub,Nakuru,AGO,Western corridor (Line 4 scenario),510,6144.73619936229,2022-05-23,2022-05-23,0,6144.73619936229,REORDER_POINT_BREACH,1,COMPLETED
AUT-B-002552,AUTONOMOUS,2022-06-02,Nairobi/Upstream Hub,Nakuru,AGO,Western corridor (Line 4 scenario),510,6565.3224098806595,2022-06-03,2022-06-03,0,6565.3224098806595,REORDER_POINT_BREACH,1,COMPLETED
AUT-B-002553,AUTONOMOUS,2022-06-14,Nairobi/Upstream Hub,Nakuru,AGO,Western corridor (Line 4 scenario),510,6457.030871874485,2022-06-15,2022-06-16,1,6457.030871874485,REORDER_POINT_BREACH,1,COMPLETED
AUT-B-002554,AUTONOMOUS,2022-06-25,Nairobi/Upstream Hub,Nakuru,AGO,Western corridor (Line 4 scenario),510,6145.783519929308,2022-06-26,2022-06-27,1,6145.783519929308,REORDER_POINT_BREACH,1,COMPLETED
AUT-B-002555,AUTONOMOUS,2022-07-06,Nairobi/Upstream Hub,Nakuru,AGO,Western corridor (Line 4 scenario),510,6199.3716606925145,2022-07-07,2022-07-07,0,6199.3716606925145,REORDER_POINT_BREACH,1,COMPLETED
AUT-B-002556,AUTONOMOUS,2022-07-17,Nairobi/Upstream Hub,Nakuru,AGO,Western corridor (Line 4 scenario),510,5910.847135656219,2022-07-18,2022-07-18,0,5910.847135656219,REORDER_POINT_BREACH,1,COMPLETED
AUT-B-002557,AUTONOMOUS,2022-07-28,Nairobi/Upstream Hub,Nakuru,AGO,Western corridor (Line 4 scenario),510,6220.724695402735,2022-07-29,2022-07-29,0,6220.724695402735,REORDER_POINT_BREACH,1,COMPLETED
AUT-B-002558,AUTONOMOUS,2022-08-08,Nairobi/Upstream Hub,Nakuru,AGO,Western corridor (Line 4 scenario),510,6204.957036342478,2022-08-09,2022-08-09,0,6204.957036342478,REORDER_POINT_BREACH,1,COMPLETED
AUT-B-002559,AUTONOMOUS,2022-08-19,Nairobi/Upstream Hub,Nakuru,AGO,Western corridor (Line 4 scenario),510,6602.139482569355,2022-08-20,2022-08-20,0,6602.139482569355,REORDER_POINT_BREACH,1,COMPLETED
AUT-B-002560,AUTONOMOUS,2022-08-30,Nairobi/Upstream Hub,Nakuru,AGO,Western corridor (Line 4 scenario),510,6436.932961537131,2022-08-31,2022-08-31,0,6436.932961537131,REORDER_POINT_BREACH,1,COMPLETED
AUT-B-002561,AUTONOMOUS,2022-09-11,Nairobi/Upstream Hub,Nakuru,AGO,Western corridor (Line 4 scenario),510,6319.454260436907,2022-09-12,2022-09-12,0,6319.454260436907,REORDER_POINT_BREACH,1,COMPLETED
AUT-B-002562,AUTONOMOUS,2022-09-22,Nairobi/Upstream Hub,Nakuru,AGO,Western corridor (Line 4 scenario),510,6161.1604660052535,2022-09-23,2022-09-23,0,6161.1604660052535,REORDER_POINT_BREACH,1,COMPLETED
AUT-B-002563,AUTONOMOUS,2022-10-03,Nairobi/Upstream Hub,Nakuru,AGO,Western corridor (Line 4 scenario),510,6447.43084304719,2022-10-04,2022-10-05,1,6447.43084304719,REORDER_POINT_BREACH,1,COMPLETED
AUT-B-002564,AUTONOMOUS,2022-10-13,Nairobi/Upstream Hub,Nakuru,AGO,Western corridor (Line 4 scenario),510,6750.587244554963,2022-10-14,2022-10-14,0,6750.587244554963,REORDER_POINT_BREACH,1,COMPLETED
AUT-B-002565,AUTONOMOUS,2022-10-23,Nairobi/Upstream Hub,Nakuru,AGO,Western corridor (Line 4 scenario),510,6072.67952675655,2022-10-24,2022-10-24,0,6072.67952675655,REORDER_POINT_BREACH,1,COMPLETED
AUT-B-002566,AUTONOMOUS,2022-11-02,Nairobi/Upstream Hub,Nakuru,AGO,Western corridor (Line 4 scenario),510,6542.999088458914,2022-11-03,2022-11-03,0,6542.999088458914,REORDER_POINT_BREACH,1,COMPLETED
AUT-B-002567,AUTONOMOUS,2022-11-14,Nairobi/Upstream Hub,Nakuru,AGO,Western corridor (Line 4 scenario),510,6403.234620506782,2022-11-15,2022-11-15,0,6403.234620506782,REORDER_POINT_BREACH,1,COMPLETED
AUT-B-002568,AUTONOMOUS,2022-11-25,Nairobi/Upstream Hub,Nakuru,AGO,Western corridor (Line 4 scenario),510,6064.150267201376,2022-11-26,2022-11-26,0,6064.150267201376,REORDER_POINT_BREACH,1,COMPLETED
AUT-B-002569,AUTONOMOUS,2022-12-06,Nairobi/Upstream Hub,Nakuru,AGO,Western corridor (Line 4 scenario),510,6252.777436814927,2022-12-07,2022-12-07,0,6252.777436814927,REORDER_POINT_BREACH,1,COMPLETED
AUT-B-002570,AUTONOMOUS,2022-12-17,Nairobi/Upstream Hub,Nakuru,AGO,Western corridor (Line 4 scenario),510,6557.711336526834,2022-12-18,2022-12-18,0,6557.711336526834,REORDER_POINT_BREACH,1,COMPLETED
AUT-B-002571,AUTONOMOUS,2022-12-28,Nairobi/Upstream Hub,Nakuru,AGO,Western corridor (Line 4 scenario),510,6210.346258710965,2022-12-29,2022-12-29,0,6210.346258710965,REORDER_POINT_BREACH,1,COMPLETED
AUT-B-002572,AUTONOMOUS,2023-01-08,Nairobi/Upstream Hub,Nakuru,AGO,Western corridor (Line 4 scenario),510,6495.555441274757,2023-01-09,2023-01-09,0,6495.555441274757,REORDER_POINT_BREACH,1,COMPLETED
AUT-B-002573,AUTONOMOUS,2023-01-19,Nairobi/Upstream Hub,Nakuru,AGO,Western corridor (Line 4 scenario),510,6479.972944249382,2023-01-20,2023-01-20,0,6479.972944249382,REORDER_POINT_BREACH,1,COMPLETED
AUT-B-002574,AUTONOMOUS,2023-01-30,Nairobi/Upstream Hub,Nakuru,AGO,Western corridor (Line 4 scenario),510,6238.943965153238,2023-01-31,2023-01-31,0,6238.943965153238,REORDER_POINT_BREACH,1,COMPLETED
AUT-B-002575,AUTONOMOUS,2023-02-11,Nairobi/Upstream Hub,Nakuru,AGO,Western corridor (Line 4 scenario),510,6403.564976793235,2023-02-12,2023-02-12,0,6403.564976793235,REORDER_POINT_BREACH,1,COMPLETED
AUT-B-002576,AUTONOMOUS,2023-02-23,Nairobi/Upstream Hub,Nakuru,AGO,Western corridor (Line 4 scenario),510,6402.7310499501655,2023-02-24,2023-02-24,0,6402.7310499501655,REORDER_POINT_BREACH,1,COMPLETED
AUT-B-002577,AUTONOMOUS,2023-03-07,Nairobi/Upstream Hub,Nakuru,AGO,Western corridor (Line 4 scenario),510,6361.759402847208,2023-03-08,2023-03-08,0,6361.759402847208,REORDER_POINT_BREACH,1,COMPLETED
AUT-B-002578,AUTONOMOUS,2023-03-18,Nairobi/Upstream Hub,Nakuru,AGO,Western corridor (Line 4 scenario),510,6210.162539591098,2023-03-19,2023-03-19,0,6210.162539591098,REORDER_POINT_BREACH,1,COMPLETED
AUT-B-002579,AUTONOMOUS,2023-03-29,Nairobi/Upstream Hub,Nakuru,AGO,Western corridor (Line 4 scenario),510,6237.08486314281,2023-03-30,2023-03-31,1,6237.08486314281,REORDER_POINT_BREACH,1,COMPLETED
AUT-B-002580,AUTONOMOUS,2023-04-09,Nairobi/Upstream Hub,Nakuru,AGO,Western corridor (Line 4 scenario),510,6138.244949666137,2023-04-10,2023-04-10,0,6138.244949666137,REORDER_POINT_BREACH,1,COMPLETED
AUT-B-002581,AUTONOMOUS,2023-04-20,Nairobi/Upstream Hub,Nakuru,AGO,Western corridor (Line 4 scenario),510,6638.65574519273,2023-04-21,2023-04-21,0,6638.65574519273,REORDER_POINT_BREACH,1,COMPLETED
AUT-B-002582,AUTONOMOUS,2023-05-01,Nairobi/Upstream Hub,Nakuru,AGO,Western corridor (Line 4 scenario),510,6206.100267074786,2023-05-02,2023-05-02,0,6206.100267074786,REORDER_POINT_BREACH,1,COMPLETED
AUT-B-002583,AUTONOMOUS,2023-05-12,Nairobi/Upstream Hub,Nakuru,AGO,Western corridor (Line 4 scenario),510,6642.69287009628,2023-05-13,2023-05-13,0,6642.69287009628,REORDER_POINT_BREACH,1,COMPLETED
AUT-B-002584,AUTONOMOUS,2023-05-23,Nairobi/Upstream Hub,Nakuru,AGO,Western corridor (Line 4 scenario),510,6345.152319002969,2023-05-24,2023-05-24,0,6345.152319002969,REORDER_POINT_BREACH,1,COMPLETED
AUT-B-002585,AUTONOMOUS,2023-06-03,Nairobi/Upstream Hub,Nakuru,AGO,Western corridor (Line 4 scenario),510,5994.693596232609,2023-06-04,2023-06-04,0,5994.693596232609,REORDER_POINT_BREACH,1,COMPLETED
AUT-B-002586,AUTONOMOUS,2023-06-14,Nairobi/Upstream Hub,Nakuru,AGO,Western corridor (Line 4 scenario),510,6048.805042004705,2023-06-15,2023-06-15,0,6048.805042004705,REORDER_POINT_BREACH,1,COMPLETED
AUT-B-002587,AUTONOMOUS,2023-06-26,Nairobi/Upstream Hub,Nakuru,AGO,Western corridor (Line 4 scenario),510,6241.65507080871,2023-06-27,2023-06-27,0,6241.65507080871,REORDER_POINT_BREACH,1,COMPLETED
AUT-B-002588,AUTONOMOUS,2023-07-07,Nairobi/Upstream Hub,Nakuru,AGO,Western corridor (Line 4 scenario),510,6347.2521672550265,2023-07-08,2023-07-08,0,6347.2521672550265,REORDER_POINT_BREACH,1,COMPLETED
AUT-B-002589,AUTONOMOUS,2023-07-19,Nairobi/Upstream Hub,Nakuru,AGO,Western corridor (Line 4 scenario),510,6335.802298369655,2023-07-20,2023-07-20,0,6335.802298369655,REORDER_POINT_BREACH,1,COMPLETED
AUT-B-002590,AUTONOMOUS,2023-07-30,Nairobi/Upstream Hub,Nakuru,AGO,Western corridor (Line 4 scenario),510,5993.124070050929,2023-07-31,2023-08-01,1,5993.124070050929,REORDER_POINT_BREACH,1,COMPLETED
AUT-B-002591,AUTONOMOUS,2023-08-10,Nairobi/Upstream Hub,Nakuru,AGO,Western corridor (Line 4 scenario),510,6175.3174388721845,2023-08-11,2023-08-11,0,6175.3174388721845,REORDER_POINT_BREACH,1,COMPLETED
AUT-B-002592,AUTONOMOUS,2023-08-22,Nairobi/Upstream Hub,Nakuru,AGO,Western corridor (Line 4 scenario),510,6446.426283367774,2023-08-23,2023-08-23,0,6446.426283367774,REORDER_POINT_BREACH,1,COMPLETED
AUT-B-002593,AUTONOMOUS,2023-09-02,Nairobi/Upstream Hub,Nakuru,AGO,Western corridor (Line 4 scenario),510,6244.587872540997,2023-09-03,2023-09-03,0,6244.587872540997,REORDER_POINT_BREACH,1,COMPLETED
AUT-B-002594,AUTONOMOUS,2023-09-14,Nairobi/Upstream Hub,Nakuru,AGO,Western corridor (Line 4 scenario),510,6381.3989254582775,2023-09-15,2023-09-17,2,6381.3989254582775,REORDER_POINT_BREACH,1,COMPLETED
AUT-B-002595,AUTONOMOUS,2023-09-26,Nairobi/Upstream Hub,Nakuru,AGO,Western corridor (Line 4 scenario),510,6440.217351209754,2023-09-27,2023-09-27,0,6440.217351209754,REORDER_POINT_BREACH,1,COMPLETED
AUT-B-002596,AUTONOMOUS,2023-10-07,Nairobi/Upstream Hub,Nakuru,AGO,Western corridor (Line 4 scenario),510,6596.086478820636,2023-10-08,2023-10-08,0,6596.086478820636,REORDER_POINT_BREACH,1,COMPLETED
AUT-B-002597,AUTONOMOUS,2023-10-17,Nairobi/Upstream Hub,Nakuru,AGO,Western corridor (Line 4 scenario),510,6257.6475969292205,2023-10-18,2023-10-18,0,6257.6475969292205,REORDER_POINT_BREACH,1,COMPLETED
AUT-B-002598,AUTONOMOUS,2023-10-27,Nairobi/Upstream Hub,Nakuru,AGO,Western corridor (Line 4 scenario),510,6457.439152991487,2023-10-28,2023-10-28,0,6457.439152991487,REORDER_POINT_BREACH,1,COMPLETED
AUT-B-002599,AUTONOMOUS,2023-11-07,Nairobi/Upstream Hub,Nakuru,AGO,Western corridor (Line 4 scenario),510,6165.00081610788,2023-11-08,2023-11-08,0,6165.00081610788,REORDER_POINT_BREACH,1,COMPLETED
AUT-B-002600,AUTONOMOUS,2023-11-19,Nairobi/Upstream Hub,Nakuru,AGO,Western corridor (Line 4 scenario),510,6117.9961647888185,2023-11-20,2023-11-20,0,6117.9961647888185,REORDER_POINT_BREACH,1,COMPLETED
AUT-B-002601,AUTONOMOUS,2023-11-30,Nairobi/Upstream Hub,Nakuru,AGO,Western corridor (Line 4 scenario),510,6170.039384241606,2023-12-01,2023-12-01,0,6170.039384241606,REORDER_POINT_BREACH,1,COMPLETED
AUT-B-002602,AUTONOMOUS,2023-12-12,Nairobi/Upstream Hub,Nakuru,AGO,Western corridor (Line 4 scenario),510,6575.007518825816,2023-12-13,2023-12-13,0,6575.007518825816,REORDER_POINT_BREACH,1,COMPLETED
AUT-B-002603,AUTONOMOUS,2023-12-23,Nairobi/Upstream Hub,Nakuru,AGO,Western corridor (Line 4 scenario),510,6133.87302556176,2023-12-24,2023-12-24,0,6133.87302556176,REORDER_POINT_BREACH,1,COMPLETED
AUT-B-002604,AUTONOMOUS,2024-01-03,Nairobi/Upstream Hub,Nakuru,AGO,Western corridor (Line 4 scenario),510,6206.630908604235,2024-01-04,2024-01-06,2,6206.630908604235,REORDER_POINT_BREACH,1,COMPLETED
AUT-B-002605,AUTONOMOUS,2024-01-14,Nairobi/Upstream Hub,Nakuru,AGO,Western corridor (Line 4 scenario),510,6125.781317477573,2024-01-15,2024-01-16,1,6125.781317477573,REORDER_POINT_BREACH,1,COMPLETED
AUT-B-002606,AUTONOMOUS,2024-01-25,Nairobi/Upstream Hub,Nakuru,AGO,Western corridor (Line 4 scenario),510,6450.349803652125,2024-01-26,2024-01-26,0,6450.349803652125,REORDER_POINT_BREACH,1,COMPLETED
AUT-B-002607,AUTONOMOUS,2024-02-06,Nairobi/Upstream Hub,Nakuru,AGO,Western corridor (Line 4 scenario),510,6486.4249068585095,2024-02-07,2024-02-07,0,6486.4249068585095,REORDER_POINT_BREACH,1,COMPLETED
AUT-B-002608,AUTONOMOUS,2024-02-18,Nairobi/Upstream Hub,Nakuru,AGO,Western corridor (Line 4 scenario),510,5964.156390563023,2024-02-19,2024-02-19,0,5964.156390563023,REORDER_POINT_BREACH,1,COMPLETED
AUT-B-002609,AUTONOMOUS,2024-03-01,Nairobi/Upstream Hub,Nakuru,AGO,Western corridor (Line 4 scenario),510,6656.703530438629,2024-03-02,2024-03-03,1,6656.703530438629,REORDER_POINT_BREACH,1,COMPLETED
AUT-B-002610,AUTONOMOUS,2024-03-13,Nairobi/Upstream Hub,Nakuru,AGO,Western corridor (Line 4 scenario),510,6411.081664787356,2024-03-14,2024-03-14,0,6411.081664787356,REORDER_POINT_BREACH,1,COMPLETED
AUT-B-002611,AUTONOMOUS,2024-03-24,Nairobi/Upstream Hub,Nakuru,AGO,Western corridor (Line 4 scenario),510,5965.374458057687,2024-03-25,2024-03-25,0,5965.374458057687,REORDER_POINT_BREACH,1,COMPLETED
AUT-B-002612,AUTONOMOUS,2024-04-04,Nairobi/Upstream Hub,Nakuru,AGO,Western corridor (Line 4 scenario),510,6344.3574752877485,2024-04-05,2024-04-05,0,6344.3574752877485,REORDER_POINT_BREACH,1,COMPLETED
AUT-B-002613,AUTONOMOUS,2024-04-16,Nairobi/Upstream Hub,Nakuru,AGO,Western corridor (Line 4 scenario),510,6538.567826136329,2024-04-17,2024-04-17,0,6538.567826136329,REORDER_POINT_BREACH,1,COMPLETED
AUT-B-002614,AUTONOMOUS,2024-04-28,Nairobi/Upstream Hub,Nakuru,AGO,Western corridor (Line 4 scenario),510,6394.003159643623,2024-04-29,2024-04-29,0,6394.003159643623,REORDER_POINT_BREACH,1,COMPLETED
AUT-B-002615,AUTONOMOUS,2024-05-09,Nairobi/Upstream Hub,Nakuru,AGO,Western corridor (Line 4 scenario),510,6522.544473195039,2024-05-10,2024-05-10,0,6522.544473195039,REORDER_POINT_BREACH,1,COMPLETED
AUT-B-002616,AUTONOMOUS,2024-05-21,Nairobi/Upstream Hub,Nakuru,AGO,Western corridor (Line 4 scenario),510,6454.0375051621995,2024-05-22,2024-05-22,0,6454.0375051621995,REORDER_POINT_BREACH,1,COMPLETED
AUT-B-002617,AUTONOMOUS,2024-06-01,Nairobi/Upstream Hub,Nakuru,AGO,Western corridor (Line 4 scenario),510,6034.540821078697,2024-06-02,2024-06-02,0,6034.540821078697,REORDER_POINT_BREACH,1,COMPLETED
AUT-B-002618,AUTONOMOUS,2024-06-13,Nairobi/Upstream Hub,Nakuru,AGO,Western corridor (Line 4 scenario),510,6286.306054024815,2024-06-14,2024-06-14,0,6286.306054024815,REORDER_POINT_BREACH,1,COMPLETED
AUT-B-002619,AUTONOMOUS,2024-06-25,Nairobi/Upstream Hub,Nakuru,AGO,Western corridor (Line 4 scenario),510,6282.005845449642,2024-06-26,2024-06-27,1,6282.005845449642,REORDER_POINT_BREACH,1,COMPLETED
AUT-B-002620,AUTONOMOUS,2024-07-07,Nairobi/Upstream Hub,Nakuru,AGO,Western corridor (Line 4 scenario),510,6153.121502281566,2024-07-08,2024-07-08,0,6153.121502281566,REORDER_POINT_BREACH,1,COMPLETED
AUT-B-002621,AUTONOMOUS,2024-07-18,Nairobi/Upstream Hub,Nakuru,AGO,Western corridor (Line 4 scenario),510,6177.389044124593,2024-07-19,2024-07-21,2,6177.389044124593,REORDER_POINT_BREACH,1,COMPLETED
AUT-B-002622,AUTONOMOUS,2024-07-30,Nairobi/Upstream Hub,Nakuru,AGO,Western corridor (Line 4 scenario),510,6460.856289427865,2024-07-31,2024-07-31,0,6460.856289427865,REORDER_POINT_BREACH,1,COMPLETED
AUT-B-002623,AUTONOMOUS,2024-08-11,Nairobi/Upstream Hub,Nakuru,AGO,Western corridor (Line 4 scenario),510,6249.512619305686,2024-08-12,2024-08-12,0,6249.512619305686,REORDER_POINT_BREACH,1,COMPLETED
AUT-B-002624,AUTONOMOUS,2024-08-22,Nairobi/Upstream Hub,Nakuru,AGO,Western corridor (Line 4 scenario),510,6045.815121754329,2024-08-23,2024-08-23,0,6045.815121754329,REORDER_POINT_BREACH,1,COMPLETED
AUT-B-002625,AUTONOMOUS,2024-09-03,Nairobi/Upstream Hub,Nakuru,AGO,Western corridor (Line 4 scenario),510,6471.136734253225,2024-09-04,2024-09-04,0,6471.136734253225,REORDER_POINT_BREACH,1,COMPLETED
AUT-B-002626,AUTONOMOUS,2024-09-15,Nairobi/Upstream Hub,Nakuru,AGO,Western corridor (Line 4 scenario),510,6156.735784852545,2024-09-16,2024-09-16,0,6156.735784852545,REORDER_POINT_BREACH,1,COMPLETED
AUT-B-002627,AUTONOMOUS,2024-09-26,Nairobi/Upstream Hub,Nakuru,AGO,Western corridor (Line 4 scenario),510,5998.349246279023,2024-09-27,2024-09-27,0,5998.349246279023,REORDER_POINT_BREACH,1,COMPLETED
AUT-B-002628,AUTONOMOUS,2024-10-07,Nairobi/Upstream Hub,Nakuru,AGO,Western corridor (Line 4 scenario),510,6533.549451404026,2024-10-08,2024-10-09,1,6533.549451404026,REORDER_POINT_BREACH,1,COMPLETED
AUT-B-002629,AUTONOMOUS,2024-10-18,Nairobi/Upstream Hub,Nakuru,AGO,Western corridor (Line 4 scenario),510,6590.609814172914,2024-10-19,2024-10-19,0,6590.609814172914,REORDER_POINT_BREACH,1,COMPLETED
AUT-B-002630,AUTONOMOUS,2024-10-29,Nairobi/Upstream Hub,Nakuru,AGO,Western corridor (Line 4 scenario),510,6816.654907447735,2024-10-30,2024-10-30,0,6816.654907447735,REORDER_POINT_BREACH,1,COMPLETED
AUT-B-002631,AUTONOMOUS,2024-11-10,Nairobi/Upstream Hub,Nakuru,AGO,Western corridor (Line 4 scenario),510,6173.574569870146,2024-11-11,2024-11-11,0,6173.574569870146,REORDER_POINT_BREACH,1,COMPLETED
AUT-B-002632,AUTONOMOUS,2024-11-22,Nairobi/Upstream Hub,Nakuru,AGO,Western corridor (Line 4 scenario),510,6480.295356712401,2024-11-23,2024-11-23,0,6480.295356712401,REORDER_POINT_BREACH,1,COMPLETED
AUT-B-002633,AUTONOMOUS,2024-12-04,Nairobi/Upstream Hub,Nakuru,AGO,Western corridor (Line 4 scenario),510,6234.371587474857,2024-12-05,2024-12-05,0,6234.371587474857,REORDER_POINT_BREACH,1,COMPLETED
AUT-B-002634,AUTONOMOUS,2024-12-16,Nairobi/Upstream Hub,Nakuru,AGO,Western corridor (Line 4 scenario),510,6595.324621064715,2024-12-17,2024-12-17,0,6595.324621064715,REORDER_POINT_BREACH,1,COMPLETED
AUT-B-002635,AUTONOMOUS,2024-12-27,Nairobi/Upstream Hub,Nakuru,AGO,Western corridor (Line 4 scenario),510,6261.120867705086,2024-12-28,2024-12-29,1,6261.120867705086,REORDER_POINT_BREACH,1,COMPLETED
AUT-B-002636,AUTONOMOUS,2025-01-07,Nairobi/Upstream Hub,Nakuru,AGO,Western corridor (Line 4 scenario),510,6417.085332629884,2025-01-08,2025-01-09,1,6417.085332629884,REORDER_POINT_BREACH,1,COMPLETED
AUT-B-002637,AUTONOMOUS,2025-01-18,Nairobi/Upstream Hub,Nakuru,AGO,Western corridor (Line 4 scenario),510,6476.718445369045,2025-01-19,2025-01-19,0,6476.718445369045,REORDER_POINT_BREACH,1,COMPLETED
AUT-B-002638,AUTONOMOUS,2025-01-28,Nairobi/Upstream Hub,Nakuru,AGO,Western corridor (Line 4 scenario),510,6198.093879951285,2025-01-29,2025-01-29,0,6198.093879951285,REORDER_POINT_BREACH,1,COMPLETED
AUT-B-002639,AUTONOMOUS,2025-02-08,Nairobi/Upstream Hub,Nakuru,AGO,Western corridor (Line 4 scenario),510,6376.33214685276,2025-02-09,2025-02-09,0,6376.33214685276,REORDER_POINT_BREACH,1,COMPLETED
AUT-B-002640,AUTONOMOUS,2025-02-19,Nairobi/Upstream Hub,Nakuru,AGO,Western corridor (Line 4 scenario),510,6276.350311994607,2025-02-20,2025-02-20,0,6276.350311994607,REORDER_POINT_BREACH,1,COMPLETED
AUT-B-002641,AUTONOMOUS,2025-03-02,Nairobi/Upstream Hub,Nakuru,AGO,Western corridor (Line 4 scenario),510,5929.41046581254,2025-03-03,2025-03-03,0,5929.41046581254,REORDER_POINT_BREACH,1,COMPLETED
AUT-B-002642,AUTONOMOUS,2025-03-13,Nairobi/Upstream Hub,Nakuru,AGO,Western corridor (Line 4 scenario),510,6436.757528677865,2025-03-14,2025-03-14,0,6436.757528677865,REORDER_POINT_BREACH,1,COMPLETED
AUT-B-002643,AUTONOMOUS,2025-03-24,Nairobi/Upstream Hub,Nakuru,AGO,Western corridor (Line 4 scenario),510,6443.787893614759,2025-03-25,2025-03-25,0,6443.787893614759,REORDER_POINT_BREACH,1,COMPLETED
AUT-B-002644,AUTONOMOUS,2025-04-04,Nairobi/Upstream Hub,Nakuru,AGO,Western corridor (Line 4 scenario),510,6716.627947997338,2025-04-05,2025-04-05,0,6716.627947997338,REORDER_POINT_BREACH,1,COMPLETED
AUT-B-002645,AUTONOMOUS,2025-04-15,Nairobi/Upstream Hub,Nakuru,AGO,Western corridor (Line 4 scenario),510,6473.659636682325,2025-04-16,2025-04-16,0,6473.659636682325,REORDER_POINT_BREACH,1,COMPLETED
AUT-B-002646,AUTONOMOUS,2025-04-26,Nairobi/Upstream Hub,Nakuru,AGO,Western corridor (Line 4 scenario),510,6432.390544738733,2025-04-27,2025-04-27,0,6432.390544738733,REORDER_POINT_BREACH,1,COMPLETED
AUT-B-002647,AUTONOMOUS,2025-05-07,Nairobi/Upstream Hub,Nakuru,AGO,Western corridor (Line 4 scenario),510,6593.383560592964,2025-05-08,2025-05-08,0,6593.383560592964,REORDER_POINT_BREACH,1,COMPLETED
AUT-B-002648,AUTONOMOUS,2025-05-18,Nairobi/Upstream Hub,Nakuru,AGO,Western corridor (Line 4 scenario),510,6247.162829427592,2025-05-19,2025-05-19,0,6247.162829427592,REORDER_POINT_BREACH,1,COMPLETED
AUT-B-002649,AUTONOMOUS,2025-05-28,Nairobi/Upstream Hub,Nakuru,AGO,Western corridor (Line 4 scenario),510,6385.278326595926,2025-05-29,2025-05-29,0,6385.278326595926,REORDER_POINT_BREACH,1,COMPLETED
AUT-B-002650,AUTONOMOUS,2025-06-08,Nairobi/Upstream Hub,Nakuru,AGO,Western corridor (Line 4 scenario),510,6111.88382565134,2025-06-09,2025-06-09,0,6111.88382565134,REORDER_POINT_BREACH,1,COMPLETED
AUT-B-002651,AUTONOMOUS,2025-06-19,Nairobi/Upstream Hub,Nakuru,AGO,Western corridor (Line 4 scenario),510,6303.001688499587,2025-06-20,2025-06-20,0,6303.001688499587,REORDER_POINT_BREACH,1,COMPLETED
AUT-B-002652,AUTONOMOUS,2025-06-30,Nairobi/Upstream Hub,Nakuru,AGO,Western corridor (Line 4 scenario),510,6176.541642134167,2025-07-01,2025-07-01,0,6176.541642134167,REORDER_POINT_BREACH,1,COMPLETED
AUT-B-002653,AUTONOMOUS,2025-07-11,Nairobi/Upstream Hub,Nakuru,AGO,Western corridor (Line 4 scenario),510,6709.844533312464,2025-07-12,2025-07-12,0,6709.844533312464,REORDER_POINT_BREACH,1,COMPLETED
AUT-B-002654,AUTONOMOUS,2025-07-22,Nairobi/Upstream Hub,Nakuru,AGO,Western corridor (Line 4 scenario),510,6046.695878555229,2025-07-23,2025-07-23,0,6046.695878555229,REORDER_POINT_BREACH,1,COMPLETED
AUT-B-002655,AUTONOMOUS,2025-08-02,Nairobi/Upstream Hub,Nakuru,AGO,Western corridor (Line 4 scenario),510,6227.590468083854,2025-08-03,2025-08-03,0,6227.590468083854,REORDER_POINT_BREACH,1,COMPLETED
AUT-B-002656,AUTONOMOUS,2025-08-13,Nairobi/Upstream Hub,Nakuru,AGO,Western corridor (Line 4 scenario),510,6564.08509825438,2025-08-14,2025-08-14,0,6564.08509825438,REORDER_POINT_BREACH,1,COMPLETED
AUT-B-002657,AUTONOMOUS,2025-08-24,Nairobi/Upstream Hub,Nakuru,AGO,Western corridor (Line 4 scenario),510,6149.145767276431,2025-08-25,2025-08-25,0,6149.145767276431,REORDER_POINT_BREACH,1,COMPLETED
AUT-B-002658,AUTONOMOUS,2025-09-03,Nairobi/Upstream Hub,Nakuru,AGO,Western corridor (Line 4 scenario),510,6026.39114909574,2025-09-04,2025-09-04,0,6026.39114909574,REORDER_POINT_BREACH,1,COMPLETED
AUT-B-002659,AUTONOMOUS,2025-09-14,Nairobi/Upstream Hub,Nakuru,AGO,Western corridor (Line 4 scenario),510,5942.96089394177,2025-09-15,2025-09-15,0,5942.96089394177,REORDER_POINT_BREACH,1,COMPLETED
AUT-B-002660,AUTONOMOUS,2025-09-25,Nairobi/Upstream Hub,Nakuru,AGO,Western corridor (Line 4 scenario),510,6391.5001688835955,2025-09-26,2025-09-26,0,6391.5001688835955,REORDER_POINT_BREACH,1,COMPLETED
AUT-B-002661,AUTONOMOUS,2025-10-06,Nairobi/Upstream Hub,Nakuru,AGO,Western corridor (Line 4 scenario),510,6812.950787278154,2025-10-07,2025-10-07,0,6812.950787278154,REORDER_POINT_BREACH,1,COMPLETED
AUT-B-002662,AUTONOMOUS,2025-10-16,Nairobi/Upstream Hub,Nakuru,AGO,Western corridor (Line 4 scenario),510,6637.0719965200715,2025-10-17,2025-10-18,1,6637.0719965200715,REORDER_POINT_BREACH,1,COMPLETED
AUT-B-002663,AUTONOMOUS,2025-10-26,Nairobi/Upstream Hub,Nakuru,AGO,Western corridor (Line 4 scenario),510,6198.261534558417,2025-10-27,2025-10-27,0,6198.261534558417,REORDER_POINT_BREACH,1,COMPLETED
AUT-B-002664,AUTONOMOUS,2025-11-05,Nairobi/Upstream Hub,Nakuru,AGO,Western corridor (Line 4 scenario),510,6102.394882670681,2025-11-06,2025-11-06,0,6102.394882670681,REORDER_POINT_BREACH,1,COMPLETED
AUT-B-002665,AUTONOMOUS,2025-11-17,Nairobi/Upstream Hub,Nakuru,AGO,Western corridor (Line 4 scenario),510,6642.657579152083,2025-11-18,2025-11-18,0,6642.657579152083,REORDER_POINT_BREACH,1,COMPLETED
AUT-B-002666,AUTONOMOUS,2025-11-28,Nairobi/Upstream Hub,Nakuru,AGO,Western corridor (Line 4 scenario),510,6325.787834770446,2025-11-29,2025-11-29,0,6325.787834770446,REORDER_POINT_BREACH,1,COMPLETED
AUT-B-002667,AUTONOMOUS,2025-12-09,Nairobi/Upstream Hub,Nakuru,AGO,Western corridor (Line 4 scenario),510,6576.633409213265,2025-12-10,2025-12-10,0,6576.633409213265,REORDER_POINT_BREACH,1,COMPLETED
AUT-B-002668,AUTONOMOUS,2025-12-20,Nairobi/Upstream Hub,Nakuru,AGO,Western corridor (Line 4 scenario),510,6309.055994947616,2025-12-21,2025-12-22,1,6309.055994947616,REORDER_POINT_BREACH,1,COMPLETED
AUT-B-002669,AUTONOMOUS,2025-12-31,Nairobi/Upstream Hub,Nakuru,AGO,Western corridor (Line 4 scenario),510,6476.767821286025,2026-01-01,2026-01-01,0,6476.767821286025,REORDER_POINT_BREACH,1,COMPLETED
AUT-B-002670,AUTONOMOUS,2026-01-09,Nairobi/Upstream Hub,Nakuru,AGO,Western corridor (Line 4 scenario),510,6272.39400227753,2026-01-10,2026-01-10,0,6272.39400227753,REORDER_POINT_BREACH,1,COMPLETED
AUT-B-002671,AUTONOMOUS,2026-01-19,Nairobi/Upstream Hub,Nakuru,AGO,Western corridor (Line 4 scenario),510,6184.673398374243,2026-01-20,2026-01-21,1,6184.673398374243,REORDER_POINT_BREACH,1,COMPLETED
AUT-B-002672,AUTONOMOUS,2026-01-29,Nairobi/Upstream Hub,Nakuru,AGO,Western corridor (Line 4 scenario),510,6500.431308914556,2026-01-30,2026-01-30,0,6500.431308914556,REORDER_POINT_BREACH,1,COMPLETED
AUT-B-002673,AUTONOMOUS,2026-02-08,Nairobi/Upstream Hub,Nakuru,AGO,Western corridor (Line 4 scenario),510,5935.702904873675,2026-02-09,2026-02-09,0,5935.702904873675,REORDER_POINT_BREACH,1,COMPLETED
AUT-B-002674,AUTONOMOUS,2026-02-19,Nairobi/Upstream Hub,Nakuru,AGO,Western corridor (Line 4 scenario),510,6908.083334057326,2026-02-20,2026-02-22,2,6908.083334057326,REORDER_POINT_BREACH,1,COMPLETED
AUT-B-002675,AUTONOMOUS,2026-03-02,Nairobi/Upstream Hub,Nakuru,AGO,Western corridor (Line 4 scenario),510,6389.611244543435,2026-03-03,2026-03-03,0,6389.611244543435,REORDER_POINT_BREACH,1,COMPLETED
AUT-B-002676,AUTONOMOUS,2026-03-12,Nairobi/Upstream Hub,Nakuru,AGO,Western corridor (Line 4 scenario),510,6248.664887089422,2026-03-13,2026-03-13,0,6248.664887089422,REORDER_POINT_BREACH,1,COMPLETED
AUT-B-002677,AUTONOMOUS,2026-03-23,Nairobi/Upstream Hub,Nakuru,AGO,Western corridor (Line 4 scenario),510,6588.183145181275,2026-03-24,2026-03-24,0,6588.183145181275,REORDER_POINT_BREACH,1,COMPLETED
AUT-B-002678,AUTONOMOUS,2026-04-02,Nairobi/Upstream Hub,Nakuru,AGO,Western corridor (Line 4 scenario),510,6121.923152658172,2026-04-03,2026-04-03,0,6121.923152658172,REORDER_POINT_BREACH,1,COMPLETED
AUT-B-002679,AUTONOMOUS,2026-04-12,Nairobi/Upstream Hub,Nakuru,AGO,Western corridor (Line 4 scenario),510,6065.525988387575,2026-04-13,2026-04-13,0,6065.525988387575,REORDER_POINT_BREACH,1,COMPLETED
AUT-B-002680,AUTONOMOUS,2026-04-22,Nairobi/Upstream Hub,Nakuru,AGO,Western corridor (Line 4 scenario),510,6708.321961946703,2026-04-23,2026-04-23,0,6708.321961946703,REORDER_POINT_BREACH,1,COMPLETED
AUT-B-002681,AUTONOMOUS,2026-05-02,Nairobi/Upstream Hub,Nakuru,AGO,Western corridor (Line 4 scenario),510,6474.811561740842,2026-05-03,2026-05-03,0,6474.811561740842,REORDER_POINT_BREACH,1,COMPLETED
AUT-B-002682,AUTONOMOUS,2026-05-12,Nairobi/Upstream Hub,Nakuru,AGO,Western corridor (Line 4 scenario),510,6858.180952292221,2026-05-13,2026-05-13,0,6858.180952292221,REORDER_POINT_BREACH,1,COMPLETED
AUT-B-002683,AUTONOMOUS,2026-05-22,Nairobi/Upstream Hub,Nakuru,AGO,Western corridor (Line 4 scenario),510,6349.563043941533,2026-05-23,2026-05-23,0,6349.563043941533,REORDER_POINT_BREACH,1,COMPLETED
AUT-B-002684,AUTONOMOUS,2026-06-02,Nairobi/Upstream Hub,Nakuru,AGO,Western corridor (Line 4 scenario),510,6368.093716505869,2026-06-03,2026-06-04,1,6368.093716505869,REORDER_POINT_BREACH,1,COMPLETED
AUT-B-002685,AUTONOMOUS,2026-06-12,Nairobi/Upstream Hub,Nakuru,AGO,Western corridor (Line 4 scenario),510,6100.988699930317,2026-06-13,2026-06-13,0,6100.988699930317,REORDER_POINT_BREACH,1,COMPLETED
AUT-B-002686,AUTONOMOUS,2026-06-23,Nairobi/Upstream Hub,Nakuru,AGO,Western corridor (Line 4 scenario),510,6525.1748215767875,2026-06-24,2026-06-24,0,6525.1748215767875,REORDER_POINT_BREACH,1,COMPLETED
AUT-B-002687,AUTONOMOUS,2026-07-04,Nairobi/Upstream Hub,Nakuru,AGO,Western corridor (Line 4 scenario),510,6630.272360354864,2026-07-05,2026-07-05,0,6630.272360354864,REORDER_POINT_BREACH,1,COMPLETED
AUT-B-002688,AUTONOMOUS,2026-07-14,Nairobi/Upstream Hub,Nakuru,AGO,Western corridor (Line 4 scenario),510,6372.605631243849,2026-07-15,2026-07-15,0,6372.605631243849,REORDER_POINT_BREACH,1,COMPLETED
AUT-B-002689,AUTONOMOUS,2026-07-25,Nairobi/Upstream Hub,Nakuru,AGO,Western corridor (Line 4 scenario),510,6602.6668719989575,2026-07-26,2026-07-27,1,6602.6668719989575,REORDER_POINT_BREACH,1,COMPLETED
AUT-B-002690,AUTONOMOUS,2026-08-04,Nairobi/Upstream Hub,Nakuru,AGO,Western corridor (Line 4 scenario),510,6250.99026951937,2026-08-05,2026-08-05,0,6250.99026951937,REORDER_POINT_BREACH,1,COMPLETED
AUT-B-002691,AUTONOMOUS,2026-08-14,Nairobi/Upstream Hub,Nakuru,AGO,Western corridor (Line 4 scenario),510,6269.960371957344,2026-08-15,2026-08-15,0,6269.960371957344,REORDER_POINT_BREACH,1,COMPLETED
AUT-B-002692,AUTONOMOUS,2026-08-25,Nairobi/Upstream Hub,Nakuru,AGO,Western corridor (Line 4 scenario),510,6743.60713643449,2026-08-26,2026-08-26,0,6743.60713643449,REORDER_POINT_BREACH,1,COMPLETED
AUT-B-002693,AUTONOMOUS,2026-09-04,Nairobi/Upstream Hub,Nakuru,AGO,Western corridor (Line 4 scenario),510,6194.08624037416,2026-09-05,2026-09-05,0,6194.08624037416,REORDER_POINT_BREACH,1,COMPLETED
AUT-B-002694,AUTONOMOUS,2026-09-15,Nairobi/Upstream Hub,Nakuru,AGO,Western corridor (Line 4 scenario),510,6678.788039551417,2026-09-16,2026-09-16,0,6678.788039551417,REORDER_POINT_BREACH,1,SCENARIO_COMPLETED
AUT-B-002695,AUTONOMOUS,2026-09-25,Nairobi/Upstream Hub,Nakuru,AGO,Western corridor (Line 4 scenario),510,6214.11223953589,2026-09-26,2026-09-26,0,6214.11223953589,REORDER_POINT_BREACH,1,SCENARIO_COMPLETED
AUT-B-002696,AUTONOMOUS,2026-10-05,Nairobi/Upstream Hub,Nakuru,AGO,Western corridor (Line 4 scenario),510,6232.208726007782,2026-10-06,2026-10-06,0,6232.208726007782,REORDER_POINT_BREACH,1,SCENARIO_COMPLETED
AUT-B-002697,AUTONOMOUS,2026-10-14,Nairobi/Upstream Hub,Nakuru,AGO,Western corridor (Line 4 scenario),510,6337.118917436597,2026-10-15,2026-10-15,0,6337.118917436597,REORDER_POINT_BREACH,1,SCENARIO_COMPLETED
AUT-B-002698,AUTONOMOUS,2026-10-23,Nairobi/Upstream Hub,Nakuru,AGO,Western corridor (Line 4 scenario),510,6390.716320822627,2026-10-24,2026-10-24,0,6390.716320822627,REORDER_POINT_BREACH,1,SCENARIO_COMPLETED
AUT-B-002699,AUTONOMOUS,2026-11-02,Nairobi/Upstream Hub,Nakuru,AGO,Western corridor (Line 4 scenario),510,6619.0567075066665,2026-11-03,2026-11-03,0,6619.0567075066665,REORDER_POINT_BREACH,1,SCENARIO_COMPLETED
AUT-B-002700,AUTONOMOUS,2026-11-13,Nairobi/Upstream Hub,Nakuru,AGO,Western corridor (Line 4 scenario),510,6605.259338213295,2026-11-14,2026-11-14,0,6605.259338213295,REORDER_POINT_BREACH,1,SCENARIO_COMPLETED
AUT-B-002701,AUTONOMOUS,2026-11-24,Nairobi/Upstream Hub,Nakuru,AGO,Western corridor (Line 4 scenario),510,6496.481577890104,2026-11-25,2026-11-25,0,6496.481577890104,REORDER_POINT_BREACH,1,SCENARIO_COMPLETED
AUT-B-002702,AUTONOMOUS,2026-12-05,Nairobi/Upstream Hub,Nakuru,AGO,Western corridor (Line 4 scenario),510,6658.047461184795,2026-12-06,2026-12-06,0,6658.047461184795,REORDER_POINT_BREACH,1,SCENARIO_COMPLETED
AUT-B-002703,AUTONOMOUS,2026-12-15,Nairobi/Upstream Hub,Nakuru,AGO,Western corridor (Line 4 scenario),510,6211.718705701603,2026-12-16,2026-12-16,0,6211.718705701603,REORDER_POINT_BREACH,1,SCENARIO_COMPLETED
AUT-B-002704,AUTONOMOUS,2026-12-25,Nairobi/Upstream Hub,Nakuru,AGO,Western corridor (Line 4 scenario),510,6257.173098153766,2026-12-26,2026-12-26,0,6257.173098153766,REORDER_POINT_BREACH,1,SCENARIO_COMPLETED
AUT-B-002705,AUTONOMOUS,2021-02-24,Nairobi/Upstream Hub,Nakuru,DPK,Western corridor (Line 4 scenario),510,890.8456978649779,2021-02-25,2021-02-25,0,890.8456978649779,REORDER_POINT_BREACH,1,COMPLETED
AUT-B-002706,AUTONOMOUS,2021-07-13,Nairobi/Upstream Hub,Nakuru,DPK,Western corridor (Line 4 scenario),510,894.9670098384142,2021-07-14,2021-07-14,0,894.9670098384142,REORDER_POINT_BREACH,1,COMPLETED
AUT-B-002707,AUTONOMOUS,2021-12-04,Nairobi/Upstream Hub,Nakuru,DPK,Western corridor (Line 4 scenario),510,894.6026086509207,2021-12-05,2021-12-05,0,894.6026086509207,REORDER_POINT_BREACH,1,COMPLETED
AUT-B-002708,AUTONOMOUS,2022-04-20,Nairobi/Upstream Hub,Nakuru,DPK,Western corridor (Line 4 scenario),510,890.4928070277265,2022-04-21,2022-04-21,0,890.4928070277265,REORDER_POINT_BREACH,1,COMPLETED
AUT-B-002709,AUTONOMOUS,2022-08-29,Nairobi/Upstream Hub,Nakuru,DPK,Western corridor (Line 4 scenario),510,892.9739546763064,2022-08-30,2022-08-30,0,892.9739546763064,REORDER_POINT_BREACH,1,COMPLETED
AUT-B-002710,AUTONOMOUS,2023-01-14,Nairobi/Upstream Hub,Nakuru,DPK,Western corridor (Line 4 scenario),510,890.2988306711181,2023-01-15,2023-01-15,0,890.2988306711181,REORDER_POINT_BREACH,1,COMPLETED
AUT-B-002711,AUTONOMOUS,2023-06-04,Nairobi/Upstream Hub,Nakuru,DPK,Western corridor (Line 4 scenario),510,890.964767248415,2023-06-05,2023-06-05,0,890.964767248415,REORDER_POINT_BREACH,1,COMPLETED
AUT-B-002712,AUTONOMOUS,2023-10-18,Nairobi/Upstream Hub,Nakuru,DPK,Western corridor (Line 4 scenario),510,893.4346589096349,2023-10-19,2023-10-19,0,893.4346589096349,REORDER_POINT_BREACH,1,COMPLETED
AUT-B-002713,AUTONOMOUS,2024-03-09,Nairobi/Upstream Hub,Nakuru,DPK,Western corridor (Line 4 scenario),510,892.649532349325,2024-03-10,2024-03-10,0,892.649532349325,REORDER_POINT_BREACH,1,COMPLETED
AUT-B-002714,AUTONOMOUS,2024-07-26,Nairobi/Upstream Hub,Nakuru,DPK,Western corridor (Line 4 scenario),510,900.3949216159153,2024-07-27,2024-07-27,0,900.3949216159153,REORDER_POINT_BREACH,1,COMPLETED
AUT-B-002715,AUTONOMOUS,2024-12-19,Nairobi/Upstream Hub,Nakuru,DPK,Western corridor (Line 4 scenario),510,892.202380507711,2024-12-20,2024-12-20,0,892.202380507711,REORDER_POINT_BREACH,1,COMPLETED
AUT-B-002716,AUTONOMOUS,2025-05-04,Nairobi/Upstream Hub,Nakuru,DPK,Western corridor (Line 4 scenario),510,896.1235228470491,2025-05-05,2025-05-05,0,896.1235228470491,REORDER_POINT_BREACH,1,COMPLETED
AUT-B-002717,AUTONOMOUS,2025-09-10,Nairobi/Upstream Hub,Nakuru,DPK,Western corridor (Line 4 scenario),510,892.1528551301321,2025-09-11,2025-09-12,1,892.1528551301321,REORDER_POINT_BREACH,1,COMPLETED
AUT-B-002718,AUTONOMOUS,2026-01-22,Nairobi/Upstream Hub,Nakuru,DPK,Western corridor (Line 4 scenario),510,898.4903762570866,2026-01-23,2026-01-23,0,898.4903762570866,REORDER_POINT_BREACH,1,COMPLETED
AUT-B-002719,AUTONOMOUS,2026-05-29,Nairobi/Upstream Hub,Nakuru,DPK,Western corridor (Line 4 scenario),510,894.4685191602798,2026-05-30,2026-05-30,0,894.4685191602798,REORDER_POINT_BREACH,1,COMPLETED
AUT-B-002720,AUTONOMOUS,2026-09-28,Nairobi/Upstream Hub,Nakuru,DPK,Western corridor (Line 4 scenario),510,897.0515558551576,2026-09-29,2026-09-29,0,897.0515558551576,REORDER_POINT_BREACH,1,SCENARIO_COMPLETED
AUT-B-002721,AUTONOMOUS,2021-01-03,Nairobi/Upstream Hub,Nakuru,PMS,Western corridor (Line 4 scenario),510,4936.182194396965,2021-01-04,2021-01-04,0,4936.182194396965,REORDER_POINT_BREACH,1,COMPLETED
AUT-B-002722,AUTONOMOUS,2021-01-12,Nairobi/Upstream Hub,Nakuru,PMS,Western corridor (Line 4 scenario),510,5110.538331296085,2021-01-13,2021-01-13,0,5110.538331296085,REORDER_POINT_BREACH,1,COMPLETED
AUT-B-002723,AUTONOMOUS,2021-01-22,Nairobi/Upstream Hub,Nakuru,PMS,Western corridor (Line 4 scenario),510,5313.981068435501,2021-01-23,2021-01-23,0,5313.981068435501,REORDER_POINT_BREACH,1,COMPLETED
AUT-B-002724,AUTONOMOUS,2021-02-01,Nairobi/Upstream Hub,Nakuru,PMS,Western corridor (Line 4 scenario),510,5303.342969276294,2021-02-02,2021-02-02,0,5303.342969276294,REORDER_POINT_BREACH,1,COMPLETED
AUT-B-002725,AUTONOMOUS,2021-02-12,Nairobi/Upstream Hub,Nakuru,PMS,Western corridor (Line 4 scenario),510,5276.480273945366,2021-02-13,2021-02-13,0,5276.480273945366,REORDER_POINT_BREACH,1,COMPLETED
AUT-B-002726,AUTONOMOUS,2021-02-22,Nairobi/Upstream Hub,Nakuru,PMS,Western corridor (Line 4 scenario),510,4761.919981214134,2021-02-23,2021-02-23,0,4761.919981214134,REORDER_POINT_BREACH,1,COMPLETED
AUT-B-002727,AUTONOMOUS,2021-03-04,Nairobi/Upstream Hub,Nakuru,PMS,Western corridor (Line 4 scenario),510,4922.18385753366,2021-03-05,2021-03-05,0,4922.18385753366,REORDER_POINT_BREACH,1,COMPLETED
AUT-B-002728,AUTONOMOUS,2021-03-14,Nairobi/Upstream Hub,Nakuru,PMS,Western corridor (Line 4 scenario),510,4934.06459502635,2021-03-15,2021-03-15,0,4934.06459502635,REORDER_POINT_BREACH,1,COMPLETED
AUT-B-002729,AUTONOMOUS,2021-03-24,Nairobi/Upstream Hub,Nakuru,PMS,Western corridor (Line 4 scenario),510,5231.044477309553,2021-03-25,2021-03-25,0,5231.044477309553,REORDER_POINT_BREACH,1,COMPLETED
AUT-B-002730,AUTONOMOUS,2021-04-03,Nairobi/Upstream Hub,Nakuru,PMS,Western corridor (Line 4 scenario),510,5189.987052892868,2021-04-04,2021-04-05,1,5189.987052892868,REORDER_POINT_BREACH,1,COMPLETED
AUT-B-002731,AUTONOMOUS,2021-04-13,Nairobi/Upstream Hub,Nakuru,PMS,Western corridor (Line 4 scenario),510,5285.333815519892,2021-04-14,2021-04-14,0,5285.333815519892,REORDER_POINT_BREACH,1,COMPLETED
AUT-B-002732,AUTONOMOUS,2021-04-23,Nairobi/Upstream Hub,Nakuru,PMS,Western corridor (Line 4 scenario),510,5283.265151806339,2021-04-24,2021-04-24,0,5283.265151806339,REORDER_POINT_BREACH,1,COMPLETED
AUT-B-002733,AUTONOMOUS,2021-05-03,Nairobi/Upstream Hub,Nakuru,PMS,Western corridor (Line 4 scenario),510,5144.13319253572,2021-05-04,2021-05-04,0,5144.13319253572,REORDER_POINT_BREACH,1,COMPLETED
AUT-B-002734,AUTONOMOUS,2021-05-13,Nairobi/Upstream Hub,Nakuru,PMS,Western corridor (Line 4 scenario),510,5216.350869251802,2021-05-14,2021-05-14,0,5216.350869251802,REORDER_POINT_BREACH,1,COMPLETED
AUT-B-002735,AUTONOMOUS,2021-05-22,Nairobi/Upstream Hub,Nakuru,PMS,Western corridor (Line 4 scenario),510,4799.579815356933,2021-05-23,2021-05-23,0,4799.579815356933,REORDER_POINT_BREACH,1,COMPLETED
AUT-B-002736,AUTONOMOUS,2021-06-01,Nairobi/Upstream Hub,Nakuru,PMS,Western corridor (Line 4 scenario),510,5041.166723377651,2021-06-02,2021-06-03,1,5041.166723377651,REORDER_POINT_BREACH,1,COMPLETED
AUT-B-002737,AUTONOMOUS,2021-06-11,Nairobi/Upstream Hub,Nakuru,PMS,Western corridor (Line 4 scenario),510,5100.44463747207,2021-06-12,2021-06-12,0,5100.44463747207,REORDER_POINT_BREACH,1,COMPLETED
AUT-B-002738,AUTONOMOUS,2021-06-22,Nairobi/Upstream Hub,Nakuru,PMS,Western corridor (Line 4 scenario),510,5383.447703318765,2021-06-23,2021-06-23,0,5383.447703318765,REORDER_POINT_BREACH,1,COMPLETED
AUT-B-002739,AUTONOMOUS,2021-07-02,Nairobi/Upstream Hub,Nakuru,PMS,Western corridor (Line 4 scenario),510,4837.506636825215,2021-07-03,2021-07-03,0,4837.506636825215,REORDER_POINT_BREACH,1,COMPLETED
AUT-B-002740,AUTONOMOUS,2021-07-12,Nairobi/Upstream Hub,Nakuru,PMS,Western corridor (Line 4 scenario),510,5134.419895309729,2021-07-13,2021-07-13,0,5134.419895309729,REORDER_POINT_BREACH,1,COMPLETED
AUT-B-002741,AUTONOMOUS,2021-07-22,Nairobi/Upstream Hub,Nakuru,PMS,Western corridor (Line 4 scenario),510,5072.812513140055,2021-07-23,2021-07-23,0,5072.812513140055,REORDER_POINT_BREACH,1,COMPLETED
AUT-B-002742,AUTONOMOUS,2021-08-01,Nairobi/Upstream Hub,Nakuru,PMS,Western corridor (Line 4 scenario),510,4797.243771175572,2021-08-02,2021-08-03,1,4797.243771175572,REORDER_POINT_BREACH,1,COMPLETED
AUT-B-002743,AUTONOMOUS,2021-08-11,Nairobi/Upstream Hub,Nakuru,PMS,Western corridor (Line 4 scenario),510,5222.77454410711,2021-08-12,2021-08-12,0,5222.77454410711,REORDER_POINT_BREACH,1,COMPLETED
AUT-B-002744,AUTONOMOUS,2021-08-21,Nairobi/Upstream Hub,Nakuru,PMS,Western corridor (Line 4 scenario),510,4821.155080164777,2021-08-22,2021-08-22,0,4821.155080164777,REORDER_POINT_BREACH,1,COMPLETED
AUT-B-002745,AUTONOMOUS,2021-08-30,Nairobi/Upstream Hub,Nakuru,PMS,Western corridor (Line 4 scenario),510,4843.397381923365,2021-08-31,2021-08-31,0,4843.397381923365,REORDER_POINT_BREACH,1,COMPLETED
AUT-B-002746,AUTONOMOUS,2021-09-09,Nairobi/Upstream Hub,Nakuru,PMS,Western corridor (Line 4 scenario),510,4970.896842296757,2021-09-10,2021-09-11,1,4970.896842296757,REORDER_POINT_BREACH,1,COMPLETED
AUT-B-002747,AUTONOMOUS,2021-09-19,Nairobi/Upstream Hub,Nakuru,PMS,Western corridor (Line 4 scenario),510,4793.508906312538,2021-09-20,2021-09-20,0,4793.508906312538,REORDER_POINT_BREACH,1,COMPLETED
AUT-B-002748,AUTONOMOUS,2021-09-29,Nairobi/Upstream Hub,Nakuru,PMS,Western corridor (Line 4 scenario),510,5051.928808663868,2021-09-30,2021-10-01,1,5051.928808663868,REORDER_POINT_BREACH,1,COMPLETED
AUT-B-002749,AUTONOMOUS,2021-10-09,Nairobi/Upstream Hub,Nakuru,PMS,Western corridor (Line 4 scenario),510,5203.3248554292695,2021-10-10,2021-10-10,0,5203.3248554292695,REORDER_POINT_BREACH,1,COMPLETED
AUT-B-002750,AUTONOMOUS,2021-10-19,Nairobi/Upstream Hub,Nakuru,PMS,Western corridor (Line 4 scenario),510,5354.564184750577,2021-10-20,2021-10-20,0,5354.564184750577,REORDER_POINT_BREACH,1,COMPLETED
AUT-B-002751,AUTONOMOUS,2021-10-29,Nairobi/Upstream Hub,Nakuru,PMS,Western corridor (Line 4 scenario),510,5283.892431323312,2021-10-30,2021-10-30,0,5283.892431323312,REORDER_POINT_BREACH,1,COMPLETED
AUT-B-002752,AUTONOMOUS,2021-11-08,Nairobi/Upstream Hub,Nakuru,PMS,Western corridor (Line 4 scenario),510,4801.472390631326,2021-11-09,2021-11-09,0,4801.472390631326,REORDER_POINT_BREACH,1,COMPLETED
AUT-B-002753,AUTONOMOUS,2021-11-18,Nairobi/Upstream Hub,Nakuru,PMS,Western corridor (Line 4 scenario),510,4811.103974081588,2021-11-19,2021-11-19,0,4811.103974081588,REORDER_POINT_BREACH,1,COMPLETED
AUT-B-002754,AUTONOMOUS,2021-11-28,Nairobi/Upstream Hub,Nakuru,PMS,Western corridor (Line 4 scenario),510,4891.924363906867,2021-11-29,2021-11-29,0,4891.924363906867,REORDER_POINT_BREACH,1,COMPLETED
AUT-B-002755,AUTONOMOUS,2021-12-07,Nairobi/Upstream Hub,Nakuru,PMS,Western corridor (Line 4 scenario),510,5427.499426992128,2021-12-08,2021-12-08,0,5427.499426992128,REORDER_POINT_BREACH,1,COMPLETED
AUT-B-002756,AUTONOMOUS,2021-12-16,Nairobi/Upstream Hub,Nakuru,PMS,Western corridor (Line 4 scenario),510,5215.470721834137,2021-12-17,2021-12-17,0,5215.470721834137,REORDER_POINT_BREACH,1,COMPLETED
AUT-B-002757,AUTONOMOUS,2021-12-25,Nairobi/Upstream Hub,Nakuru,PMS,Western corridor (Line 4 scenario),510,5355.98620603254,2021-12-26,2021-12-26,0,5355.98620603254,REORDER_POINT_BREACH,1,COMPLETED
AUT-B-002758,AUTONOMOUS,2022-01-03,Nairobi/Upstream Hub,Nakuru,PMS,Western corridor (Line 4 scenario),510,5457.813281642582,2022-01-04,2022-01-04,0,5457.813281642582,REORDER_POINT_BREACH,1,COMPLETED
AUT-B-002759,AUTONOMOUS,2022-01-12,Nairobi/Upstream Hub,Nakuru,PMS,Western corridor (Line 4 scenario),510,5160.127328210278,2022-01-13,2022-01-13,0,5160.127328210278,REORDER_POINT_BREACH,1,COMPLETED
AUT-B-002760,AUTONOMOUS,2022-01-21,Nairobi/Upstream Hub,Nakuru,PMS,Western corridor (Line 4 scenario),510,4941.08203245043,2022-01-22,2022-01-22,0,4941.08203245043,REORDER_POINT_BREACH,1,COMPLETED
AUT-B-002761,AUTONOMOUS,2022-01-31,Nairobi/Upstream Hub,Nakuru,PMS,Western corridor (Line 4 scenario),510,5451.28396134997,2022-02-01,2022-02-01,0,5451.28396134997,REORDER_POINT_BREACH,1,COMPLETED
AUT-B-002762,AUTONOMOUS,2022-02-10,Nairobi/Upstream Hub,Nakuru,PMS,Western corridor (Line 4 scenario),510,4997.649475409308,2022-02-11,2022-02-11,0,4997.649475409308,REORDER_POINT_BREACH,1,COMPLETED
AUT-B-002763,AUTONOMOUS,2022-02-20,Nairobi/Upstream Hub,Nakuru,PMS,Western corridor (Line 4 scenario),510,4718.022760847152,2022-02-21,2022-02-21,0,4718.022760847152,REORDER_POINT_BREACH,1,COMPLETED
AUT-B-002764,AUTONOMOUS,2022-03-02,Nairobi/Upstream Hub,Nakuru,PMS,Western corridor (Line 4 scenario),510,5364.939016293296,2022-03-03,2022-03-03,0,5364.939016293296,REORDER_POINT_BREACH,1,COMPLETED
AUT-B-002765,AUTONOMOUS,2022-03-11,Nairobi/Upstream Hub,Nakuru,PMS,Western corridor (Line 4 scenario),510,5049.032497898214,2022-03-12,2022-03-12,0,5049.032497898214,REORDER_POINT_BREACH,1,COMPLETED
AUT-B-002766,AUTONOMOUS,2022-03-21,Nairobi/Upstream Hub,Nakuru,PMS,Western corridor (Line 4 scenario),510,5356.964110342451,2022-03-22,2022-03-22,0,5356.964110342451,REORDER_POINT_BREACH,1,COMPLETED
AUT-B-002767,AUTONOMOUS,2022-03-30,Nairobi/Upstream Hub,Nakuru,PMS,Western corridor (Line 4 scenario),510,4935.473940473605,2022-03-31,2022-03-31,0,4935.473940473605,REORDER_POINT_BREACH,1,COMPLETED
AUT-B-002768,AUTONOMOUS,2022-04-09,Nairobi/Upstream Hub,Nakuru,PMS,Western corridor (Line 4 scenario),510,5143.099632191164,2022-04-10,2022-04-10,0,5143.099632191164,REORDER_POINT_BREACH,1,COMPLETED
AUT-B-002769,AUTONOMOUS,2022-04-18,Nairobi/Upstream Hub,Nakuru,PMS,Western corridor (Line 4 scenario),510,5029.3137048100825,2022-04-19,2022-04-19,0,5029.3137048100825,REORDER_POINT_BREACH,1,COMPLETED
AUT-B-002770,AUTONOMOUS,2022-04-28,Nairobi/Upstream Hub,Nakuru,PMS,Western corridor (Line 4 scenario),510,5391.064545103085,2022-04-29,2022-04-29,0,5391.064545103085,REORDER_POINT_BREACH,1,COMPLETED
AUT-B-002771,AUTONOMOUS,2022-05-07,Nairobi/Upstream Hub,Nakuru,PMS,Western corridor (Line 4 scenario),510,5271.736073446187,2022-05-08,2022-05-08,0,5271.736073446187,REORDER_POINT_BREACH,1,COMPLETED
AUT-B-002772,AUTONOMOUS,2022-05-17,Nairobi/Upstream Hub,Nakuru,PMS,Western corridor (Line 4 scenario),510,5457.874408346886,2022-05-18,2022-05-19,1,5457.874408346886,REORDER_POINT_BREACH,1,COMPLETED
AUT-B-002773,AUTONOMOUS,2022-05-26,Nairobi/Upstream Hub,Nakuru,PMS,Western corridor (Line 4 scenario),510,4856.9263268332315,2022-05-27,2022-05-27,0,4856.9263268332315,REORDER_POINT_BREACH,1,COMPLETED
AUT-B-002774,AUTONOMOUS,2022-06-04,Nairobi/Upstream Hub,Nakuru,PMS,Western corridor (Line 4 scenario),510,4784.019758005592,2022-06-05,2022-06-05,0,4784.019758005592,REORDER_POINT_BREACH,1,COMPLETED
AUT-B-002775,AUTONOMOUS,2022-06-14,Nairobi/Upstream Hub,Nakuru,PMS,Western corridor (Line 4 scenario),510,5046.8550914853495,2022-06-15,2022-06-15,0,5046.8550914853495,REORDER_POINT_BREACH,1,COMPLETED
AUT-B-002776,AUTONOMOUS,2022-06-24,Nairobi/Upstream Hub,Nakuru,PMS,Western corridor (Line 4 scenario),510,5238.377075328137,2022-06-25,2022-06-26,1,5238.377075328137,REORDER_POINT_BREACH,1,COMPLETED
AUT-B-002777,AUTONOMOUS,2022-07-04,Nairobi/Upstream Hub,Nakuru,PMS,Western corridor (Line 4 scenario),510,4951.013639701401,2022-07-05,2022-07-05,0,4951.013639701401,REORDER_POINT_BREACH,1,COMPLETED
AUT-B-002778,AUTONOMOUS,2022-07-14,Nairobi/Upstream Hub,Nakuru,PMS,Western corridor (Line 4 scenario),510,5324.937588436319,2022-07-15,2022-07-15,0,5324.937588436319,REORDER_POINT_BREACH,1,COMPLETED
AUT-B-002779,AUTONOMOUS,2022-07-24,Nairobi/Upstream Hub,Nakuru,PMS,Western corridor (Line 4 scenario),510,4954.725569995747,2022-07-25,2022-07-25,0,4954.725569995747,REORDER_POINT_BREACH,1,COMPLETED
AUT-B-002780,AUTONOMOUS,2022-08-02,Nairobi/Upstream Hub,Nakuru,PMS,Western corridor (Line 4 scenario),510,5117.764908743983,2022-08-03,2022-08-03,0,5117.764908743983,REORDER_POINT_BREACH,1,COMPLETED
AUT-B-002781,AUTONOMOUS,2022-08-11,Nairobi/Upstream Hub,Nakuru,PMS,Western corridor (Line 4 scenario),510,4880.245812612424,2022-08-12,2022-08-12,0,4880.245812612424,REORDER_POINT_BREACH,1,COMPLETED
AUT-B-002782,AUTONOMOUS,2022-08-21,Nairobi/Upstream Hub,Nakuru,PMS,Western corridor (Line 4 scenario),510,5012.020793931588,2022-08-22,2022-08-22,0,5012.020793931588,REORDER_POINT_BREACH,1,COMPLETED
AUT-B-002783,AUTONOMOUS,2022-08-30,Nairobi/Upstream Hub,Nakuru,PMS,Western corridor (Line 4 scenario),510,5319.518406813165,2022-08-31,2022-08-31,0,5319.518406813165,REORDER_POINT_BREACH,1,COMPLETED
AUT-B-002784,AUTONOMOUS,2022-09-09,Nairobi/Upstream Hub,Nakuru,PMS,Western corridor (Line 4 scenario),510,5167.738398204647,2022-09-10,2022-09-10,0,5167.738398204647,REORDER_POINT_BREACH,1,COMPLETED
AUT-B-002785,AUTONOMOUS,2022-09-19,Nairobi/Upstream Hub,Nakuru,PMS,Western corridor (Line 4 scenario),510,4912.15587427475,2022-09-20,2022-09-21,1,4912.15587427475,REORDER_POINT_BREACH,1,COMPLETED
AUT-B-002786,AUTONOMOUS,2022-09-29,Nairobi/Upstream Hub,Nakuru,PMS,Western corridor (Line 4 scenario),510,5470.846377352532,2022-09-30,2022-09-30,0,5470.846377352532,REORDER_POINT_BREACH,1,COMPLETED
AUT-B-002787,AUTONOMOUS,2022-10-09,Nairobi/Upstream Hub,Nakuru,PMS,Western corridor (Line 4 scenario),510,5116.902849724151,2022-10-10,2022-10-10,0,5116.902849724151,REORDER_POINT_BREACH,1,COMPLETED
AUT-B-002788,AUTONOMOUS,2022-10-18,Nairobi/Upstream Hub,Nakuru,PMS,Western corridor (Line 4 scenario),510,4863.044166502378,2022-10-19,2022-10-19,0,4863.044166502378,REORDER_POINT_BREACH,1,COMPLETED
AUT-B-002789,AUTONOMOUS,2022-10-27,Nairobi/Upstream Hub,Nakuru,PMS,Western corridor (Line 4 scenario),510,5160.738714636068,2022-10-28,2022-10-28,0,5160.738714636068,REORDER_POINT_BREACH,1,COMPLETED
AUT-B-002790,AUTONOMOUS,2022-11-06,Nairobi/Upstream Hub,Nakuru,PMS,Western corridor (Line 4 scenario),510,4926.448990089727,2022-11-07,2022-11-07,0,4926.448990089727,REORDER_POINT_BREACH,1,COMPLETED
AUT-B-002791,AUTONOMOUS,2022-11-15,Nairobi/Upstream Hub,Nakuru,PMS,Western corridor (Line 4 scenario),510,4805.576125093816,2022-11-16,2022-11-16,0,4805.576125093816,REORDER_POINT_BREACH,1,COMPLETED
AUT-B-002792,AUTONOMOUS,2022-11-25,Nairobi/Upstream Hub,Nakuru,PMS,Western corridor (Line 4 scenario),510,5290.465846425959,2022-11-26,2022-11-26,0,5290.465846425959,REORDER_POINT_BREACH,1,COMPLETED
AUT-B-002793,AUTONOMOUS,2022-12-05,Nairobi/Upstream Hub,Nakuru,PMS,Western corridor (Line 4 scenario),510,5374.391379391457,2022-12-06,2022-12-07,1,5374.391379391457,REORDER_POINT_BREACH,1,COMPLETED
AUT-B-002794,AUTONOMOUS,2022-12-13,Nairobi/Upstream Hub,Nakuru,PMS,Western corridor (Line 4 scenario),510,4977.99903143558,2022-12-14,2022-12-14,0,4977.99903143558,REORDER_POINT_BREACH,1,COMPLETED
AUT-B-002795,AUTONOMOUS,2022-12-22,Nairobi/Upstream Hub,Nakuru,PMS,Western corridor (Line 4 scenario),510,5641.049405021073,2022-12-23,2022-12-23,0,5641.049405021073,REORDER_POINT_BREACH,1,COMPLETED
AUT-B-002796,AUTONOMOUS,2022-12-30,Nairobi/Upstream Hub,Nakuru,PMS,Western corridor (Line 4 scenario),510,5103.129039163698,2022-12-31,2022-12-31,0,5103.129039163698,REORDER_POINT_BREACH,1,COMPLETED
AUT-B-002797,AUTONOMOUS,2023-01-08,Nairobi/Upstream Hub,Nakuru,PMS,Western corridor (Line 4 scenario),510,5190.546094780806,2023-01-09,2023-01-09,0,5190.546094780806,REORDER_POINT_BREACH,1,COMPLETED
AUT-B-002798,AUTONOMOUS,2023-01-18,Nairobi/Upstream Hub,Nakuru,PMS,Western corridor (Line 4 scenario),510,5352.1085198455985,2023-01-19,2023-01-19,0,5352.1085198455985,REORDER_POINT_BREACH,1,COMPLETED
AUT-B-002799,AUTONOMOUS,2023-01-27,Nairobi/Upstream Hub,Nakuru,PMS,Western corridor (Line 4 scenario),510,5019.478252897224,2023-01-28,2023-01-28,0,5019.478252897224,REORDER_POINT_BREACH,1,COMPLETED
AUT-B-002800,AUTONOMOUS,2023-02-06,Nairobi/Upstream Hub,Nakuru,PMS,Western corridor (Line 4 scenario),510,4702.032366468755,2023-02-07,2023-02-07,0,4702.032366468755,REORDER_POINT_BREACH,1,COMPLETED
AUT-B-002801,AUTONOMOUS,2023-02-16,Nairobi/Upstream Hub,Nakuru,PMS,Western corridor (Line 4 scenario),510,5157.7257280122385,2023-02-17,2023-02-17,0,5157.7257280122385,REORDER_POINT_BREACH,1,COMPLETED
AUT-B-002802,AUTONOMOUS,2023-02-26,Nairobi/Upstream Hub,Nakuru,PMS,Western corridor (Line 4 scenario),510,4849.3660568363075,2023-02-27,2023-02-27,0,4849.3660568363075,REORDER_POINT_BREACH,1,COMPLETED
AUT-B-002803,AUTONOMOUS,2023-03-08,Nairobi/Upstream Hub,Nakuru,PMS,Western corridor (Line 4 scenario),510,5392.747861559354,2023-03-09,2023-03-09,0,5392.747861559354,REORDER_POINT_BREACH,1,COMPLETED
AUT-B-002804,AUTONOMOUS,2023-03-17,Nairobi/Upstream Hub,Nakuru,PMS,Western corridor (Line 4 scenario),510,4947.3183118131765,2023-03-18,2023-03-18,0,4947.3183118131765,REORDER_POINT_BREACH,1,COMPLETED
AUT-B-002805,AUTONOMOUS,2023-03-27,Nairobi/Upstream Hub,Nakuru,PMS,Western corridor (Line 4 scenario),510,4941.792760800044,2023-03-28,2023-03-28,0,4941.792760800044,REORDER_POINT_BREACH,1,COMPLETED
AUT-B-002806,AUTONOMOUS,2023-04-05,Nairobi/Upstream Hub,Nakuru,PMS,Western corridor (Line 4 scenario),510,4813.891667302058,2023-04-06,2023-04-06,0,4813.891667302058,REORDER_POINT_BREACH,1,COMPLETED
AUT-B-002807,AUTONOMOUS,2023-04-14,Nairobi/Upstream Hub,Nakuru,PMS,Western corridor (Line 4 scenario),510,4954.00308245628,2023-04-15,2023-04-15,0,4954.00308245628,REORDER_POINT_BREACH,1,COMPLETED
AUT-B-002808,AUTONOMOUS,2023-04-24,Nairobi/Upstream Hub,Nakuru,PMS,Western corridor (Line 4 scenario),510,5027.357704380533,2023-04-25,2023-04-25,0,5027.357704380533,REORDER_POINT_BREACH,1,COMPLETED
AUT-B-002809,AUTONOMOUS,2023-05-03,Nairobi/Upstream Hub,Nakuru,PMS,Western corridor (Line 4 scenario),510,4906.107911649287,2023-05-04,2023-05-04,0,4906.107911649287,REORDER_POINT_BREACH,1,COMPLETED
AUT-B-002810,AUTONOMOUS,2023-05-12,Nairobi/Upstream Hub,Nakuru,PMS,Western corridor (Line 4 scenario),510,4924.511346834098,2023-05-13,2023-05-13,0,4924.511346834098,REORDER_POINT_BREACH,1,COMPLETED
AUT-B-002811,AUTONOMOUS,2023-05-22,Nairobi/Upstream Hub,Nakuru,PMS,Western corridor (Line 4 scenario),510,5348.409696156917,2023-05-23,2023-05-23,0,5348.409696156917,REORDER_POINT_BREACH,1,COMPLETED
AUT-B-002812,AUTONOMOUS,2023-06-01,Nairobi/Upstream Hub,Nakuru,PMS,Western corridor (Line 4 scenario),510,5279.861094460187,2023-06-02,2023-06-04,2,5279.861094460187,REORDER_POINT_BREACH,1,COMPLETED
AUT-B-002813,AUTONOMOUS,2023-06-11,Nairobi/Upstream Hub,Nakuru,PMS,Western corridor (Line 4 scenario),510,4598.878407196128,2023-06-12,2023-06-13,1,4598.878407196128,REORDER_POINT_BREACH,1,COMPLETED
AUT-B-002814,AUTONOMOUS,2023-06-21,Nairobi/Upstream Hub,Nakuru,PMS,Western corridor (Line 4 scenario),510,5144.828760553429,2023-06-22,2023-06-22,0,5144.828760553429,REORDER_POINT_BREACH,1,COMPLETED
AUT-B-002815,AUTONOMOUS,2023-07-01,Nairobi/Upstream Hub,Nakuru,PMS,Western corridor (Line 4 scenario),510,4916.3271916629,2023-07-02,2023-07-02,0,4916.3271916629,REORDER_POINT_BREACH,1,COMPLETED
AUT-B-002816,AUTONOMOUS,2023-07-11,Nairobi/Upstream Hub,Nakuru,PMS,Western corridor (Line 4 scenario),510,5412.184450492966,2023-07-12,2023-07-12,0,5412.184450492966,REORDER_POINT_BREACH,1,COMPLETED
AUT-B-002817,AUTONOMOUS,2023-07-21,Nairobi/Upstream Hub,Nakuru,PMS,Western corridor (Line 4 scenario),510,5157.120078568974,2023-07-22,2023-07-22,0,5157.120078568974,REORDER_POINT_BREACH,1,COMPLETED
AUT-B-002818,AUTONOMOUS,2023-07-31,Nairobi/Upstream Hub,Nakuru,PMS,Western corridor (Line 4 scenario),510,4917.501245606257,2023-08-01,2023-08-01,0,4917.501245606257,REORDER_POINT_BREACH,1,COMPLETED
AUT-B-002819,AUTONOMOUS,2023-08-09,Nairobi/Upstream Hub,Nakuru,PMS,Western corridor (Line 4 scenario),510,4966.473673014788,2023-08-10,2023-08-10,0,4966.473673014788,REORDER_POINT_BREACH,1,COMPLETED
AUT-B-002820,AUTONOMOUS,2023-08-19,Nairobi/Upstream Hub,Nakuru,PMS,Western corridor (Line 4 scenario),510,4997.799257693836,2023-08-20,2023-08-20,0,4997.799257693836,REORDER_POINT_BREACH,1,COMPLETED
AUT-B-002821,AUTONOMOUS,2023-08-29,Nairobi/Upstream Hub,Nakuru,PMS,Western corridor (Line 4 scenario),510,5266.723464621539,2023-08-30,2023-08-30,0,5266.723464621539,REORDER_POINT_BREACH,1,COMPLETED
AUT-B-002822,AUTONOMOUS,2023-09-08,Nairobi/Upstream Hub,Nakuru,PMS,Western corridor (Line 4 scenario),510,4963.250213139255,2023-09-09,2023-09-09,0,4963.250213139255,REORDER_POINT_BREACH,1,COMPLETED
AUT-B-002823,AUTONOMOUS,2023-09-18,Nairobi/Upstream Hub,Nakuru,PMS,Western corridor (Line 4 scenario),510,4916.925514522073,2023-09-19,2023-09-19,0,4916.925514522073,REORDER_POINT_BREACH,1,COMPLETED
AUT-B-002824,AUTONOMOUS,2023-09-28,Nairobi/Upstream Hub,Nakuru,PMS,Western corridor (Line 4 scenario),510,5095.801929427718,2023-09-29,2023-09-30,1,5095.801929427718,REORDER_POINT_BREACH,1,COMPLETED
AUT-B-002825,AUTONOMOUS,2023-10-08,Nairobi/Upstream Hub,Nakuru,PMS,Western corridor (Line 4 scenario),510,4849.649753924124,2023-10-09,2023-10-09,0,4849.649753924124,REORDER_POINT_BREACH,1,COMPLETED
AUT-B-002826,AUTONOMOUS,2023-10-17,Nairobi/Upstream Hub,Nakuru,PMS,Western corridor (Line 4 scenario),510,4943.520993486146,2023-10-18,2023-10-18,0,4943.520993486146,REORDER_POINT_BREACH,1,COMPLETED
AUT-B-002827,AUTONOMOUS,2023-10-26,Nairobi/Upstream Hub,Nakuru,PMS,Western corridor (Line 4 scenario),510,4939.870891061779,2023-10-27,2023-10-27,0,4939.870891061779,REORDER_POINT_BREACH,1,COMPLETED
AUT-B-002828,AUTONOMOUS,2023-11-05,Nairobi/Upstream Hub,Nakuru,PMS,Western corridor (Line 4 scenario),510,4992.5001282430985,2023-11-06,2023-11-06,0,4992.5001282430985,REORDER_POINT_BREACH,1,COMPLETED
AUT-B-002829,AUTONOMOUS,2023-11-15,Nairobi/Upstream Hub,Nakuru,PMS,Western corridor (Line 4 scenario),510,5064.5180903893315,2023-11-16,2023-11-16,0,5064.5180903893315,REORDER_POINT_BREACH,1,COMPLETED
AUT-B-002830,AUTONOMOUS,2023-11-25,Nairobi/Upstream Hub,Nakuru,PMS,Western corridor (Line 4 scenario),510,4824.317349280263,2023-11-26,2023-11-26,0,4824.317349280263,REORDER_POINT_BREACH,1,COMPLETED
AUT-B-002831,AUTONOMOUS,2023-12-05,Nairobi/Upstream Hub,Nakuru,PMS,Western corridor (Line 4 scenario),510,5312.142951748118,2023-12-06,2023-12-06,0,5312.142951748118,REORDER_POINT_BREACH,1,COMPLETED
AUT-B-002832,AUTONOMOUS,2023-12-13,Nairobi/Upstream Hub,Nakuru,PMS,Western corridor (Line 4 scenario),510,4977.192959799537,2023-12-14,2023-12-14,0,4977.192959799537,REORDER_POINT_BREACH,1,COMPLETED
AUT-B-002833,AUTONOMOUS,2023-12-22,Nairobi/Upstream Hub,Nakuru,PMS,Western corridor (Line 4 scenario),510,5440.69104341849,2023-12-23,2023-12-23,0,5440.69104341849,REORDER_POINT_BREACH,1,COMPLETED
AUT-B-002834,AUTONOMOUS,2023-12-31,Nairobi/Upstream Hub,Nakuru,PMS,Western corridor (Line 4 scenario),510,5234.062648263139,2024-01-01,2024-01-01,0,5234.062648263139,REORDER_POINT_BREACH,1,COMPLETED
AUT-B-002835,AUTONOMOUS,2024-01-08,Nairobi/Upstream Hub,Nakuru,PMS,Western corridor (Line 4 scenario),510,5008.996639224672,2024-01-09,2024-01-09,0,5008.996639224672,REORDER_POINT_BREACH,1,COMPLETED
AUT-B-002836,AUTONOMOUS,2024-01-18,Nairobi/Upstream Hub,Nakuru,PMS,Western corridor (Line 4 scenario),510,5367.88694901269,2024-01-19,2024-01-19,0,5367.88694901269,REORDER_POINT_BREACH,1,COMPLETED
AUT-B-002837,AUTONOMOUS,2024-01-28,Nairobi/Upstream Hub,Nakuru,PMS,Western corridor (Line 4 scenario),510,5029.8252297455265,2024-01-29,2024-01-29,0,5029.8252297455265,REORDER_POINT_BREACH,1,COMPLETED
AUT-B-002838,AUTONOMOUS,2024-02-07,Nairobi/Upstream Hub,Nakuru,PMS,Western corridor (Line 4 scenario),510,5137.7393171989615,2024-02-08,2024-02-08,0,5137.7393171989615,REORDER_POINT_BREACH,1,COMPLETED
AUT-B-002839,AUTONOMOUS,2024-02-17,Nairobi/Upstream Hub,Nakuru,PMS,Western corridor (Line 4 scenario),510,4740.201424106417,2024-02-18,2024-02-18,0,4740.201424106417,REORDER_POINT_BREACH,1,COMPLETED
AUT-B-002840,AUTONOMOUS,2024-02-27,Nairobi/Upstream Hub,Nakuru,PMS,Western corridor (Line 4 scenario),510,4783.628549641281,2024-02-28,2024-02-28,0,4783.628549641281,REORDER_POINT_BREACH,1,COMPLETED
AUT-B-002841,AUTONOMOUS,2024-03-08,Nairobi/Upstream Hub,Nakuru,PMS,Western corridor (Line 4 scenario),510,5332.143234081372,2024-03-09,2024-03-09,0,5332.143234081372,REORDER_POINT_BREACH,1,COMPLETED
AUT-B-002842,AUTONOMOUS,2024-03-18,Nairobi/Upstream Hub,Nakuru,PMS,Western corridor (Line 4 scenario),510,4814.577213301741,2024-03-19,2024-03-19,0,4814.577213301741,REORDER_POINT_BREACH,1,COMPLETED
AUT-B-002843,AUTONOMOUS,2024-03-28,Nairobi/Upstream Hub,Nakuru,PMS,Western corridor (Line 4 scenario),510,5166.0170540284325,2024-03-29,2024-03-29,0,5166.0170540284325,REORDER_POINT_BREACH,1,COMPLETED
AUT-B-002844,AUTONOMOUS,2024-04-07,Nairobi/Upstream Hub,Nakuru,PMS,Western corridor (Line 4 scenario),510,5068.0692999310995,2024-04-08,2024-04-08,0,5068.0692999310995,REORDER_POINT_BREACH,1,COMPLETED
AUT-B-002845,AUTONOMOUS,2024-04-17,Nairobi/Upstream Hub,Nakuru,PMS,Western corridor (Line 4 scenario),510,5423.6863526784355,2024-04-18,2024-04-18,0,5423.6863526784355,REORDER_POINT_BREACH,1,COMPLETED
AUT-B-002846,AUTONOMOUS,2024-04-27,Nairobi/Upstream Hub,Nakuru,PMS,Western corridor (Line 4 scenario),510,4938.547618871451,2024-04-28,2024-04-28,0,4938.547618871451,REORDER_POINT_BREACH,1,COMPLETED
AUT-B-002847,AUTONOMOUS,2024-05-07,Nairobi/Upstream Hub,Nakuru,PMS,Western corridor (Line 4 scenario),510,5373.592292677256,2024-05-08,2024-05-08,0,5373.592292677256,REORDER_POINT_BREACH,1,COMPLETED
AUT-B-002848,AUTONOMOUS,2024-05-17,Nairobi/Upstream Hub,Nakuru,PMS,Western corridor (Line 4 scenario),510,5269.004439230286,2024-05-18,2024-05-18,0,5269.004439230286,REORDER_POINT_BREACH,1,COMPLETED
AUT-B-002849,AUTONOMOUS,2024-05-27,Nairobi/Upstream Hub,Nakuru,PMS,Western corridor (Line 4 scenario),510,4820.406816133434,2024-05-28,2024-05-28,0,4820.406816133434,REORDER_POINT_BREACH,1,COMPLETED
AUT-B-002850,AUTONOMOUS,2024-06-06,Nairobi/Upstream Hub,Nakuru,PMS,Western corridor (Line 4 scenario),510,5303.666723983749,2024-06-07,2024-06-07,0,5303.666723983749,REORDER_POINT_BREACH,1,COMPLETED
AUT-B-002851,AUTONOMOUS,2024-06-17,Nairobi/Upstream Hub,Nakuru,PMS,Western corridor (Line 4 scenario),510,5224.816432533887,2024-06-18,2024-06-18,0,5224.816432533887,REORDER_POINT_BREACH,1,COMPLETED
AUT-B-002852,AUTONOMOUS,2024-06-27,Nairobi/Upstream Hub,Nakuru,PMS,Western corridor (Line 4 scenario),510,5028.528269225807,2024-06-28,2024-06-28,0,5028.528269225807,REORDER_POINT_BREACH,1,COMPLETED
AUT-B-002853,AUTONOMOUS,2024-07-07,Nairobi/Upstream Hub,Nakuru,PMS,Western corridor (Line 4 scenario),510,4783.86550165977,2024-07-08,2024-07-08,0,4783.86550165977,REORDER_POINT_BREACH,1,COMPLETED
AUT-B-002854,AUTONOMOUS,2024-07-17,Nairobi/Upstream Hub,Nakuru,PMS,Western corridor (Line 4 scenario),510,5167.383971199433,2024-07-18,2024-07-18,0,5167.383971199433,REORDER_POINT_BREACH,1,COMPLETED
AUT-B-002855,AUTONOMOUS,2024-07-27,Nairobi/Upstream Hub,Nakuru,PMS,Western corridor (Line 4 scenario),510,4824.263464803879,2024-07-28,2024-07-28,0,4824.263464803879,REORDER_POINT_BREACH,1,COMPLETED
AUT-B-002856,AUTONOMOUS,2024-08-06,Nairobi/Upstream Hub,Nakuru,PMS,Western corridor (Line 4 scenario),510,5055.346656984,2024-08-07,2024-08-07,0,5055.346656984,REORDER_POINT_BREACH,1,COMPLETED
AUT-B-002857,AUTONOMOUS,2024-08-16,Nairobi/Upstream Hub,Nakuru,PMS,Western corridor (Line 4 scenario),510,5075.494319825388,2024-08-17,2024-08-17,0,5075.494319825388,REORDER_POINT_BREACH,1,COMPLETED
AUT-B-002858,AUTONOMOUS,2024-08-26,Nairobi/Upstream Hub,Nakuru,PMS,Western corridor (Line 4 scenario),510,5083.4681118709195,2024-08-27,2024-08-27,0,5083.4681118709195,REORDER_POINT_BREACH,1,COMPLETED
AUT-B-002859,AUTONOMOUS,2024-09-05,Nairobi/Upstream Hub,Nakuru,PMS,Western corridor (Line 4 scenario),510,4982.732982390465,2024-09-06,2024-09-06,0,4982.732982390465,REORDER_POINT_BREACH,1,COMPLETED
AUT-B-002860,AUTONOMOUS,2024-09-16,Nairobi/Upstream Hub,Nakuru,PMS,Western corridor (Line 4 scenario),510,5294.07653287315,2024-09-17,2024-09-17,0,5294.07653287315,REORDER_POINT_BREACH,1,COMPLETED
AUT-B-002861,AUTONOMOUS,2024-09-26,Nairobi/Upstream Hub,Nakuru,PMS,Western corridor (Line 4 scenario),510,4952.410480607298,2024-09-27,2024-09-27,0,4952.410480607298,REORDER_POINT_BREACH,1,COMPLETED
AUT-B-002862,AUTONOMOUS,2024-10-06,Nairobi/Upstream Hub,Nakuru,PMS,Western corridor (Line 4 scenario),510,4769.810885985699,2024-10-07,2024-10-07,0,4769.810885985699,REORDER_POINT_BREACH,1,COMPLETED
AUT-B-002863,AUTONOMOUS,2024-10-15,Nairobi/Upstream Hub,Nakuru,PMS,Western corridor (Line 4 scenario),510,4852.415949038561,2024-10-16,2024-10-17,1,4852.415949038561,REORDER_POINT_BREACH,1,COMPLETED
AUT-B-002864,AUTONOMOUS,2024-10-25,Nairobi/Upstream Hub,Nakuru,PMS,Western corridor (Line 4 scenario),510,5224.667520268621,2024-10-26,2024-10-26,0,5224.667520268621,REORDER_POINT_BREACH,1,COMPLETED
AUT-B-002865,AUTONOMOUS,2024-11-04,Nairobi/Upstream Hub,Nakuru,PMS,Western corridor (Line 4 scenario),510,4925.718296677689,2024-11-05,2024-11-05,0,4925.718296677689,REORDER_POINT_BREACH,1,COMPLETED
AUT-B-002866,AUTONOMOUS,2024-11-15,Nairobi/Upstream Hub,Nakuru,PMS,Western corridor (Line 4 scenario),510,5352.281973230523,2024-11-16,2024-11-16,0,5352.281973230523,REORDER_POINT_BREACH,1,COMPLETED
AUT-B-002867,AUTONOMOUS,2024-11-26,Nairobi/Upstream Hub,Nakuru,PMS,Western corridor (Line 4 scenario),510,5363.728052378048,2024-11-27,2024-11-27,0,5363.728052378048,REORDER_POINT_BREACH,1,COMPLETED
AUT-B-002868,AUTONOMOUS,2024-12-05,Nairobi/Upstream Hub,Nakuru,PMS,Western corridor (Line 4 scenario),510,4934.320840097564,2024-12-06,2024-12-06,0,4934.320840097564,REORDER_POINT_BREACH,1,COMPLETED
AUT-B-002869,AUTONOMOUS,2024-12-14,Nairobi/Upstream Hub,Nakuru,PMS,Western corridor (Line 4 scenario),510,5089.701678036143,2024-12-15,2024-12-15,0,5089.701678036143,REORDER_POINT_BREACH,1,COMPLETED
AUT-B-002870,AUTONOMOUS,2024-12-23,Nairobi/Upstream Hub,Nakuru,PMS,Western corridor (Line 4 scenario),510,5179.581836946258,2024-12-24,2024-12-24,0,5179.581836946258,REORDER_POINT_BREACH,1,COMPLETED
AUT-B-002871,AUTONOMOUS,2025-01-01,Nairobi/Upstream Hub,Nakuru,PMS,Western corridor (Line 4 scenario),510,5761.787132132122,2025-01-02,2025-01-02,0,5761.787132132122,REORDER_POINT_BREACH,1,COMPLETED
AUT-B-002872,AUTONOMOUS,2025-01-10,Nairobi/Upstream Hub,Nakuru,PMS,Western corridor (Line 4 scenario),510,5197.409049467438,2025-01-11,2025-01-11,0,5197.409049467438,REORDER_POINT_BREACH,1,COMPLETED
AUT-B-002873,AUTONOMOUS,2025-01-19,Nairobi/Upstream Hub,Nakuru,PMS,Western corridor (Line 4 scenario),510,4863.006842974482,2025-01-20,2025-01-20,0,4863.006842974482,REORDER_POINT_BREACH,1,COMPLETED
AUT-B-002874,AUTONOMOUS,2025-01-28,Nairobi/Upstream Hub,Nakuru,PMS,Western corridor (Line 4 scenario),510,5099.134983397799,2025-01-29,2025-01-29,0,5099.134983397799,REORDER_POINT_BREACH,1,COMPLETED
AUT-B-002875,AUTONOMOUS,2025-02-07,Nairobi/Upstream Hub,Nakuru,PMS,Western corridor (Line 4 scenario),510,5431.1802304996145,2025-02-08,2025-02-08,0,5431.1802304996145,REORDER_POINT_BREACH,1,COMPLETED
AUT-B-002876,AUTONOMOUS,2025-02-17,Nairobi/Upstream Hub,Nakuru,PMS,Western corridor (Line 4 scenario),510,4987.686085048439,2025-02-18,2025-02-18,0,4987.686085048439,REORDER_POINT_BREACH,1,COMPLETED
AUT-B-002877,AUTONOMOUS,2025-02-27,Nairobi/Upstream Hub,Nakuru,PMS,Western corridor (Line 4 scenario),510,5073.989694582282,2025-02-28,2025-02-28,0,5073.989694582282,REORDER_POINT_BREACH,1,COMPLETED
AUT-B-002878,AUTONOMOUS,2025-03-08,Nairobi/Upstream Hub,Nakuru,PMS,Western corridor (Line 4 scenario),510,4948.055175970825,2025-03-09,2025-03-09,0,4948.055175970825,REORDER_POINT_BREACH,1,COMPLETED
AUT-B-002879,AUTONOMOUS,2025-03-18,Nairobi/Upstream Hub,Nakuru,PMS,Western corridor (Line 4 scenario),510,5277.012834779902,2025-03-19,2025-03-19,0,5277.012834779902,REORDER_POINT_BREACH,1,COMPLETED
AUT-B-002880,AUTONOMOUS,2025-03-27,Nairobi/Upstream Hub,Nakuru,PMS,Western corridor (Line 4 scenario),510,4944.910907416859,2025-03-28,2025-03-28,0,4944.910907416859,REORDER_POINT_BREACH,1,COMPLETED
AUT-B-002881,AUTONOMOUS,2025-04-05,Nairobi/Upstream Hub,Nakuru,PMS,Western corridor (Line 4 scenario),510,4897.342925440186,2025-04-06,2025-04-06,0,4897.342925440186,REORDER_POINT_BREACH,1,COMPLETED
AUT-B-002882,AUTONOMOUS,2025-04-14,Nairobi/Upstream Hub,Nakuru,PMS,Western corridor (Line 4 scenario),510,4940.732072003789,2025-04-15,2025-04-15,0,4940.732072003789,REORDER_POINT_BREACH,1,COMPLETED
AUT-B-002883,AUTONOMOUS,2025-04-23,Nairobi/Upstream Hub,Nakuru,PMS,Western corridor (Line 4 scenario),510,5018.40233099214,2025-04-24,2025-04-24,0,5018.40233099214,REORDER_POINT_BREACH,1,COMPLETED
AUT-B-002884,AUTONOMOUS,2025-05-02,Nairobi/Upstream Hub,Nakuru,PMS,Western corridor (Line 4 scenario),510,5218.913609451578,2025-05-03,2025-05-03,0,5218.913609451578,REORDER_POINT_BREACH,1,COMPLETED
AUT-B-002885,AUTONOMOUS,2025-05-11,Nairobi/Upstream Hub,Nakuru,PMS,Western corridor (Line 4 scenario),510,4774.040824215446,2025-05-12,2025-05-13,1,4774.040824215446,REORDER_POINT_BREACH,1,COMPLETED
AUT-B-002886,AUTONOMOUS,2025-05-20,Nairobi/Upstream Hub,Nakuru,PMS,Western corridor (Line 4 scenario),510,5088.275583152099,2025-05-21,2025-05-21,0,5088.275583152099,REORDER_POINT_BREACH,1,COMPLETED
AUT-B-002887,AUTONOMOUS,2025-05-29,Nairobi/Upstream Hub,Nakuru,PMS,Western corridor (Line 4 scenario),510,5090.477007423369,2025-05-30,2025-05-30,0,5090.477007423369,REORDER_POINT_BREACH,1,COMPLETED
AUT-B-002888,AUTONOMOUS,2025-06-08,Nairobi/Upstream Hub,Nakuru,PMS,Western corridor (Line 4 scenario),510,5024.906806722859,2025-06-09,2025-06-09,0,5024.906806722859,REORDER_POINT_BREACH,1,COMPLETED
AUT-B-002889,AUTONOMOUS,2025-06-17,Nairobi/Upstream Hub,Nakuru,PMS,Western corridor (Line 4 scenario),510,4836.772484896606,2025-06-18,2025-06-18,0,4836.772484896606,REORDER_POINT_BREACH,1,COMPLETED
AUT-B-002890,AUTONOMOUS,2025-06-27,Nairobi/Upstream Hub,Nakuru,PMS,Western corridor (Line 4 scenario),510,5342.6532135035295,2025-06-28,2025-06-28,0,5342.6532135035295,REORDER_POINT_BREACH,1,COMPLETED
AUT-B-002891,AUTONOMOUS,2025-07-07,Nairobi/Upstream Hub,Nakuru,PMS,Western corridor (Line 4 scenario),510,5292.576812324263,2025-07-08,2025-07-08,0,5292.576812324263,REORDER_POINT_BREACH,1,COMPLETED
AUT-B-002892,AUTONOMOUS,2025-07-16,Nairobi/Upstream Hub,Nakuru,PMS,Western corridor (Line 4 scenario),510,5014.526170661542,2025-07-17,2025-07-17,0,5014.526170661542,REORDER_POINT_BREACH,1,COMPLETED
AUT-B-002893,AUTONOMOUS,2025-07-25,Nairobi/Upstream Hub,Nakuru,PMS,Western corridor (Line 4 scenario),510,4963.986786288489,2025-07-26,2025-07-26,0,4963.986786288489,REORDER_POINT_BREACH,1,COMPLETED
AUT-B-002894,AUTONOMOUS,2025-08-04,Nairobi/Upstream Hub,Nakuru,PMS,Western corridor (Line 4 scenario),510,5100.289522169275,2025-08-05,2025-08-05,0,5100.289522169275,REORDER_POINT_BREACH,1,COMPLETED
AUT-B-002895,AUTONOMOUS,2025-08-13,Nairobi/Upstream Hub,Nakuru,PMS,Western corridor (Line 4 scenario),510,4908.141834137224,2025-08-14,2025-08-14,0,4908.141834137224,REORDER_POINT_BREACH,1,COMPLETED
AUT-B-002896,AUTONOMOUS,2025-08-22,Nairobi/Upstream Hub,Nakuru,PMS,Western corridor (Line 4 scenario),510,5131.520885315789,2025-08-23,2025-08-23,0,5131.520885315789,REORDER_POINT_BREACH,1,COMPLETED
AUT-B-002897,AUTONOMOUS,2025-09-01,Nairobi/Upstream Hub,Nakuru,PMS,Western corridor (Line 4 scenario),510,5225.514783011623,2025-09-02,2025-09-02,0,5225.514783011623,REORDER_POINT_BREACH,1,COMPLETED
AUT-B-002898,AUTONOMOUS,2025-09-11,Nairobi/Upstream Hub,Nakuru,PMS,Western corridor (Line 4 scenario),510,5326.948609393599,2025-09-12,2025-09-12,0,5326.948609393599,REORDER_POINT_BREACH,1,COMPLETED
AUT-B-002899,AUTONOMOUS,2025-09-21,Nairobi/Upstream Hub,Nakuru,PMS,Western corridor (Line 4 scenario),510,5015.9554694326525,2025-09-22,2025-09-22,0,5015.9554694326525,REORDER_POINT_BREACH,1,COMPLETED
AUT-B-002900,AUTONOMOUS,2025-09-30,Nairobi/Upstream Hub,Nakuru,PMS,Western corridor (Line 4 scenario),510,4999.558304426914,2025-10-01,2025-10-01,0,4999.558304426914,REORDER_POINT_BREACH,1,COMPLETED
AUT-B-002901,AUTONOMOUS,2025-10-09,Nairobi/Upstream Hub,Nakuru,PMS,Western corridor (Line 4 scenario),510,5203.572090452758,2025-10-10,2025-10-10,0,5203.572090452758,REORDER_POINT_BREACH,1,COMPLETED
AUT-B-002902,AUTONOMOUS,2025-10-18,Nairobi/Upstream Hub,Nakuru,PMS,Western corridor (Line 4 scenario),510,4916.572655960661,2025-10-19,2025-10-19,0,4916.572655960661,REORDER_POINT_BREACH,1,COMPLETED
AUT-B-002903,AUTONOMOUS,2025-10-27,Nairobi/Upstream Hub,Nakuru,PMS,Western corridor (Line 4 scenario),510,4974.512946349883,2025-10-28,2025-10-28,0,4974.512946349883,REORDER_POINT_BREACH,1,COMPLETED
AUT-B-002904,AUTONOMOUS,2025-11-06,Nairobi/Upstream Hub,Nakuru,PMS,Western corridor (Line 4 scenario),510,5182.504699458144,2025-11-07,2025-11-07,0,5182.504699458144,REORDER_POINT_BREACH,1,COMPLETED
AUT-B-002905,AUTONOMOUS,2025-11-16,Nairobi/Upstream Hub,Nakuru,PMS,Western corridor (Line 4 scenario),510,5056.258737193711,2025-11-17,2025-11-17,0,5056.258737193711,REORDER_POINT_BREACH,1,COMPLETED
AUT-B-002906,AUTONOMOUS,2025-11-26,Nairobi/Upstream Hub,Nakuru,PMS,Western corridor (Line 4 scenario),510,5281.318698052911,2025-11-27,2025-11-28,1,5281.318698052911,REORDER_POINT_BREACH,1,COMPLETED
AUT-B-002907,AUTONOMOUS,2025-12-05,Nairobi/Upstream Hub,Nakuru,PMS,Western corridor (Line 4 scenario),510,5616.331330695601,2025-12-06,2025-12-06,0,5616.331330695601,REORDER_POINT_BREACH,1,COMPLETED
AUT-B-002908,AUTONOMOUS,2025-12-13,Nairobi/Upstream Hub,Nakuru,PMS,Western corridor (Line 4 scenario),510,4981.6374625556655,2025-12-14,2025-12-15,1,4981.6374625556655,REORDER_POINT_BREACH,1,COMPLETED
AUT-B-002909,AUTONOMOUS,2025-12-22,Nairobi/Upstream Hub,Nakuru,PMS,Western corridor (Line 4 scenario),510,5613.313870898838,2025-12-23,2025-12-23,0,5613.313870898838,REORDER_POINT_BREACH,1,COMPLETED
AUT-B-002910,AUTONOMOUS,2025-12-30,Nairobi/Upstream Hub,Nakuru,PMS,Western corridor (Line 4 scenario),510,5120.050525751907,2025-12-31,2026-01-01,1,5120.050525751907,REORDER_POINT_BREACH,1,COMPLETED
AUT-B-002911,AUTONOMOUS,2026-01-07,Nairobi/Upstream Hub,Nakuru,PMS,Western corridor (Line 4 scenario),510,5257.029806563215,2026-01-08,2026-01-08,0,5257.029806563215,REORDER_POINT_BREACH,1,COMPLETED
AUT-B-002912,AUTONOMOUS,2026-01-15,Nairobi/Upstream Hub,Nakuru,PMS,Western corridor (Line 4 scenario),510,5019.718715503192,2026-01-16,2026-01-16,0,5019.718715503192,REORDER_POINT_BREACH,1,COMPLETED
AUT-B-002913,AUTONOMOUS,2026-01-24,Nairobi/Upstream Hub,Nakuru,PMS,Western corridor (Line 4 scenario),510,5244.949198129439,2026-01-25,2026-01-25,0,5244.949198129439,REORDER_POINT_BREACH,1,COMPLETED
AUT-B-002914,AUTONOMOUS,2026-02-02,Nairobi/Upstream Hub,Nakuru,PMS,Western corridor (Line 4 scenario),510,5010.941334483501,2026-02-03,2026-02-03,0,5010.941334483501,REORDER_POINT_BREACH,1,COMPLETED
AUT-B-002915,AUTONOMOUS,2026-02-11,Nairobi/Upstream Hub,Nakuru,PMS,Western corridor (Line 4 scenario),510,5128.166088582303,2026-02-12,2026-02-12,0,5128.166088582303,REORDER_POINT_BREACH,1,COMPLETED
AUT-B-002916,AUTONOMOUS,2026-02-20,Nairobi/Upstream Hub,Nakuru,PMS,Western corridor (Line 4 scenario),510,5253.394175292906,2026-02-21,2026-02-21,0,5253.394175292906,REORDER_POINT_BREACH,1,COMPLETED
AUT-B-002917,AUTONOMOUS,2026-03-02,Nairobi/Upstream Hub,Nakuru,PMS,Western corridor (Line 4 scenario),510,5314.166950596337,2026-03-03,2026-03-03,0,5314.166950596337,REORDER_POINT_BREACH,1,COMPLETED
AUT-B-002918,AUTONOMOUS,2026-03-11,Nairobi/Upstream Hub,Nakuru,PMS,Western corridor (Line 4 scenario),510,5159.790055862064,2026-03-12,2026-03-12,0,5159.790055862064,REORDER_POINT_BREACH,1,COMPLETED
AUT-B-002919,AUTONOMOUS,2026-03-20,Nairobi/Upstream Hub,Nakuru,PMS,Western corridor (Line 4 scenario),510,5271.775575912283,2026-03-21,2026-03-21,0,5271.775575912283,REORDER_POINT_BREACH,1,COMPLETED
AUT-B-002920,AUTONOMOUS,2026-03-29,Nairobi/Upstream Hub,Nakuru,PMS,Western corridor (Line 4 scenario),510,4905.340117549872,2026-03-30,2026-03-30,0,4905.340117549872,REORDER_POINT_BREACH,1,COMPLETED
AUT-B-002921,AUTONOMOUS,2026-04-07,Nairobi/Upstream Hub,Nakuru,PMS,Western corridor (Line 4 scenario),510,5368.877876304411,2026-04-08,2026-04-08,0,5368.877876304411,REORDER_POINT_BREACH,1,COMPLETED
AUT-B-002922,AUTONOMOUS,2026-04-16,Nairobi/Upstream Hub,Nakuru,PMS,Western corridor (Line 4 scenario),510,5400.015621835501,2026-04-17,2026-04-17,0,5400.015621835501,REORDER_POINT_BREACH,1,COMPLETED
AUT-B-002923,AUTONOMOUS,2026-04-25,Nairobi/Upstream Hub,Nakuru,PMS,Western corridor (Line 4 scenario),510,5249.224426453192,2026-04-26,2026-04-26,0,5249.224426453192,REORDER_POINT_BREACH,1,COMPLETED
AUT-B-002924,AUTONOMOUS,2026-05-04,Nairobi/Upstream Hub,Nakuru,PMS,Western corridor (Line 4 scenario),510,5446.0239897042875,2026-05-05,2026-05-05,0,5446.0239897042875,REORDER_POINT_BREACH,1,COMPLETED
AUT-B-002925,AUTONOMOUS,2026-05-13,Nairobi/Upstream Hub,Nakuru,PMS,Western corridor (Line 4 scenario),510,5515.603508125237,2026-05-14,2026-05-14,0,5515.603508125237,REORDER_POINT_BREACH,1,COMPLETED
AUT-B-002926,AUTONOMOUS,2026-05-22,Nairobi/Upstream Hub,Nakuru,PMS,Western corridor (Line 4 scenario),510,5049.978132636689,2026-05-23,2026-05-23,0,5049.978132636689,REORDER_POINT_BREACH,1,COMPLETED
AUT-B-002927,AUTONOMOUS,2026-05-31,Nairobi/Upstream Hub,Nakuru,PMS,Western corridor (Line 4 scenario),510,5212.740775575122,2026-06-01,2026-06-01,0,5212.740775575122,REORDER_POINT_BREACH,1,COMPLETED
AUT-B-002928,AUTONOMOUS,2026-06-09,Nairobi/Upstream Hub,Nakuru,PMS,Western corridor (Line 4 scenario),510,5116.202986344825,2026-06-10,2026-06-10,0,5116.202986344825,REORDER_POINT_BREACH,1,COMPLETED
AUT-B-002929,AUTONOMOUS,2026-06-18,Nairobi/Upstream Hub,Nakuru,PMS,Western corridor (Line 4 scenario),510,4938.476172826452,2026-06-19,2026-06-19,0,4938.476172826452,REORDER_POINT_BREACH,1,COMPLETED
AUT-B-002930,AUTONOMOUS,2026-06-27,Nairobi/Upstream Hub,Nakuru,PMS,Western corridor (Line 4 scenario),510,4806.636206147468,2026-06-28,2026-06-28,0,4806.636206147468,REORDER_POINT_BREACH,1,COMPLETED
AUT-B-002931,AUTONOMOUS,2026-07-06,Nairobi/Upstream Hub,Nakuru,PMS,Western corridor (Line 4 scenario),510,5313.18904193133,2026-07-07,2026-07-07,0,5313.18904193133,REORDER_POINT_BREACH,1,COMPLETED
AUT-B-002932,AUTONOMOUS,2026-07-15,Nairobi/Upstream Hub,Nakuru,PMS,Western corridor (Line 4 scenario),510,5364.6016495665135,2026-07-16,2026-07-16,0,5364.6016495665135,REORDER_POINT_BREACH,1,COMPLETED
AUT-B-002933,AUTONOMOUS,2026-07-24,Nairobi/Upstream Hub,Nakuru,PMS,Western corridor (Line 4 scenario),510,5398.138043113618,2026-07-25,2026-07-25,0,5398.138043113618,REORDER_POINT_BREACH,1,COMPLETED
AUT-B-002934,AUTONOMOUS,2026-08-02,Nairobi/Upstream Hub,Nakuru,PMS,Western corridor (Line 4 scenario),510,4900.541214460568,2026-08-03,2026-08-03,0,4900.541214460568,REORDER_POINT_BREACH,1,COMPLETED
AUT-B-002935,AUTONOMOUS,2026-08-11,Nairobi/Upstream Hub,Nakuru,PMS,Western corridor (Line 4 scenario),510,5361.544675154023,2026-08-12,2026-08-12,0,5361.544675154023,REORDER_POINT_BREACH,1,COMPLETED
AUT-B-002936,AUTONOMOUS,2026-08-20,Nairobi/Upstream Hub,Nakuru,PMS,Western corridor (Line 4 scenario),510,5121.6327055219745,2026-08-21,2026-08-21,0,5121.6327055219745,REORDER_POINT_BREACH,1,COMPLETED
AUT-B-002937,AUTONOMOUS,2026-08-29,Nairobi/Upstream Hub,Nakuru,PMS,Western corridor (Line 4 scenario),510,5438.36334864957,2026-08-30,2026-08-30,0,5438.36334864957,REORDER_POINT_BREACH,1,COMPLETED
AUT-B-002938,AUTONOMOUS,2026-09-07,Nairobi/Upstream Hub,Nakuru,PMS,Western corridor (Line 4 scenario),510,5176.497116026346,2026-09-08,2026-09-08,0,5176.497116026346,REORDER_POINT_BREACH,1,COMPLETED
AUT-B-002939,AUTONOMOUS,2026-09-16,Nairobi/Upstream Hub,Nakuru,PMS,Western corridor (Line 4 scenario),510,4890.514371893181,2026-09-17,2026-09-17,0,4890.514371893181,REORDER_POINT_BREACH,1,SCENARIO_COMPLETED
AUT-B-002940,AUTONOMOUS,2026-09-25,Nairobi/Upstream Hub,Nakuru,PMS,Western corridor (Line 4 scenario),510,4973.722596155595,2026-09-26,2026-09-26,0,4973.722596155595,REORDER_POINT_BREACH,1,SCENARIO_COMPLETED
AUT-B-002941,AUTONOMOUS,2026-10-04,Nairobi/Upstream Hub,Nakuru,PMS,Western corridor (Line 4 scenario),510,5062.0366295552685,2026-10-05,2026-10-05,0,5062.0366295552685,REORDER_POINT_BREACH,1,SCENARIO_COMPLETED
AUT-B-002942,AUTONOMOUS,2026-10-13,Nairobi/Upstream Hub,Nakuru,PMS,Western corridor (Line 4 scenario),510,5427.643631922111,2026-10-14,2026-10-14,0,5427.643631922111,REORDER_POINT_BREACH,1,SCENARIO_COMPLETED
AUT-B-002943,AUTONOMOUS,2026-10-22,Nairobi/Upstream Hub,Nakuru,PMS,Western corridor (Line 4 scenario),510,5428.045246036391,2026-10-23,2026-10-23,0,5428.045246036391,REORDER_POINT_BREACH,1,SCENARIO_COMPLETED
AUT-B-002944,AUTONOMOUS,2026-10-31,Nairobi/Upstream Hub,Nakuru,PMS,Western corridor (Line 4 scenario),510,5370.1829483008,2026-11-01,2026-11-01,0,5370.1829483008,REORDER_POINT_BREACH,1,SCENARIO_COMPLETED
AUT-B-002945,AUTONOMOUS,2026-11-10,Nairobi/Upstream Hub,Nakuru,PMS,Western corridor (Line 4 scenario),510,5407.0829411279665,2026-11-11,2026-11-11,0,5407.0829411279665,REORDER_POINT_BREACH,1,SCENARIO_COMPLETED
AUT-B-002946,AUTONOMOUS,2026-11-19,Nairobi/Upstream Hub,Nakuru,PMS,Western corridor (Line 4 scenario),510,4949.340340771233,2026-11-20,2026-11-20,0,4949.340340771233,REORDER_POINT_BREACH,1,SCENARIO_COMPLETED
AUT-B-002947,AUTONOMOUS,2026-11-28,Nairobi/Upstream Hub,Nakuru,PMS,Western corridor (Line 4 scenario),510,4837.033105145827,2026-11-29,2026-11-29,0,4837.033105145827,REORDER_POINT_BREACH,1,SCENARIO_COMPLETED
AUT-B-002948,AUTONOMOUS,2026-12-06,Nairobi/Upstream Hub,Nakuru,PMS,Western corridor (Line 4 scenario),510,5125.871462061246,2026-12-07,2026-12-07,0,5125.871462061246,REORDER_POINT_BREACH,1,SCENARIO_COMPLETED
AUT-B-002949,AUTONOMOUS,2026-12-14,Nairobi/Upstream Hub,Nakuru,PMS,Western corridor (Line 4 scenario),510,5244.316326872075,2026-12-15,2026-12-15,0,5244.316326872075,REORDER_POINT_BREACH,1,SCENARIO_COMPLETED
AUT-B-002950,AUTONOMOUS,2026-12-22,Nairobi/Upstream Hub,Nakuru,PMS,Western corridor (Line 4 scenario),510,5570.756354321258,2026-12-23,2026-12-23,0,5570.756354321258,REORDER_POINT_BREACH,1,SCENARIO_COMPLETED
AUT-B-002951,AUTONOMOUS,2026-12-30,Nairobi/Upstream Hub,Nakuru,PMS,Western corridor (Line 4 scenario),510,5283.564720520501,2026-12-31,2026-12-31,0,5283.564720520501,REORDER_POINT_BREACH,1,SCENARIO_COMPLETED
